onset	duration	trial_type	value	sample
11.166	0.25	1	2	5583
11.182	0.25	1	2	5591
11.2	0.25	1	2	5600
11.216	0.25	1	2	5608
11.232	0.25	1	2	5616
11.25	0.25	1	2	5625
11.266	0.25	1	2	5633
11.282	0.25	1	2	5641
11.3	0.25	1	2	5650
11.316	0.25	1	2	5658
11.332	0.25	1	2	5666
11.35	0.25	1	2	5675
11.366	0.25	1	2	5683
11.382	0.25	1	2	5691
11.4	0.25	0	1	5700
11.416	0.25	0	1	5708
11.432	0.25	0	1	5716
11.45	0.25	0	1	5725
11.466	0.25	1	2	5733
11.482	0.25	1	2	5741
11.5	0.25	1	2	5750
11.516	0.25	1	2	5758
11.532	0.25	0	1	5766
11.55	0.25	0	1	5775
11.566	0.25	0	1	5783
11.582	0.25	0	1	5791
11.6	0.25	1	2	5800
11.616	0.25	1	2	5808
11.632	0.25	1	2	5816
11.65	0.25	1	2	5825
11.666	0.25	0	1	5833
11.682	0.25	0	1	5841
11.7	0.25	0	1	5850
11.716	0.25	0	1	5858
11.732	0.25	1	2	5866
11.75	0.25	1	2	5875
11.766	0.25	0	1	5883
11.782	0.25	0	1	5891
11.8	0.25	1	2	5900
11.816	0.25	1	2	5908
11.832	0.25	1	2	5916
11.85	0.25	1	2	5925
11.866	0.25	0	1	5933
11.882	0.25	0	1	5941
11.9	0.25	1	2	5950
11.916	0.25	1	2	5958
11.932	0.25	0	1	5966
11.95	0.25	0	1	5975
11.966	0.25	0	1	5983
11.982	0.25	0	1	5991
12.0	0.25	1	2	6000
12.016	0.25	1	2	6008
12.032	0.25	0	1	6016
12.05	0.25	0	1	6025
12.066	0.25	1	2	6033
12.082	0.25	1	2	6041
12.1	0.25	1	2	6050
12.116	0.25	1	2	6058
12.132	0.25	1	2	6066
12.15	0.25	1	2	6075
12.166	0.25	0	1	6083
12.182	0.25	0	1	6091
12.2	0.25	0	1	6100
12.216	0.25	0	1	6108
12.232	0.25	0	1	6116
12.25	0.25	0	1	6125
12.266	0.25	1	2	6133
12.282	0.25	1	2	6141
12.3	0.25	0	1	6150
12.316	0.25	0	1	6158
12.332	0.25	1	2	6166
12.35	0.25	1	2	6175
12.366	0.25	1	2	6183
12.382	0.25	1	2	6191
12.4	0.25	1	2	6200
12.416	0.25	1	2	6208
12.432	0.25	0	1	6216
12.45	0.25	0	1	6225
12.466	0.25	0	1	6233
12.482	0.25	0	1	6241
12.5	0.25	1	2	6250
12.516	0.25	1	2	6258
12.532	0.25	0	1	6266
12.55	0.25	0	1	6275
12.566	0.25	1	2	6283
12.582	0.25	1	2	6291
12.6	0.25	0	1	6300
12.616	0.25	0	1	6308
12.632	0.25	0	1	6316
12.65	0.25	0	1	6325
12.666	0.25	0	1	6333
12.682	0.25	0	1	6341
12.7	0.25	1	2	6350
12.716	0.25	1	2	6358
12.732	0.25	1	2	6366
12.75	0.25	1	2	6375
12.766	0.25	0	1	6383
12.782	0.25	0	1	6391
12.8	0.25	1	2	6400
12.816	0.25	1	2	6408
12.832	0.25	0	1	6416
12.85	0.25	0	1	6425
12.866	0.25	0	1	6433
12.882	0.25	0	1	6441
12.9	0.25	0	1	6450
12.916	0.25	0	1	6458
12.932	0.25	1	2	6466
12.95	0.25	1	2	6475
12.966	0.25	0	1	6483
12.982	0.25	0	1	6491
13.0	0.25	1	2	6500
13.016	0.25	1	2	6508
13.032	0.25	0	1	6516
13.05	0.25	0	1	6525
13.066	0.25	0	1	6533
13.082	0.25	0	1	6541
13.1	0.25	1	2	6550
14.582	0.25	0	1	7291
14.6	0.25	0	1	7300
14.616	0.25	0	1	7308
14.632	0.25	0	1	7316
14.65	0.25	1	2	7325
14.666	0.25	1	2	7333
14.682	0.25	1	2	7341
14.7	0.25	1	2	7350
14.716	0.25	0	1	7358
14.732	0.25	0	1	7366
14.75	0.25	0	1	7375
14.766	0.25	0	1	7383
14.782	0.25	0	1	7391
14.8	0.25	0	1	7400
14.816	0.25	0	1	7408
14.832	0.25	0	1	7416
14.85	0.25	1	2	7425
14.866	0.25	1	2	7433
14.882	0.25	1	2	7441
14.9	0.25	1	2	7450
14.916	0.25	1	2	7458
14.932	0.25	1	2	7466
14.95	0.25	1	2	7475
14.966	0.25	1	2	7483
14.982	0.25	1	2	7491
15.0	0.25	1	2	7500
15.016	0.25	0	1	7508
15.032	0.25	0	1	7516
15.05	0.25	0	1	7525
15.066	0.25	0	1	7533
15.082	0.25	0	1	7541
15.1	0.25	0	1	7550
15.116	0.25	0	1	7558
15.132	0.25	0	1	7566
15.15	0.25	0	1	7575
15.166	0.25	0	1	7583
15.182	0.25	0	1	7591
15.2	0.25	0	1	7600
15.216	0.25	1	2	7608
15.232	0.25	1	2	7616
15.25	0.25	1	2	7625
15.266	0.25	1	2	7633
15.282	0.25	0	1	7641
15.3	0.25	0	1	7650
15.316	0.25	0	1	7658
15.332	0.25	0	1	7666
15.35	0.25	1	2	7675
15.366	0.25	1	2	7683
15.382	0.25	0	1	7691
15.4	0.25	0	1	7700
15.416	0.25	1	2	7708
15.432	0.25	1	2	7716
15.45	0.25	0	1	7725
15.466	0.25	0	1	7733
15.482	0.25	1	2	7741
15.5	0.25	1	2	7750
15.516	0.25	0	1	7758
15.532	0.25	0	1	7766
15.55	0.25	1	2	7775
15.566	0.25	1	2	7783
15.582	0.25	1	2	7791
15.6	0.25	1	2	7800
15.616	0.25	0	1	7808
15.632	0.25	0	1	7816
15.65	0.25	1	2	7825
15.666	0.25	1	2	7833
15.682	0.25	0	1	7841
15.7	0.25	0	1	7850
15.716	0.25	0	1	7858
15.732	0.25	0	1	7866
15.75	0.25	0	1	7875
15.766	0.25	0	1	7883
15.782	0.25	1	2	7891
15.8	0.25	1	2	7900
15.816	0.25	0	1	7908
15.832	0.25	0	1	7916
15.85	0.25	0	1	7925
15.866	0.25	0	1	7933
15.882	0.25	0	1	7941
15.9	0.25	0	1	7950
15.916	0.25	1	2	7958
15.932	0.25	1	2	7966
15.95	0.25	1	2	7975
15.966	0.25	1	2	7983
15.982	0.25	1	2	7991
16.0	0.25	1	2	8000
16.016	0.25	0	1	8008
16.032	0.25	0	1	8016
16.05	0.25	1	2	8025
16.066	0.25	1	2	8033
16.082	0.25	0	1	8041
16.1	0.25	0	1	8050
16.116	0.25	1	2	8058
16.132	0.25	1	2	8066
16.148	0.25	1	2	8074
16.166	0.25	1	2	8083
16.182	0.25	1	2	8091
16.2	0.25	1	2	8100
16.216	0.25	1	2	8108
16.232	0.25	1	2	8116
16.25	0.25	1	2	8125
16.266	0.25	1	2	8133
16.282	0.25	0	1	8141
16.3	0.25	0	1	8150
16.316	0.25	0	1	8158
16.332	0.25	0	1	8166
16.35	0.25	1	2	8175
16.366	0.25	1	2	8183
16.382	0.25	0	1	8191
16.4	0.25	0	1	8200
16.416	0.25	0	1	8208
16.432	0.25	0	1	8216
16.45	0.25	0	1	8225
16.466	0.25	0	1	8233
16.482	0.25	1	2	8241
16.5	0.25	1	2	8250
16.516	0.25	1	2	8258
18.0	0.25	1	2	9000
18.016	0.25	1	2	9008
18.032	0.25	1	2	9016
18.05	0.25	1	2	9025
18.066	0.25	0	1	9033
18.082	0.25	0	1	9041
18.1	0.25	1	2	9050
18.116	0.25	1	2	9058
18.132	0.25	1	2	9066
18.15	0.25	1	2	9075
18.166	0.25	0	1	9083
18.182	0.25	0	1	9091
18.2	0.25	1	2	9100
18.216	0.25	1	2	9108
18.232	0.25	1	2	9116
18.25	0.25	1	2	9125
18.266	0.25	0	1	9133
18.282	0.25	0	1	9141
18.3	0.25	1	2	9150
18.316	0.25	1	2	9158
18.332	0.25	1	2	9166
18.35	0.25	1	2	9175
18.366	0.25	0	1	9183
18.382	0.25	0	1	9191
18.4	0.25	0	1	9200
18.416	0.25	0	1	9208
18.432	0.25	0	1	9216
18.45	0.25	0	1	9225
18.466	0.25	1	2	9233
18.482	0.25	1	2	9241
18.5	0.25	1	2	9250
18.516	0.25	1	2	9258
18.532	0.25	1	2	9266
18.55	0.25	1	2	9275
18.566	0.25	0	1	9283
18.582	0.25	0	1	9291
18.6	0.25	0	1	9300
18.616	0.25	0	1	9308
18.632	0.25	0	1	9316
18.65	0.25	0	1	9325
18.666	0.25	1	2	9333
18.682	0.25	1	2	9341
18.7	0.25	1	2	9350
18.716	0.25	1	2	9358
18.732	0.25	1	2	9366
18.75	0.25	1	2	9375
18.766	0.25	1	2	9383
18.782	0.25	1	2	9391
18.8	0.25	1	2	9400
18.816	0.25	1	2	9408
18.832	0.25	0	1	9416
18.85	0.25	0	1	9425
18.866	0.25	0	1	9433
18.882	0.25	0	1	9441
18.9	0.25	1	2	9450
18.916	0.25	1	2	9458
18.932	0.25	0	1	9466
18.95	0.25	0	1	9475
18.966	0.25	1	2	9483
18.982	0.25	1	2	9491
19.0	0.25	0	1	9500
19.016	0.25	0	1	9508
19.032	0.25	0	1	9516
19.05	0.25	0	1	9525
19.066	0.25	1	2	9533
19.082	0.25	1	2	9541
19.1	0.25	1	2	9550
19.116	0.25	1	2	9558
19.132	0.25	0	1	9566
19.15	0.25	0	1	9575
19.166	0.25	0	1	9583
19.182	0.25	0	1	9591
19.2	0.25	0	1	9600
19.216	0.25	0	1	9608
19.232	0.25	0	1	9616
19.25	0.25	0	1	9625
19.266	0.25	1	2	9633
19.282	0.25	1	2	9641
19.3	0.25	0	1	9650
19.316	0.25	0	1	9658
19.332	0.25	0	1	9666
19.35	0.25	0	1	9675
19.366	0.25	0	1	9683
19.382	0.25	0	1	9691
19.4	0.25	0	1	9700
19.416	0.25	0	1	9708
19.432	0.25	1	2	9716
19.45	0.25	1	2	9725
19.466	0.25	1	2	9733
19.482	0.25	1	2	9741
19.5	0.25	1	2	9750
19.516	0.25	1	2	9758
19.532	0.25	1	2	9766
19.55	0.25	1	2	9775
19.566	0.25	1	2	9783
19.582	0.25	1	2	9791
19.6	0.25	1	2	9800
19.616	0.25	1	2	9808
19.632	0.25	0	1	9816
19.65	0.25	0	1	9825
19.666	0.25	1	2	9833
19.682	0.25	1	2	9841
19.7	0.25	0	1	9850
19.716	0.25	0	1	9858
19.732	0.25	1	2	9866
19.75	0.25	1	2	9875
19.766	0.25	0	1	9883
19.782	0.25	0	1	9891
19.8	0.25	0	1	9900
19.816	0.25	0	1	9908
19.832	0.25	1	2	9916
19.85	0.25	1	2	9925
19.866	0.25	1	2	9933
19.882	0.25	1	2	9941
19.9	0.25	0	1	9950
19.916	0.25	0	1	9958
19.932	0.25	0	1	9966
21.416	0.25	1	2	10708
21.432	0.25	1	2	10716
21.45	0.25	1	2	10725
21.466	0.25	1	2	10733
21.482	0.25	0	1	10741
21.5	0.25	0	1	10750
21.516	0.25	0	1	10758
21.532	0.25	0	1	10766
21.55	0.25	0	1	10775
21.566	0.25	0	1	10783
21.582	0.25	0	1	10791
21.6	0.25	0	1	10800
21.616	0.25	1	2	10808
21.632	0.25	1	2	10816
21.65	0.25	0	1	10825
21.666	0.25	0	1	10833
21.682	0.25	0	1	10841
21.7	0.25	0	1	10850
21.716	0.25	1	2	10858
21.732	0.25	1	2	10866
21.75	0.25	1	2	10875
21.766	0.25	1	2	10883
21.782	0.25	0	1	10891
21.8	0.25	0	1	10900
21.816	0.25	0	1	10908
21.832	0.25	0	1	10916
21.85	0.25	0	1	10925
21.866	0.25	0	1	10933
21.882	0.25	0	1	10941
21.9	0.25	0	1	10950
21.916	0.25	0	1	10958
21.932	0.25	0	1	10966
21.95	0.25	0	1	10975
21.966	0.25	0	1	10983
21.982	0.25	1	2	10991
22.0	0.25	1	2	11000
22.016	0.25	0	1	11008
22.032	0.25	0	1	11016
22.05	0.25	1	2	11025
22.066	0.25	1	2	11033
22.082	0.25	1	2	11041
22.1	0.25	1	2	11050
22.116	0.25	0	1	11058
22.132	0.25	0	1	11066
22.15	0.25	1	2	11075
22.166	0.25	1	2	11083
22.182	0.25	0	1	11091
22.2	0.25	0	1	11100
22.216	0.25	1	2	11108
22.232	0.25	1	2	11116
22.25	0.25	0	1	11125
22.266	0.25	0	1	11133
22.282	0.25	1	2	11141
22.3	0.25	1	2	11150
22.316	0.25	0	1	11158
22.332	0.25	0	1	11166
22.35	0.25	0	1	11175
22.366	0.25	0	1	11183
22.382	0.25	0	1	11191
22.4	0.25	0	1	11200
22.416	0.25	1	2	11208
22.432	0.25	1	2	11216
22.45	0.25	1	2	11225
22.466	0.25	1	2	11233
22.482	0.25	1	2	11241
22.5	0.25	1	2	11250
22.516	0.25	0	1	11258
22.532	0.25	0	1	11266
22.55	0.25	1	2	11275
22.566	0.25	1	2	11283
22.582	0.25	1	2	11291
22.6	0.25	1	2	11300
22.616	0.25	1	2	11308
22.632	0.25	1	2	11316
22.65	0.25	0	1	11325
22.666	0.25	0	1	11333
22.682	0.25	1	2	11341
22.7	0.25	1	2	11350
22.716	0.25	0	1	11358
22.732	0.25	0	1	11366
22.75	0.25	1	2	11375
22.766	0.25	1	2	11383
22.782	0.25	1	2	11391
22.8	0.25	1	2	11400
22.816	0.25	0	1	11408
22.832	0.25	0	1	11416
22.85	0.25	0	1	11425
22.866	0.25	0	1	11433
22.882	0.25	0	1	11441
22.9	0.25	0	1	11450
22.916	0.25	1	2	11458
22.932	0.25	1	2	11466
22.95	0.25	1	2	11475
22.966	0.25	1	2	11483
22.982	0.25	0	1	11491
23.0	0.25	0	1	11500
23.016	0.25	1	2	11508
23.032	0.25	1	2	11516
23.05	0.25	1	2	11525
23.066	0.25	1	2	11533
23.082	0.25	1	2	11541
23.1	0.25	1	2	11550
23.116	0.25	0	1	11558
23.132	0.25	0	1	11566
23.15	0.25	0	1	11575
23.166	0.25	0	1	11583
23.182	0.25	0	1	11591
23.2	0.25	0	1	11600
23.216	0.25	0	1	11608
23.232	0.25	0	1	11616
23.25	0.25	0	1	11625
23.266	0.25	0	1	11633
23.282	0.25	1	2	11641
23.3	0.25	1	2	11650
23.316	0.25	1	2	11658
23.332	0.25	1	2	11666
23.35	0.25	1	2	11675
25.616	0.25	1	2	12808
25.632	0.25	1	2	12816
25.65	0.25	1	2	12825
25.666	0.25	1	2	12833
25.682	0.25	0	1	12841
25.7	0.25	0	1	12850
25.716	0.25	0	1	12858
25.732	0.25	0	1	12866
25.75	0.25	0	1	12875
25.766	0.25	0	1	12883
25.782	0.25	0	1	12891
25.8	0.25	0	1	12900
25.816	0.25	1	2	12908
25.832	0.25	1	2	12916
25.85	0.25	0	1	12925
25.866	0.25	0	1	12933
25.882	0.25	0	1	12941
25.9	0.25	0	1	12950
25.916	0.25	1	2	12958
25.932	0.25	1	2	12966
25.95	0.25	1	2	12975
25.966	0.25	1	2	12983
25.982	0.25	0	1	12991
26.0	0.25	0	1	13000
26.016	0.25	0	1	13008
26.032	0.25	0	1	13016
26.05	0.25	0	1	13025
26.066	0.25	0	1	13033
26.082	0.25	0	1	13041
26.1	0.25	0	1	13050
26.116	0.25	0	1	13058
26.132	0.25	0	1	13066
26.15	0.25	0	1	13075
26.166	0.25	0	1	13083
26.182	0.25	1	2	13091
26.2	0.25	1	2	13100
26.216	0.25	0	1	13108
26.232	0.25	0	1	13116
26.25	0.25	1	2	13125
26.266	0.25	1	2	13133
26.282	0.25	1	2	13141
26.3	0.25	1	2	13150
26.316	0.25	0	1	13158
26.332	0.25	0	1	13166
26.35	0.25	1	2	13175
26.366	0.25	1	2	13183
26.382	0.25	0	1	13191
26.4	0.25	0	1	13200
26.416	0.25	1	2	13208
26.432	0.25	1	2	13216
26.45	0.25	0	1	13225
26.466	0.25	0	1	13233
26.482	0.25	1	2	13241
26.5	0.25	1	2	13250
26.516	0.25	0	1	13258
26.532	0.25	0	1	13266
26.55	0.25	0	1	13275
26.566	0.25	0	1	13283
26.582	0.25	0	1	13291
26.6	0.25	0	1	13300
26.616	0.25	1	2	13308
26.632	0.25	1	2	13316
26.65	0.25	1	2	13325
26.666	0.25	1	2	13333
26.682	0.25	1	2	13341
26.7	0.25	1	2	13350
26.716	0.25	0	1	13358
26.732	0.25	0	1	13366
26.75	0.25	1	2	13375
26.766	0.25	1	2	13383
26.782	0.25	1	2	13391
26.8	0.25	1	2	13400
26.816	0.25	1	2	13408
26.832	0.25	1	2	13416
26.85	0.25	0	1	13425
26.866	0.25	0	1	13433
26.882	0.25	1	2	13441
26.9	0.25	1	2	13450
26.916	0.25	0	1	13458
26.932	0.25	0	1	13466
26.95	0.25	1	2	13475
26.966	0.25	1	2	13483
26.982	0.25	1	2	13491
27.0	0.25	1	2	13500
27.016	0.25	0	1	13508
27.032	0.25	0	1	13516
27.05	0.25	0	1	13525
27.066	0.25	0	1	13533
27.082	0.25	0	1	13541
27.1	0.25	0	1	13550
27.116	0.25	1	2	13558
27.132	0.25	1	2	13566
27.15	0.25	1	2	13575
27.166	0.25	1	2	13583
27.182	0.25	0	1	13591
27.2	0.25	0	1	13600
27.216	0.25	1	2	13608
27.232	0.25	1	2	13616
27.25	0.25	1	2	13625
27.266	0.25	1	2	13633
27.282	0.25	1	2	13641
27.3	0.25	1	2	13650
27.316	0.25	0	1	13658
27.332	0.25	0	1	13666
27.35	0.25	0	1	13675
27.366	0.25	0	1	13683
27.382	0.25	0	1	13691
27.4	0.25	0	1	13700
27.416	0.25	0	1	13708
27.432	0.25	0	1	13716
27.45	0.25	0	1	13725
27.466	0.25	0	1	13733
27.482	0.25	1	2	13741
27.5	0.25	1	2	13750
27.516	0.25	1	2	13758
27.532	0.25	1	2	13766
27.55	0.25	1	2	13775
29.032	0.25	1	2	14516
29.05	0.25	1	2	14525
29.066	0.25	1	2	14533
29.082	0.25	1	2	14541
29.1	0.25	1	2	14550
29.116	0.25	1	2	14558
29.132	0.25	1	2	14566
29.15	0.25	1	2	14575
29.166	0.25	1	2	14583
29.182	0.25	1	2	14591
29.2	0.25	1	2	14600
29.216	0.25	1	2	14608
29.232	0.25	1	2	14616
29.25	0.25	1	2	14625
29.266	0.25	0	1	14633
29.282	0.25	0	1	14641
29.3	0.25	0	1	14650
29.316	0.25	0	1	14658
29.332	0.25	1	2	14666
29.35	0.25	1	2	14675
29.366	0.25	1	2	14683
29.382	0.25	1	2	14691
29.4	0.25	0	1	14700
29.416	0.25	0	1	14708
29.432	0.25	0	1	14716
29.45	0.25	0	1	14725
29.466	0.25	1	2	14733
29.482	0.25	1	2	14741
29.5	0.25	1	2	14750
29.516	0.25	1	2	14758
29.532	0.25	0	1	14766
29.55	0.25	0	1	14775
29.566	0.25	0	1	14783
29.582	0.25	0	1	14791
29.6	0.25	1	2	14800
29.616	0.25	1	2	14808
29.632	0.25	0	1	14816
29.65	0.25	0	1	14825
29.666	0.25	1	2	14833
29.682	0.25	1	2	14841
29.7	0.25	1	2	14850
29.716	0.25	1	2	14858
29.732	0.25	0	1	14866
29.75	0.25	0	1	14875
29.766	0.25	1	2	14883
29.782	0.25	1	2	14891
29.8	0.25	0	1	14900
29.816	0.25	0	1	14908
29.832	0.25	0	1	14916
29.85	0.25	0	1	14925
29.866	0.25	1	2	14933
29.882	0.25	1	2	14941
29.9	0.25	0	1	14950
29.916	0.25	0	1	14958
29.932	0.25	1	2	14966
29.95	0.25	1	2	14975
29.966	0.25	1	2	14983
29.982	0.25	1	2	14991
30.0	0.25	1	2	15000
30.016	0.25	1	2	15008
30.032	0.25	0	1	15016
30.05	0.25	0	1	15025
30.066	0.25	0	1	15033
30.082	0.25	0	1	15041
30.1	0.25	0	1	15050
30.116	0.25	0	1	15058
30.132	0.25	1	2	15066
30.15	0.25	1	2	15075
30.166	0.25	0	1	15083
30.182	0.25	0	1	15091
30.2	0.25	1	2	15100
30.216	0.25	1	2	15108
30.232	0.25	1	2	15116
30.25	0.25	1	2	15125
30.266	0.25	1	2	15133
30.282	0.25	1	2	15141
30.3	0.25	0	1	15150
30.316	0.25	0	1	15158
30.332	0.25	0	1	15166
30.35	0.25	0	1	15175
30.366	0.25	1	2	15183
30.382	0.25	1	2	15191
30.4	0.25	0	1	15200
30.416	0.25	0	1	15208
30.432	0.25	1	2	15216
30.45	0.25	1	2	15225
30.466	0.25	0	1	15233
30.482	0.25	0	1	15241
30.5	0.25	0	1	15250
30.516	0.25	0	1	15258
30.532	0.25	0	1	15266
30.55	0.25	0	1	15275
30.566	0.25	1	2	15283
30.582	0.25	1	2	15291
30.6	0.25	1	2	15300
30.616	0.25	1	2	15308
30.632	0.25	0	1	15316
30.65	0.25	0	1	15325
30.666	0.25	1	2	15333
30.682	0.25	1	2	15341
30.7	0.25	0	1	15350
30.716	0.25	0	1	15358
30.732	0.25	0	1	15366
30.75	0.25	0	1	15375
30.766	0.25	0	1	15383
30.782	0.25	0	1	15391
30.8	0.25	1	2	15400
30.816	0.25	1	2	15408
30.832	0.25	0	1	15416
30.85	0.25	0	1	15425
30.866	0.25	1	2	15433
30.882	0.25	1	2	15441
30.9	0.25	0	1	15450
30.916	0.25	0	1	15458
30.932	0.25	0	1	15466
30.95	0.25	0	1	15475
30.966	0.25	1	2	15483
32.466	0.25	0	1	16233
32.482	0.25	0	1	16241
32.5	0.25	0	1	16250
32.516	0.25	0	1	16258
32.532	0.25	1	2	16266
32.548	0.25	1	2	16274
32.566	0.25	1	2	16283
32.582	0.25	1	2	16291
32.6	0.25	0	1	16300
32.616	0.25	0	1	16308
32.632	0.25	0	1	16316
32.65	0.25	0	1	16325
32.666	0.25	0	1	16333
32.682	0.25	0	1	16341
32.7	0.25	0	1	16350
32.716	0.25	0	1	16358
32.732	0.25	1	2	16366
32.75	0.25	1	2	16375
32.766	0.25	1	2	16383
32.782	0.25	1	2	16391
32.8	0.25	1	2	16400
32.816	0.25	1	2	16408
32.832	0.25	1	2	16416
32.85	0.25	1	2	16425
32.866	0.25	1	2	16433
32.882	0.25	1	2	16441
32.9	0.25	0	1	16450
32.916	0.25	0	1	16458
32.932	0.25	0	1	16466
32.95	0.25	0	1	16475
32.966	0.25	0	1	16483
32.982	0.25	0	1	16491
33.0	0.25	0	1	16500
33.016	0.25	0	1	16508
33.032	0.25	0	1	16516
33.05	0.25	0	1	16525
33.066	0.25	0	1	16533
33.082	0.25	0	1	16541
33.1	0.25	1	2	16550
33.116	0.25	1	2	16558
33.132	0.25	1	2	16566
33.15	0.25	1	2	16575
33.166	0.25	0	1	16583
33.182	0.25	0	1	16591
33.2	0.25	0	1	16600
33.216	0.25	0	1	16608
33.232	0.25	1	2	16616
33.25	0.25	1	2	16625
33.266	0.25	0	1	16633
33.282	0.25	0	1	16641
33.3	0.25	1	2	16650
33.316	0.25	1	2	16658
33.332	0.25	0	1	16666
33.35	0.25	0	1	16675
33.366	0.25	1	2	16683
33.382	0.25	1	2	16691
33.4	0.25	0	1	16700
33.416	0.25	0	1	16708
33.432	0.25	1	2	16716
33.45	0.25	1	2	16725
33.466	0.25	1	2	16733
33.482	0.25	1	2	16741
33.5	0.25	0	1	16750
33.516	0.25	0	1	16758
33.532	0.25	1	2	16766
33.55	0.25	1	2	16775
33.566	0.25	0	1	16783
33.582	0.25	0	1	16791
33.6	0.25	0	1	16800
33.616	0.25	0	1	16808
33.632	0.25	0	1	16816
33.65	0.25	0	1	16825
33.666	0.25	1	2	16833
33.682	0.25	1	2	16841
33.7	0.25	0	1	16850
33.716	0.25	0	1	16858
33.732	0.25	0	1	16866
33.75	0.25	0	1	16875
33.766	0.25	0	1	16883
33.782	0.25	0	1	16891
33.8	0.25	1	2	16900
33.816	0.25	1	2	16908
33.832	0.25	1	2	16916
33.85	0.25	1	2	16925
33.866	0.25	1	2	16933
33.882	0.25	1	2	16941
33.9	0.25	0	1	16950
33.916	0.25	0	1	16958
33.932	0.25	1	2	16966
33.95	0.25	1	2	16975
33.966	0.25	0	1	16983
33.982	0.25	0	1	16991
34.0	0.25	1	2	17000
34.016	0.25	1	2	17008
34.032	0.25	1	2	17016
34.05	0.25	1	2	17025
34.066	0.25	1	2	17033
34.082	0.25	1	2	17041
34.1	0.25	1	2	17050
34.116	0.25	1	2	17058
34.132	0.25	1	2	17066
34.15	0.25	1	2	17075
34.166	0.25	0	1	17083
34.182	0.25	0	1	17091
34.2	0.25	0	1	17100
34.216	0.25	0	1	17108
34.232	0.25	1	2	17116
34.25	0.25	1	2	17125
34.266	0.25	0	1	17133
34.282	0.25	0	1	17141
34.3	0.25	0	1	17150
34.316	0.25	0	1	17158
34.332	0.25	0	1	17166
34.35	0.25	0	1	17175
34.366	0.25	1	2	17183
34.382	0.25	1	2	17191
34.4	0.25	1	2	17200
35.882	0.25	1	2	17941
35.9	0.25	1	2	17950
35.916	0.25	1	2	17958
35.932	0.25	1	2	17966
35.95	0.25	0	1	17975
35.966	0.25	0	1	17983
35.982	0.25	1	2	17991
36.0	0.25	1	2	18000
36.016	0.25	1	2	18008
36.032	0.25	1	2	18016
36.05	0.25	0	1	18025
36.066	0.25	0	1	18033
36.082	0.25	1	2	18041
36.1	0.25	1	2	18050
36.116	0.25	1	2	18058
36.132	0.25	1	2	18066
36.15	0.25	0	1	18075
36.166	0.25	0	1	18083
36.182	0.25	1	2	18091
36.2	0.25	1	2	18100
36.216	0.25	1	2	18108
36.232	0.25	1	2	18116
36.25	0.25	0	1	18125
36.266	0.25	0	1	18133
36.282	0.25	0	1	18141
36.3	0.25	0	1	18150
36.316	0.25	0	1	18158
36.332	0.25	0	1	18166
36.35	0.25	1	2	18175
36.366	0.25	1	2	18183
36.382	0.25	1	2	18191
36.4	0.25	1	2	18200
36.416	0.25	1	2	18208
36.432	0.25	1	2	18216
36.45	0.25	0	1	18225
36.466	0.25	0	1	18233
36.482	0.25	0	1	18241
36.5	0.25	0	1	18250
36.516	0.25	0	1	18258
36.532	0.25	0	1	18266
36.55	0.25	1	2	18275
36.566	0.25	1	2	18283
36.582	0.25	1	2	18291
36.6	0.25	1	2	18300
36.616	0.25	1	2	18308
36.632	0.25	1	2	18316
36.65	0.25	1	2	18325
36.666	0.25	1	2	18333
36.682	0.25	1	2	18341
36.7	0.25	1	2	18350
36.716	0.25	0	1	18358
36.732	0.25	0	1	18366
36.75	0.25	0	1	18375
36.766	0.25	0	1	18383
36.782	0.25	1	2	18391
36.8	0.25	1	2	18400
36.816	0.25	0	1	18408
36.832	0.25	0	1	18416
36.85	0.25	1	2	18425
36.866	0.25	1	2	18433
36.882	0.25	0	1	18441
36.9	0.25	0	1	18450
36.916	0.25	0	1	18458
36.932	0.25	0	1	18466
36.95	0.25	1	2	18475
36.966	0.25	1	2	18483
36.982	0.25	1	2	18491
37.0	0.25	1	2	18500
37.016	0.25	0	1	18508
37.032	0.25	0	1	18516
37.05	0.25	0	1	18525
37.066	0.25	0	1	18533
37.082	0.25	0	1	18541
37.1	0.25	0	1	18550
37.116	0.25	0	1	18558
37.132	0.25	0	1	18566
37.15	0.25	1	2	18575
37.166	0.25	1	2	18583
37.182	0.25	0	1	18591
37.2	0.25	0	1	18600
37.216	0.25	0	1	18608
37.232	0.25	0	1	18616
37.25	0.25	0	1	18625
37.266	0.25	0	1	18633
37.282	0.25	0	1	18641
37.3	0.25	0	1	18650
37.316	0.25	1	2	18658
37.332	0.25	1	2	18666
37.35	0.25	1	2	18675
37.366	0.25	1	2	18683
37.382	0.25	1	2	18691
37.4	0.25	1	2	18700
37.416	0.25	1	2	18708
37.432	0.25	1	2	18716
37.45	0.25	1	2	18725
37.466	0.25	1	2	18733
37.482	0.25	1	2	18741
37.5	0.25	1	2	18750
37.516	0.25	0	1	18758
37.532	0.25	0	1	18766
37.55	0.25	1	2	18775
37.566	0.25	1	2	18783
37.582	0.25	0	1	18791
37.6	0.25	0	1	18800
37.616	0.25	1	2	18808
37.632	0.25	1	2	18816
37.65	0.25	0	1	18825
37.666	0.25	0	1	18833
37.682	0.25	0	1	18841
37.7	0.25	0	1	18850
37.716	0.25	1	2	18858
37.732	0.25	1	2	18866
37.75	0.25	1	2	18875
37.766	0.25	1	2	18883
37.782	0.25	0	1	18891
37.8	0.25	0	1	18900
37.816	0.25	0	1	18908
39.816	0.25	1	2	19908
39.832	0.25	1	2	19916
39.85	0.25	1	2	19925
39.866	0.25	1	2	19933
39.882	0.25	0	1	19941
39.9	0.25	0	1	19950
39.916	0.25	1	2	19958
39.932	0.25	1	2	19966
39.95	0.25	1	2	19975
39.966	0.25	1	2	19983
39.982	0.25	0	1	19991
40.0	0.25	0	1	20000
40.016	0.25	1	2	20008
40.032	0.25	1	2	20016
40.05	0.25	1	2	20025
40.066	0.25	1	2	20033
40.082	0.25	0	1	20041
40.1	0.25	0	1	20050
40.116	0.25	1	2	20058
40.132	0.25	1	2	20066
40.15	0.25	1	2	20075
40.166	0.25	1	2	20083
40.182	0.25	0	1	20091
40.2	0.25	0	1	20100
40.216	0.25	0	1	20108
40.232	0.25	0	1	20116
40.25	0.25	0	1	20125
40.266	0.25	0	1	20133
40.282	0.25	1	2	20141
40.3	0.25	1	2	20150
40.316	0.25	1	2	20158
40.332	0.25	1	2	20166
40.35	0.25	1	2	20175
40.366	0.25	1	2	20183
40.382	0.25	0	1	20191
40.4	0.25	0	1	20200
40.416	0.25	0	1	20208
40.432	0.25	0	1	20216
40.45	0.25	0	1	20225
40.466	0.25	0	1	20233
40.482	0.25	1	2	20241
40.5	0.25	1	2	20250
40.516	0.25	1	2	20258
40.532	0.25	1	2	20266
40.55	0.25	1	2	20275
40.566	0.25	1	2	20283
40.582	0.25	1	2	20291
40.6	0.25	1	2	20300
40.616	0.25	1	2	20308
40.632	0.25	1	2	20316
40.65	0.25	0	1	20325
40.666	0.25	0	1	20333
40.682	0.25	0	1	20341
40.7	0.25	0	1	20350
40.716	0.25	1	2	20358
40.732	0.25	1	2	20366
40.75	0.25	0	1	20375
40.766	0.25	0	1	20383
40.782	0.25	1	2	20391
40.8	0.25	1	2	20400
40.816	0.25	0	1	20408
40.832	0.25	0	1	20416
40.85	0.25	0	1	20425
40.866	0.25	0	1	20433
40.882	0.25	1	2	20441
40.9	0.25	1	2	20450
40.916	0.25	1	2	20458
40.932	0.25	1	2	20466
40.95	0.25	0	1	20475
40.966	0.25	0	1	20483
40.982	0.25	0	1	20491
41.0	0.25	0	1	20500
41.016	0.25	0	1	20508
41.032	0.25	0	1	20516
41.05	0.25	0	1	20525
41.066	0.25	0	1	20533
41.082	0.25	1	2	20541
41.1	0.25	1	2	20550
41.116	0.25	0	1	20558
41.132	0.25	0	1	20566
41.15	0.25	0	1	20575
41.166	0.25	0	1	20583
41.182	0.25	0	1	20591
41.2	0.25	0	1	20600
41.216	0.25	0	1	20608
41.232	0.25	0	1	20616
41.25	0.25	1	2	20625
41.266	0.25	1	2	20633
41.282	0.25	1	2	20641
41.3	0.25	1	2	20650
41.316	0.25	1	2	20658
41.332	0.25	1	2	20666
41.35	0.25	1	2	20675
41.366	0.25	1	2	20683
41.382	0.25	1	2	20691
41.4	0.25	1	2	20700
41.416	0.25	1	2	20708
41.432	0.25	1	2	20716
41.45	0.25	0	1	20725
41.466	0.25	0	1	20733
41.482	0.25	1	2	20741
41.5	0.25	1	2	20750
41.516	0.25	0	1	20758
41.532	0.25	0	1	20766
41.55	0.25	1	2	20775
41.566	0.25	1	2	20783
41.582	0.25	0	1	20791
41.6	0.25	0	1	20800
41.616	0.25	0	1	20808
41.632	0.25	0	1	20816
41.65	0.25	1	2	20825
41.666	0.25	1	2	20833
41.682	0.25	1	2	20841
41.7	0.25	1	2	20850
41.716	0.25	0	1	20858
41.732	0.25	0	1	20866
41.75	0.25	0	1	20875
43.232	0.25	0	1	21616
43.25	0.25	0	1	21625
43.266	0.25	0	1	21633
43.282	0.25	0	1	21641
43.3	0.25	1	2	21650
43.316	0.25	1	2	21658
43.332	0.25	1	2	21666
43.35	0.25	1	2	21675
43.366	0.25	0	1	21683
43.382	0.25	0	1	21691
43.4	0.25	0	1	21700
43.416	0.25	0	1	21708
43.432	0.25	0	1	21716
43.45	0.25	0	1	21725
43.466	0.25	0	1	21733
43.482	0.25	0	1	21741
43.5	0.25	1	2	21750
43.516	0.25	1	2	21758
43.532	0.25	1	2	21766
43.55	0.25	1	2	21775
43.566	0.25	1	2	21783
43.582	0.25	1	2	21791
43.6	0.25	1	2	21800
43.616	0.25	1	2	21808
43.632	0.25	1	2	21816
43.65	0.25	1	2	21825
43.666	0.25	0	1	21833
43.682	0.25	0	1	21841
43.7	0.25	0	1	21850
43.716	0.25	0	1	21858
43.732	0.25	0	1	21866
43.75	0.25	0	1	21875
43.766	0.25	0	1	21883
43.782	0.25	0	1	21891
43.8	0.25	0	1	21900
43.816	0.25	0	1	21908
43.832	0.25	0	1	21916
43.85	0.25	0	1	21925
43.866	0.25	1	2	21933
43.882	0.25	1	2	21941
43.9	0.25	1	2	21950
43.916	0.25	1	2	21958
43.932	0.25	0	1	21966
43.95	0.25	0	1	21975
43.966	0.25	0	1	21983
43.982	0.25	0	1	21991
44.0	0.25	1	2	22000
44.016	0.25	1	2	22008
44.032	0.25	0	1	22016
44.05	0.25	0	1	22025
44.066	0.25	1	2	22033
44.082	0.25	1	2	22041
44.1	0.25	0	1	22050
44.116	0.25	0	1	22058
44.132	0.25	1	2	22066
44.15	0.25	1	2	22075
44.166	0.25	0	1	22083
44.182	0.25	0	1	22091
44.2	0.25	1	2	22100
44.216	0.25	1	2	22108
44.232	0.25	1	2	22116
44.25	0.25	1	2	22125
44.266	0.25	0	1	22133
44.282	0.25	0	1	22141
44.3	0.25	1	2	22150
44.316	0.25	1	2	22158
44.332	0.25	0	1	22166
44.35	0.25	0	1	22175
44.366	0.25	0	1	22183
44.382	0.25	0	1	22191
44.4	0.25	0	1	22200
44.416	0.25	0	1	22208
44.432	0.25	1	2	22216
44.45	0.25	1	2	22225
44.466	0.25	0	1	22233
44.482	0.25	0	1	22241
44.5	0.25	0	1	22250
44.516	0.25	0	1	22258
44.532	0.25	0	1	22266
44.55	0.25	0	1	22275
44.566	0.25	1	2	22283
44.582	0.25	1	2	22291
44.6	0.25	1	2	22300
44.616	0.25	1	2	22308
44.632	0.25	1	2	22316
44.65	0.25	1	2	22325
44.666	0.25	0	1	22333
44.682	0.25	0	1	22341
44.7	0.25	1	2	22350
44.716	0.25	1	2	22358
44.732	0.25	0	1	22366
44.75	0.25	0	1	22375
44.766	0.25	1	2	22383
44.782	0.25	1	2	22391
44.8	0.25	1	2	22400
44.816	0.25	1	2	22408
44.832	0.25	1	2	22416
44.85	0.25	1	2	22425
44.866	0.25	1	2	22433
44.882	0.25	1	2	22441
44.9	0.25	1	2	22450
44.916	0.25	1	2	22458
44.932	0.25	0	1	22466
44.95	0.25	0	1	22475
44.966	0.25	0	1	22483
44.982	0.25	0	1	22491
45.0	0.25	1	2	22500
45.016	0.25	1	2	22508
45.032	0.25	0	1	22516
45.05	0.25	0	1	22525
45.066	0.25	0	1	22533
45.082	0.25	0	1	22541
45.1	0.25	0	1	22550
45.116	0.25	0	1	22558
45.132	0.25	1	2	22566
45.15	0.25	1	2	22575
45.166	0.25	1	2	22583
46.65	0.25	1	2	23325
46.666	0.25	1	2	23333
46.682	0.25	1	2	23341
46.7	0.25	1	2	23350
46.716	0.25	1	2	23358
46.732	0.25	1	2	23366
46.75	0.25	1	2	23375
46.766	0.25	1	2	23383
46.782	0.25	1	2	23391
46.8	0.25	1	2	23400
46.816	0.25	1	2	23408
46.832	0.25	1	2	23416
46.85	0.25	1	2	23425
46.866	0.25	1	2	23433
46.882	0.25	0	1	23441
46.9	0.25	0	1	23450
46.916	0.25	0	1	23458
46.932	0.25	0	1	23466
46.95	0.25	1	2	23475
46.966	0.25	1	2	23483
46.982	0.25	1	2	23491
47.0	0.25	1	2	23500
47.016	0.25	0	1	23508
47.032	0.25	0	1	23516
47.05	0.25	0	1	23525
47.066	0.25	0	1	23533
47.082	0.25	1	2	23541
47.1	0.25	1	2	23550
47.116	0.25	1	2	23558
47.132	0.25	1	2	23566
47.15	0.25	0	1	23575
47.166	0.25	0	1	23583
47.182	0.25	0	1	23591
47.2	0.25	0	1	23600
47.216	0.25	1	2	23608
47.232	0.25	1	2	23616
47.25	0.25	0	1	23625
47.266	0.25	0	1	23633
47.282	0.25	1	2	23641
47.3	0.25	1	2	23650
47.316	0.25	1	2	23658
47.332	0.25	1	2	23666
47.35	0.25	0	1	23675
47.366	0.25	0	1	23683
47.382	0.25	1	2	23691
47.4	0.25	1	2	23700
47.416	0.25	0	1	23708
47.432	0.25	0	1	23716
47.45	0.25	0	1	23725
47.466	0.25	0	1	23733
47.482	0.25	1	2	23741
47.5	0.25	1	2	23750
47.516	0.25	0	1	23758
47.532	0.25	0	1	23766
47.55	0.25	1	2	23775
47.566	0.25	1	2	23783
47.582	0.25	1	2	23791
47.6	0.25	1	2	23800
47.616	0.25	1	2	23808
47.632	0.25	1	2	23816
47.65	0.25	0	1	23825
47.666	0.25	0	1	23833
47.682	0.25	0	1	23841
47.7	0.25	0	1	23850
47.716	0.25	0	1	23858
47.732	0.25	0	1	23866
47.75	0.25	1	2	23875
47.766	0.25	1	2	23883
47.782	0.25	0	1	23891
47.8	0.25	0	1	23900
47.816	0.25	1	2	23908
47.832	0.25	1	2	23916
47.85	0.25	1	2	23925
47.866	0.25	1	2	23933
47.882	0.25	1	2	23941
47.9	0.25	1	2	23950
47.916	0.25	0	1	23958
47.932	0.25	0	1	23966
47.95	0.25	0	1	23975
47.966	0.25	0	1	23983
47.982	0.25	1	2	23991
48.0	0.25	1	2	24000
48.016	0.25	0	1	24008
48.032	0.25	0	1	24016
48.05	0.25	1	2	24025
48.066	0.25	1	2	24033
48.082	0.25	0	1	24041
48.1	0.25	0	1	24050
48.116	0.25	0	1	24058
48.132	0.25	0	1	24066
48.15	0.25	0	1	24075
48.166	0.25	0	1	24083
48.182	0.25	1	2	24091
48.2	0.25	1	2	24100
48.216	0.25	1	2	24108
48.232	0.25	1	2	24116
48.25	0.25	0	1	24125
48.266	0.25	0	1	24133
48.282	0.25	1	2	24141
48.3	0.25	1	2	24150
48.316	0.25	0	1	24158
48.332	0.25	0	1	24166
48.35	0.25	0	1	24175
48.366	0.25	0	1	24183
48.382	0.25	0	1	24191
48.4	0.25	0	1	24200
48.416	0.25	1	2	24208
48.432	0.25	1	2	24216
48.45	0.25	0	1	24225
48.466	0.25	0	1	24233
48.482	0.25	1	2	24241
48.5	0.25	1	2	24250
48.516	0.25	0	1	24258
48.532	0.25	0	1	24266
48.55	0.25	0	1	24275
48.566	0.25	0	1	24283
48.582	0.25	1	2	24291
50.066	0.25	1	2	25033
50.082	0.25	1	2	25041
50.1	0.25	1	2	25050
50.116	0.25	1	2	25058
50.132	0.25	0	1	25066
50.15	0.25	0	1	25075
50.166	0.25	0	1	25083
50.182	0.25	0	1	25091
50.2	0.25	0	1	25100
50.216	0.25	0	1	25108
50.232	0.25	0	1	25116
50.25	0.25	0	1	25125
50.266	0.25	1	2	25133
50.282	0.25	1	2	25141
50.3	0.25	0	1	25150
50.316	0.25	0	1	25158
50.332	0.25	0	1	25166
50.35	0.25	0	1	25175
50.366	0.25	1	2	25183
50.382	0.25	1	2	25191
50.4	0.25	1	2	25200
50.416	0.25	1	2	25208
50.432	0.25	0	1	25216
50.45	0.25	0	1	25225
50.466	0.25	0	1	25233
50.482	0.25	0	1	25241
50.5	0.25	0	1	25250
50.516	0.25	0	1	25258
50.532	0.25	0	1	25266
50.55	0.25	0	1	25275
50.566	0.25	0	1	25283
50.582	0.25	0	1	25291
50.6	0.25	0	1	25300
50.616	0.25	0	1	25308
50.632	0.25	1	2	25316
50.65	0.25	1	2	25325
50.666	0.25	0	1	25333
50.682	0.25	0	1	25341
50.7	0.25	1	2	25350
50.716	0.25	1	2	25358
50.732	0.25	1	2	25366
50.75	0.25	1	2	25375
50.766	0.25	0	1	25383
50.782	0.25	0	1	25391
50.8	0.25	1	2	25400
50.816	0.25	1	2	25408
50.832	0.25	0	1	25416
50.85	0.25	0	1	25425
50.866	0.25	1	2	25433
50.882	0.25	1	2	25441
50.9	0.25	0	1	25450
50.916	0.25	0	1	25458
50.932	0.25	1	2	25466
50.95	0.25	1	2	25475
50.966	0.25	0	1	25483
50.982	0.25	0	1	25491
51.0	0.25	0	1	25500
51.016	0.25	0	1	25508
51.032	0.25	0	1	25516
51.05	0.25	0	1	25525
51.066	0.25	1	2	25533
51.082	0.25	1	2	25541
51.1	0.25	1	2	25550
51.116	0.25	1	2	25558
51.132	0.25	1	2	25566
51.15	0.25	1	2	25575
51.166	0.25	0	1	25583
51.182	0.25	0	1	25591
51.2	0.25	1	2	25600
51.216	0.25	1	2	25608
51.232	0.25	1	2	25616
51.25	0.25	1	2	25625
51.266	0.25	1	2	25633
51.282	0.25	1	2	25641
51.3	0.25	0	1	25650
51.316	0.25	0	1	25658
51.332	0.25	1	2	25666
51.35	0.25	1	2	25675
51.366	0.25	0	1	25683
51.382	0.25	0	1	25691
51.4	0.25	1	2	25700
51.416	0.25	1	2	25708
51.432	0.25	1	2	25716
51.45	0.25	1	2	25725
51.466	0.25	0	1	25733
51.482	0.25	0	1	25741
51.5	0.25	0	1	25750
51.516	0.25	0	1	25758
51.532	0.25	0	1	25766
51.55	0.25	0	1	25775
51.566	0.25	1	2	25783
51.582	0.25	1	2	25791
51.6	0.25	1	2	25800
51.616	0.25	1	2	25808
51.632	0.25	0	1	25816
51.65	0.25	0	1	25825
51.666	0.25	1	2	25833
51.682	0.25	1	2	25841
51.7	0.25	1	2	25850
51.716	0.25	1	2	25858
51.732	0.25	1	2	25866
51.75	0.25	1	2	25875
51.766	0.25	0	1	25883
51.782	0.25	0	1	25891
51.8	0.25	0	1	25900
51.816	0.25	0	1	25908
51.832	0.25	0	1	25916
51.85	0.25	0	1	25925
51.866	0.25	0	1	25933
51.882	0.25	0	1	25941
51.9	0.25	0	1	25950
51.916	0.25	0	1	25958
51.932	0.25	1	2	25966
51.95	0.25	1	2	25975
51.966	0.25	1	2	25983
51.982	0.25	1	2	25991
52.0	0.25	1	2	26000
54.182	0.25	0	1	27091
54.2	0.25	0	1	27100
54.216	0.25	0	1	27108
54.232	0.25	0	1	27116
54.25	0.25	1	2	27125
54.266	0.25	1	2	27133
54.282	0.25	1	2	27141
54.3	0.25	1	2	27150
54.316	0.25	0	1	27158
54.332	0.25	0	1	27166
54.35	0.25	0	1	27175
54.366	0.25	0	1	27183
54.382	0.25	0	1	27191
54.4	0.25	0	1	27200
54.416	0.25	0	1	27208
54.432	0.25	0	1	27216
54.45	0.25	1	2	27225
54.466	0.25	1	2	27233
54.482	0.25	1	2	27241
54.5	0.25	1	2	27250
54.516	0.25	1	2	27258
54.532	0.25	1	2	27266
54.55	0.25	1	2	27275
54.566	0.25	1	2	27283
54.582	0.25	1	2	27291
54.6	0.25	1	2	27300
54.616	0.25	0	1	27308
54.632	0.25	0	1	27316
54.65	0.25	0	1	27325
54.666	0.25	0	1	27333
54.682	0.25	0	1	27341
54.7	0.25	0	1	27350
54.716	0.25	0	1	27358
54.732	0.25	0	1	27366
54.75	0.25	0	1	27375
54.766	0.25	0	1	27383
54.782	0.25	0	1	27391
54.8	0.25	0	1	27400
54.816	0.25	1	2	27408
54.832	0.25	1	2	27416
54.85	0.25	1	2	27425
54.866	0.25	1	2	27433
54.882	0.25	0	1	27441
54.9	0.25	0	1	27450
54.916	0.25	0	1	27458
54.932	0.25	0	1	27466
54.95	0.25	1	2	27475
54.966	0.25	1	2	27483
54.982	0.25	0	1	27491
55.0	0.25	0	1	27500
55.016	0.25	1	2	27508
55.032	0.25	1	2	27516
55.05	0.25	0	1	27525
55.066	0.25	0	1	27533
55.082	0.25	1	2	27541
55.1	0.25	1	2	27550
55.116	0.25	0	1	27558
55.132	0.25	0	1	27566
55.15	0.25	1	2	27575
55.166	0.25	1	2	27583
55.182	0.25	1	2	27591
55.2	0.25	1	2	27600
55.216	0.25	0	1	27608
55.232	0.25	0	1	27616
55.25	0.25	1	2	27625
55.266	0.25	1	2	27633
55.282	0.25	0	1	27641
55.3	0.25	0	1	27650
55.316	0.25	0	1	27658
55.332	0.25	0	1	27666
55.35	0.25	0	1	27675
55.366	0.25	0	1	27683
55.382	0.25	1	2	27691
55.4	0.25	1	2	27700
55.416	0.25	0	1	27708
55.432	0.25	0	1	27716
55.45	0.25	0	1	27725
55.466	0.25	0	1	27733
55.482	0.25	0	1	27741
55.5	0.25	0	1	27750
55.516	0.25	1	2	27758
55.532	0.25	1	2	27766
55.55	0.25	1	2	27775
55.566	0.25	1	2	27783
55.582	0.25	1	2	27791
55.6	0.25	1	2	27800
55.616	0.25	0	1	27808
55.632	0.25	0	1	27816
55.65	0.25	1	2	27825
55.666	0.25	1	2	27833
55.682	0.25	0	1	27841
55.7	0.25	0	1	27850
55.716	0.25	1	2	27858
55.732	0.25	1	2	27866
55.75	0.25	1	2	27875
55.766	0.25	1	2	27883
55.782	0.25	1	2	27891
55.8	0.25	1	2	27900
55.816	0.25	1	2	27908
55.832	0.25	1	2	27916
55.85	0.25	1	2	27925
55.866	0.25	1	2	27933
55.882	0.25	0	1	27941
55.9	0.25	0	1	27950
55.916	0.25	0	1	27958
55.932	0.25	0	1	27966
55.95	0.25	1	2	27975
55.966	0.25	1	2	27983
55.982	0.25	0	1	27991
56.0	0.25	0	1	28000
56.016	0.25	0	1	28008
56.032	0.25	0	1	28016
56.05	0.25	0	1	28025
56.066	0.25	0	1	28033
56.082	0.25	1	2	28041
56.1	0.25	1	2	28050
56.116	0.25	1	2	28058
57.6	0.25	1	2	28800
57.616	0.25	1	2	28808
57.632	0.25	1	2	28816
57.65	0.25	1	2	28825
57.666	0.25	1	2	28833
57.682	0.25	1	2	28841
57.7	0.25	1	2	28850
57.716	0.25	1	2	28858
57.732	0.25	1	2	28866
57.75	0.25	1	2	28875
57.766	0.25	1	2	28883
57.782	0.25	1	2	28891
57.8	0.25	1	2	28900
57.816	0.25	1	2	28908
57.832	0.25	0	1	28916
57.85	0.25	0	1	28925
57.866	0.25	0	1	28933
57.882	0.25	0	1	28941
57.9	0.25	1	2	28950
57.916	0.25	1	2	28958
57.932	0.25	1	2	28966
57.95	0.25	1	2	28975
57.966	0.25	0	1	28983
57.982	0.25	0	1	28991
58.0	0.25	0	1	29000
58.016	0.25	0	1	29008
58.032	0.25	1	2	29016
58.05	0.25	1	2	29025
58.066	0.25	1	2	29033
58.082	0.25	1	2	29041
58.1	0.25	0	1	29050
58.116	0.25	0	1	29058
58.132	0.25	0	1	29066
58.15	0.25	0	1	29075
58.166	0.25	1	2	29083
58.182	0.25	1	2	29091
58.2	0.25	0	1	29100
58.216	0.25	0	1	29108
58.232	0.25	1	2	29116
58.25	0.25	1	2	29125
58.266	0.25	1	2	29133
58.282	0.25	1	2	29141
58.3	0.25	0	1	29150
58.316	0.25	0	1	29158
58.332	0.25	1	2	29166
58.35	0.25	1	2	29175
58.366	0.25	0	1	29183
58.382	0.25	0	1	29191
58.4	0.25	0	1	29200
58.416	0.25	0	1	29208
58.432	0.25	1	2	29216
58.45	0.25	1	2	29225
58.466	0.25	0	1	29233
58.482	0.25	0	1	29241
58.5	0.25	1	2	29250
58.516	0.25	1	2	29258
58.532	0.25	1	2	29266
58.55	0.25	1	2	29275
58.566	0.25	1	2	29283
58.582	0.25	1	2	29291
58.6	0.25	0	1	29300
58.616	0.25	0	1	29308
58.632	0.25	0	1	29316
58.65	0.25	0	1	29325
58.666	0.25	0	1	29333
58.682	0.25	0	1	29341
58.7	0.25	1	2	29350
58.716	0.25	1	2	29358
58.732	0.25	0	1	29366
58.75	0.25	0	1	29375
58.766	0.25	1	2	29383
58.782	0.25	1	2	29391
58.8	0.25	1	2	29400
58.816	0.25	1	2	29408
58.832	0.25	1	2	29416
58.85	0.25	1	2	29425
58.866	0.25	0	1	29433
58.882	0.25	0	1	29441
58.9	0.25	0	1	29450
58.916	0.25	0	1	29458
58.932	0.25	1	2	29466
58.95	0.25	1	2	29475
58.966	0.25	0	1	29483
58.982	0.25	0	1	29491
59.0	0.25	1	2	29500
59.016	0.25	1	2	29508
59.032	0.25	0	1	29516
59.05	0.25	0	1	29525
59.066	0.25	0	1	29533
59.082	0.25	0	1	29541
59.1	0.25	0	1	29550
59.116	0.25	0	1	29558
59.132	0.25	1	2	29566
59.15	0.25	1	2	29575
59.166	0.25	1	2	29583
59.182	0.25	1	2	29591
59.2	0.25	0	1	29600
59.216	0.25	0	1	29608
59.232	0.25	1	2	29616
59.25	0.25	1	2	29625
59.266	0.25	0	1	29633
59.282	0.25	0	1	29641
59.3	0.25	0	1	29650
59.316	0.25	0	1	29658
59.332	0.25	0	1	29666
59.35	0.25	0	1	29675
59.366	0.25	1	2	29683
59.382	0.25	1	2	29691
59.4	0.25	0	1	29700
59.416	0.25	0	1	29708
59.432	0.25	1	2	29716
59.45	0.25	1	2	29725
59.466	0.25	0	1	29733
59.482	0.25	0	1	29741
59.5	0.25	0	1	29750
59.516	0.25	0	1	29758
59.532	0.25	1	2	29766
61.016	0.25	1	2	30508
61.032	0.25	1	2	30516
61.05	0.25	1	2	30525
61.066	0.25	1	2	30533
61.082	0.25	0	1	30541
61.1	0.25	0	1	30550
61.116	0.25	0	1	30558
61.132	0.25	0	1	30566
61.15	0.25	0	1	30575
61.166	0.25	0	1	30583
61.182	0.25	0	1	30591
61.2	0.25	0	1	30600
61.216	0.25	1	2	30608
61.232	0.25	1	2	30616
61.25	0.25	0	1	30625
61.266	0.25	0	1	30633
61.282	0.25	0	1	30641
61.3	0.25	0	1	30650
61.316	0.25	1	2	30658
61.332	0.25	1	2	30666
61.35	0.25	1	2	30675
61.366	0.25	1	2	30683
61.382	0.25	0	1	30691
61.4	0.25	0	1	30700
61.416	0.25	0	1	30708
61.432	0.25	0	1	30716
61.45	0.25	0	1	30725
61.466	0.25	0	1	30733
61.482	0.25	0	1	30741
61.5	0.25	0	1	30750
61.516	0.25	0	1	30758
61.532	0.25	0	1	30766
61.55	0.25	0	1	30775
61.566	0.25	0	1	30783
61.582	0.25	1	2	30791
61.6	0.25	1	2	30800
61.616	0.25	0	1	30808
61.632	0.25	0	1	30816
61.65	0.25	1	2	30825
61.666	0.25	1	2	30833
61.682	0.25	1	2	30841
61.7	0.25	1	2	30850
61.716	0.25	0	1	30858
61.732	0.25	0	1	30866
61.75	0.25	1	2	30875
61.766	0.25	1	2	30883
61.782	0.25	0	1	30891
61.8	0.25	0	1	30900
61.816	0.25	1	2	30908
61.832	0.25	1	2	30916
61.85	0.25	0	1	30925
61.866	0.25	0	1	30933
61.882	0.25	1	2	30941
61.9	0.25	1	2	30950
61.916	0.25	0	1	30958
61.932	0.25	0	1	30966
61.95	0.25	0	1	30975
61.966	0.25	0	1	30983
61.982	0.25	0	1	30991
62.0	0.25	0	1	31000
62.016	0.25	1	2	31008
62.032	0.25	1	2	31016
62.05	0.25	1	2	31025
62.066	0.25	1	2	31033
62.082	0.25	1	2	31041
62.1	0.25	1	2	31050
62.116	0.25	0	1	31058
62.132	0.25	0	1	31066
62.15	0.25	1	2	31075
62.166	0.25	1	2	31083
62.182	0.25	1	2	31091
62.2	0.25	1	2	31100
62.216	0.25	1	2	31108
62.232	0.25	1	2	31116
62.25	0.25	0	1	31125
62.266	0.25	0	1	31133
62.282	0.25	1	2	31141
62.3	0.25	1	2	31150
62.316	0.25	0	1	31158
62.332	0.25	0	1	31166
62.35	0.25	1	2	31175
62.366	0.25	1	2	31183
62.382	0.25	1	2	31191
62.4	0.25	1	2	31200
62.416	0.25	0	1	31208
62.432	0.25	0	1	31216
62.45	0.25	0	1	31225
62.466	0.25	0	1	31233
62.482	0.25	0	1	31241
62.5	0.25	0	1	31250
62.516	0.25	1	2	31258
62.532	0.25	1	2	31266
62.55	0.25	1	2	31275
62.566	0.25	1	2	31283
62.582	0.25	0	1	31291
62.6	0.25	0	1	31300
62.616	0.25	1	2	31308
62.632	0.25	1	2	31316
62.65	0.25	1	2	31325
62.666	0.25	1	2	31333
62.682	0.25	1	2	31341
62.7	0.25	1	2	31350
62.716	0.25	0	1	31358
62.732	0.25	0	1	31366
62.75	0.25	0	1	31375
62.766	0.25	0	1	31383
62.782	0.25	0	1	31391
62.8	0.25	0	1	31400
62.816	0.25	0	1	31408
62.832	0.25	0	1	31416
62.85	0.25	0	1	31425
62.866	0.25	0	1	31433
62.882	0.25	1	2	31441
62.9	0.25	1	2	31450
62.916	0.25	1	2	31458
62.932	0.25	1	2	31466
62.95	0.25	1	2	31475
64.432	0.25	1	2	32216
64.45	0.25	1	2	32225
64.466	0.25	1	2	32233
64.482	0.25	1	2	32241
64.5	0.25	0	1	32250
64.516	0.25	0	1	32258
64.532	0.25	1	2	32266
64.55	0.25	1	2	32275
64.566	0.25	1	2	32283
64.582	0.25	1	2	32291
64.598	0.25	0	1	32299
64.616	0.25	0	1	32308
64.632	0.25	1	2	32316
64.65	0.25	1	2	32325
64.666	0.25	1	2	32333
64.682	0.25	1	2	32341
64.7	0.25	0	1	32350
64.716	0.25	0	1	32358
64.732	0.25	1	2	32366
64.75	0.25	1	2	32375
64.766	0.25	1	2	32383
64.782	0.25	1	2	32391
64.8	0.25	0	1	32400
64.816	0.25	0	1	32408
64.832	0.25	0	1	32416
64.848	0.25	0	1	32424
64.866	0.25	0	1	32433
64.882	0.25	0	1	32441
64.9	0.25	1	2	32450
64.916	0.25	1	2	32458
64.932	0.25	1	2	32466
64.95	0.25	1	2	32475
64.966	0.25	1	2	32483
64.982	0.25	1	2	32491
65.0	0.25	0	1	32500
65.016	0.25	0	1	32508
65.032	0.25	0	1	32516
65.05	0.25	0	1	32525
65.066	0.25	0	1	32533
65.082	0.25	0	1	32541
65.098	0.25	1	2	32549
65.116	0.25	1	2	32558
65.132	0.25	1	2	32566
65.15	0.25	1	2	32575
65.166	0.25	1	2	32583
65.182	0.25	1	2	32591
65.2	0.25	1	2	32600
65.216	0.25	1	2	32608
65.232	0.25	1	2	32616
65.25	0.25	1	2	32625
65.266	0.25	0	1	32633
65.282	0.25	0	1	32641
65.3	0.25	0	1	32650
65.316	0.25	0	1	32658
65.332	0.25	1	2	32666
65.348	0.25	1	2	32674
65.366	0.25	0	1	32683
65.382	0.25	0	1	32691
65.4	0.25	1	2	32700
65.416	0.25	1	2	32708
65.432	0.25	0	1	32716
65.45	0.25	0	1	32725
65.466	0.25	0	1	32733
65.482	0.25	0	1	32741
65.5	0.25	1	2	32750
65.516	0.25	1	2	32758
65.532	0.25	1	2	32766
65.55	0.25	1	2	32775
65.566	0.25	0	1	32783
65.582	0.25	0	1	32791
65.6	0.25	0	1	32800
65.616	0.25	0	1	32808
65.632	0.25	0	1	32816
65.65	0.25	0	1	32825
65.666	0.25	0	1	32833
65.682	0.25	0	1	32841
65.7	0.25	1	2	32850
65.716	0.25	1	2	32858
65.732	0.25	0	1	32866
65.75	0.25	0	1	32875
65.766	0.25	0	1	32883
65.782	0.25	0	1	32891
65.8	0.25	0	1	32900
65.816	0.25	0	1	32908
65.832	0.25	0	1	32916
65.85	0.25	0	1	32925
65.866	0.25	1	2	32933
65.882	0.25	1	2	32941
65.9	0.25	1	2	32950
65.916	0.25	1	2	32958
65.932	0.25	1	2	32966
65.95	0.25	1	2	32975
65.966	0.25	1	2	32983
65.982	0.25	1	2	32991
66.0	0.25	1	2	33000
66.016	0.25	1	2	33008
66.032	0.25	1	2	33016
66.05	0.25	1	2	33025
66.066	0.25	0	1	33033
66.082	0.25	0	1	33041
66.1	0.25	1	2	33050
66.116	0.25	1	2	33058
66.132	0.25	0	1	33066
66.15	0.25	0	1	33075
66.166	0.25	1	2	33083
66.182	0.25	1	2	33091
66.2	0.25	0	1	33100
66.216	0.25	0	1	33108
66.232	0.25	0	1	33116
66.25	0.25	0	1	33125
66.266	0.25	1	2	33133
66.282	0.25	1	2	33141
66.3	0.25	1	2	33150
66.316	0.25	1	2	33158
66.332	0.25	0	1	33166
66.35	0.25	0	1	33175
66.366	0.25	0	1	33183
69.232	0.25	1	2	34616
69.25	0.25	1	2	34625
69.266	0.25	1	2	34633
69.282	0.25	1	2	34641
69.3	0.25	0	1	34650
69.316	0.25	0	1	34658
69.332	0.25	1	2	34666
69.35	0.25	1	2	34675
69.366	0.25	1	2	34683
69.382	0.25	1	2	34691
69.4	0.25	0	1	34700
69.416	0.25	0	1	34708
69.432	0.25	1	2	34716
69.45	0.25	1	2	34725
69.466	0.25	1	2	34733
69.482	0.25	1	2	34741
69.5	0.25	0	1	34750
69.516	0.25	0	1	34758
69.532	0.25	1	2	34766
69.55	0.25	1	2	34775
69.566	0.25	1	2	34783
69.582	0.25	1	2	34791
69.6	0.25	0	1	34800
69.616	0.25	0	1	34808
69.632	0.25	0	1	34816
69.65	0.25	0	1	34825
69.666	0.25	0	1	34833
69.682	0.25	0	1	34841
69.7	0.25	1	2	34850
69.716	0.25	1	2	34858
69.732	0.25	1	2	34866
69.75	0.25	1	2	34875
69.766	0.25	1	2	34883
69.782	0.25	1	2	34891
69.8	0.25	0	1	34900
69.816	0.25	0	1	34908
69.832	0.25	0	1	34916
69.85	0.25	0	1	34925
69.866	0.25	0	1	34933
69.882	0.25	0	1	34941
69.9	0.25	1	2	34950
69.916	0.25	1	2	34958
69.932	0.25	1	2	34966
69.95	0.25	1	2	34975
69.966	0.25	1	2	34983
69.982	0.25	1	2	34991
70.0	0.25	1	2	35000
70.016	0.25	1	2	35008
70.032	0.25	1	2	35016
70.05	0.25	1	2	35025
70.066	0.25	0	1	35033
70.082	0.25	0	1	35041
70.1	0.25	0	1	35050
70.116	0.25	0	1	35058
70.132	0.25	1	2	35066
70.15	0.25	1	2	35075
70.166	0.25	0	1	35083
70.182	0.25	0	1	35091
70.2	0.25	1	2	35100
70.216	0.25	1	2	35108
70.232	0.25	0	1	35116
70.25	0.25	0	1	35125
70.266	0.25	0	1	35133
70.282	0.25	0	1	35141
70.3	0.25	1	2	35150
70.316	0.25	1	2	35158
70.332	0.25	1	2	35166
70.35	0.25	1	2	35175
70.366	0.25	0	1	35183
70.382	0.25	0	1	35191
70.4	0.25	0	1	35200
70.416	0.25	0	1	35208
70.432	0.25	0	1	35216
70.45	0.25	0	1	35225
70.466	0.25	0	1	35233
70.482	0.25	0	1	35241
70.5	0.25	1	2	35250
70.516	0.25	1	2	35258
70.532	0.25	0	1	35266
70.55	0.25	0	1	35275
70.566	0.25	0	1	35283
70.582	0.25	0	1	35291
70.6	0.25	0	1	35300
70.616	0.25	0	1	35308
70.632	0.25	0	1	35316
70.65	0.25	0	1	35325
70.666	0.25	1	2	35333
70.682	0.25	1	2	35341
70.7	0.25	1	2	35350
70.716	0.25	1	2	35358
70.732	0.25	1	2	35366
70.75	0.25	1	2	35375
70.766	0.25	1	2	35383
70.782	0.25	1	2	35391
70.8	0.25	1	2	35400
70.816	0.25	1	2	35408
70.832	0.25	1	2	35416
70.85	0.25	1	2	35425
70.866	0.25	0	1	35433
70.882	0.25	0	1	35441
70.9	0.25	1	2	35450
70.916	0.25	1	2	35458
70.932	0.25	0	1	35466
70.95	0.25	0	1	35475
70.966	0.25	1	2	35483
70.982	0.25	1	2	35491
71.0	0.25	0	1	35500
71.016	0.25	0	1	35508
71.032	0.25	0	1	35516
71.05	0.25	0	1	35525
71.066	0.25	1	2	35533
71.082	0.25	1	2	35541
71.1	0.25	1	2	35550
71.116	0.25	1	2	35558
71.132	0.25	0	1	35566
71.15	0.25	0	1	35575
71.166	0.25	0	1	35583
72.65	0.25	1	2	36325
72.666	0.25	1	2	36333
72.682	0.25	1	2	36341
72.7	0.25	1	2	36350
72.716	0.25	1	2	36358
72.732	0.25	1	2	36366
72.75	0.25	1	2	36375
72.766	0.25	1	2	36383
72.782	0.25	1	2	36391
72.8	0.25	1	2	36400
72.816	0.25	1	2	36408
72.832	0.25	1	2	36416
72.85	0.25	1	2	36425
72.866	0.25	1	2	36433
72.882	0.25	0	1	36441
72.9	0.25	0	1	36450
72.916	0.25	0	1	36458
72.932	0.25	0	1	36466
72.95	0.25	1	2	36475
72.966	0.25	1	2	36483
72.982	0.25	1	2	36491
73.0	0.25	1	2	36500
73.016	0.25	0	1	36508
73.032	0.25	0	1	36516
73.05	0.25	0	1	36525
73.066	0.25	0	1	36533
73.082	0.25	1	2	36541
73.1	0.25	1	2	36550
73.116	0.25	1	2	36558
73.132	0.25	1	2	36566
73.15	0.25	0	1	36575
73.166	0.25	0	1	36583
73.182	0.25	0	1	36591
73.2	0.25	0	1	36600
73.216	0.25	1	2	36608
73.232	0.25	1	2	36616
73.25	0.25	0	1	36625
73.266	0.25	0	1	36633
73.282	0.25	1	2	36641
73.3	0.25	1	2	36650
73.316	0.25	1	2	36658
73.332	0.25	1	2	36666
73.35	0.25	0	1	36675
73.366	0.25	0	1	36683
73.382	0.25	1	2	36691
73.4	0.25	1	2	36700
73.416	0.25	0	1	36708
73.432	0.25	0	1	36716
73.45	0.25	0	1	36725
73.466	0.25	0	1	36733
73.482	0.25	1	2	36741
73.5	0.25	1	2	36750
73.516	0.25	0	1	36758
73.532	0.25	0	1	36766
73.55	0.25	1	2	36775
73.566	0.25	1	2	36783
73.582	0.25	1	2	36791
73.6	0.25	1	2	36800
73.616	0.25	1	2	36808
73.632	0.25	1	2	36816
73.65	0.25	0	1	36825
73.666	0.25	0	1	36833
73.682	0.25	0	1	36841
73.7	0.25	0	1	36850
73.716	0.25	0	1	36858
73.732	0.25	0	1	36866
73.75	0.25	1	2	36875
73.766	0.25	1	2	36883
73.782	0.25	0	1	36891
73.8	0.25	0	1	36900
73.816	0.25	1	2	36908
73.832	0.25	1	2	36916
73.85	0.25	1	2	36925
73.866	0.25	1	2	36933
73.882	0.25	1	2	36941
73.9	0.25	1	2	36950
73.916	0.25	0	1	36958
73.932	0.25	0	1	36966
73.95	0.25	0	1	36975
73.966	0.25	0	1	36983
73.982	0.25	1	2	36991
74.0	0.25	1	2	37000
74.016	0.25	0	1	37008
74.032	0.25	0	1	37016
74.05	0.25	1	2	37025
74.066	0.25	1	2	37033
74.082	0.25	0	1	37041
74.1	0.25	0	1	37050
74.116	0.25	0	1	37058
74.132	0.25	0	1	37066
74.15	0.25	0	1	37075
74.166	0.25	0	1	37083
74.182	0.25	1	2	37091
74.2	0.25	1	2	37100
74.216	0.25	1	2	37108
74.232	0.25	1	2	37116
74.25	0.25	0	1	37125
74.266	0.25	0	1	37133
74.282	0.25	1	2	37141
74.3	0.25	1	2	37150
74.316	0.25	0	1	37158
74.332	0.25	0	1	37166
74.35	0.25	0	1	37175
74.366	0.25	0	1	37183
74.382	0.25	0	1	37191
74.4	0.25	0	1	37200
74.416	0.25	1	2	37208
74.432	0.25	1	2	37216
74.45	0.25	0	1	37225
74.466	0.25	0	1	37233
74.482	0.25	1	2	37241
74.5	0.25	1	2	37250
74.516	0.25	0	1	37258
74.532	0.25	0	1	37266
74.55	0.25	0	1	37275
74.566	0.25	0	1	37283
74.582	0.25	1	2	37291
76.066	0.25	1	2	38033
76.082	0.25	1	2	38041
76.1	0.25	1	2	38050
76.116	0.25	1	2	38058
76.132	0.25	0	1	38066
76.15	0.25	0	1	38075
76.166	0.25	0	1	38083
76.182	0.25	0	1	38091
76.2	0.25	0	1	38100
76.216	0.25	0	1	38108
76.232	0.25	0	1	38116
76.25	0.25	0	1	38125
76.266	0.25	1	2	38133
76.282	0.25	1	2	38141
76.3	0.25	0	1	38150
76.316	0.25	0	1	38158
76.332	0.25	0	1	38166
76.35	0.25	0	1	38175
76.366	0.25	1	2	38183
76.382	0.25	1	2	38191
76.4	0.25	1	2	38200
76.416	0.25	1	2	38208
76.432	0.25	0	1	38216
76.45	0.25	0	1	38225
76.466	0.25	0	1	38233
76.482	0.25	0	1	38241
76.5	0.25	0	1	38250
76.516	0.25	0	1	38258
76.532	0.25	0	1	38266
76.55	0.25	0	1	38275
76.566	0.25	0	1	38283
76.582	0.25	0	1	38291
76.6	0.25	0	1	38300
76.616	0.25	0	1	38308
76.632	0.25	1	2	38316
76.65	0.25	1	2	38325
76.666	0.25	0	1	38333
76.682	0.25	0	1	38341
76.7	0.25	1	2	38350
76.716	0.25	1	2	38358
76.732	0.25	1	2	38366
76.75	0.25	1	2	38375
76.766	0.25	0	1	38383
76.782	0.25	0	1	38391
76.8	0.25	1	2	38400
76.816	0.25	1	2	38408
76.832	0.25	0	1	38416
76.85	0.25	0	1	38425
76.866	0.25	1	2	38433
76.882	0.25	1	2	38441
76.9	0.25	0	1	38450
76.916	0.25	0	1	38458
76.932	0.25	1	2	38466
76.95	0.25	1	2	38475
76.966	0.25	0	1	38483
76.982	0.25	0	1	38491
77.0	0.25	0	1	38500
77.016	0.25	0	1	38508
77.032	0.25	0	1	38516
77.05	0.25	0	1	38525
77.066	0.25	1	2	38533
77.082	0.25	1	2	38541
77.1	0.25	1	2	38550
77.116	0.25	1	2	38558
77.132	0.25	1	2	38566
77.15	0.25	1	2	38575
77.166	0.25	0	1	38583
77.182	0.25	0	1	38591
77.2	0.25	1	2	38600
77.216	0.25	1	2	38608
77.232	0.25	1	2	38616
77.25	0.25	1	2	38625
77.266	0.25	1	2	38633
77.282	0.25	1	2	38641
77.3	0.25	0	1	38650
77.316	0.25	0	1	38658
77.332	0.25	1	2	38666
77.35	0.25	1	2	38675
77.366	0.25	0	1	38683
77.382	0.25	0	1	38691
77.4	0.25	1	2	38700
77.416	0.25	1	2	38708
77.432	0.25	1	2	38716
77.45	0.25	1	2	38725
77.466	0.25	0	1	38733
77.482	0.25	0	1	38741
77.5	0.25	0	1	38750
77.516	0.25	0	1	38758
77.532	0.25	0	1	38766
77.55	0.25	0	1	38775
77.566	0.25	1	2	38783
77.582	0.25	1	2	38791
77.6	0.25	1	2	38800
77.616	0.25	1	2	38808
77.632	0.25	0	1	38816
77.65	0.25	0	1	38825
77.666	0.25	1	2	38833
77.682	0.25	1	2	38841
77.7	0.25	1	2	38850
77.716	0.25	1	2	38858
77.732	0.25	1	2	38866
77.75	0.25	1	2	38875
77.766	0.25	0	1	38883
77.782	0.25	0	1	38891
77.8	0.25	0	1	38900
77.816	0.25	0	1	38908
77.832	0.25	0	1	38916
77.85	0.25	0	1	38925
77.866	0.25	0	1	38933
77.882	0.25	0	1	38941
77.9	0.25	0	1	38950
77.916	0.25	0	1	38958
77.932	0.25	1	2	38966
77.95	0.25	1	2	38975
77.966	0.25	1	2	38983
77.982	0.25	1	2	38991
78.0	0.25	1	2	39000
79.482	0.25	0	1	39741
79.5	0.25	0	1	39750
79.516	0.25	0	1	39758
79.532	0.25	0	1	39766
79.55	0.25	1	2	39775
79.566	0.25	1	2	39783
79.582	0.25	1	2	39791
79.6	0.25	1	2	39800
79.616	0.25	0	1	39808
79.632	0.25	0	1	39816
79.65	0.25	0	1	39825
79.666	0.25	0	1	39833
79.682	0.25	0	1	39841
79.7	0.25	0	1	39850
79.716	0.25	0	1	39858
79.732	0.25	0	1	39866
79.75	0.25	1	2	39875
79.766	0.25	1	2	39883
79.782	0.25	1	2	39891
79.8	0.25	1	2	39900
79.816	0.25	1	2	39908
79.832	0.25	1	2	39916
79.85	0.25	1	2	39925
79.866	0.25	1	2	39933
79.882	0.25	1	2	39941
79.9	0.25	1	2	39950
79.916	0.25	0	1	39958
79.932	0.25	0	1	39966
79.95	0.25	0	1	39975
79.966	0.25	0	1	39983
79.982	0.25	0	1	39991
80.0	0.25	0	1	40000
80.016	0.25	0	1	40008
80.032	0.25	0	1	40016
80.05	0.25	0	1	40025
80.066	0.25	0	1	40033
80.082	0.25	0	1	40041
80.1	0.25	0	1	40050
80.116	0.25	1	2	40058
80.132	0.25	1	2	40066
80.15	0.25	1	2	40075
80.166	0.25	1	2	40083
80.182	0.25	0	1	40091
80.2	0.25	0	1	40100
80.216	0.25	0	1	40108
80.232	0.25	0	1	40116
80.25	0.25	1	2	40125
80.266	0.25	1	2	40133
80.282	0.25	0	1	40141
80.3	0.25	0	1	40150
80.316	0.25	1	2	40158
80.332	0.25	1	2	40166
80.35	0.25	0	1	40175
80.366	0.25	0	1	40183
80.382	0.25	1	2	40191
80.4	0.25	1	2	40200
80.416	0.25	0	1	40208
80.432	0.25	0	1	40216
80.45	0.25	1	2	40225
80.466	0.25	1	2	40233
80.482	0.25	1	2	40241
80.5	0.25	1	2	40250
80.516	0.25	0	1	40258
80.532	0.25	0	1	40266
80.55	0.25	1	2	40275
80.566	0.25	1	2	40283
80.582	0.25	0	1	40291
80.6	0.25	0	1	40300
80.616	0.25	0	1	40308
80.632	0.25	0	1	40316
80.65	0.25	0	1	40325
80.666	0.25	0	1	40333
80.682	0.25	1	2	40341
80.7	0.25	1	2	40350
80.716	0.25	0	1	40358
80.732	0.25	0	1	40366
80.75	0.25	0	1	40375
80.766	0.25	0	1	40383
80.782	0.25	0	1	40391
80.8	0.25	0	1	40400
80.816	0.25	1	2	40408
80.832	0.25	1	2	40416
80.85	0.25	1	2	40425
80.866	0.25	1	2	40433
80.882	0.25	1	2	40441
80.9	0.25	1	2	40450
80.916	0.25	0	1	40458
80.932	0.25	0	1	40466
80.95	0.25	1	2	40475
80.966	0.25	1	2	40483
80.982	0.25	0	1	40491
81.0	0.25	0	1	40500
81.016	0.25	1	2	40508
81.032	0.25	1	2	40516
81.05	0.25	1	2	40525
81.066	0.25	1	2	40533
81.082	0.25	1	2	40541
81.1	0.25	1	2	40550
81.116	0.25	1	2	40558
81.132	0.25	1	2	40566
81.15	0.25	1	2	40575
81.166	0.25	1	2	40583
81.182	0.25	0	1	40591
81.2	0.25	0	1	40600
81.216	0.25	0	1	40608
81.232	0.25	0	1	40616
81.25	0.25	1	2	40625
81.266	0.25	1	2	40633
81.282	0.25	0	1	40641
81.3	0.25	0	1	40650
81.316	0.25	0	1	40658
81.332	0.25	0	1	40666
81.35	0.25	0	1	40675
81.366	0.25	0	1	40683
81.382	0.25	1	2	40691
81.4	0.25	1	2	40700
81.416	0.25	1	2	40708
83.682	0.25	1	2	41841
83.7	0.25	1	2	41850
83.716	0.25	1	2	41858
83.732	0.25	1	2	41866
83.75	0.25	1	2	41875
83.766	0.25	1	2	41883
83.782	0.25	1	2	41891
83.8	0.25	1	2	41900
83.816	0.25	1	2	41908
83.832	0.25	1	2	41916
83.85	0.25	1	2	41925
83.866	0.25	1	2	41933
83.882	0.25	1	2	41941
83.9	0.25	1	2	41950
83.916	0.25	0	1	41958
83.932	0.25	0	1	41966
83.95	0.25	0	1	41975
83.966	0.25	0	1	41983
83.982	0.25	1	2	41991
84.0	0.25	1	2	42000
84.016	0.25	1	2	42008
84.032	0.25	1	2	42016
84.05	0.25	0	1	42025
84.066	0.25	0	1	42033
84.082	0.25	0	1	42041
84.1	0.25	0	1	42050
84.116	0.25	1	2	42058
84.132	0.25	1	2	42066
84.15	0.25	1	2	42075
84.166	0.25	1	2	42083
84.182	0.25	0	1	42091
84.2	0.25	0	1	42100
84.216	0.25	0	1	42108
84.232	0.25	0	1	42116
84.25	0.25	1	2	42125
84.266	0.25	1	2	42133
84.282	0.25	0	1	42141
84.3	0.25	0	1	42150
84.316	0.25	1	2	42158
84.332	0.25	1	2	42166
84.35	0.25	1	2	42175
84.366	0.25	1	2	42183
84.382	0.25	0	1	42191
84.4	0.25	0	1	42200
84.416	0.25	1	2	42208
84.432	0.25	1	2	42216
84.45	0.25	0	1	42225
84.466	0.25	0	1	42233
84.482	0.25	0	1	42241
84.5	0.25	0	1	42250
84.516	0.25	1	2	42258
84.532	0.25	1	2	42266
84.55	0.25	0	1	42275
84.566	0.25	0	1	42283
84.582	0.25	1	2	42291
84.6	0.25	1	2	42300
84.616	0.25	1	2	42308
84.632	0.25	1	2	42316
84.65	0.25	1	2	42325
84.666	0.25	1	2	42333
84.682	0.25	0	1	42341
84.7	0.25	0	1	42350
84.716	0.25	0	1	42358
84.732	0.25	0	1	42366
84.75	0.25	0	1	42375
84.766	0.25	0	1	42383
84.782	0.25	1	2	42391
84.8	0.25	1	2	42400
84.816	0.25	0	1	42408
84.832	0.25	0	1	42416
84.85	0.25	1	2	42425
84.866	0.25	1	2	42433
84.882	0.25	1	2	42441
84.9	0.25	1	2	42450
84.916	0.25	1	2	42458
84.932	0.25	1	2	42466
84.95	0.25	0	1	42475
84.966	0.25	0	1	42483
84.982	0.25	0	1	42491
85.0	0.25	0	1	42500
85.016	0.25	1	2	42508
85.032	0.25	1	2	42516
85.05	0.25	0	1	42525
85.066	0.25	0	1	42533
85.082	0.25	1	2	42541
85.1	0.25	1	2	42550
85.116	0.25	0	1	42558
85.132	0.25	0	1	42566
85.15	0.25	0	1	42575
85.166	0.25	0	1	42583
85.182	0.25	0	1	42591
85.2	0.25	0	1	42600
85.216	0.25	1	2	42608
85.232	0.25	1	2	42616
85.25	0.25	1	2	42625
85.266	0.25	1	2	42633
85.282	0.25	0	1	42641
85.3	0.25	0	1	42650
85.316	0.25	1	2	42658
85.332	0.25	1	2	42666
85.35	0.25	0	1	42675
85.366	0.25	0	1	42683
85.382	0.25	0	1	42691
85.4	0.25	0	1	42700
85.416	0.25	0	1	42708
85.432	0.25	0	1	42716
85.45	0.25	1	2	42725
85.466	0.25	1	2	42733
85.482	0.25	0	1	42741
85.5	0.25	0	1	42750
85.516	0.25	1	2	42758
85.532	0.25	1	2	42766
85.55	0.25	0	1	42775
85.566	0.25	0	1	42783
85.582	0.25	0	1	42791
85.6	0.25	0	1	42800
85.616	0.25	1	2	42808
87.1	0.25	1	2	43550
87.116	0.25	1	2	43558
87.132	0.25	1	2	43566
87.15	0.25	1	2	43575
87.166	0.25	0	1	43583
87.182	0.25	0	1	43591
87.2	0.25	1	2	43600
87.216	0.25	1	2	43608
87.232	0.25	1	2	43616
87.25	0.25	1	2	43625
87.266	0.25	0	1	43633
87.282	0.25	0	1	43641
87.3	0.25	1	2	43650
87.316	0.25	1	2	43658
87.332	0.25	1	2	43666
87.35	0.25	1	2	43675
87.366	0.25	0	1	43683
87.382	0.25	0	1	43691
87.4	0.25	1	2	43700
87.416	0.25	1	2	43708
87.432	0.25	1	2	43716
87.45	0.25	1	2	43725
87.466	0.25	0	1	43733
87.482	0.25	0	1	43741
87.5	0.25	0	1	43750
87.516	0.25	0	1	43758
87.532	0.25	0	1	43766
87.55	0.25	0	1	43775
87.566	0.25	1	2	43783
87.582	0.25	1	2	43791
87.6	0.25	1	2	43800
87.616	0.25	1	2	43808
87.632	0.25	1	2	43816
87.65	0.25	1	2	43825
87.666	0.25	0	1	43833
87.682	0.25	0	1	43841
87.7	0.25	0	1	43850
87.716	0.25	0	1	43858
87.732	0.25	0	1	43866
87.75	0.25	0	1	43875
87.766	0.25	1	2	43883
87.782	0.25	1	2	43891
87.8	0.25	1	2	43900
87.816	0.25	1	2	43908
87.832	0.25	1	2	43916
87.85	0.25	1	2	43925
87.866	0.25	1	2	43933
87.882	0.25	1	2	43941
87.9	0.25	1	2	43950
87.916	0.25	1	2	43958
87.932	0.25	0	1	43966
87.95	0.25	0	1	43975
87.966	0.25	0	1	43983
87.982	0.25	0	1	43991
88.0	0.25	1	2	44000
88.016	0.25	1	2	44008
88.032	0.25	0	1	44016
88.05	0.25	0	1	44025
88.066	0.25	1	2	44033
88.082	0.25	1	2	44041
88.1	0.25	0	1	44050
88.116	0.25	0	1	44058
88.132	0.25	0	1	44066
88.15	0.25	0	1	44075
88.166	0.25	1	2	44083
88.182	0.25	1	2	44091
88.2	0.25	1	2	44100
88.216	0.25	1	2	44108
88.232	0.25	0	1	44116
88.25	0.25	0	1	44125
88.266	0.25	0	1	44133
88.282	0.25	0	1	44141
88.3	0.25	0	1	44150
88.316	0.25	0	1	44158
88.332	0.25	0	1	44166
88.35	0.25	0	1	44175
88.366	0.25	1	2	44183
88.382	0.25	1	2	44191
88.4	0.25	0	1	44200
88.416	0.25	0	1	44208
88.432	0.25	0	1	44216
88.45	0.25	0	1	44225
88.466	0.25	0	1	44233
88.482	0.25	0	1	44241
88.5	0.25	0	1	44250
88.516	0.25	0	1	44258
88.532	0.25	1	2	44266
88.55	0.25	1	2	44275
88.566	0.25	1	2	44283
88.582	0.25	1	2	44291
88.6	0.25	1	2	44300
88.616	0.25	1	2	44308
88.632	0.25	1	2	44316
88.65	0.25	1	2	44325
88.666	0.25	1	2	44333
88.682	0.25	1	2	44341
88.7	0.25	1	2	44350
88.716	0.25	1	2	44358
88.732	0.25	0	1	44366
88.75	0.25	0	1	44375
88.766	0.25	1	2	44383
88.782	0.25	1	2	44391
88.8	0.25	0	1	44400
88.816	0.25	0	1	44408
88.832	0.25	1	2	44416
88.85	0.25	1	2	44425
88.866	0.25	0	1	44433
88.882	0.25	0	1	44441
88.9	0.25	0	1	44450
88.916	0.25	0	1	44458
88.932	0.25	1	2	44466
88.95	0.25	1	2	44475
88.966	0.25	1	2	44483
88.982	0.25	1	2	44491
89.0	0.25	0	1	44500
89.016	0.25	0	1	44508
89.032	0.25	0	1	44516
90.516	0.25	0	1	45258
90.532	0.25	0	1	45266
90.55	0.25	0	1	45275
90.566	0.25	0	1	45283
90.582	0.25	1	2	45291
90.6	0.25	1	2	45300
90.616	0.25	1	2	45308
90.632	0.25	1	2	45316
90.65	0.25	0	1	45325
90.666	0.25	0	1	45333
90.682	0.25	0	1	45341
90.7	0.25	0	1	45350
90.716	0.25	0	1	45358
90.732	0.25	0	1	45366
90.75	0.25	0	1	45375
90.766	0.25	0	1	45383
90.782	0.25	1	2	45391
90.8	0.25	1	2	45400
90.816	0.25	1	2	45408
90.832	0.25	1	2	45416
90.85	0.25	1	2	45425
90.866	0.25	1	2	45433
90.882	0.25	1	2	45441
90.9	0.25	1	2	45450
90.916	0.25	1	2	45458
90.932	0.25	1	2	45466
90.95	0.25	0	1	45475
90.966	0.25	0	1	45483
90.982	0.25	0	1	45491
91.0	0.25	0	1	45500
91.016	0.25	0	1	45508
91.032	0.25	0	1	45516
91.05	0.25	0	1	45525
91.066	0.25	0	1	45533
91.082	0.25	0	1	45541
91.1	0.25	0	1	45550
91.116	0.25	0	1	45558
91.132	0.25	0	1	45566
91.15	0.25	1	2	45575
91.166	0.25	1	2	45583
91.182	0.25	1	2	45591
91.2	0.25	1	2	45600
91.216	0.25	0	1	45608
91.232	0.25	0	1	45616
91.25	0.25	0	1	45625
91.266	0.25	0	1	45633
91.282	0.25	1	2	45641
91.3	0.25	1	2	45650
91.316	0.25	0	1	45658
91.332	0.25	0	1	45666
91.35	0.25	1	2	45675
91.366	0.25	1	2	45683
91.382	0.25	0	1	45691
91.4	0.25	0	1	45700
91.416	0.25	1	2	45708
91.432	0.25	1	2	45716
91.45	0.25	0	1	45725
91.466	0.25	0	1	45733
91.482	0.25	1	2	45741
91.5	0.25	1	2	45750
91.516	0.25	1	2	45758
91.532	0.25	1	2	45766
91.55	0.25	0	1	45775
91.566	0.25	0	1	45783
91.582	0.25	1	2	45791
91.6	0.25	1	2	45800
91.616	0.25	0	1	45808
91.632	0.25	0	1	45816
91.65	0.25	0	1	45825
91.666	0.25	0	1	45833
91.682	0.25	0	1	45841
91.7	0.25	0	1	45850
91.716	0.25	1	2	45858
91.732	0.25	1	2	45866
91.75	0.25	0	1	45875
91.766	0.25	0	1	45883
91.782	0.25	0	1	45891
91.8	0.25	0	1	45900
91.816	0.25	0	1	45908
91.832	0.25	0	1	45916
91.85	0.25	1	2	45925
91.866	0.25	1	2	45933
91.882	0.25	1	2	45941
91.9	0.25	1	2	45950
91.916	0.25	1	2	45958
91.932	0.25	1	2	45966
91.95	0.25	0	1	45975
91.966	0.25	0	1	45983
91.982	0.25	1	2	45991
92.0	0.25	1	2	46000
92.016	0.25	0	1	46008
92.032	0.25	0	1	46016
92.05	0.25	1	2	46025
92.066	0.25	1	2	46033
92.082	0.25	1	2	46041
92.1	0.25	1	2	46050
92.116	0.25	1	2	46058
92.132	0.25	1	2	46066
92.15	0.25	1	2	46075
92.166	0.25	1	2	46083
92.182	0.25	1	2	46091
92.2	0.25	1	2	46100
92.216	0.25	0	1	46108
92.232	0.25	0	1	46116
92.25	0.25	0	1	46125
92.266	0.25	0	1	46133
92.282	0.25	1	2	46141
92.3	0.25	1	2	46150
92.316	0.25	0	1	46158
92.332	0.25	0	1	46166
92.35	0.25	0	1	46175
92.366	0.25	0	1	46183
92.382	0.25	0	1	46191
92.4	0.25	0	1	46200
92.416	0.25	1	2	46208
92.432	0.25	1	2	46216
92.45	0.25	1	2	46225
93.932	0.25	1	2	46966
93.95	0.25	1	2	46975
93.966	0.25	1	2	46983
93.982	0.25	1	2	46991
94.0	0.25	0	1	47000
94.016	0.25	0	1	47008
94.032	0.25	0	1	47016
94.05	0.25	0	1	47025
94.066	0.25	0	1	47033
94.082	0.25	0	1	47041
94.1	0.25	0	1	47050
94.116	0.25	0	1	47058
94.132	0.25	1	2	47066
94.15	0.25	1	2	47075
94.166	0.25	0	1	47083
94.182	0.25	0	1	47091
94.2	0.25	0	1	47100
94.216	0.25	0	1	47108
94.232	0.25	1	2	47116
94.25	0.25	1	2	47125
94.266	0.25	1	2	47133
94.282	0.25	1	2	47141
94.3	0.25	0	1	47150
94.316	0.25	0	1	47158
94.332	0.25	0	1	47166
94.35	0.25	0	1	47175
94.366	0.25	0	1	47183
94.382	0.25	0	1	47191
94.4	0.25	0	1	47200
94.416	0.25	0	1	47208
94.432	0.25	0	1	47216
94.45	0.25	0	1	47225
94.466	0.25	0	1	47233
94.482	0.25	0	1	47241
94.5	0.25	1	2	47250
94.516	0.25	1	2	47258
94.532	0.25	0	1	47266
94.55	0.25	0	1	47275
94.566	0.25	1	2	47283
94.582	0.25	1	2	47291
94.6	0.25	1	2	47300
94.616	0.25	1	2	47308
94.632	0.25	0	1	47316
94.65	0.25	0	1	47325
94.666	0.25	1	2	47333
94.682	0.25	1	2	47341
94.7	0.25	0	1	47350
94.716	0.25	0	1	47358
94.732	0.25	1	2	47366
94.75	0.25	1	2	47375
94.766	0.25	0	1	47383
94.782	0.25	0	1	47391
94.8	0.25	1	2	47400
94.816	0.25	1	2	47408
94.832	0.25	0	1	47416
94.85	0.25	0	1	47425
94.866	0.25	0	1	47433
94.882	0.25	0	1	47441
94.9	0.25	0	1	47450
94.916	0.25	0	1	47458
94.932	0.25	1	2	47466
94.95	0.25	1	2	47475
94.966	0.25	1	2	47483
94.982	0.25	1	2	47491
95.0	0.25	1	2	47500
95.016	0.25	1	2	47508
95.032	0.25	0	1	47516
95.05	0.25	0	1	47525
95.066	0.25	1	2	47533
95.082	0.25	1	2	47541
95.1	0.25	1	2	47550
95.116	0.25	1	2	47558
95.132	0.25	1	2	47566
95.15	0.25	1	2	47575
95.166	0.25	0	1	47583
95.182	0.25	0	1	47591
95.2	0.25	1	2	47600
95.216	0.25	1	2	47608
95.232	0.25	0	1	47616
95.25	0.25	0	1	47625
95.266	0.25	1	2	47633
95.282	0.25	1	2	47641
95.3	0.25	1	2	47650
95.316	0.25	1	2	47658
95.332	0.25	0	1	47666
95.35	0.25	0	1	47675
95.366	0.25	0	1	47683
95.382	0.25	0	1	47691
95.4	0.25	0	1	47700
95.416	0.25	0	1	47708
95.432	0.25	1	2	47716
95.45	0.25	1	2	47725
95.466	0.25	1	2	47733
95.482	0.25	1	2	47741
95.5	0.25	0	1	47750
95.516	0.25	0	1	47758
95.532	0.25	1	2	47766
95.55	0.25	1	2	47775
95.566	0.25	1	2	47783
95.582	0.25	1	2	47791
95.6	0.25	1	2	47800
95.616	0.25	1	2	47808
95.632	0.25	0	1	47816
95.65	0.25	0	1	47825
95.666	0.25	0	1	47833
95.682	0.25	0	1	47841
95.7	0.25	0	1	47850
95.716	0.25	0	1	47858
95.732	0.25	0	1	47866
95.75	0.25	0	1	47875
95.766	0.25	0	1	47883
95.782	0.25	0	1	47891
95.8	0.25	1	2	47900
95.816	0.25	1	2	47908
95.832	0.25	1	2	47916
95.85	0.25	1	2	47925
95.866	0.25	1	2	47933
98.6	0.25	1	2	49300
98.616	0.25	1	2	49308
98.632	0.25	1	2	49316
98.65	0.25	1	2	49325
98.666	0.25	1	2	49333
98.682	0.25	1	2	49341
98.7	0.25	1	2	49350
98.716	0.25	1	2	49358
98.732	0.25	1	2	49366
98.75	0.25	1	2	49375
98.766	0.25	1	2	49383
98.782	0.25	1	2	49391
98.8	0.25	1	2	49400
98.816	0.25	1	2	49408
98.832	0.25	0	1	49416
98.85	0.25	0	1	49425
98.866	0.25	0	1	49433
98.882	0.25	0	1	49441
98.9	0.25	1	2	49450
98.916	0.25	1	2	49458
98.932	0.25	1	2	49466
98.95	0.25	1	2	49475
98.966	0.25	0	1	49483
98.982	0.25	0	1	49491
99.0	0.25	0	1	49500
99.016	0.25	0	1	49508
99.032	0.25	1	2	49516
99.05	0.25	1	2	49525
99.066	0.25	1	2	49533
99.082	0.25	1	2	49541
99.1	0.25	0	1	49550
99.116	0.25	0	1	49558
99.132	0.25	0	1	49566
99.15	0.25	0	1	49575
99.166	0.25	1	2	49583
99.182	0.25	1	2	49591
99.2	0.25	0	1	49600
99.216	0.25	0	1	49608
99.232	0.25	1	2	49616
99.25	0.25	1	2	49625
99.266	0.25	1	2	49633
99.282	0.25	1	2	49641
99.3	0.25	0	1	49650
99.316	0.25	0	1	49658
99.332	0.25	1	2	49666
99.35	0.25	1	2	49675
99.366	0.25	0	1	49683
99.382	0.25	0	1	49691
99.4	0.25	0	1	49700
99.416	0.25	0	1	49708
99.432	0.25	1	2	49716
99.45	0.25	1	2	49725
99.466	0.25	0	1	49733
99.482	0.25	0	1	49741
99.5	0.25	1	2	49750
99.516	0.25	1	2	49758
99.532	0.25	1	2	49766
99.55	0.25	1	2	49775
99.566	0.25	1	2	49783
99.582	0.25	1	2	49791
99.6	0.25	0	1	49800
99.616	0.25	0	1	49808
99.632	0.25	0	1	49816
99.65	0.25	0	1	49825
99.666	0.25	0	1	49833
99.682	0.25	0	1	49841
99.7	0.25	1	2	49850
99.716	0.25	1	2	49858
99.732	0.25	0	1	49866
99.75	0.25	0	1	49875
99.766	0.25	1	2	49883
99.782	0.25	1	2	49891
99.8	0.25	1	2	49900
99.816	0.25	1	2	49908
99.832	0.25	1	2	49916
99.85	0.25	1	2	49925
99.866	0.25	0	1	49933
99.882	0.25	0	1	49941
99.9	0.25	0	1	49950
99.916	0.25	0	1	49958
99.932	0.25	1	2	49966
99.95	0.25	1	2	49975
99.966	0.25	0	1	49983
99.982	0.25	0	1	49991
100.0	0.25	1	2	50000
100.016	0.25	1	2	50008
100.032	0.25	0	1	50016
100.05	0.25	0	1	50025
100.066	0.25	0	1	50033
100.082	0.25	0	1	50041
100.1	0.25	0	1	50050
100.116	0.25	0	1	50058
100.132	0.25	1	2	50066
100.15	0.25	1	2	50075
100.166	0.25	1	2	50083
100.182	0.25	1	2	50091
100.2	0.25	0	1	50100
100.216	0.25	0	1	50108
100.232	0.25	1	2	50116
100.25	0.25	1	2	50125
100.266	0.25	0	1	50133
100.282	0.25	0	1	50141
100.3	0.25	0	1	50150
100.316	0.25	0	1	50158
100.332	0.25	0	1	50166
100.35	0.25	0	1	50175
100.366	0.25	1	2	50183
100.382	0.25	1	2	50191
100.4	0.25	0	1	50200
100.416	0.25	0	1	50208
100.432	0.25	1	2	50216
100.45	0.25	1	2	50225
100.466	0.25	0	1	50233
100.482	0.25	0	1	50241
100.5	0.25	0	1	50250
100.516	0.25	0	1	50258
100.532	0.25	1	2	50266
102.016	0.25	0	1	51008
102.032	0.25	0	1	51016
102.05	0.25	0	1	51025
102.066	0.25	0	1	51033
102.082	0.25	1	2	51041
102.1	0.25	1	2	51050
102.116	0.25	1	2	51058
102.132	0.25	1	2	51066
102.15	0.25	0	1	51075
102.166	0.25	0	1	51083
102.182	0.25	0	1	51091
102.2	0.25	0	1	51100
102.216	0.25	0	1	51108
102.232	0.25	0	1	51116
102.25	0.25	0	1	51125
102.266	0.25	0	1	51133
102.282	0.25	1	2	51141
102.3	0.25	1	2	51150
102.316	0.25	1	2	51158
102.332	0.25	1	2	51166
102.35	0.25	1	2	51175
102.366	0.25	1	2	51183
102.382	0.25	1	2	51191
102.4	0.25	1	2	51200
102.416	0.25	1	2	51208
102.432	0.25	1	2	51216
102.45	0.25	0	1	51225
102.466	0.25	0	1	51233
102.482	0.25	0	1	51241
102.5	0.25	0	1	51250
102.516	0.25	0	1	51258
102.532	0.25	0	1	51266
102.55	0.25	0	1	51275
102.566	0.25	0	1	51283
102.582	0.25	0	1	51291
102.6	0.25	0	1	51300
102.616	0.25	0	1	51308
102.632	0.25	0	1	51316
102.65	0.25	1	2	51325
102.666	0.25	1	2	51333
102.682	0.25	1	2	51341
102.7	0.25	1	2	51350
102.716	0.25	0	1	51358
102.732	0.25	0	1	51366
102.75	0.25	0	1	51375
102.766	0.25	0	1	51383
102.782	0.25	1	2	51391
102.8	0.25	1	2	51400
102.816	0.25	0	1	51408
102.832	0.25	0	1	51416
102.85	0.25	1	2	51425
102.866	0.25	1	2	51433
102.882	0.25	0	1	51441
102.9	0.25	0	1	51450
102.916	0.25	1	2	51458
102.932	0.25	1	2	51466
102.95	0.25	0	1	51475
102.966	0.25	0	1	51483
102.982	0.25	1	2	51491
103.0	0.25	1	2	51500
103.016	0.25	1	2	51508
103.032	0.25	1	2	51516
103.05	0.25	0	1	51525
103.066	0.25	0	1	51533
103.082	0.25	1	2	51541
103.1	0.25	1	2	51550
103.116	0.25	0	1	51558
103.132	0.25	0	1	51566
103.15	0.25	0	1	51575
103.166	0.25	0	1	51583
103.182	0.25	0	1	51591
103.2	0.25	0	1	51600
103.216	0.25	1	2	51608
103.232	0.25	1	2	51616
103.25	0.25	0	1	51625
103.266	0.25	0	1	51633
103.282	0.25	0	1	51641
103.3	0.25	0	1	51650
103.316	0.25	0	1	51658
103.332	0.25	0	1	51666
103.35	0.25	1	2	51675
103.366	0.25	1	2	51683
103.382	0.25	1	2	51691
103.4	0.25	1	2	51700
103.416	0.25	1	2	51708
103.432	0.25	1	2	51716
103.45	0.25	0	1	51725
103.466	0.25	0	1	51733
103.482	0.25	1	2	51741
103.5	0.25	1	2	51750
103.516	0.25	0	1	51758
103.532	0.25	0	1	51766
103.55	0.25	1	2	51775
103.566	0.25	1	2	51783
103.582	0.25	1	2	51791
103.6	0.25	1	2	51800
103.616	0.25	1	2	51808
103.632	0.25	1	2	51816
103.65	0.25	1	2	51825
103.666	0.25	1	2	51833
103.682	0.25	1	2	51841
103.7	0.25	1	2	51850
103.716	0.25	0	1	51858
103.732	0.25	0	1	51866
103.75	0.25	0	1	51875
103.766	0.25	0	1	51883
103.782	0.25	1	2	51891
103.8	0.25	1	2	51900
103.816	0.25	0	1	51908
103.832	0.25	0	1	51916
103.85	0.25	0	1	51925
103.866	0.25	0	1	51933
103.882	0.25	0	1	51941
103.9	0.25	0	1	51950
103.916	0.25	1	2	51958
103.932	0.25	1	2	51966
103.95	0.25	1	2	51975
105.432	0.25	1	2	52716
105.45	0.25	1	2	52725
105.466	0.25	1	2	52733
105.482	0.25	1	2	52741
105.5	0.25	0	1	52750
105.516	0.25	0	1	52758
105.532	0.25	1	2	52766
105.55	0.25	1	2	52775
105.566	0.25	1	2	52783
105.582	0.25	1	2	52791
105.6	0.25	0	1	52800
105.616	0.25	0	1	52808
105.632	0.25	1	2	52816
105.65	0.25	1	2	52825
105.666	0.25	1	2	52833
105.682	0.25	1	2	52841
105.7	0.25	0	1	52850
105.716	0.25	0	1	52858
105.732	0.25	1	2	52866
105.75	0.25	1	2	52875
105.766	0.25	1	2	52883
105.782	0.25	1	2	52891
105.8	0.25	0	1	52900
105.816	0.25	0	1	52908
105.832	0.25	0	1	52916
105.85	0.25	0	1	52925
105.866	0.25	0	1	52933
105.882	0.25	0	1	52941
105.9	0.25	1	2	52950
105.916	0.25	1	2	52958
105.932	0.25	1	2	52966
105.95	0.25	1	2	52975
105.966	0.25	1	2	52983
105.982	0.25	1	2	52991
106.0	0.25	0	1	53000
106.016	0.25	0	1	53008
106.032	0.25	0	1	53016
106.05	0.25	0	1	53025
106.066	0.25	0	1	53033
106.082	0.25	0	1	53041
106.1	0.25	1	2	53050
106.116	0.25	1	2	53058
106.132	0.25	1	2	53066
106.15	0.25	1	2	53075
106.166	0.25	1	2	53083
106.182	0.25	1	2	53091
106.2	0.25	1	2	53100
106.216	0.25	1	2	53108
106.232	0.25	1	2	53116
106.25	0.25	1	2	53125
106.266	0.25	0	1	53133
106.282	0.25	0	1	53141
106.3	0.25	0	1	53150
106.316	0.25	0	1	53158
106.332	0.25	1	2	53166
106.35	0.25	1	2	53175
106.366	0.25	0	1	53183
106.382	0.25	0	1	53191
106.4	0.25	1	2	53200
106.416	0.25	1	2	53208
106.432	0.25	0	1	53216
106.45	0.25	0	1	53225
106.466	0.25	0	1	53233
106.482	0.25	0	1	53241
106.5	0.25	1	2	53250
106.516	0.25	1	2	53258
106.532	0.25	1	2	53266
106.55	0.25	1	2	53275
106.566	0.25	0	1	53283
106.582	0.25	0	1	53291
106.6	0.25	0	1	53300
106.616	0.25	0	1	53308
106.632	0.25	0	1	53316
106.65	0.25	0	1	53325
106.666	0.25	0	1	53333
106.682	0.25	0	1	53341
106.7	0.25	1	2	53350
106.716	0.25	1	2	53358
106.732	0.25	0	1	53366
106.75	0.25	0	1	53375
106.766	0.25	0	1	53383
106.782	0.25	0	1	53391
106.8	0.25	0	1	53400
106.816	0.25	0	1	53408
106.832	0.25	0	1	53416
106.85	0.25	0	1	53425
106.866	0.25	1	2	53433
106.882	0.25	1	2	53441
106.9	0.25	1	2	53450
106.916	0.25	1	2	53458
106.932	0.25	1	2	53466
106.95	0.25	1	2	53475
106.966	0.25	1	2	53483
106.982	0.25	1	2	53491
107.0	0.25	1	2	53500
107.016	0.25	1	2	53508
107.032	0.25	1	2	53516
107.05	0.25	1	2	53525
107.066	0.25	0	1	53533
107.082	0.25	0	1	53541
107.1	0.25	1	2	53550
107.116	0.25	1	2	53558
107.132	0.25	0	1	53566
107.15	0.25	0	1	53575
107.166	0.25	1	2	53583
107.182	0.25	1	2	53591
107.2	0.25	0	1	53600
107.216	0.25	0	1	53608
107.232	0.25	0	1	53616
107.25	0.25	0	1	53625
107.266	0.25	1	2	53633
107.282	0.25	1	2	53641
107.3	0.25	1	2	53650
107.316	0.25	1	2	53658
107.332	0.25	0	1	53666
107.35	0.25	0	1	53675
107.366	0.25	0	1	53683
108.85	0.25	1	2	54425
108.866	0.25	1	2	54433
108.882	0.25	1	2	54441
108.9	0.25	1	2	54450
108.916	0.25	0	1	54458
108.932	0.25	0	1	54466
108.95	0.25	0	1	54475
108.966	0.25	0	1	54483
108.982	0.25	0	1	54491
109.0	0.25	0	1	54500
109.016	0.25	0	1	54508
109.032	0.25	0	1	54516
109.05	0.25	1	2	54525
109.066	0.25	1	2	54533
109.082	0.25	0	1	54541
109.1	0.25	0	1	54550
109.116	0.25	0	1	54558
109.132	0.25	0	1	54566
109.15	0.25	1	2	54575
109.166	0.25	1	2	54583
109.182	0.25	1	2	54591
109.2	0.25	1	2	54600
109.216	0.25	0	1	54608
109.232	0.25	0	1	54616
109.25	0.25	0	1	54625
109.266	0.25	0	1	54633
109.282	0.25	0	1	54641
109.3	0.25	0	1	54650
109.316	0.25	0	1	54658
109.332	0.25	0	1	54666
109.35	0.25	0	1	54675
109.366	0.25	0	1	54683
109.382	0.25	0	1	54691
109.4	0.25	0	1	54700
109.416	0.25	1	2	54708
109.432	0.25	1	2	54716
109.45	0.25	0	1	54725
109.466	0.25	0	1	54733
109.482	0.25	1	2	54741
109.5	0.25	1	2	54750
109.516	0.25	1	2	54758
109.532	0.25	1	2	54766
109.55	0.25	0	1	54775
109.566	0.25	0	1	54783
109.582	0.25	1	2	54791
109.6	0.25	1	2	54800
109.616	0.25	0	1	54808
109.632	0.25	0	1	54816
109.65	0.25	1	2	54825
109.666	0.25	1	2	54833
109.682	0.25	0	1	54841
109.7	0.25	0	1	54850
109.716	0.25	1	2	54858
109.732	0.25	1	2	54866
109.75	0.25	0	1	54875
109.766	0.25	0	1	54883
109.782	0.25	0	1	54891
109.8	0.25	0	1	54900
109.816	0.25	0	1	54908
109.832	0.25	0	1	54916
109.85	0.25	1	2	54925
109.866	0.25	1	2	54933
109.882	0.25	1	2	54941
109.9	0.25	1	2	54950
109.916	0.25	1	2	54958
109.932	0.25	1	2	54966
109.95	0.25	0	1	54975
109.966	0.25	0	1	54983
109.982	0.25	1	2	54991
110.0	0.25	1	2	55000
110.016	0.25	1	2	55008
110.032	0.25	1	2	55016
110.05	0.25	1	2	55025
110.066	0.25	1	2	55033
110.082	0.25	0	1	55041
110.1	0.25	0	1	55050
110.116	0.25	1	2	55058
110.132	0.25	1	2	55066
110.15	0.25	0	1	55075
110.166	0.25	0	1	55083
110.182	0.25	1	2	55091
110.2	0.25	1	2	55100
110.216	0.25	1	2	55108
110.232	0.25	1	2	55116
110.25	0.25	0	1	55125
110.266	0.25	0	1	55133
110.282	0.25	0	1	55141
110.3	0.25	0	1	55150
110.316	0.25	0	1	55158
110.332	0.25	0	1	55166
110.35	0.25	1	2	55175
110.366	0.25	1	2	55183
110.382	0.25	1	2	55191
110.4	0.25	1	2	55200
110.416	0.25	0	1	55208
110.432	0.25	0	1	55216
110.45	0.25	1	2	55225
110.466	0.25	1	2	55233
110.482	0.25	1	2	55241
110.5	0.25	1	2	55250
110.516	0.25	1	2	55258
110.532	0.25	1	2	55266
110.55	0.25	0	1	55275
110.566	0.25	0	1	55283
110.582	0.25	0	1	55291
110.6	0.25	0	1	55300
110.616	0.25	0	1	55308
110.632	0.25	0	1	55316
110.65	0.25	0	1	55325
110.666	0.25	0	1	55333
110.682	0.25	0	1	55341
110.7	0.25	0	1	55350
110.716	0.25	1	2	55358
110.732	0.25	1	2	55366
110.75	0.25	1	2	55375
110.766	0.25	1	2	55383
110.782	0.25	1	2	55391
112.95	0.25	1	2	56475
112.966	0.25	1	2	56483
112.982	0.25	1	2	56491
113.0	0.25	1	2	56500
113.016	0.25	1	2	56508
113.032	0.25	1	2	56516
113.05	0.25	1	2	56525
113.066	0.25	1	2	56533
113.082	0.25	1	2	56541
113.1	0.25	1	2	56550
113.116	0.25	1	2	56558
113.132	0.25	1	2	56566
113.15	0.25	1	2	56575
113.166	0.25	1	2	56583
113.182	0.25	0	1	56591
113.2	0.25	0	1	56600
113.216	0.25	0	1	56608
113.232	0.25	0	1	56616
113.25	0.25	1	2	56625
113.266	0.25	1	2	56633
113.282	0.25	1	2	56641
113.3	0.25	1	2	56650
113.316	0.25	0	1	56658
113.332	0.25	0	1	56666
113.35	0.25	0	1	56675
113.366	0.25	0	1	56683
113.382	0.25	1	2	56691
113.4	0.25	1	2	56700
113.416	0.25	1	2	56708
113.432	0.25	1	2	56716
113.45	0.25	0	1	56725
113.466	0.25	0	1	56733
113.482	0.25	0	1	56741
113.5	0.25	0	1	56750
113.516	0.25	1	2	56758
113.532	0.25	1	2	56766
113.55	0.25	0	1	56775
113.566	0.25	0	1	56783
113.582	0.25	1	2	56791
113.6	0.25	1	2	56800
113.616	0.25	1	2	56808
113.632	0.25	1	2	56816
113.65	0.25	0	1	56825
113.666	0.25	0	1	56833
113.682	0.25	1	2	56841
113.7	0.25	1	2	56850
113.716	0.25	0	1	56858
113.732	0.25	0	1	56866
113.75	0.25	0	1	56875
113.766	0.25	0	1	56883
113.782	0.25	1	2	56891
113.8	0.25	1	2	56900
113.816	0.25	0	1	56908
113.832	0.25	0	1	56916
113.85	0.25	1	2	56925
113.866	0.25	1	2	56933
113.882	0.25	1	2	56941
113.9	0.25	1	2	56950
113.916	0.25	1	2	56958
113.932	0.25	1	2	56966
113.95	0.25	0	1	56975
113.966	0.25	0	1	56983
113.982	0.25	0	1	56991
114.0	0.25	0	1	57000
114.016	0.25	0	1	57008
114.032	0.25	0	1	57016
114.05	0.25	1	2	57025
114.066	0.25	1	2	57033
114.082	0.25	0	1	57041
114.1	0.25	0	1	57050
114.116	0.25	1	2	57058
114.132	0.25	1	2	57066
114.15	0.25	1	2	57075
114.166	0.25	1	2	57083
114.182	0.25	1	2	57091
114.2	0.25	1	2	57100
114.216	0.25	0	1	57108
114.232	0.25	0	1	57116
114.25	0.25	0	1	57125
114.266	0.25	0	1	57133
114.282	0.25	1	2	57141
114.3	0.25	1	2	57150
114.316	0.25	0	1	57158
114.332	0.25	0	1	57166
114.35	0.25	1	2	57175
114.366	0.25	1	2	57183
114.382	0.25	0	1	57191
114.4	0.25	0	1	57200
114.416	0.25	0	1	57208
114.432	0.25	0	1	57216
114.45	0.25	0	1	57225
114.466	0.25	0	1	57233
114.482	0.25	1	2	57241
114.5	0.25	1	2	57250
114.516	0.25	1	2	57258
114.532	0.25	1	2	57266
114.55	0.25	0	1	57275
114.566	0.25	0	1	57283
114.582	0.25	1	2	57291
114.6	0.25	1	2	57300
114.616	0.25	0	1	57308
114.632	0.25	0	1	57316
114.65	0.25	0	1	57325
114.666	0.25	0	1	57333
114.682	0.25	0	1	57341
114.7	0.25	0	1	57350
114.716	0.25	1	2	57358
114.732	0.25	1	2	57366
114.75	0.25	0	1	57375
114.766	0.25	0	1	57383
114.782	0.25	1	2	57391
114.8	0.25	1	2	57400
114.816	0.25	0	1	57408
114.832	0.25	0	1	57416
114.85	0.25	0	1	57425
114.866	0.25	0	1	57433
114.882	0.25	1	2	57441
116.366	0.25	0	1	58183
116.382	0.25	0	1	58191
116.4	0.25	0	1	58200
116.416	0.25	0	1	58208
116.432	0.25	1	2	58216
116.45	0.25	1	2	58225
116.466	0.25	1	2	58233
116.482	0.25	1	2	58241
116.5	0.25	0	1	58250
116.516	0.25	0	1	58258
116.532	0.25	0	1	58266
116.55	0.25	0	1	58275
116.566	0.25	0	1	58283
116.582	0.25	0	1	58291
116.6	0.25	0	1	58300
116.616	0.25	0	1	58308
116.632	0.25	1	2	58316
116.65	0.25	1	2	58325
116.666	0.25	1	2	58333
116.682	0.25	1	2	58341
116.7	0.25	1	2	58350
116.716	0.25	1	2	58358
116.732	0.25	1	2	58366
116.75	0.25	1	2	58375
116.766	0.25	1	2	58383
116.782	0.25	1	2	58391
116.8	0.25	0	1	58400
116.816	0.25	0	1	58408
116.832	0.25	0	1	58416
116.85	0.25	0	1	58425
116.866	0.25	0	1	58433
116.882	0.25	0	1	58441
116.9	0.25	0	1	58450
116.916	0.25	0	1	58458
116.932	0.25	0	1	58466
116.95	0.25	0	1	58475
116.966	0.25	0	1	58483
116.982	0.25	0	1	58491
117.0	0.25	1	2	58500
117.016	0.25	1	2	58508
117.032	0.25	1	2	58516
117.05	0.25	1	2	58525
117.066	0.25	0	1	58533
117.082	0.25	0	1	58541
117.1	0.25	0	1	58550
117.116	0.25	0	1	58558
117.132	0.25	1	2	58566
117.15	0.25	1	2	58575
117.166	0.25	0	1	58583
117.182	0.25	0	1	58591
117.2	0.25	1	2	58600
117.216	0.25	1	2	58608
117.232	0.25	0	1	58616
117.25	0.25	0	1	58625
117.266	0.25	1	2	58633
117.282	0.25	1	2	58641
117.3	0.25	0	1	58650
117.316	0.25	0	1	58658
117.332	0.25	1	2	58666
117.35	0.25	1	2	58675
117.366	0.25	1	2	58683
117.382	0.25	1	2	58691
117.4	0.25	0	1	58700
117.416	0.25	0	1	58708
117.432	0.25	1	2	58716
117.45	0.25	1	2	58725
117.466	0.25	0	1	58733
117.482	0.25	0	1	58741
117.5	0.25	0	1	58750
117.516	0.25	0	1	58758
117.532	0.25	0	1	58766
117.55	0.25	0	1	58775
117.566	0.25	1	2	58783
117.582	0.25	1	2	58791
117.6	0.25	0	1	58800
117.616	0.25	0	1	58808
117.632	0.25	0	1	58816
117.65	0.25	0	1	58825
117.666	0.25	0	1	58833
117.682	0.25	0	1	58841
117.7	0.25	1	2	58850
117.716	0.25	1	2	58858
117.732	0.25	1	2	58866
117.75	0.25	1	2	58875
117.766	0.25	1	2	58883
117.782	0.25	1	2	58891
117.8	0.25	0	1	58900
117.816	0.25	0	1	58908
117.832	0.25	1	2	58916
117.85	0.25	1	2	58925
117.866	0.25	0	1	58933
117.882	0.25	0	1	58941
117.9	0.25	1	2	58950
117.916	0.25	1	2	58958
117.932	0.25	1	2	58966
117.95	0.25	1	2	58975
117.966	0.25	1	2	58983
117.982	0.25	1	2	58991
118.0	0.25	1	2	59000
118.016	0.25	1	2	59008
118.032	0.25	1	2	59016
118.05	0.25	1	2	59025
118.066	0.25	0	1	59033
118.082	0.25	0	1	59041
118.1	0.25	0	1	59050
118.116	0.25	0	1	59058
118.132	0.25	1	2	59066
118.15	0.25	1	2	59075
118.166	0.25	0	1	59083
118.182	0.25	0	1	59091
118.2	0.25	0	1	59100
118.216	0.25	0	1	59108
118.232	0.25	0	1	59116
118.25	0.25	0	1	59125
118.266	0.25	1	2	59133
118.282	0.25	1	2	59141
118.3	0.25	1	2	59150
119.782	0.25	1	2	59891
119.8	0.25	1	2	59900
119.816	0.25	1	2	59908
119.832	0.25	1	2	59916
119.85	0.25	0	1	59925
119.866	0.25	0	1	59933
119.882	0.25	0	1	59941
119.9	0.25	0	1	59950
119.916	0.25	0	1	59958
119.932	0.25	0	1	59966
119.95	0.25	0	1	59975
119.966	0.25	0	1	59983
119.982	0.25	1	2	59991
120.0	0.25	1	2	60000
120.016	0.25	0	1	60008
120.032	0.25	0	1	60016
120.05	0.25	0	1	60025
120.066	0.25	0	1	60033
120.082	0.25	1	2	60041
120.1	0.25	1	2	60050
120.116	0.25	1	2	60058
120.132	0.25	1	2	60066
120.15	0.25	0	1	60075
120.166	0.25	0	1	60083
120.182	0.25	0	1	60091
120.2	0.25	0	1	60100
120.216	0.25	0	1	60108
120.232	0.25	0	1	60116
120.25	0.25	0	1	60125
120.266	0.25	0	1	60133
120.282	0.25	0	1	60141
120.3	0.25	0	1	60150
120.316	0.25	0	1	60158
120.332	0.25	0	1	60166
120.35	0.25	1	2	60175
120.366	0.25	1	2	60183
120.382	0.25	0	1	60191
120.4	0.25	0	1	60200
120.416	0.25	1	2	60208
120.432	0.25	1	2	60216
120.45	0.25	1	2	60225
120.466	0.25	1	2	60233
120.482	0.25	0	1	60241
120.5	0.25	0	1	60250
120.516	0.25	1	2	60258
120.532	0.25	1	2	60266
120.55	0.25	0	1	60275
120.566	0.25	0	1	60283
120.582	0.25	1	2	60291
120.6	0.25	1	2	60300
120.616	0.25	0	1	60308
120.632	0.25	0	1	60316
120.65	0.25	1	2	60325
120.666	0.25	1	2	60333
120.682	0.25	0	1	60341
120.7	0.25	0	1	60350
120.716	0.25	0	1	60358
120.732	0.25	0	1	60366
120.75	0.25	0	1	60375
120.766	0.25	0	1	60383
120.782	0.25	1	2	60391
120.8	0.25	1	2	60400
120.816	0.25	1	2	60408
120.832	0.25	1	2	60416
120.85	0.25	1	2	60425
120.866	0.25	1	2	60433
120.882	0.25	0	1	60441
120.9	0.25	0	1	60450
120.916	0.25	1	2	60458
120.932	0.25	1	2	60466
120.95	0.25	1	2	60475
120.966	0.25	1	2	60483
120.982	0.25	1	2	60491
121.0	0.25	1	2	60500
121.016	0.25	0	1	60508
121.032	0.25	0	1	60516
121.05	0.25	1	2	60525
121.066	0.25	1	2	60533
121.082	0.25	0	1	60541
121.1	0.25	0	1	60550
121.116	0.25	1	2	60558
121.132	0.25	1	2	60566
121.15	0.25	1	2	60575
121.166	0.25	1	2	60583
121.182	0.25	0	1	60591
121.2	0.25	0	1	60600
121.216	0.25	0	1	60608
121.232	0.25	0	1	60616
121.25	0.25	0	1	60625
121.266	0.25	0	1	60633
121.282	0.25	1	2	60641
121.3	0.25	1	2	60650
121.316	0.25	1	2	60658
121.332	0.25	1	2	60666
121.35	0.25	0	1	60675
121.366	0.25	0	1	60683
121.382	0.25	1	2	60691
121.4	0.25	1	2	60700
121.416	0.25	1	2	60708
121.432	0.25	1	2	60716
121.45	0.25	1	2	60725
121.466	0.25	1	2	60733
121.482	0.25	0	1	60741
121.5	0.25	0	1	60750
121.516	0.25	0	1	60758
121.532	0.25	0	1	60766
121.55	0.25	0	1	60775
121.566	0.25	0	1	60783
121.582	0.25	0	1	60791
121.6	0.25	0	1	60800
121.616	0.25	0	1	60808
121.632	0.25	0	1	60816
121.65	0.25	1	2	60825
121.666	0.25	1	2	60833
121.682	0.25	1	2	60841
121.7	0.25	1	2	60850
121.716	0.25	1	2	60858
123.2	0.25	1	2	61600
123.216	0.25	1	2	61608
123.232	0.25	1	2	61616
123.25	0.25	1	2	61625
123.266	0.25	0	1	61633
123.282	0.25	0	1	61641
123.3	0.25	1	2	61650
123.316	0.25	1	2	61658
123.332	0.25	1	2	61666
123.35	0.25	1	2	61675
123.366	0.25	0	1	61683
123.382	0.25	0	1	61691
123.4	0.25	1	2	61700
123.416	0.25	1	2	61708
123.432	0.25	1	2	61716
123.45	0.25	1	2	61725
123.466	0.25	0	1	61733
123.482	0.25	0	1	61741
123.5	0.25	1	2	61750
123.516	0.25	1	2	61758
123.532	0.25	1	2	61766
123.55	0.25	1	2	61775
123.566	0.25	0	1	61783
123.582	0.25	0	1	61791
123.6	0.25	0	1	61800
123.616	0.25	0	1	61808
123.632	0.25	0	1	61816
123.65	0.25	0	1	61825
123.666	0.25	1	2	61833
123.682	0.25	1	2	61841
123.7	0.25	1	2	61850
123.716	0.25	1	2	61858
123.732	0.25	1	2	61866
123.75	0.25	1	2	61875
123.766	0.25	0	1	61883
123.782	0.25	0	1	61891
123.8	0.25	0	1	61900
123.816	0.25	0	1	61908
123.832	0.25	0	1	61916
123.85	0.25	0	1	61925
123.866	0.25	1	2	61933
123.882	0.25	1	2	61941
123.9	0.25	1	2	61950
123.916	0.25	1	2	61958
123.932	0.25	1	2	61966
123.95	0.25	1	2	61975
123.966	0.25	1	2	61983
123.982	0.25	1	2	61991
124.0	0.25	1	2	62000
124.016	0.25	1	2	62008
124.032	0.25	0	1	62016
124.05	0.25	0	1	62025
124.066	0.25	0	1	62033
124.082	0.25	0	1	62041
124.1	0.25	1	2	62050
124.116	0.25	1	2	62058
124.132	0.25	0	1	62066
124.15	0.25	0	1	62075
124.166	0.25	1	2	62083
124.182	0.25	1	2	62091
124.2	0.25	0	1	62100
124.216	0.25	0	1	62108
124.232	0.25	0	1	62116
124.25	0.25	0	1	62125
124.266	0.25	1	2	62133
124.282	0.25	1	2	62141
124.3	0.25	1	2	62150
124.316	0.25	1	2	62158
124.332	0.25	0	1	62166
124.35	0.25	0	1	62175
124.366	0.25	0	1	62183
124.382	0.25	0	1	62191
124.4	0.25	0	1	62200
124.416	0.25	0	1	62208
124.432	0.25	0	1	62216
124.45	0.25	0	1	62225
124.466	0.25	1	2	62233
124.482	0.25	1	2	62241
124.5	0.25	0	1	62250
124.516	0.25	0	1	62258
124.532	0.25	0	1	62266
124.55	0.25	0	1	62275
124.566	0.25	0	1	62283
124.582	0.25	0	1	62291
124.6	0.25	0	1	62300
124.616	0.25	0	1	62308
124.632	0.25	1	2	62316
124.65	0.25	1	2	62325
124.666	0.25	1	2	62333
124.682	0.25	1	2	62341
124.7	0.25	1	2	62350
124.716	0.25	1	2	62358
124.732	0.25	1	2	62366
124.75	0.25	1	2	62375
124.766	0.25	1	2	62383
124.782	0.25	1	2	62391
124.8	0.25	1	2	62400
124.816	0.25	1	2	62408
124.832	0.25	0	1	62416
124.85	0.25	0	1	62425
124.866	0.25	1	2	62433
124.882	0.25	1	2	62441
124.9	0.25	0	1	62450
124.916	0.25	0	1	62458
124.932	0.25	1	2	62466
124.95	0.25	1	2	62475
124.966	0.25	0	1	62483
124.982	0.25	0	1	62491
125.0	0.25	0	1	62500
125.016	0.25	0	1	62508
125.032	0.25	1	2	62516
125.05	0.25	1	2	62525
125.066	0.25	1	2	62533
125.082	0.25	1	2	62541
125.1	0.25	0	1	62550
125.116	0.25	0	1	62558
125.132	0.25	0	1	62566
127.316	0.25	1	2	63658
127.332	0.25	1	2	63666
127.35	0.25	1	2	63675
127.366	0.25	1	2	63683
127.382	0.25	1	2	63691
127.4	0.25	1	2	63700
127.416	0.25	1	2	63708
127.432	0.25	1	2	63716
127.45	0.25	1	2	63725
127.466	0.25	1	2	63733
127.482	0.25	1	2	63741
127.5	0.25	1	2	63750
127.516	0.25	1	2	63758
127.532	0.25	1	2	63766
127.55	0.25	0	1	63775
127.566	0.25	0	1	63783
127.582	0.25	0	1	63791
127.6	0.25	0	1	63800
127.616	0.25	1	2	63808
127.632	0.25	1	2	63816
127.65	0.25	1	2	63825
127.666	0.25	1	2	63833
127.682	0.25	0	1	63841
127.7	0.25	0	1	63850
127.716	0.25	0	1	63858
127.732	0.25	0	1	63866
127.75	0.25	1	2	63875
127.766	0.25	1	2	63883
127.782	0.25	1	2	63891
127.8	0.25	1	2	63900
127.816	0.25	0	1	63908
127.832	0.25	0	1	63916
127.85	0.25	0	1	63925
127.866	0.25	0	1	63933
127.882	0.25	1	2	63941
127.9	0.25	1	2	63950
127.916	0.25	0	1	63958
127.932	0.25	0	1	63966
127.95	0.25	1	2	63975
127.966	0.25	1	2	63983
127.982	0.25	1	2	63991
128.0	0.25	1	2	64000
128.016	0.25	0	1	64008
128.032	0.25	0	1	64016
128.05	0.25	1	2	64025
128.066	0.25	1	2	64033
128.082	0.25	0	1	64041
128.1	0.25	0	1	64050
128.116	0.25	0	1	64058
128.132	0.25	0	1	64066
128.15	0.25	1	2	64075
128.166	0.25	1	2	64083
128.182	0.25	0	1	64091
128.198	0.25	0	1	64099
128.216	0.25	1	2	64108
128.232	0.25	1	2	64116
128.25	0.25	1	2	64125
128.266	0.25	1	2	64133
128.282	0.25	1	2	64141
128.3	0.25	1	2	64150
128.316	0.25	0	1	64158
128.332	0.25	0	1	64166
128.35	0.25	0	1	64175
128.366	0.25	0	1	64183
128.382	0.25	0	1	64191
128.4	0.25	0	1	64200
128.416	0.25	1	2	64208
128.432	0.25	1	2	64216
128.448	0.25	0	1	64224
128.466	0.25	0	1	64233
128.482	0.25	1	2	64241
128.5	0.25	1	2	64250
128.516	0.25	1	2	64258
128.532	0.25	1	2	64266
128.55	0.25	1	2	64275
128.566	0.25	1	2	64283
128.582	0.25	0	1	64291
128.6	0.25	0	1	64300
128.616	0.25	0	1	64308
128.632	0.25	0	1	64316
128.65	0.25	1	2	64325
128.666	0.25	1	2	64333
128.682	0.25	0	1	64341
128.698	0.25	0	1	64349
128.716	0.25	1	2	64358
128.732	0.25	1	2	64366
128.75	0.25	0	1	64375
128.766	0.25	0	1	64383
128.782	0.25	0	1	64391
128.8	0.25	0	1	64400
128.816	0.25	0	1	64408
128.832	0.25	0	1	64416
128.85	0.25	1	2	64425
128.866	0.25	1	2	64433
128.882	0.25	1	2	64441
128.9	0.25	1	2	64450
128.916	0.25	0	1	64458
128.932	0.25	0	1	64466
128.948	0.25	1	2	64474
128.966	0.25	1	2	64483
128.982	0.25	0	1	64491
129.0	0.25	0	1	64500
129.016	0.25	0	1	64508
129.032	0.25	0	1	64516
129.05	0.25	0	1	64525
129.066	0.25	0	1	64533
129.082	0.25	1	2	64541
129.1	0.25	1	2	64550
129.116	0.25	0	1	64558
129.132	0.25	0	1	64566
129.15	0.25	1	2	64575
129.166	0.25	1	2	64583
129.182	0.25	0	1	64591
129.198	0.25	0	1	64599
129.216	0.25	0	1	64608
129.232	0.25	0	1	64616
129.25	0.25	1	2	64625
130.732	0.25	1	2	65366
130.75	0.25	1	2	65375
130.766	0.25	1	2	65383
130.782	0.25	1	2	65391
130.8	0.25	0	1	65400
130.816	0.25	0	1	65408
130.832	0.25	0	1	65416
130.85	0.25	0	1	65425
130.866	0.25	0	1	65433
130.882	0.25	0	1	65441
130.9	0.25	0	1	65450
130.916	0.25	0	1	65458
130.932	0.25	1	2	65466
130.948	0.25	1	2	65474
130.966	0.25	0	1	65483
130.982	0.25	0	1	65491
131.0	0.25	0	1	65500
131.016	0.25	0	1	65508
131.032	0.25	1	2	65516
131.05	0.25	1	2	65525
131.066	0.25	1	2	65533
131.082	0.25	1	2	65541
131.1	0.25	0	1	65550
131.116	0.25	0	1	65558
131.132	0.25	0	1	65566
131.15	0.25	0	1	65575
131.166	0.25	0	1	65583
131.182	0.25	0	1	65591
131.2	0.25	0	1	65600
131.216	0.25	0	1	65608
131.232	0.25	0	1	65616
131.25	0.25	0	1	65625
131.266	0.25	0	1	65633
131.282	0.25	0	1	65641
131.3	0.25	1	2	65650
131.316	0.25	1	2	65658
131.332	0.25	0	1	65666
131.35	0.25	0	1	65675
131.366	0.25	1	2	65683
131.382	0.25	1	2	65691
131.4	0.25	1	2	65700
131.416	0.25	1	2	65708
131.432	0.25	0	1	65716
131.45	0.25	0	1	65725
131.466	0.25	1	2	65733
131.482	0.25	1	2	65741
131.5	0.25	0	1	65750
131.516	0.25	0	1	65758
131.532	0.25	1	2	65766
131.55	0.25	1	2	65775
131.566	0.25	0	1	65783
131.582	0.25	0	1	65791
131.6	0.25	1	2	65800
131.616	0.25	1	2	65808
131.632	0.25	0	1	65816
131.65	0.25	0	1	65825
131.666	0.25	0	1	65833
131.682	0.25	0	1	65841
131.7	0.25	0	1	65850
131.716	0.25	0	1	65858
131.732	0.25	1	2	65866
131.75	0.25	1	2	65875
131.766	0.25	1	2	65883
131.782	0.25	1	2	65891
131.8	0.25	1	2	65900
131.816	0.25	1	2	65908
131.832	0.25	0	1	65916
131.85	0.25	0	1	65925
131.866	0.25	1	2	65933
131.882	0.25	1	2	65941
131.9	0.25	1	2	65950
131.916	0.25	1	2	65958
131.932	0.25	1	2	65966
131.95	0.25	1	2	65975
131.966	0.25	0	1	65983
131.982	0.25	0	1	65991
132.0	0.25	1	2	66000
132.016	0.25	1	2	66008
132.032	0.25	0	1	66016
132.05	0.25	0	1	66025
132.066	0.25	1	2	66033
132.082	0.25	1	2	66041
132.1	0.25	1	2	66050
132.116	0.25	1	2	66058
132.132	0.25	0	1	66066
132.15	0.25	0	1	66075
132.166	0.25	0	1	66083
132.182	0.25	0	1	66091
132.2	0.25	0	1	66100
132.216	0.25	0	1	66108
132.232	0.25	1	2	66116
132.25	0.25	1	2	66125
132.266	0.25	1	2	66133
132.282	0.25	1	2	66141
132.3	0.25	0	1	66150
132.316	0.25	0	1	66158
132.332	0.25	1	2	66166
132.35	0.25	1	2	66175
132.366	0.25	1	2	66183
132.382	0.25	1	2	66191
132.4	0.25	1	2	66200
132.416	0.25	1	2	66208
132.432	0.25	0	1	66216
132.45	0.25	0	1	66225
132.466	0.25	0	1	66233
132.482	0.25	0	1	66241
132.5	0.25	0	1	66250
132.516	0.25	0	1	66258
132.532	0.25	0	1	66266
132.55	0.25	0	1	66275
132.566	0.25	0	1	66283
132.582	0.25	0	1	66291
132.6	0.25	1	2	66300
132.616	0.25	1	2	66308
132.632	0.25	1	2	66316
132.65	0.25	1	2	66325
132.666	0.25	1	2	66333
134.15	0.25	0	1	67075
134.166	0.25	0	1	67083
134.182	0.25	0	1	67091
134.2	0.25	0	1	67100
134.216	0.25	1	2	67108
134.232	0.25	1	2	67116
134.25	0.25	1	2	67125
134.266	0.25	1	2	67133
134.282	0.25	0	1	67141
134.3	0.25	0	1	67150
134.316	0.25	0	1	67158
134.332	0.25	0	1	67166
134.35	0.25	0	1	67175
134.366	0.25	0	1	67183
134.382	0.25	0	1	67191
134.4	0.25	0	1	67200
134.416	0.25	1	2	67208
134.432	0.25	1	2	67216
134.45	0.25	1	2	67225
134.466	0.25	1	2	67233
134.482	0.25	1	2	67241
134.5	0.25	1	2	67250
134.516	0.25	1	2	67258
134.532	0.25	1	2	67266
134.55	0.25	1	2	67275
134.566	0.25	1	2	67283
134.582	0.25	0	1	67291
134.6	0.25	0	1	67300
134.616	0.25	0	1	67308
134.632	0.25	0	1	67316
134.65	0.25	0	1	67325
134.666	0.25	0	1	67333
134.682	0.25	0	1	67341
134.7	0.25	0	1	67350
134.716	0.25	0	1	67358
134.732	0.25	0	1	67366
134.75	0.25	0	1	67375
134.766	0.25	0	1	67383
134.782	0.25	1	2	67391
134.8	0.25	1	2	67400
134.816	0.25	1	2	67408
134.832	0.25	1	2	67416
134.85	0.25	0	1	67425
134.866	0.25	0	1	67433
134.882	0.25	0	1	67441
134.9	0.25	0	1	67450
134.916	0.25	1	2	67458
134.932	0.25	1	2	67466
134.95	0.25	0	1	67475
134.966	0.25	0	1	67483
134.982	0.25	1	2	67491
135.0	0.25	1	2	67500
135.016	0.25	0	1	67508
135.032	0.25	0	1	67516
135.05	0.25	1	2	67525
135.066	0.25	1	2	67533
135.082	0.25	0	1	67541
135.1	0.25	0	1	67550
135.116	0.25	1	2	67558
135.132	0.25	1	2	67566
135.15	0.25	1	2	67575
135.166	0.25	1	2	67583
135.182	0.25	0	1	67591
135.2	0.25	0	1	67600
135.216	0.25	1	2	67608
135.232	0.25	1	2	67616
135.25	0.25	0	1	67625
135.266	0.25	0	1	67633
135.282	0.25	0	1	67641
135.3	0.25	0	1	67650
135.316	0.25	0	1	67658
135.332	0.25	0	1	67666
135.35	0.25	1	2	67675
135.366	0.25	1	2	67683
135.382	0.25	0	1	67691
135.4	0.25	0	1	67700
135.416	0.25	0	1	67708
135.432	0.25	0	1	67716
135.45	0.25	0	1	67725
135.466	0.25	0	1	67733
135.482	0.25	1	2	67741
135.5	0.25	1	2	67750
135.516	0.25	1	2	67758
135.532	0.25	1	2	67766
135.55	0.25	1	2	67775
135.566	0.25	1	2	67783
135.582	0.25	0	1	67791
135.6	0.25	0	1	67800
135.616	0.25	1	2	67808
135.632	0.25	1	2	67816
135.65	0.25	0	1	67825
135.666	0.25	0	1	67833
135.682	0.25	1	2	67841
135.7	0.25	1	2	67850
135.716	0.25	1	2	67858
135.732	0.25	1	2	67866
135.75	0.25	1	2	67875
135.766	0.25	1	2	67883
135.782	0.25	1	2	67891
135.8	0.25	1	2	67900
135.816	0.25	1	2	67908
135.832	0.25	1	2	67916
135.85	0.25	0	1	67925
135.866	0.25	0	1	67933
135.882	0.25	0	1	67941
135.9	0.25	0	1	67950
135.916	0.25	1	2	67958
135.932	0.25	1	2	67966
135.95	0.25	0	1	67975
135.966	0.25	0	1	67983
135.982	0.25	0	1	67991
136.0	0.25	0	1	68000
136.016	0.25	0	1	68008
136.032	0.25	0	1	68016
136.05	0.25	1	2	68025
136.066	0.25	1	2	68033
136.082	0.25	1	2	68041
137.55	0.25	1	2	68775
137.566	0.25	1	2	68783
137.582	0.25	1	2	68791
137.6	0.25	1	2	68800
137.616	0.25	0	1	68808
137.632	0.25	0	1	68816
137.65	0.25	1	2	68825
137.666	0.25	1	2	68833
137.682	0.25	1	2	68841
137.7	0.25	1	2	68850
137.716	0.25	0	1	68858
137.732	0.25	0	1	68866
137.75	0.25	1	2	68875
137.766	0.25	1	2	68883
137.782	0.25	1	2	68891
137.8	0.25	1	2	68900
137.816	0.25	0	1	68908
137.832	0.25	0	1	68916
137.85	0.25	1	2	68925
137.866	0.25	1	2	68933
137.882	0.25	1	2	68941
137.9	0.25	1	2	68950
137.916	0.25	0	1	68958
137.932	0.25	0	1	68966
137.95	0.25	0	1	68975
137.966	0.25	0	1	68983
137.982	0.25	0	1	68991
138.0	0.25	0	1	69000
138.016	0.25	1	2	69008
138.032	0.25	1	2	69016
138.05	0.25	1	2	69025
138.066	0.25	1	2	69033
138.082	0.25	1	2	69041
138.1	0.25	1	2	69050
138.116	0.25	0	1	69058
138.132	0.25	0	1	69066
138.15	0.25	0	1	69075
138.166	0.25	0	1	69083
138.182	0.25	0	1	69091
138.2	0.25	0	1	69100
138.216	0.25	1	2	69108
138.232	0.25	1	2	69116
138.25	0.25	1	2	69125
138.266	0.25	1	2	69133
138.282	0.25	1	2	69141
138.3	0.25	1	2	69150
138.316	0.25	1	2	69158
138.332	0.25	1	2	69166
138.35	0.25	1	2	69175
138.366	0.25	1	2	69183
138.382	0.25	0	1	69191
138.4	0.25	0	1	69200
138.416	0.25	0	1	69208
138.432	0.25	0	1	69216
138.45	0.25	1	2	69225
138.466	0.25	1	2	69233
138.482	0.25	0	1	69241
138.5	0.25	0	1	69250
138.516	0.25	1	2	69258
138.532	0.25	1	2	69266
138.55	0.25	0	1	69275
138.566	0.25	0	1	69283
138.582	0.25	0	1	69291
138.6	0.25	0	1	69300
138.616	0.25	1	2	69308
138.632	0.25	1	2	69316
138.65	0.25	1	2	69325
138.666	0.25	1	2	69333
138.682	0.25	0	1	69341
138.7	0.25	0	1	69350
138.716	0.25	0	1	69358
138.732	0.25	0	1	69366
138.75	0.25	0	1	69375
138.766	0.25	0	1	69383
138.782	0.25	0	1	69391
138.8	0.25	0	1	69400
138.816	0.25	1	2	69408
138.832	0.25	1	2	69416
138.85	0.25	0	1	69425
138.866	0.25	0	1	69433
138.882	0.25	0	1	69441
138.9	0.25	0	1	69450
138.916	0.25	0	1	69458
138.932	0.25	0	1	69466
138.95	0.25	0	1	69475
138.966	0.25	0	1	69483
138.982	0.25	1	2	69491
139.0	0.25	1	2	69500
139.016	0.25	1	2	69508
139.032	0.25	1	2	69516
139.05	0.25	1	2	69525
139.066	0.25	1	2	69533
139.082	0.25	1	2	69541
139.1	0.25	1	2	69550
139.116	0.25	1	2	69558
139.132	0.25	1	2	69566
139.15	0.25	1	2	69575
139.166	0.25	1	2	69583
139.182	0.25	0	1	69591
139.2	0.25	0	1	69600
139.216	0.25	1	2	69608
139.232	0.25	1	2	69616
139.25	0.25	0	1	69625
139.266	0.25	0	1	69633
139.282	0.25	1	2	69641
139.3	0.25	1	2	69650
139.316	0.25	0	1	69658
139.332	0.25	0	1	69666
139.35	0.25	0	1	69675
139.366	0.25	0	1	69683
139.382	0.25	1	2	69691
139.4	0.25	1	2	69700
139.416	0.25	1	2	69708
139.432	0.25	1	2	69716
139.45	0.25	0	1	69725
139.466	0.25	0	1	69733
139.482	0.25	0	1	69741
141.95	0.25	1	2	70975
141.966	0.25	1	2	70983
141.982	0.25	1	2	70991
142.0	0.25	1	2	71000
142.016	0.25	0	1	71008
142.032	0.25	0	1	71016
142.05	0.25	0	1	71025
142.066	0.25	0	1	71033
142.082	0.25	0	1	71041
142.1	0.25	0	1	71050
142.116	0.25	0	1	71058
142.132	0.25	0	1	71066
142.15	0.25	1	2	71075
142.166	0.25	1	2	71083
142.182	0.25	0	1	71091
142.2	0.25	0	1	71100
142.216	0.25	0	1	71108
142.232	0.25	0	1	71116
142.25	0.25	1	2	71125
142.266	0.25	1	2	71133
142.282	0.25	1	2	71141
142.3	0.25	1	2	71150
142.316	0.25	0	1	71158
142.332	0.25	0	1	71166
142.35	0.25	0	1	71175
142.366	0.25	0	1	71183
142.382	0.25	0	1	71191
142.4	0.25	0	1	71200
142.416	0.25	0	1	71208
142.432	0.25	0	1	71216
142.45	0.25	0	1	71225
142.466	0.25	0	1	71233
142.482	0.25	0	1	71241
142.5	0.25	0	1	71250
142.516	0.25	1	2	71258
142.532	0.25	1	2	71266
142.55	0.25	0	1	71275
142.566	0.25	0	1	71283
142.582	0.25	1	2	71291
142.6	0.25	1	2	71300
142.616	0.25	1	2	71308
142.632	0.25	1	2	71316
142.65	0.25	0	1	71325
142.666	0.25	0	1	71333
142.682	0.25	1	2	71341
142.7	0.25	1	2	71350
142.716	0.25	0	1	71358
142.732	0.25	0	1	71366
142.75	0.25	1	2	71375
142.766	0.25	1	2	71383
142.782	0.25	0	1	71391
142.8	0.25	0	1	71400
142.816	0.25	1	2	71408
142.832	0.25	1	2	71416
142.85	0.25	0	1	71425
142.866	0.25	0	1	71433
142.882	0.25	0	1	71441
142.9	0.25	0	1	71450
142.916	0.25	0	1	71458
142.932	0.25	0	1	71466
142.95	0.25	1	2	71475
142.966	0.25	1	2	71483
142.982	0.25	1	2	71491
143.0	0.25	1	2	71500
143.016	0.25	1	2	71508
143.032	0.25	1	2	71516
143.05	0.25	0	1	71525
143.066	0.25	0	1	71533
143.082	0.25	1	2	71541
143.1	0.25	1	2	71550
143.116	0.25	1	2	71558
143.132	0.25	1	2	71566
143.15	0.25	1	2	71575
143.166	0.25	1	2	71583
143.182	0.25	0	1	71591
143.2	0.25	0	1	71600
143.216	0.25	1	2	71608
143.232	0.25	1	2	71616
143.25	0.25	0	1	71625
143.266	0.25	0	1	71633
143.282	0.25	1	2	71641
143.3	0.25	1	2	71650
143.316	0.25	1	2	71658
143.332	0.25	1	2	71666
143.35	0.25	0	1	71675
143.366	0.25	0	1	71683
143.382	0.25	0	1	71691
143.4	0.25	0	1	71700
143.416	0.25	0	1	71708
143.432	0.25	0	1	71716
143.45	0.25	1	2	71725
143.466	0.25	1	2	71733
143.482	0.25	1	2	71741
143.5	0.25	1	2	71750
143.516	0.25	0	1	71758
143.532	0.25	0	1	71766
143.55	0.25	1	2	71775
143.566	0.25	1	2	71783
143.582	0.25	1	2	71791
143.6	0.25	1	2	71800
143.616	0.25	1	2	71808
143.632	0.25	1	2	71816
143.65	0.25	0	1	71825
143.666	0.25	0	1	71833
143.682	0.25	0	1	71841
143.7	0.25	0	1	71850
143.716	0.25	0	1	71858
143.732	0.25	0	1	71866
143.75	0.25	0	1	71875
143.766	0.25	0	1	71883
143.782	0.25	0	1	71891
143.8	0.25	0	1	71900
143.816	0.25	1	2	71908
143.832	0.25	1	2	71916
143.85	0.25	1	2	71925
143.866	0.25	1	2	71933
143.882	0.25	1	2	71941
145.35	0.25	1	2	72675
145.366	0.25	1	2	72683
145.382	0.25	1	2	72691
145.4	0.25	1	2	72700
145.416	0.25	1	2	72708
145.432	0.25	1	2	72716
145.45	0.25	1	2	72725
145.466	0.25	1	2	72733
145.482	0.25	1	2	72741
145.5	0.25	1	2	72750
145.516	0.25	1	2	72758
145.532	0.25	1	2	72766
145.55	0.25	1	2	72775
145.566	0.25	1	2	72783
145.582	0.25	0	1	72791
145.6	0.25	0	1	72800
145.616	0.25	0	1	72808
145.632	0.25	0	1	72816
145.65	0.25	1	2	72825
145.666	0.25	1	2	72833
145.682	0.25	1	2	72841
145.7	0.25	1	2	72850
145.716	0.25	0	1	72858
145.732	0.25	0	1	72866
145.75	0.25	0	1	72875
145.766	0.25	0	1	72883
145.782	0.25	1	2	72891
145.8	0.25	1	2	72900
145.816	0.25	1	2	72908
145.832	0.25	1	2	72916
145.85	0.25	0	1	72925
145.866	0.25	0	1	72933
145.882	0.25	0	1	72941
145.9	0.25	0	1	72950
145.916	0.25	1	2	72958
145.932	0.25	1	2	72966
145.95	0.25	0	1	72975
145.966	0.25	0	1	72983
145.982	0.25	1	2	72991
146.0	0.25	1	2	73000
146.016	0.25	1	2	73008
146.032	0.25	1	2	73016
146.05	0.25	0	1	73025
146.066	0.25	0	1	73033
146.082	0.25	1	2	73041
146.1	0.25	1	2	73050
146.116	0.25	0	1	73058
146.132	0.25	0	1	73066
146.15	0.25	0	1	73075
146.166	0.25	0	1	73083
146.182	0.25	1	2	73091
146.2	0.25	1	2	73100
146.216	0.25	0	1	73108
146.232	0.25	0	1	73116
146.25	0.25	1	2	73125
146.266	0.25	1	2	73133
146.282	0.25	1	2	73141
146.3	0.25	1	2	73150
146.316	0.25	1	2	73158
146.332	0.25	1	2	73166
146.35	0.25	0	1	73175
146.366	0.25	0	1	73183
146.382	0.25	0	1	73191
146.4	0.25	0	1	73200
146.416	0.25	0	1	73208
146.432	0.25	0	1	73216
146.45	0.25	1	2	73225
146.466	0.25	1	2	73233
146.482	0.25	0	1	73241
146.5	0.25	0	1	73250
146.516	0.25	1	2	73258
146.532	0.25	1	2	73266
146.55	0.25	1	2	73275
146.566	0.25	1	2	73283
146.582	0.25	1	2	73291
146.6	0.25	1	2	73300
146.616	0.25	0	1	73308
146.632	0.25	0	1	73316
146.65	0.25	0	1	73325
146.666	0.25	0	1	73333
146.682	0.25	1	2	73341
146.7	0.25	1	2	73350
146.716	0.25	0	1	73358
146.732	0.25	0	1	73366
146.75	0.25	1	2	73375
146.766	0.25	1	2	73383
146.782	0.25	0	1	73391
146.8	0.25	0	1	73400
146.816	0.25	0	1	73408
146.832	0.25	0	1	73416
146.85	0.25	0	1	73425
146.866	0.25	0	1	73433
146.882	0.25	1	2	73441
146.9	0.25	1	2	73450
146.916	0.25	1	2	73458
146.932	0.25	1	2	73466
146.95	0.25	0	1	73475
146.966	0.25	0	1	73483
146.982	0.25	1	2	73491
147.0	0.25	1	2	73500
147.016	0.25	0	1	73508
147.032	0.25	0	1	73516
147.05	0.25	0	1	73525
147.066	0.25	0	1	73533
147.082	0.25	0	1	73541
147.1	0.25	0	1	73550
147.116	0.25	1	2	73558
147.132	0.25	1	2	73566
147.15	0.25	0	1	73575
147.166	0.25	0	1	73583
147.182	0.25	1	2	73591
147.2	0.25	1	2	73600
147.216	0.25	0	1	73608
147.232	0.25	0	1	73616
147.25	0.25	0	1	73625
147.266	0.25	0	1	73633
147.282	0.25	1	2	73641
148.782	0.25	0	1	74391
148.8	0.25	0	1	74400
148.816	0.25	0	1	74408
148.832	0.25	0	1	74416
148.85	0.25	1	2	74425
148.866	0.25	1	2	74433
148.882	0.25	1	2	74441
148.9	0.25	1	2	74450
148.916	0.25	0	1	74458
148.932	0.25	0	1	74466
148.95	0.25	0	1	74475
148.966	0.25	0	1	74483
148.982	0.25	0	1	74491
149.0	0.25	0	1	74500
149.016	0.25	0	1	74508
149.032	0.25	0	1	74516
149.05	0.25	1	2	74525
149.066	0.25	1	2	74533
149.082	0.25	1	2	74541
149.1	0.25	1	2	74550
149.116	0.25	1	2	74558
149.132	0.25	1	2	74566
149.15	0.25	1	2	74575
149.166	0.25	1	2	74583
149.182	0.25	1	2	74591
149.2	0.25	1	2	74600
149.216	0.25	0	1	74608
149.232	0.25	0	1	74616
149.25	0.25	0	1	74625
149.266	0.25	0	1	74633
149.282	0.25	0	1	74641
149.3	0.25	0	1	74650
149.316	0.25	0	1	74658
149.332	0.25	0	1	74666
149.35	0.25	0	1	74675
149.366	0.25	0	1	74683
149.382	0.25	0	1	74691
149.4	0.25	0	1	74700
149.416	0.25	1	2	74708
149.432	0.25	1	2	74716
149.45	0.25	1	2	74725
149.466	0.25	1	2	74733
149.482	0.25	0	1	74741
149.5	0.25	0	1	74750
149.516	0.25	0	1	74758
149.532	0.25	0	1	74766
149.55	0.25	1	2	74775
149.566	0.25	1	2	74783
149.582	0.25	0	1	74791
149.6	0.25	0	1	74800
149.616	0.25	1	2	74808
149.632	0.25	1	2	74816
149.65	0.25	0	1	74825
149.666	0.25	0	1	74833
149.682	0.25	1	2	74841
149.7	0.25	1	2	74850
149.716	0.25	0	1	74858
149.732	0.25	0	1	74866
149.75	0.25	1	2	74875
149.766	0.25	1	2	74883
149.782	0.25	1	2	74891
149.8	0.25	1	2	74900
149.816	0.25	0	1	74908
149.832	0.25	0	1	74916
149.85	0.25	1	2	74925
149.866	0.25	1	2	74933
149.882	0.25	0	1	74941
149.9	0.25	0	1	74950
149.916	0.25	0	1	74958
149.932	0.25	0	1	74966
149.95	0.25	0	1	74975
149.966	0.25	0	1	74983
149.982	0.25	1	2	74991
150.0	0.25	1	2	75000
150.016	0.25	0	1	75008
150.032	0.25	0	1	75016
150.05	0.25	0	1	75025
150.066	0.25	0	1	75033
150.082	0.25	0	1	75041
150.1	0.25	0	1	75050
150.116	0.25	1	2	75058
150.132	0.25	1	2	75066
150.15	0.25	1	2	75075
150.166	0.25	1	2	75083
150.182	0.25	1	2	75091
150.2	0.25	1	2	75100
150.216	0.25	0	1	75108
150.232	0.25	0	1	75116
150.25	0.25	1	2	75125
150.266	0.25	1	2	75133
150.282	0.25	0	1	75141
150.3	0.25	0	1	75150
150.316	0.25	1	2	75158
150.332	0.25	1	2	75166
150.35	0.25	1	2	75175
150.366	0.25	1	2	75183
150.382	0.25	1	2	75191
150.4	0.25	1	2	75200
150.416	0.25	1	2	75208
150.432	0.25	1	2	75216
150.45	0.25	1	2	75225
150.466	0.25	1	2	75233
150.482	0.25	0	1	75241
150.5	0.25	0	1	75250
150.516	0.25	0	1	75258
150.532	0.25	0	1	75266
150.55	0.25	1	2	75275
150.566	0.25	1	2	75283
150.582	0.25	0	1	75291
150.6	0.25	0	1	75300
150.616	0.25	0	1	75308
150.632	0.25	0	1	75316
150.65	0.25	0	1	75325
150.666	0.25	0	1	75333
150.682	0.25	1	2	75341
150.7	0.25	1	2	75350
150.716	0.25	1	2	75358
152.2	0.25	1	2	76100
152.216	0.25	1	2	76108
152.232	0.25	1	2	76116
152.25	0.25	1	2	76125
152.266	0.25	0	1	76133
152.282	0.25	0	1	76141
152.3	0.25	1	2	76150
152.316	0.25	1	2	76158
152.332	0.25	1	2	76166
152.35	0.25	1	2	76175
152.366	0.25	0	1	76183
152.382	0.25	0	1	76191
152.4	0.25	1	2	76200
152.416	0.25	1	2	76208
152.432	0.25	1	2	76216
152.45	0.25	1	2	76225
152.466	0.25	0	1	76233
152.482	0.25	0	1	76241
152.5	0.25	1	2	76250
152.516	0.25	1	2	76258
152.532	0.25	1	2	76266
152.55	0.25	1	2	76275
152.566	0.25	0	1	76283
152.582	0.25	0	1	76291
152.6	0.25	0	1	76300
152.616	0.25	0	1	76308
152.632	0.25	0	1	76316
152.65	0.25	0	1	76325
152.666	0.25	1	2	76333
152.682	0.25	1	2	76341
152.7	0.25	1	2	76350
152.716	0.25	1	2	76358
152.732	0.25	1	2	76366
152.75	0.25	1	2	76375
152.766	0.25	0	1	76383
152.782	0.25	0	1	76391
152.8	0.25	0	1	76400
152.816	0.25	0	1	76408
152.832	0.25	0	1	76416
152.85	0.25	0	1	76425
152.866	0.25	1	2	76433
152.882	0.25	1	2	76441
152.9	0.25	1	2	76450
152.916	0.25	1	2	76458
152.932	0.25	1	2	76466
152.95	0.25	1	2	76475
152.966	0.25	1	2	76483
152.982	0.25	1	2	76491
153.0	0.25	1	2	76500
153.016	0.25	1	2	76508
153.032	0.25	0	1	76516
153.05	0.25	0	1	76525
153.066	0.25	0	1	76533
153.082	0.25	0	1	76541
153.1	0.25	1	2	76550
153.116	0.25	1	2	76558
153.132	0.25	0	1	76566
153.15	0.25	0	1	76575
153.166	0.25	1	2	76583
153.182	0.25	1	2	76591
153.2	0.25	0	1	76600
153.216	0.25	0	1	76608
153.232	0.25	0	1	76616
153.25	0.25	0	1	76625
153.266	0.25	1	2	76633
153.282	0.25	1	2	76641
153.3	0.25	1	2	76650
153.316	0.25	1	2	76658
153.332	0.25	0	1	76666
153.35	0.25	0	1	76675
153.366	0.25	0	1	76683
153.382	0.25	0	1	76691
153.4	0.25	0	1	76700
153.416	0.25	0	1	76708
153.432	0.25	0	1	76716
153.45	0.25	0	1	76725
153.466	0.25	1	2	76733
153.482	0.25	1	2	76741
153.5	0.25	0	1	76750
153.516	0.25	0	1	76758
153.532	0.25	0	1	76766
153.55	0.25	0	1	76775
153.566	0.25	0	1	76783
153.582	0.25	0	1	76791
153.6	0.25	0	1	76800
153.616	0.25	0	1	76808
153.632	0.25	1	2	76816
153.65	0.25	1	2	76825
153.666	0.25	1	2	76833
153.682	0.25	1	2	76841
153.7	0.25	1	2	76850
153.716	0.25	1	2	76858
153.732	0.25	1	2	76866
153.75	0.25	1	2	76875
153.766	0.25	1	2	76883
153.782	0.25	1	2	76891
153.8	0.25	1	2	76900
153.816	0.25	1	2	76908
153.832	0.25	0	1	76916
153.85	0.25	0	1	76925
153.866	0.25	1	2	76933
153.882	0.25	1	2	76941
153.9	0.25	0	1	76950
153.916	0.25	0	1	76958
153.932	0.25	1	2	76966
153.95	0.25	1	2	76975
153.966	0.25	0	1	76983
153.982	0.25	0	1	76991
154.0	0.25	0	1	77000
154.016	0.25	0	1	77008
154.032	0.25	1	2	77016
154.05	0.25	1	2	77025
154.066	0.25	1	2	77033
154.082	0.25	1	2	77041
154.1	0.25	0	1	77050
154.116	0.25	0	1	77058
154.132	0.25	0	1	77066
156.4	0.25	1	2	78200
156.416	0.25	1	2	78208
156.432	0.25	1	2	78216
156.45	0.25	1	2	78225
156.466	0.25	0	1	78233
156.482	0.25	0	1	78241
156.5	0.25	0	1	78250
156.516	0.25	0	1	78258
156.532	0.25	0	1	78266
156.55	0.25	0	1	78275
156.566	0.25	0	1	78283
156.582	0.25	0	1	78291
156.6	0.25	1	2	78300
156.616	0.25	1	2	78308
156.632	0.25	0	1	78316
156.65	0.25	0	1	78325
156.666	0.25	0	1	78333
156.682	0.25	0	1	78341
156.7	0.25	1	2	78350
156.716	0.25	1	2	78358
156.732	0.25	1	2	78366
156.75	0.25	1	2	78375
156.766	0.25	0	1	78383
156.782	0.25	0	1	78391
156.8	0.25	0	1	78400
156.816	0.25	0	1	78408
156.832	0.25	0	1	78416
156.85	0.25	0	1	78425
156.866	0.25	0	1	78433
156.882	0.25	0	1	78441
156.9	0.25	0	1	78450
156.916	0.25	0	1	78458
156.932	0.25	0	1	78466
156.95	0.25	0	1	78475
156.966	0.25	1	2	78483
156.982	0.25	1	2	78491
157.0	0.25	0	1	78500
157.016	0.25	0	1	78508
157.032	0.25	1	2	78516
157.05	0.25	1	2	78525
157.066	0.25	1	2	78533
157.082	0.25	1	2	78541
157.1	0.25	0	1	78550
157.116	0.25	0	1	78558
157.132	0.25	1	2	78566
157.15	0.25	1	2	78575
157.166	0.25	0	1	78583
157.182	0.25	0	1	78591
157.2	0.25	1	2	78600
157.216	0.25	1	2	78608
157.232	0.25	0	1	78616
157.25	0.25	0	1	78625
157.266	0.25	1	2	78633
157.282	0.25	1	2	78641
157.3	0.25	0	1	78650
157.316	0.25	0	1	78658
157.332	0.25	0	1	78666
157.35	0.25	0	1	78675
157.366	0.25	0	1	78683
157.382	0.25	0	1	78691
157.4	0.25	1	2	78700
157.416	0.25	1	2	78708
157.432	0.25	1	2	78716
157.45	0.25	1	2	78725
157.466	0.25	1	2	78733
157.482	0.25	1	2	78741
157.5	0.25	0	1	78750
157.516	0.25	0	1	78758
157.532	0.25	1	2	78766
157.55	0.25	1	2	78775
157.566	0.25	1	2	78783
157.582	0.25	1	2	78791
157.6	0.25	1	2	78800
157.616	0.25	1	2	78808
157.632	0.25	0	1	78816
157.65	0.25	0	1	78825
157.666	0.25	1	2	78833
157.682	0.25	1	2	78841
157.7	0.25	0	1	78850
157.716	0.25	0	1	78858
157.732	0.25	1	2	78866
157.75	0.25	1	2	78875
157.766	0.25	1	2	78883
157.782	0.25	1	2	78891
157.8	0.25	0	1	78900
157.816	0.25	0	1	78908
157.832	0.25	0	1	78916
157.85	0.25	0	1	78925
157.866	0.25	0	1	78933
157.882	0.25	0	1	78941
157.9	0.25	1	2	78950
157.916	0.25	1	2	78958
157.932	0.25	1	2	78966
157.95	0.25	1	2	78975
157.966	0.25	0	1	78983
157.982	0.25	0	1	78991
158.0	0.25	1	2	79000
158.016	0.25	1	2	79008
158.032	0.25	1	2	79016
158.05	0.25	1	2	79025
158.066	0.25	1	2	79033
158.082	0.25	1	2	79041
158.1	0.25	0	1	79050
158.116	0.25	0	1	79058
158.132	0.25	0	1	79066
158.15	0.25	0	1	79075
158.166	0.25	0	1	79083
158.182	0.25	0	1	79091
158.2	0.25	0	1	79100
158.216	0.25	0	1	79108
158.232	0.25	0	1	79116
158.25	0.25	0	1	79125
158.266	0.25	1	2	79133
158.282	0.25	1	2	79141
158.3	0.25	1	2	79150
158.316	0.25	1	2	79158
158.332	0.25	1	2	79166
159.832	0.25	0	1	79916
159.85	0.25	0	1	79925
159.866	0.25	0	1	79933
159.882	0.25	0	1	79941
159.9	0.25	1	2	79950
159.916	0.25	1	2	79958
159.932	0.25	1	2	79966
159.95	0.25	1	2	79975
159.966	0.25	0	1	79983
159.982	0.25	0	1	79991
160.0	0.25	0	1	80000
160.016	0.25	0	1	80008
160.032	0.25	0	1	80016
160.05	0.25	0	1	80025
160.066	0.25	0	1	80033
160.082	0.25	0	1	80041
160.1	0.25	1	2	80050
160.116	0.25	1	2	80058
160.132	0.25	1	2	80066
160.15	0.25	1	2	80075
160.166	0.25	1	2	80083
160.182	0.25	1	2	80091
160.2	0.25	1	2	80100
160.216	0.25	1	2	80108
160.232	0.25	1	2	80116
160.25	0.25	1	2	80125
160.266	0.25	0	1	80133
160.282	0.25	0	1	80141
160.3	0.25	0	1	80150
160.316	0.25	0	1	80158
160.332	0.25	0	1	80166
160.35	0.25	0	1	80175
160.366	0.25	0	1	80183
160.382	0.25	0	1	80191
160.4	0.25	0	1	80200
160.416	0.25	0	1	80208
160.432	0.25	0	1	80216
160.45	0.25	0	1	80225
160.466	0.25	1	2	80233
160.482	0.25	1	2	80241
160.5	0.25	1	2	80250
160.516	0.25	1	2	80258
160.532	0.25	0	1	80266
160.55	0.25	0	1	80275
160.566	0.25	0	1	80283
160.582	0.25	0	1	80291
160.6	0.25	1	2	80300
160.616	0.25	1	2	80308
160.632	0.25	0	1	80316
160.65	0.25	0	1	80325
160.666	0.25	1	2	80333
160.682	0.25	1	2	80341
160.7	0.25	0	1	80350
160.716	0.25	0	1	80358
160.732	0.25	1	2	80366
160.75	0.25	1	2	80375
160.766	0.25	0	1	80383
160.782	0.25	0	1	80391
160.8	0.25	1	2	80400
160.816	0.25	1	2	80408
160.832	0.25	1	2	80416
160.85	0.25	1	2	80425
160.866	0.25	0	1	80433
160.882	0.25	0	1	80441
160.9	0.25	1	2	80450
160.916	0.25	1	2	80458
160.932	0.25	0	1	80466
160.95	0.25	0	1	80475
160.966	0.25	0	1	80483
160.982	0.25	0	1	80491
161.0	0.25	0	1	80500
161.016	0.25	0	1	80508
161.032	0.25	1	2	80516
161.05	0.25	1	2	80525
161.066	0.25	0	1	80533
161.082	0.25	0	1	80541
161.1	0.25	0	1	80550
161.116	0.25	0	1	80558
161.132	0.25	0	1	80566
161.15	0.25	0	1	80575
161.166	0.25	1	2	80583
161.182	0.25	1	2	80591
161.2	0.25	1	2	80600
161.216	0.25	1	2	80608
161.232	0.25	1	2	80616
161.25	0.25	1	2	80625
161.266	0.25	0	1	80633
161.282	0.25	0	1	80641
161.3	0.25	1	2	80650
161.316	0.25	1	2	80658
161.332	0.25	0	1	80666
161.35	0.25	0	1	80675
161.366	0.25	1	2	80683
161.382	0.25	1	2	80691
161.4	0.25	1	2	80700
161.416	0.25	1	2	80708
161.432	0.25	1	2	80716
161.45	0.25	1	2	80725
161.466	0.25	1	2	80733
161.482	0.25	1	2	80741
161.5	0.25	1	2	80750
161.516	0.25	1	2	80758
161.532	0.25	0	1	80766
161.55	0.25	0	1	80775
161.566	0.25	0	1	80783
161.582	0.25	0	1	80791
161.6	0.25	1	2	80800
161.616	0.25	1	2	80808
161.632	0.25	0	1	80816
161.65	0.25	0	1	80825
161.666	0.25	0	1	80833
161.682	0.25	0	1	80841
161.7	0.25	0	1	80850
161.716	0.25	0	1	80858
161.732	0.25	1	2	80866
161.75	0.25	1	2	80875
161.766	0.25	1	2	80883
163.25	0.25	1	2	81625
163.266	0.25	1	2	81633
163.282	0.25	1	2	81641
163.3	0.25	1	2	81650
163.316	0.25	1	2	81658
163.332	0.25	1	2	81666
163.35	0.25	1	2	81675
163.366	0.25	1	2	81683
163.382	0.25	1	2	81691
163.4	0.25	1	2	81700
163.416	0.25	1	2	81708
163.432	0.25	1	2	81716
163.45	0.25	1	2	81725
163.466	0.25	1	2	81733
163.482	0.25	0	1	81741
163.5	0.25	0	1	81750
163.516	0.25	0	1	81758
163.532	0.25	0	1	81766
163.55	0.25	1	2	81775
163.566	0.25	1	2	81783
163.582	0.25	1	2	81791
163.6	0.25	1	2	81800
163.616	0.25	0	1	81808
163.632	0.25	0	1	81816
163.65	0.25	0	1	81825
163.666	0.25	0	1	81833
163.682	0.25	1	2	81841
163.7	0.25	1	2	81850
163.716	0.25	1	2	81858
163.732	0.25	1	2	81866
163.75	0.25	0	1	81875
163.766	0.25	0	1	81883
163.782	0.25	0	1	81891
163.8	0.25	0	1	81900
163.816	0.25	1	2	81908
163.832	0.25	1	2	81916
163.85	0.25	0	1	81925
163.866	0.25	0	1	81933
163.882	0.25	1	2	81941
163.9	0.25	1	2	81950
163.916	0.25	1	2	81958
163.932	0.25	1	2	81966
163.95	0.25	0	1	81975
163.966	0.25	0	1	81983
163.982	0.25	1	2	81991
164.0	0.25	1	2	82000
164.016	0.25	0	1	82008
164.032	0.25	0	1	82016
164.05	0.25	0	1	82025
164.066	0.25	0	1	82033
164.082	0.25	1	2	82041
164.1	0.25	1	2	82050
164.116	0.25	0	1	82058
164.132	0.25	0	1	82066
164.15	0.25	1	2	82075
164.166	0.25	1	2	82083
164.182	0.25	1	2	82091
164.2	0.25	1	2	82100
164.216	0.25	1	2	82108
164.232	0.25	1	2	82116
164.25	0.25	0	1	82125
164.266	0.25	0	1	82133
164.282	0.25	0	1	82141
164.3	0.25	0	1	82150
164.316	0.25	0	1	82158
164.332	0.25	0	1	82166
164.35	0.25	1	2	82175
164.366	0.25	1	2	82183
164.382	0.25	0	1	82191
164.4	0.25	0	1	82200
164.416	0.25	1	2	82208
164.432	0.25	1	2	82216
164.45	0.25	1	2	82225
164.466	0.25	1	2	82233
164.482	0.25	1	2	82241
164.5	0.25	1	2	82250
164.516	0.25	0	1	82258
164.532	0.25	0	1	82266
164.55	0.25	0	1	82275
164.566	0.25	0	1	82283
164.582	0.25	1	2	82291
164.6	0.25	1	2	82300
164.616	0.25	0	1	82308
164.632	0.25	0	1	82316
164.65	0.25	1	2	82325
164.666	0.25	1	2	82333
164.682	0.25	0	1	82341
164.7	0.25	0	1	82350
164.716	0.25	0	1	82358
164.732	0.25	0	1	82366
164.75	0.25	0	1	82375
164.766	0.25	0	1	82383
164.782	0.25	1	2	82391
164.8	0.25	1	2	82400
164.816	0.25	1	2	82408
164.832	0.25	1	2	82416
164.85	0.25	0	1	82425
164.866	0.25	0	1	82433
164.882	0.25	1	2	82441
164.9	0.25	1	2	82450
164.916	0.25	0	1	82458
164.932	0.25	0	1	82466
164.95	0.25	0	1	82475
164.966	0.25	0	1	82483
164.982	0.25	0	1	82491
165.0	0.25	0	1	82500
165.016	0.25	1	2	82508
165.032	0.25	1	2	82516
165.05	0.25	0	1	82525
165.066	0.25	0	1	82533
165.082	0.25	1	2	82541
165.1	0.25	1	2	82550
165.116	0.25	0	1	82558
165.132	0.25	0	1	82566
165.15	0.25	0	1	82575
165.166	0.25	0	1	82583
165.182	0.25	1	2	82591
166.65	0.25	1	2	83325
166.666	0.25	1	2	83333
166.682	0.25	1	2	83341
166.7	0.25	1	2	83350
166.716	0.25	0	1	83358
166.732	0.25	0	1	83366
166.75	0.25	1	2	83375
166.766	0.25	1	2	83383
166.782	0.25	1	2	83391
166.8	0.25	1	2	83400
166.816	0.25	0	1	83408
166.832	0.25	0	1	83416
166.85	0.25	1	2	83425
166.866	0.25	1	2	83433
166.882	0.25	1	2	83441
166.9	0.25	1	2	83450
166.916	0.25	0	1	83458
166.932	0.25	0	1	83466
166.95	0.25	1	2	83475
166.966	0.25	1	2	83483
166.982	0.25	1	2	83491
167.0	0.25	1	2	83500
167.016	0.25	0	1	83508
167.032	0.25	0	1	83516
167.05	0.25	0	1	83525
167.066	0.25	0	1	83533
167.082	0.25	0	1	83541
167.1	0.25	0	1	83550
167.116	0.25	1	2	83558
167.132	0.25	1	2	83566
167.15	0.25	1	2	83575
167.166	0.25	1	2	83583
167.182	0.25	1	2	83591
167.2	0.25	1	2	83600
167.216	0.25	0	1	83608
167.232	0.25	0	1	83616
167.25	0.25	0	1	83625
167.266	0.25	0	1	83633
167.282	0.25	0	1	83641
167.3	0.25	0	1	83650
167.316	0.25	1	2	83658
167.332	0.25	1	2	83666
167.35	0.25	1	2	83675
167.366	0.25	1	2	83683
167.382	0.25	1	2	83691
167.4	0.25	1	2	83700
167.416	0.25	1	2	83708
167.432	0.25	1	2	83716
167.45	0.25	1	2	83725
167.466	0.25	1	2	83733
167.482	0.25	0	1	83741
167.5	0.25	0	1	83750
167.516	0.25	0	1	83758
167.532	0.25	0	1	83766
167.55	0.25	1	2	83775
167.566	0.25	1	2	83783
167.582	0.25	0	1	83791
167.6	0.25	0	1	83800
167.616	0.25	1	2	83808
167.632	0.25	1	2	83816
167.65	0.25	0	1	83825
167.666	0.25	0	1	83833
167.682	0.25	0	1	83841
167.7	0.25	0	1	83850
167.716	0.25	1	2	83858
167.732	0.25	1	2	83866
167.75	0.25	1	2	83875
167.766	0.25	1	2	83883
167.782	0.25	0	1	83891
167.8	0.25	0	1	83900
167.816	0.25	0	1	83908
167.832	0.25	0	1	83916
167.85	0.25	0	1	83925
167.866	0.25	0	1	83933
167.882	0.25	0	1	83941
167.9	0.25	0	1	83950
167.916	0.25	1	2	83958
167.932	0.25	1	2	83966
167.95	0.25	0	1	83975
167.966	0.25	0	1	83983
167.982	0.25	0	1	83991
168.0	0.25	0	1	84000
168.016	0.25	0	1	84008
168.032	0.25	0	1	84016
168.05	0.25	0	1	84025
168.066	0.25	0	1	84033
168.082	0.25	1	2	84041
168.1	0.25	1	2	84050
168.116	0.25	1	2	84058
168.132	0.25	1	2	84066
168.15	0.25	1	2	84075
168.166	0.25	1	2	84083
168.182	0.25	1	2	84091
168.2	0.25	1	2	84100
168.216	0.25	1	2	84108
168.232	0.25	1	2	84116
168.25	0.25	1	2	84125
168.266	0.25	1	2	84133
168.282	0.25	0	1	84141
168.3	0.25	0	1	84150
168.316	0.25	1	2	84158
168.332	0.25	1	2	84166
168.35	0.25	0	1	84175
168.366	0.25	0	1	84183
168.382	0.25	1	2	84191
168.4	0.25	1	2	84200
168.416	0.25	0	1	84208
168.432	0.25	0	1	84216
168.45	0.25	0	1	84225
168.466	0.25	0	1	84233
168.482	0.25	1	2	84241
168.5	0.25	1	2	84250
168.516	0.25	1	2	84258
168.532	0.25	1	2	84266
168.55	0.25	0	1	84275
168.566	0.25	0	1	84283
168.582	0.25	0	1	84291
171.15	0.25	1	2	85575
171.166	0.25	1	2	85583
171.182	0.25	1	2	85591
171.2	0.25	1	2	85600
171.216	0.25	0	1	85608
171.232	0.25	0	1	85616
171.25	0.25	1	2	85625
171.266	0.25	1	2	85633
171.282	0.25	1	2	85641
171.3	0.25	1	2	85650
171.316	0.25	0	1	85658
171.332	0.25	0	1	85666
171.35	0.25	1	2	85675
171.366	0.25	1	2	85683
171.382	0.25	1	2	85691
171.4	0.25	1	2	85700
171.416	0.25	0	1	85708
171.432	0.25	0	1	85716
171.45	0.25	1	2	85725
171.466	0.25	1	2	85733
171.482	0.25	1	2	85741
171.5	0.25	1	2	85750
171.516	0.25	0	1	85758
171.532	0.25	0	1	85766
171.55	0.25	0	1	85775
171.566	0.25	0	1	85783
171.582	0.25	0	1	85791
171.6	0.25	0	1	85800
171.616	0.25	1	2	85808
171.632	0.25	1	2	85816
171.65	0.25	1	2	85825
171.666	0.25	1	2	85833
171.682	0.25	1	2	85841
171.7	0.25	1	2	85850
171.716	0.25	0	1	85858
171.732	0.25	0	1	85866
171.75	0.25	0	1	85875
171.766	0.25	0	1	85883
171.782	0.25	0	1	85891
171.8	0.25	0	1	85900
171.816	0.25	1	2	85908
171.832	0.25	1	2	85916
171.85	0.25	1	2	85925
171.866	0.25	1	2	85933
171.882	0.25	1	2	85941
171.9	0.25	1	2	85950
171.916	0.25	1	2	85958
171.932	0.25	1	2	85966
171.95	0.25	1	2	85975
171.966	0.25	1	2	85983
171.982	0.25	0	1	85991
172.0	0.25	0	1	86000
172.016	0.25	0	1	86008
172.032	0.25	0	1	86016
172.05	0.25	1	2	86025
172.066	0.25	1	2	86033
172.082	0.25	0	1	86041
172.1	0.25	0	1	86050
172.116	0.25	1	2	86058
172.132	0.25	1	2	86066
172.15	0.25	0	1	86075
172.166	0.25	0	1	86083
172.182	0.25	0	1	86091
172.2	0.25	0	1	86100
172.216	0.25	1	2	86108
172.232	0.25	1	2	86116
172.25	0.25	1	2	86125
172.266	0.25	1	2	86133
172.282	0.25	0	1	86141
172.3	0.25	0	1	86150
172.316	0.25	0	1	86158
172.332	0.25	0	1	86166
172.35	0.25	0	1	86175
172.366	0.25	0	1	86183
172.382	0.25	0	1	86191
172.4	0.25	0	1	86200
172.416	0.25	1	2	86208
172.432	0.25	1	2	86216
172.45	0.25	0	1	86225
172.466	0.25	0	1	86233
172.482	0.25	0	1	86241
172.5	0.25	0	1	86250
172.516	0.25	0	1	86258
172.532	0.25	0	1	86266
172.55	0.25	0	1	86275
172.566	0.25	0	1	86283
172.582	0.25	1	2	86291
172.6	0.25	1	2	86300
172.616	0.25	1	2	86308
172.632	0.25	1	2	86316
172.65	0.25	1	2	86325
172.666	0.25	1	2	86333
172.682	0.25	1	2	86341
172.7	0.25	1	2	86350
172.716	0.25	1	2	86358
172.732	0.25	1	2	86366
172.75	0.25	1	2	86375
172.766	0.25	1	2	86383
172.782	0.25	0	1	86391
172.8	0.25	0	1	86400
172.816	0.25	1	2	86408
172.832	0.25	1	2	86416
172.85	0.25	0	1	86425
172.866	0.25	0	1	86433
172.882	0.25	1	2	86441
172.9	0.25	1	2	86450
172.916	0.25	0	1	86458
172.932	0.25	0	1	86466
172.95	0.25	0	1	86475
172.966	0.25	0	1	86483
172.982	0.25	1	2	86491
173.0	0.25	1	2	86500
173.016	0.25	1	2	86508
173.032	0.25	1	2	86516
173.05	0.25	0	1	86525
173.066	0.25	0	1	86533
173.082	0.25	0	1	86541
174.582	0.25	0	1	87291
174.6	0.25	0	1	87300
174.616	0.25	0	1	87308
174.632	0.25	0	1	87316
174.65	0.25	1	2	87325
174.666	0.25	1	2	87333
174.682	0.25	1	2	87341
174.7	0.25	1	2	87350
174.716	0.25	0	1	87358
174.732	0.25	0	1	87366
174.75	0.25	0	1	87375
174.766	0.25	0	1	87383
174.782	0.25	0	1	87391
174.8	0.25	0	1	87400
174.816	0.25	0	1	87408
174.832	0.25	0	1	87416
174.85	0.25	1	2	87425
174.866	0.25	1	2	87433
174.882	0.25	1	2	87441
174.9	0.25	1	2	87450
174.916	0.25	1	2	87458
174.932	0.25	1	2	87466
174.95	0.25	1	2	87475
174.966	0.25	1	2	87483
174.982	0.25	1	2	87491
175.0	0.25	1	2	87500
175.016	0.25	0	1	87508
175.032	0.25	0	1	87516
175.05	0.25	0	1	87525
175.066	0.25	0	1	87533
175.082	0.25	0	1	87541
175.1	0.25	0	1	87550
175.116	0.25	0	1	87558
175.132	0.25	0	1	87566
175.15	0.25	0	1	87575
175.166	0.25	0	1	87583
175.182	0.25	0	1	87591
175.2	0.25	0	1	87600
175.216	0.25	1	2	87608
175.232	0.25	1	2	87616
175.25	0.25	1	2	87625
175.266	0.25	1	2	87633
175.282	0.25	0	1	87641
175.3	0.25	0	1	87650
175.316	0.25	0	1	87658
175.332	0.25	0	1	87666
175.35	0.25	1	2	87675
175.366	0.25	1	2	87683
175.382	0.25	0	1	87691
175.4	0.25	0	1	87700
175.416	0.25	1	2	87708
175.432	0.25	1	2	87716
175.45	0.25	0	1	87725
175.466	0.25	0	1	87733
175.482	0.25	1	2	87741
175.5	0.25	1	2	87750
175.516	0.25	0	1	87758
175.532	0.25	0	1	87766
175.55	0.25	1	2	87775
175.566	0.25	1	2	87783
175.582	0.25	1	2	87791
175.6	0.25	1	2	87800
175.616	0.25	0	1	87808
175.632	0.25	0	1	87816
175.65	0.25	1	2	87825
175.666	0.25	1	2	87833
175.682	0.25	0	1	87841
175.7	0.25	0	1	87850
175.716	0.25	0	1	87858
175.732	0.25	0	1	87866
175.75	0.25	0	1	87875
175.766	0.25	0	1	87883
175.782	0.25	1	2	87891
175.8	0.25	1	2	87900
175.816	0.25	0	1	87908
175.832	0.25	0	1	87916
175.85	0.25	0	1	87925
175.866	0.25	0	1	87933
175.882	0.25	0	1	87941
175.9	0.25	0	1	87950
175.916	0.25	1	2	87958
175.932	0.25	1	2	87966
175.95	0.25	1	2	87975
175.966	0.25	1	2	87983
175.982	0.25	1	2	87991
176.0	0.25	1	2	88000
176.016	0.25	0	1	88008
176.032	0.25	0	1	88016
176.05	0.25	1	2	88025
176.066	0.25	1	2	88033
176.082	0.25	0	1	88041
176.1	0.25	0	1	88050
176.116	0.25	1	2	88058
176.132	0.25	1	2	88066
176.15	0.25	1	2	88075
176.166	0.25	1	2	88083
176.182	0.25	1	2	88091
176.2	0.25	1	2	88100
176.216	0.25	1	2	88108
176.232	0.25	1	2	88116
176.25	0.25	1	2	88125
176.266	0.25	1	2	88133
176.282	0.25	0	1	88141
176.3	0.25	0	1	88150
176.316	0.25	0	1	88158
176.332	0.25	0	1	88166
176.35	0.25	1	2	88175
176.366	0.25	1	2	88183
176.382	0.25	0	1	88191
176.4	0.25	0	1	88200
176.416	0.25	0	1	88208
176.432	0.25	0	1	88216
176.45	0.25	0	1	88225
176.466	0.25	0	1	88233
176.482	0.25	1	2	88241
176.5	0.25	1	2	88250
176.516	0.25	1	2	88258
178.0	0.25	1	2	89000
178.016	0.25	1	2	89008
178.032	0.25	1	2	89016
178.05	0.25	1	2	89025
178.066	0.25	1	2	89033
178.082	0.25	1	2	89041
178.1	0.25	1	2	89050
178.116	0.25	1	2	89058
178.132	0.25	1	2	89066
178.15	0.25	1	2	89075
178.166	0.25	1	2	89083
178.182	0.25	1	2	89091
178.2	0.25	1	2	89100
178.216	0.25	1	2	89108
178.232	0.25	0	1	89116
178.25	0.25	0	1	89125
178.266	0.25	0	1	89133
178.282	0.25	0	1	89141
178.3	0.25	1	2	89150
178.316	0.25	1	2	89158
178.332	0.25	1	2	89166
178.35	0.25	1	2	89175
178.366	0.25	0	1	89183
178.382	0.25	0	1	89191
178.4	0.25	0	1	89200
178.416	0.25	0	1	89208
178.432	0.25	1	2	89216
178.45	0.25	1	2	89225
178.466	0.25	1	2	89233
178.482	0.25	1	2	89241
178.5	0.25	0	1	89250
178.516	0.25	0	1	89258
178.532	0.25	0	1	89266
178.55	0.25	0	1	89275
178.566	0.25	1	2	89283
178.582	0.25	1	2	89291
178.6	0.25	0	1	89300
178.616	0.25	0	1	89308
178.632	0.25	1	2	89316
178.65	0.25	1	2	89325
178.666	0.25	1	2	89333
178.682	0.25	1	2	89341
178.7	0.25	0	1	89350
178.716	0.25	0	1	89358
178.732	0.25	1	2	89366
178.75	0.25	1	2	89375
178.766	0.25	0	1	89383
178.782	0.25	0	1	89391
178.8	0.25	0	1	89400
178.816	0.25	0	1	89408
178.832	0.25	1	2	89416
178.85	0.25	1	2	89425
178.866	0.25	0	1	89433
178.882	0.25	0	1	89441
178.9	0.25	1	2	89450
178.916	0.25	1	2	89458
178.932	0.25	1	2	89466
178.95	0.25	1	2	89475
178.966	0.25	1	2	89483
178.982	0.25	1	2	89491
179.0	0.25	0	1	89500
179.016	0.25	0	1	89508
179.032	0.25	0	1	89516
179.05	0.25	0	1	89525
179.066	0.25	0	1	89533
179.082	0.25	0	1	89541
179.1	0.25	1	2	89550
179.116	0.25	1	2	89558
179.132	0.25	0	1	89566
179.15	0.25	0	1	89575
179.166	0.25	1	2	89583
179.182	0.25	1	2	89591
179.2	0.25	1	2	89600
179.216	0.25	1	2	89608
179.232	0.25	1	2	89616
179.25	0.25	1	2	89625
179.266	0.25	0	1	89633
179.282	0.25	0	1	89641
179.3	0.25	0	1	89650
179.316	0.25	0	1	89658
179.332	0.25	1	2	89666
179.35	0.25	1	2	89675
179.366	0.25	0	1	89683
179.382	0.25	0	1	89691
179.4	0.25	1	2	89700
179.416	0.25	1	2	89708
179.432	0.25	0	1	89716
179.45	0.25	0	1	89725
179.466	0.25	0	1	89733
179.482	0.25	0	1	89741
179.5	0.25	0	1	89750
179.516	0.25	0	1	89758
179.532	0.25	1	2	89766
179.55	0.25	1	2	89775
179.566	0.25	1	2	89783
179.582	0.25	1	2	89791
179.6	0.25	0	1	89800
179.616	0.25	0	1	89808
179.632	0.25	1	2	89816
179.65	0.25	1	2	89825
179.666	0.25	0	1	89833
179.682	0.25	0	1	89841
179.7	0.25	0	1	89850
179.716	0.25	0	1	89858
179.732	0.25	0	1	89866
179.75	0.25	0	1	89875
179.766	0.25	1	2	89883
179.782	0.25	1	2	89891
179.8	0.25	0	1	89900
179.816	0.25	0	1	89908
179.832	0.25	1	2	89916
179.85	0.25	1	2	89925
179.866	0.25	0	1	89933
179.882	0.25	0	1	89941
179.9	0.25	0	1	89950
179.916	0.25	0	1	89958
179.932	0.25	1	2	89966
181.4	0.25	1	2	90700
181.416	0.25	1	2	90708
181.432	0.25	1	2	90716
181.45	0.25	1	2	90725
181.466	0.25	0	1	90733
181.482	0.25	0	1	90741
181.5	0.25	0	1	90750
181.516	0.25	0	1	90758
181.532	0.25	0	1	90766
181.55	0.25	0	1	90775
181.566	0.25	0	1	90783
181.582	0.25	0	1	90791
181.6	0.25	1	2	90800
181.616	0.25	1	2	90808
181.632	0.25	0	1	90816
181.65	0.25	0	1	90825
181.666	0.25	0	1	90833
181.682	0.25	0	1	90841
181.7	0.25	1	2	90850
181.716	0.25	1	2	90858
181.732	0.25	1	2	90866
181.75	0.25	1	2	90875
181.766	0.25	0	1	90883
181.782	0.25	0	1	90891
181.8	0.25	0	1	90900
181.816	0.25	0	1	90908
181.832	0.25	0	1	90916
181.85	0.25	0	1	90925
181.866	0.25	0	1	90933
181.882	0.25	0	1	90941
181.9	0.25	0	1	90950
181.916	0.25	0	1	90958
181.932	0.25	0	1	90966
181.95	0.25	0	1	90975
181.966	0.25	1	2	90983
181.982	0.25	1	2	90991
182.0	0.25	0	1	91000
182.016	0.25	0	1	91008
182.032	0.25	1	2	91016
182.05	0.25	1	2	91025
182.066	0.25	1	2	91033
182.082	0.25	1	2	91041
182.1	0.25	0	1	91050
182.116	0.25	0	1	91058
182.132	0.25	1	2	91066
182.15	0.25	1	2	91075
182.166	0.25	0	1	91083
182.182	0.25	0	1	91091
182.2	0.25	1	2	91100
182.216	0.25	1	2	91108
182.232	0.25	0	1	91116
182.25	0.25	0	1	91125
182.266	0.25	1	2	91133
182.282	0.25	1	2	91141
182.3	0.25	0	1	91150
182.316	0.25	0	1	91158
182.332	0.25	0	1	91166
182.35	0.25	0	1	91175
182.366	0.25	0	1	91183
182.382	0.25	0	1	91191
182.4	0.25	1	2	91200
182.416	0.25	1	2	91208
182.432	0.25	1	2	91216
182.45	0.25	1	2	91225
182.466	0.25	1	2	91233
182.482	0.25	1	2	91241
182.5	0.25	0	1	91250
182.516	0.25	0	1	91258
182.532	0.25	1	2	91266
182.55	0.25	1	2	91275
182.566	0.25	1	2	91283
182.582	0.25	1	2	91291
182.6	0.25	1	2	91300
182.616	0.25	1	2	91308
182.632	0.25	0	1	91316
182.65	0.25	0	1	91325
182.666	0.25	1	2	91333
182.682	0.25	1	2	91341
182.7	0.25	0	1	91350
182.716	0.25	0	1	91358
182.732	0.25	1	2	91366
182.75	0.25	1	2	91375
182.766	0.25	1	2	91383
182.782	0.25	1	2	91391
182.8	0.25	0	1	91400
182.816	0.25	0	1	91408
182.832	0.25	0	1	91416
182.85	0.25	0	1	91425
182.866	0.25	0	1	91433
182.882	0.25	0	1	91441
182.9	0.25	1	2	91450
182.916	0.25	1	2	91458
182.932	0.25	1	2	91466
182.95	0.25	1	2	91475
182.966	0.25	0	1	91483
182.982	0.25	0	1	91491
183.0	0.25	1	2	91500
183.016	0.25	1	2	91508
183.032	0.25	1	2	91516
183.05	0.25	1	2	91525
183.066	0.25	1	2	91533
183.082	0.25	1	2	91541
183.1	0.25	0	1	91550
183.116	0.25	0	1	91558
183.132	0.25	0	1	91566
183.15	0.25	0	1	91575
183.166	0.25	0	1	91583
183.182	0.25	0	1	91591
183.2	0.25	0	1	91600
183.216	0.25	0	1	91608
183.232	0.25	0	1	91616
183.25	0.25	0	1	91625
183.266	0.25	1	2	91633
183.282	0.25	1	2	91641
183.3	0.25	1	2	91650
183.316	0.25	1	2	91658
183.332	0.25	1	2	91666
185.8	0.25	0	1	92900
185.816	0.25	0	1	92908
185.832	0.25	0	1	92916
185.85	0.25	0	1	92925
185.866	0.25	1	2	92933
185.882	0.25	1	2	92941
185.9	0.25	1	2	92950
185.916	0.25	1	2	92958
185.932	0.25	0	1	92966
185.95	0.25	0	1	92975
185.966	0.25	0	1	92983
185.982	0.25	0	1	92991
186.0	0.25	0	1	93000
186.016	0.25	0	1	93008
186.032	0.25	0	1	93016
186.05	0.25	0	1	93025
186.066	0.25	1	2	93033
186.082	0.25	1	2	93041
186.1	0.25	1	2	93050
186.116	0.25	1	2	93058
186.132	0.25	1	2	93066
186.15	0.25	1	2	93075
186.166	0.25	1	2	93083
186.182	0.25	1	2	93091
186.2	0.25	1	2	93100
186.216	0.25	1	2	93108
186.232	0.25	0	1	93116
186.25	0.25	0	1	93125
186.266	0.25	0	1	93133
186.282	0.25	0	1	93141
186.3	0.25	0	1	93150
186.316	0.25	0	1	93158
186.332	0.25	0	1	93166
186.35	0.25	0	1	93175
186.366	0.25	0	1	93183
186.382	0.25	0	1	93191
186.4	0.25	0	1	93200
186.416	0.25	0	1	93208
186.432	0.25	1	2	93216
186.45	0.25	1	2	93225
186.466	0.25	1	2	93233
186.482	0.25	1	2	93241
186.5	0.25	0	1	93250
186.516	0.25	0	1	93258
186.532	0.25	0	1	93266
186.55	0.25	0	1	93275
186.566	0.25	1	2	93283
186.582	0.25	1	2	93291
186.6	0.25	0	1	93300
186.616	0.25	0	1	93308
186.632	0.25	1	2	93316
186.65	0.25	1	2	93325
186.666	0.25	0	1	93333
186.682	0.25	0	1	93341
186.7	0.25	1	2	93350
186.716	0.25	1	2	93358
186.732	0.25	0	1	93366
186.75	0.25	0	1	93375
186.766	0.25	1	2	93383
186.782	0.25	1	2	93391
186.8	0.25	1	2	93400
186.816	0.25	1	2	93408
186.832	0.25	0	1	93416
186.85	0.25	0	1	93425
186.866	0.25	1	2	93433
186.882	0.25	1	2	93441
186.9	0.25	0	1	93450
186.916	0.25	0	1	93458
186.932	0.25	0	1	93466
186.95	0.25	0	1	93475
186.966	0.25	0	1	93483
186.982	0.25	0	1	93491
187.0	0.25	1	2	93500
187.016	0.25	1	2	93508
187.032	0.25	0	1	93516
187.05	0.25	0	1	93525
187.066	0.25	0	1	93533
187.082	0.25	0	1	93541
187.1	0.25	0	1	93550
187.116	0.25	0	1	93558
187.132	0.25	1	2	93566
187.15	0.25	1	2	93575
187.166	0.25	1	2	93583
187.182	0.25	1	2	93591
187.2	0.25	1	2	93600
187.216	0.25	1	2	93608
187.232	0.25	0	1	93616
187.25	0.25	0	1	93625
187.266	0.25	1	2	93633
187.282	0.25	1	2	93641
187.3	0.25	0	1	93650
187.316	0.25	0	1	93658
187.332	0.25	1	2	93666
187.35	0.25	1	2	93675
187.366	0.25	1	2	93683
187.382	0.25	1	2	93691
187.4	0.25	1	2	93700
187.416	0.25	1	2	93708
187.432	0.25	1	2	93716
187.45	0.25	1	2	93725
187.466	0.25	1	2	93733
187.482	0.25	1	2	93741
187.5	0.25	0	1	93750
187.516	0.25	0	1	93758
187.532	0.25	0	1	93766
187.55	0.25	0	1	93775
187.566	0.25	1	2	93783
187.582	0.25	1	2	93791
187.6	0.25	0	1	93800
187.616	0.25	0	1	93808
187.632	0.25	0	1	93816
187.65	0.25	0	1	93825
187.666	0.25	0	1	93833
187.682	0.25	0	1	93841
187.7	0.25	1	2	93850
187.716	0.25	1	2	93858
187.732	0.25	1	2	93866
189.232	0.25	1	2	94616
189.25	0.25	1	2	94625
189.266	0.25	1	2	94633
189.282	0.25	1	2	94641
189.3	0.25	1	2	94650
189.316	0.25	1	2	94658
189.332	0.25	1	2	94666
189.35	0.25	1	2	94675
189.366	0.25	1	2	94683
189.382	0.25	1	2	94691
189.4	0.25	1	2	94700
189.416	0.25	1	2	94708
189.432	0.25	1	2	94716
189.45	0.25	1	2	94725
189.466	0.25	0	1	94733
189.482	0.25	0	1	94741
189.5	0.25	0	1	94750
189.516	0.25	0	1	94758
189.532	0.25	1	2	94766
189.55	0.25	1	2	94775
189.566	0.25	1	2	94783
189.582	0.25	1	2	94791
189.6	0.25	0	1	94800
189.616	0.25	0	1	94808
189.632	0.25	0	1	94816
189.65	0.25	0	1	94825
189.666	0.25	1	2	94833
189.682	0.25	1	2	94841
189.7	0.25	1	2	94850
189.716	0.25	1	2	94858
189.732	0.25	0	1	94866
189.75	0.25	0	1	94875
189.766	0.25	0	1	94883
189.782	0.25	0	1	94891
189.8	0.25	1	2	94900
189.816	0.25	1	2	94908
189.832	0.25	0	1	94916
189.85	0.25	0	1	94925
189.866	0.25	1	2	94933
189.882	0.25	1	2	94941
189.9	0.25	1	2	94950
189.916	0.25	1	2	94958
189.932	0.25	0	1	94966
189.95	0.25	0	1	94975
189.966	0.25	1	2	94983
189.982	0.25	1	2	94991
190.0	0.25	0	1	95000
190.016	0.25	0	1	95008
190.032	0.25	0	1	95016
190.05	0.25	0	1	95025
190.066	0.25	1	2	95033
190.082	0.25	1	2	95041
190.1	0.25	0	1	95050
190.116	0.25	0	1	95058
190.132	0.25	1	2	95066
190.15	0.25	1	2	95075
190.166	0.25	1	2	95083
190.182	0.25	1	2	95091
190.2	0.25	1	2	95100
190.216	0.25	1	2	95108
190.232	0.25	0	1	95116
190.25	0.25	0	1	95125
190.266	0.25	0	1	95133
190.282	0.25	0	1	95141
190.3	0.25	0	1	95150
190.316	0.25	0	1	95158
190.332	0.25	1	2	95166
190.35	0.25	1	2	95175
190.366	0.25	0	1	95183
190.382	0.25	0	1	95191
190.4	0.25	1	2	95200
190.416	0.25	1	2	95208
190.432	0.25	1	2	95216
190.45	0.25	1	2	95225
190.466	0.25	1	2	95233
190.482	0.25	1	2	95241
190.5	0.25	0	1	95250
190.516	0.25	0	1	95258
190.532	0.25	0	1	95266
190.55	0.25	0	1	95275
190.566	0.25	1	2	95283
190.582	0.25	1	2	95291
190.6	0.25	0	1	95300
190.616	0.25	0	1	95308
190.632	0.25	1	2	95316
190.65	0.25	1	2	95325
190.666	0.25	0	1	95333
190.682	0.25	0	1	95341
190.7	0.25	0	1	95350
190.716	0.25	0	1	95358
190.732	0.25	0	1	95366
190.75	0.25	0	1	95375
190.766	0.25	1	2	95383
190.782	0.25	1	2	95391
190.8	0.25	1	2	95400
190.816	0.25	1	2	95408
190.832	0.25	0	1	95416
190.85	0.25	0	1	95425
190.866	0.25	1	2	95433
190.882	0.25	1	2	95441
190.9	0.25	0	1	95450
190.916	0.25	0	1	95458
190.932	0.25	0	1	95466
190.95	0.25	0	1	95475
190.966	0.25	0	1	95483
190.982	0.25	0	1	95491
191.0	0.25	1	2	95500
191.016	0.25	1	2	95508
191.032	0.25	0	1	95516
191.05	0.25	0	1	95525
191.066	0.25	1	2	95533
191.082	0.25	1	2	95541
191.1	0.25	0	1	95550
191.116	0.25	0	1	95558
191.132	0.25	0	1	95566
191.15	0.25	0	1	95575
191.166	0.25	1	2	95583
192.65	0.25	1	2	96325
192.666	0.25	1	2	96333
192.682	0.25	1	2	96341
192.7	0.25	1	2	96350
192.716	0.25	0	1	96358
192.732	0.25	0	1	96366
192.75	0.25	0	1	96375
192.766	0.25	0	1	96383
192.782	0.25	0	1	96391
192.8	0.25	0	1	96400
192.816	0.25	0	1	96408
192.832	0.25	0	1	96416
192.85	0.25	1	2	96425
192.866	0.25	1	2	96433
192.882	0.25	0	1	96441
192.9	0.25	0	1	96450
192.916	0.25	0	1	96458
192.932	0.25	0	1	96466
192.95	0.25	1	2	96475
192.966	0.25	1	2	96483
192.982	0.25	1	2	96491
193.0	0.25	1	2	96500
193.016	0.25	0	1	96508
193.032	0.25	0	1	96516
193.05	0.25	0	1	96525
193.066	0.25	0	1	96533
193.082	0.25	0	1	96541
193.1	0.25	0	1	96550
193.116	0.25	0	1	96558
193.132	0.25	0	1	96566
193.15	0.25	0	1	96575
193.166	0.25	0	1	96583
193.182	0.25	0	1	96591
193.2	0.25	0	1	96600
193.216	0.25	1	2	96608
193.232	0.25	1	2	96616
193.25	0.25	0	1	96625
193.266	0.25	0	1	96633
193.282	0.25	1	2	96641
193.3	0.25	1	2	96650
193.316	0.25	1	2	96658
193.332	0.25	1	2	96666
193.35	0.25	0	1	96675
193.366	0.25	0	1	96683
193.382	0.25	1	2	96691
193.4	0.25	1	2	96700
193.416	0.25	0	1	96708
193.432	0.25	0	1	96716
193.45	0.25	1	2	96725
193.466	0.25	1	2	96733
193.482	0.25	0	1	96741
193.5	0.25	0	1	96750
193.516	0.25	1	2	96758
193.532	0.25	1	2	96766
193.55	0.25	0	1	96775
193.566	0.25	0	1	96783
193.582	0.25	0	1	96791
193.6	0.25	0	1	96800
193.616	0.25	0	1	96808
193.632	0.25	0	1	96816
193.65	0.25	1	2	96825
193.666	0.25	1	2	96833
193.682	0.25	1	2	96841
193.7	0.25	1	2	96850
193.716	0.25	1	2	96858
193.732	0.25	1	2	96866
193.75	0.25	0	1	96875
193.766	0.25	0	1	96883
193.782	0.25	1	2	96891
193.8	0.25	1	2	96900
193.816	0.25	1	2	96908
193.832	0.25	1	2	96916
193.85	0.25	1	2	96925
193.866	0.25	1	2	96933
193.882	0.25	0	1	96941
193.9	0.25	0	1	96950
193.916	0.25	1	2	96958
193.932	0.25	1	2	96966
193.95	0.25	0	1	96975
193.966	0.25	0	1	96983
193.982	0.25	1	2	96991
194.0	0.25	1	2	97000
194.016	0.25	1	2	97008
194.032	0.25	1	2	97016
194.05	0.25	0	1	97025
194.066	0.25	0	1	97033
194.082	0.25	0	1	97041
194.1	0.25	0	1	97050
194.116	0.25	0	1	97058
194.132	0.25	0	1	97066
194.15	0.25	1	2	97075
194.166	0.25	1	2	97083
194.182	0.25	1	2	97091
194.2	0.25	1	2	97100
194.216	0.25	0	1	97108
194.232	0.25	0	1	97116
194.25	0.25	1	2	97125
194.266	0.25	1	2	97133
194.282	0.25	1	2	97141
194.3	0.25	1	2	97150
194.316	0.25	1	2	97158
194.332	0.25	1	2	97166
194.35	0.25	0	1	97175
194.366	0.25	0	1	97183
194.382	0.25	0	1	97191
194.4	0.25	0	1	97200
194.416	0.25	0	1	97208
194.432	0.25	0	1	97216
194.45	0.25	0	1	97225
194.466	0.25	0	1	97233
194.482	0.25	0	1	97241
194.5	0.25	0	1	97250
194.516	0.25	1	2	97258
194.532	0.25	1	2	97266
194.55	0.25	1	2	97275
194.566	0.25	1	2	97283
194.582	0.25	1	2	97291
196.05	0.25	1	2	98025
196.066	0.25	1	2	98033
196.082	0.25	1	2	98041
196.1	0.25	1	2	98050
196.116	0.25	0	1	98058
196.132	0.25	0	1	98066
196.15	0.25	1	2	98075
196.166	0.25	1	2	98083
196.182	0.25	1	2	98091
196.2	0.25	1	2	98100
196.216	0.25	0	1	98108
196.232	0.25	0	1	98116
196.25	0.25	1	2	98125
196.266	0.25	1	2	98133
196.282	0.25	1	2	98141
196.3	0.25	1	2	98150
196.316	0.25	0	1	98158
196.332	0.25	0	1	98166
196.35	0.25	1	2	98175
196.366	0.25	1	2	98183
196.382	0.25	1	2	98191
196.4	0.25	1	2	98200
196.416	0.25	0	1	98208
196.432	0.25	0	1	98216
196.45	0.25	0	1	98225
196.466	0.25	0	1	98233
196.482	0.25	0	1	98241
196.5	0.25	0	1	98250
196.516	0.25	1	2	98258
196.532	0.25	1	2	98266
196.55	0.25	1	2	98275
196.566	0.25	1	2	98283
196.582	0.25	1	2	98291
196.6	0.25	1	2	98300
196.616	0.25	0	1	98308
196.632	0.25	0	1	98316
196.65	0.25	0	1	98325
196.666	0.25	0	1	98333
196.682	0.25	0	1	98341
196.7	0.25	0	1	98350
196.716	0.25	1	2	98358
196.732	0.25	1	2	98366
196.75	0.25	1	2	98375
196.766	0.25	1	2	98383
196.782	0.25	1	2	98391
196.8	0.25	1	2	98400
196.816	0.25	1	2	98408
196.832	0.25	1	2	98416
196.85	0.25	1	2	98425
196.866	0.25	1	2	98433
196.882	0.25	0	1	98441
196.9	0.25	0	1	98450
196.916	0.25	0	1	98458
196.932	0.25	0	1	98466
196.95	0.25	1	2	98475
196.966	0.25	1	2	98483
196.982	0.25	0	1	98491
197.0	0.25	0	1	98500
197.016	0.25	1	2	98508
197.032	0.25	1	2	98516
197.05	0.25	0	1	98525
197.066	0.25	0	1	98533
197.082	0.25	0	1	98541
197.1	0.25	0	1	98550
197.116	0.25	1	2	98558
197.132	0.25	1	2	98566
197.15	0.25	1	2	98575
197.166	0.25	1	2	98583
197.182	0.25	0	1	98591
197.2	0.25	0	1	98600
197.216	0.25	0	1	98608
197.232	0.25	0	1	98616
197.25	0.25	0	1	98625
197.266	0.25	0	1	98633
197.282	0.25	0	1	98641
197.3	0.25	0	1	98650
197.316	0.25	1	2	98658
197.332	0.25	1	2	98666
197.35	0.25	0	1	98675
197.366	0.25	0	1	98683
197.382	0.25	0	1	98691
197.4	0.25	0	1	98700
197.416	0.25	0	1	98708
197.432	0.25	0	1	98716
197.45	0.25	0	1	98725
197.466	0.25	0	1	98733
197.482	0.25	1	2	98741
197.5	0.25	1	2	98750
197.516	0.25	1	2	98758
197.532	0.25	1	2	98766
197.55	0.25	1	2	98775
197.566	0.25	1	2	98783
197.582	0.25	1	2	98791
197.6	0.25	1	2	98800
197.616	0.25	1	2	98808
197.632	0.25	1	2	98816
197.65	0.25	1	2	98825
197.666	0.25	1	2	98833
197.682	0.25	0	1	98841
197.7	0.25	0	1	98850
197.716	0.25	1	2	98858
197.732	0.25	1	2	98866
197.75	0.25	0	1	98875
197.766	0.25	0	1	98883
197.782	0.25	1	2	98891
197.8	0.25	1	2	98900
197.816	0.25	0	1	98908
197.832	0.25	0	1	98916
197.85	0.25	0	1	98925
197.866	0.25	0	1	98933
197.882	0.25	1	2	98941
197.9	0.25	1	2	98950
197.916	0.25	1	2	98958
197.932	0.25	1	2	98966
197.95	0.25	0	1	98975
197.966	0.25	0	1	98983
197.982	0.25	0	1	98991
200.45	0.25	1	2	100225
200.466	0.25	1	2	100233
200.482	0.25	1	2	100241
200.5	0.25	1	2	100250
200.516	0.25	1	2	100258
200.532	0.25	1	2	100266
200.55	0.25	1	2	100275
200.566	0.25	1	2	100283
200.582	0.25	1	2	100291
200.6	0.25	1	2	100300
200.616	0.25	1	2	100308
200.632	0.25	1	2	100316
200.65	0.25	1	2	100325
200.666	0.25	1	2	100333
200.682	0.25	0	1	100341
200.7	0.25	0	1	100350
200.716	0.25	0	1	100358
200.732	0.25	0	1	100366
200.75	0.25	1	2	100375
200.766	0.25	1	2	100383
200.782	0.25	1	2	100391
200.8	0.25	1	2	100400
200.816	0.25	0	1	100408
200.832	0.25	0	1	100416
200.85	0.25	0	1	100425
200.866	0.25	0	1	100433
200.882	0.25	1	2	100441
200.9	0.25	1	2	100450
200.916	0.25	1	2	100458
200.932	0.25	1	2	100466
200.95	0.25	0	1	100475
200.966	0.25	0	1	100483
200.982	0.25	0	1	100491
201.0	0.25	0	1	100500
201.016	0.25	1	2	100508
201.032	0.25	1	2	100516
201.05	0.25	0	1	100525
201.066	0.25	0	1	100533
201.082	0.25	1	2	100541
201.1	0.25	1	2	100550
201.116	0.25	1	2	100558
201.132	0.25	1	2	100566
201.15	0.25	0	1	100575
201.166	0.25	0	1	100583
201.182	0.25	1	2	100591
201.2	0.25	1	2	100600
201.216	0.25	0	1	100608
201.232	0.25	0	1	100616
201.25	0.25	0	1	100625
201.266	0.25	0	1	100633
201.282	0.25	1	2	100641
201.3	0.25	1	2	100650
201.316	0.25	0	1	100658
201.332	0.25	0	1	100666
201.35	0.25	1	2	100675
201.366	0.25	1	2	100683
201.382	0.25	1	2	100691
201.4	0.25	1	2	100700
201.416	0.25	1	2	100708
201.432	0.25	1	2	100716
201.45	0.25	0	1	100725
201.466	0.25	0	1	100733
201.482	0.25	0	1	100741
201.5	0.25	0	1	100750
201.516	0.25	0	1	100758
201.532	0.25	0	1	100766
201.55	0.25	1	2	100775
201.566	0.25	1	2	100783
201.582	0.25	0	1	100791
201.6	0.25	0	1	100800
201.616	0.25	1	2	100808
201.632	0.25	1	2	100816
201.65	0.25	1	2	100825
201.666	0.25	1	2	100833
201.682	0.25	1	2	100841
201.7	0.25	1	2	100850
201.716	0.25	0	1	100858
201.732	0.25	0	1	100866
201.75	0.25	0	1	100875
201.766	0.25	0	1	100883
201.782	0.25	1	2	100891
201.8	0.25	1	2	100900
201.816	0.25	0	1	100908
201.832	0.25	0	1	100916
201.85	0.25	1	2	100925
201.866	0.25	1	2	100933
201.882	0.25	0	1	100941
201.9	0.25	0	1	100950
201.916	0.25	0	1	100958
201.932	0.25	0	1	100966
201.95	0.25	0	1	100975
201.966	0.25	0	1	100983
201.982	0.25	1	2	100991
202.0	0.25	1	2	101000
202.016	0.25	1	2	101008
202.032	0.25	1	2	101016
202.05	0.25	0	1	101025
202.066	0.25	0	1	101033
202.082	0.25	1	2	101041
202.1	0.25	1	2	101050
202.116	0.25	0	1	101058
202.132	0.25	0	1	101066
202.15	0.25	0	1	101075
202.166	0.25	0	1	101083
202.182	0.25	0	1	101091
202.2	0.25	0	1	101100
202.216	0.25	1	2	101108
202.232	0.25	1	2	101116
202.25	0.25	0	1	101125
202.266	0.25	0	1	101133
202.282	0.25	1	2	101141
202.3	0.25	1	2	101150
202.316	0.25	0	1	101158
202.332	0.25	0	1	101166
202.35	0.25	0	1	101175
202.366	0.25	0	1	101183
202.382	0.25	1	2	101191
203.882	0.25	1	2	101941
203.9	0.25	1	2	101950
203.916	0.25	1	2	101958
203.932	0.25	1	2	101966
203.95	0.25	0	1	101975
203.966	0.25	0	1	101983
203.982	0.25	1	2	101991
204.0	0.25	1	2	102000
204.016	0.25	1	2	102008
204.032	0.25	1	2	102016
204.05	0.25	0	1	102025
204.066	0.25	0	1	102033
204.082	0.25	1	2	102041
204.1	0.25	1	2	102050
204.116	0.25	1	2	102058
204.132	0.25	1	2	102066
204.15	0.25	0	1	102075
204.166	0.25	0	1	102083
204.182	0.25	1	2	102091
204.2	0.25	1	2	102100
204.216	0.25	1	2	102108
204.232	0.25	1	2	102116
204.25	0.25	0	1	102125
204.266	0.25	0	1	102133
204.282	0.25	0	1	102141
204.3	0.25	0	1	102150
204.316	0.25	0	1	102158
204.332	0.25	0	1	102166
204.35	0.25	1	2	102175
204.366	0.25	1	2	102183
204.382	0.25	1	2	102191
204.4	0.25	1	2	102200
204.416	0.25	1	2	102208
204.432	0.25	1	2	102216
204.45	0.25	0	1	102225
204.466	0.25	0	1	102233
204.482	0.25	0	1	102241
204.5	0.25	0	1	102250
204.516	0.25	0	1	102258
204.532	0.25	0	1	102266
204.55	0.25	1	2	102275
204.566	0.25	1	2	102283
204.582	0.25	1	2	102291
204.6	0.25	1	2	102300
204.616	0.25	1	2	102308
204.632	0.25	1	2	102316
204.65	0.25	1	2	102325
204.666	0.25	1	2	102333
204.682	0.25	1	2	102341
204.7	0.25	1	2	102350
204.716	0.25	0	1	102358
204.732	0.25	0	1	102366
204.75	0.25	0	1	102375
204.766	0.25	0	1	102383
204.782	0.25	1	2	102391
204.8	0.25	1	2	102400
204.816	0.25	0	1	102408
204.832	0.25	0	1	102416
204.85	0.25	1	2	102425
204.866	0.25	1	2	102433
204.882	0.25	0	1	102441
204.9	0.25	0	1	102450
204.916	0.25	0	1	102458
204.932	0.25	0	1	102466
204.95	0.25	1	2	102475
204.966	0.25	1	2	102483
204.982	0.25	1	2	102491
205.0	0.25	1	2	102500
205.016	0.25	0	1	102508
205.032	0.25	0	1	102516
205.05	0.25	0	1	102525
205.066	0.25	0	1	102533
205.082	0.25	0	1	102541
205.1	0.25	0	1	102550
205.116	0.25	0	1	102558
205.132	0.25	0	1	102566
205.15	0.25	1	2	102575
205.166	0.25	1	2	102583
205.182	0.25	0	1	102591
205.2	0.25	0	1	102600
205.216	0.25	0	1	102608
205.232	0.25	0	1	102616
205.25	0.25	0	1	102625
205.266	0.25	0	1	102633
205.282	0.25	0	1	102641
205.3	0.25	0	1	102650
205.316	0.25	1	2	102658
205.332	0.25	1	2	102666
205.35	0.25	1	2	102675
205.366	0.25	1	2	102683
205.382	0.25	1	2	102691
205.4	0.25	1	2	102700
205.416	0.25	1	2	102708
205.432	0.25	1	2	102716
205.45	0.25	1	2	102725
205.466	0.25	1	2	102733
205.482	0.25	1	2	102741
205.5	0.25	1	2	102750
205.516	0.25	0	1	102758
205.532	0.25	0	1	102766
205.55	0.25	1	2	102775
205.566	0.25	1	2	102783
205.582	0.25	0	1	102791
205.6	0.25	0	1	102800
205.616	0.25	1	2	102808
205.632	0.25	1	2	102816
205.65	0.25	0	1	102825
205.666	0.25	0	1	102833
205.682	0.25	0	1	102841
205.7	0.25	0	1	102850
205.716	0.25	1	2	102858
205.732	0.25	1	2	102866
205.75	0.25	1	2	102875
205.766	0.25	1	2	102883
205.782	0.25	0	1	102891
205.8	0.25	0	1	102900
205.816	0.25	0	1	102908
207.3	0.25	1	2	103650
207.316	0.25	1	2	103658
207.332	0.25	1	2	103666
207.35	0.25	1	2	103675
207.366	0.25	0	1	103683
207.382	0.25	0	1	103691
207.4	0.25	0	1	103700
207.416	0.25	0	1	103708
207.432	0.25	0	1	103716
207.45	0.25	0	1	103725
207.466	0.25	0	1	103733
207.482	0.25	0	1	103741
207.5	0.25	1	2	103750
207.516	0.25	1	2	103758
207.532	0.25	0	1	103766
207.55	0.25	0	1	103775
207.566	0.25	0	1	103783
207.582	0.25	0	1	103791
207.6	0.25	1	2	103800
207.616	0.25	1	2	103808
207.632	0.25	1	2	103816
207.65	0.25	1	2	103825
207.666	0.25	0	1	103833
207.682	0.25	0	1	103841
207.7	0.25	0	1	103850
207.716	0.25	0	1	103858
207.732	0.25	0	1	103866
207.75	0.25	0	1	103875
207.766	0.25	0	1	103883
207.782	0.25	0	1	103891
207.8	0.25	0	1	103900
207.816	0.25	0	1	103908
207.832	0.25	0	1	103916
207.85	0.25	0	1	103925
207.866	0.25	1	2	103933
207.882	0.25	1	2	103941
207.9	0.25	0	1	103950
207.916	0.25	0	1	103958
207.932	0.25	1	2	103966
207.95	0.25	1	2	103975
207.966	0.25	1	2	103983
207.982	0.25	1	2	103991
208.0	0.25	0	1	104000
208.016	0.25	0	1	104008
208.032	0.25	1	2	104016
208.05	0.25	1	2	104025
208.066	0.25	0	1	104033
208.082	0.25	0	1	104041
208.1	0.25	1	2	104050
208.116	0.25	1	2	104058
208.132	0.25	0	1	104066
208.15	0.25	0	1	104075
208.166	0.25	1	2	104083
208.182	0.25	1	2	104091
208.2	0.25	0	1	104100
208.216	0.25	0	1	104108
208.232	0.25	0	1	104116
208.25	0.25	0	1	104125
208.266	0.25	0	1	104133
208.282	0.25	0	1	104141
208.3	0.25	1	2	104150
208.316	0.25	1	2	104158
208.332	0.25	1	2	104166
208.35	0.25	1	2	104175
208.366	0.25	1	2	104183
208.382	0.25	1	2	104191
208.4	0.25	0	1	104200
208.416	0.25	0	1	104208
208.432	0.25	1	2	104216
208.45	0.25	1	2	104225
208.466	0.25	1	2	104233
208.482	0.25	1	2	104241
208.5	0.25	1	2	104250
208.516	0.25	1	2	104258
208.532	0.25	0	1	104266
208.55	0.25	0	1	104275
208.566	0.25	1	2	104283
208.582	0.25	1	2	104291
208.6	0.25	0	1	104300
208.616	0.25	0	1	104308
208.632	0.25	1	2	104316
208.65	0.25	1	2	104325
208.666	0.25	1	2	104333
208.682	0.25	1	2	104341
208.7	0.25	0	1	104350
208.716	0.25	0	1	104358
208.732	0.25	0	1	104366
208.75	0.25	0	1	104375
208.766	0.25	0	1	104383
208.782	0.25	0	1	104391
208.8	0.25	1	2	104400
208.816	0.25	1	2	104408
208.832	0.25	1	2	104416
208.85	0.25	1	2	104425
208.866	0.25	0	1	104433
208.882	0.25	0	1	104441
208.9	0.25	1	2	104450
208.916	0.25	1	2	104458
208.932	0.25	1	2	104466
208.95	0.25	1	2	104475
208.966	0.25	1	2	104483
208.982	0.25	1	2	104491
209.0	0.25	0	1	104500
209.016	0.25	0	1	104508
209.032	0.25	0	1	104516
209.05	0.25	0	1	104525
209.066	0.25	0	1	104533
209.082	0.25	0	1	104541
209.1	0.25	0	1	104550
209.116	0.25	0	1	104558
209.132	0.25	0	1	104566
209.15	0.25	0	1	104575
209.166	0.25	1	2	104583
209.182	0.25	1	2	104591
209.2	0.25	1	2	104600
209.216	0.25	1	2	104608
209.232	0.25	1	2	104616
210.7	0.25	0	1	105350
210.716	0.25	0	1	105358
210.732	0.25	0	1	105366
210.75	0.25	0	1	105375
210.766	0.25	1	2	105383
210.782	0.25	1	2	105391
210.8	0.25	1	2	105400
210.816	0.25	1	2	105408
210.832	0.25	0	1	105416
210.85	0.25	0	1	105425
210.866	0.25	0	1	105433
210.882	0.25	0	1	105441
210.9	0.25	0	1	105450
210.916	0.25	0	1	105458
210.932	0.25	0	1	105466
210.95	0.25	0	1	105475
210.966	0.25	1	2	105483
210.982	0.25	1	2	105491
211.0	0.25	1	2	105500
211.016	0.25	1	2	105508
211.032	0.25	1	2	105516
211.05	0.25	1	2	105525
211.066	0.25	1	2	105533
211.082	0.25	1	2	105541
211.1	0.25	1	2	105550
211.116	0.25	1	2	105558
211.132	0.25	0	1	105566
211.15	0.25	0	1	105575
211.166	0.25	0	1	105583
211.182	0.25	0	1	105591
211.2	0.25	0	1	105600
211.216	0.25	0	1	105608
211.232	0.25	0	1	105616
211.25	0.25	0	1	105625
211.266	0.25	0	1	105633
211.282	0.25	0	1	105641
211.3	0.25	0	1	105650
211.316	0.25	0	1	105658
211.332	0.25	1	2	105666
211.35	0.25	1	2	105675
211.366	0.25	1	2	105683
211.382	0.25	1	2	105691
211.4	0.25	0	1	105700
211.416	0.25	0	1	105708
211.432	0.25	0	1	105716
211.45	0.25	0	1	105725
211.466	0.25	1	2	105733
211.482	0.25	1	2	105741
211.5	0.25	0	1	105750
211.516	0.25	0	1	105758
211.532	0.25	1	2	105766
211.55	0.25	1	2	105775
211.566	0.25	0	1	105783
211.582	0.25	0	1	105791
211.6	0.25	1	2	105800
211.616	0.25	1	2	105808
211.632	0.25	0	1	105816
211.65	0.25	0	1	105825
211.666	0.25	1	2	105833
211.682	0.25	1	2	105841
211.7	0.25	1	2	105850
211.716	0.25	1	2	105858
211.732	0.25	0	1	105866
211.75	0.25	0	1	105875
211.766	0.25	1	2	105883
211.782	0.25	1	2	105891
211.8	0.25	0	1	105900
211.816	0.25	0	1	105908
211.832	0.25	0	1	105916
211.85	0.25	0	1	105925
211.866	0.25	0	1	105933
211.882	0.25	0	1	105941
211.9	0.25	1	2	105950
211.916	0.25	1	2	105958
211.932	0.25	0	1	105966
211.95	0.25	0	1	105975
211.966	0.25	0	1	105983
211.982	0.25	0	1	105991
212.0	0.25	0	1	106000
212.016	0.25	0	1	106008
212.032	0.25	1	2	106016
212.05	0.25	1	2	106025
212.066	0.25	1	2	106033
212.082	0.25	1	2	106041
212.1	0.25	1	2	106050
212.116	0.25	1	2	106058
212.132	0.25	0	1	106066
212.15	0.25	0	1	106075
212.166	0.25	1	2	106083
212.182	0.25	1	2	106091
212.2	0.25	0	1	106100
212.216	0.25	0	1	106108
212.232	0.25	1	2	106116
212.25	0.25	1	2	106125
212.266	0.25	1	2	106133
212.282	0.25	1	2	106141
212.3	0.25	1	2	106150
212.316	0.25	1	2	106158
212.332	0.25	1	2	106166
212.35	0.25	1	2	106175
212.366	0.25	1	2	106183
212.382	0.25	1	2	106191
212.4	0.25	0	1	106200
212.416	0.25	0	1	106208
212.432	0.25	0	1	106216
212.45	0.25	0	1	106225
212.466	0.25	1	2	106233
212.482	0.25	1	2	106241
212.5	0.25	0	1	106250
212.516	0.25	0	1	106258
212.532	0.25	0	1	106266
212.55	0.25	0	1	106275
212.566	0.25	0	1	106283
212.582	0.25	0	1	106291
212.6	0.25	1	2	106300
212.616	0.25	1	2	106308
212.632	0.25	1	2	106316
214.95	0.25	1	2	107475
214.966	0.25	1	2	107483
214.982	0.25	1	2	107491
215.0	0.25	1	2	107500
215.016	0.25	0	1	107508
215.032	0.25	0	1	107516
215.05	0.25	0	1	107525
215.066	0.25	0	1	107533
215.082	0.25	0	1	107541
215.1	0.25	0	1	107550
215.116	0.25	0	1	107558
215.132	0.25	0	1	107566
215.15	0.25	1	2	107575
215.166	0.25	1	2	107583
215.182	0.25	0	1	107591
215.2	0.25	0	1	107600
215.216	0.25	0	1	107608
215.232	0.25	0	1	107616
215.25	0.25	1	2	107625
215.266	0.25	1	2	107633
215.282	0.25	1	2	107641
215.3	0.25	1	2	107650
215.316	0.25	0	1	107658
215.332	0.25	0	1	107666
215.35	0.25	0	1	107675
215.366	0.25	0	1	107683
215.382	0.25	0	1	107691
215.4	0.25	0	1	107700
215.416	0.25	0	1	107708
215.432	0.25	0	1	107716
215.45	0.25	0	1	107725
215.466	0.25	0	1	107733
215.482	0.25	0	1	107741
215.5	0.25	0	1	107750
215.516	0.25	1	2	107758
215.532	0.25	1	2	107766
215.55	0.25	0	1	107775
215.566	0.25	0	1	107783
215.582	0.25	1	2	107791
215.6	0.25	1	2	107800
215.616	0.25	1	2	107808
215.632	0.25	1	2	107816
215.65	0.25	0	1	107825
215.666	0.25	0	1	107833
215.682	0.25	1	2	107841
215.7	0.25	1	2	107850
215.716	0.25	0	1	107858
215.732	0.25	0	1	107866
215.75	0.25	1	2	107875
215.766	0.25	1	2	107883
215.782	0.25	0	1	107891
215.8	0.25	0	1	107900
215.816	0.25	1	2	107908
215.832	0.25	1	2	107916
215.85	0.25	0	1	107925
215.866	0.25	0	1	107933
215.882	0.25	0	1	107941
215.9	0.25	0	1	107950
215.916	0.25	0	1	107958
215.932	0.25	0	1	107966
215.95	0.25	1	2	107975
215.966	0.25	1	2	107983
215.982	0.25	1	2	107991
216.0	0.25	1	2	108000
216.016	0.25	1	2	108008
216.032	0.25	1	2	108016
216.05	0.25	0	1	108025
216.066	0.25	0	1	108033
216.082	0.25	1	2	108041
216.1	0.25	1	2	108050
216.116	0.25	1	2	108058
216.132	0.25	1	2	108066
216.15	0.25	1	2	108075
216.166	0.25	1	2	108083
216.182	0.25	0	1	108091
216.2	0.25	0	1	108100
216.216	0.25	1	2	108108
216.232	0.25	1	2	108116
216.25	0.25	0	1	108125
216.266	0.25	0	1	108133
216.282	0.25	1	2	108141
216.3	0.25	1	2	108150
216.316	0.25	1	2	108158
216.332	0.25	1	2	108166
216.35	0.25	0	1	108175
216.366	0.25	0	1	108183
216.382	0.25	0	1	108191
216.4	0.25	0	1	108200
216.416	0.25	0	1	108208
216.432	0.25	0	1	108216
216.45	0.25	1	2	108225
216.466	0.25	1	2	108233
216.482	0.25	1	2	108241
216.5	0.25	1	2	108250
216.516	0.25	0	1	108258
216.532	0.25	0	1	108266
216.55	0.25	1	2	108275
216.566	0.25	1	2	108283
216.582	0.25	1	2	108291
216.6	0.25	1	2	108300
216.616	0.25	1	2	108308
216.632	0.25	1	2	108316
216.65	0.25	0	1	108325
216.666	0.25	0	1	108333
216.682	0.25	0	1	108341
216.7	0.25	0	1	108350
216.716	0.25	0	1	108358
216.732	0.25	0	1	108366
216.75	0.25	0	1	108375
216.766	0.25	0	1	108383
216.782	0.25	0	1	108391
216.8	0.25	0	1	108400
216.816	0.25	1	2	108408
216.832	0.25	1	2	108416
216.85	0.25	1	2	108425
216.866	0.25	1	2	108433
216.882	0.25	1	2	108441
218.35	0.25	1	2	109175
218.366	0.25	1	2	109183
218.382	0.25	1	2	109191
218.4	0.25	1	2	109200
218.416	0.25	1	2	109208
218.432	0.25	1	2	109216
218.45	0.25	1	2	109225
218.466	0.25	1	2	109233
218.482	0.25	1	2	109241
218.5	0.25	1	2	109250
218.516	0.25	1	2	109258
218.532	0.25	1	2	109266
218.55	0.25	1	2	109275
218.566	0.25	1	2	109283
218.582	0.25	0	1	109291
218.6	0.25	0	1	109300
218.616	0.25	0	1	109308
218.632	0.25	0	1	109316
218.65	0.25	1	2	109325
218.666	0.25	1	2	109333
218.682	0.25	1	2	109341
218.7	0.25	1	2	109350
218.716	0.25	0	1	109358
218.732	0.25	0	1	109366
218.75	0.25	0	1	109375
218.766	0.25	0	1	109383
218.782	0.25	1	2	109391
218.8	0.25	1	2	109400
218.816	0.25	1	2	109408
218.832	0.25	1	2	109416
218.85	0.25	0	1	109425
218.866	0.25	0	1	109433
218.882	0.25	0	1	109441
218.9	0.25	0	1	109450
218.916	0.25	1	2	109458
218.932	0.25	1	2	109466
218.95	0.25	0	1	109475
218.966	0.25	0	1	109483
218.982	0.25	1	2	109491
219.0	0.25	1	2	109500
219.016	0.25	1	2	109508
219.032	0.25	1	2	109516
219.05	0.25	0	1	109525
219.066	0.25	0	1	109533
219.082	0.25	1	2	109541
219.1	0.25	1	2	109550
219.116	0.25	0	1	109558
219.132	0.25	0	1	109566
219.15	0.25	0	1	109575
219.166	0.25	0	1	109583
219.182	0.25	1	2	109591
219.2	0.25	1	2	109600
219.216	0.25	0	1	109608
219.232	0.25	0	1	109616
219.25	0.25	1	2	109625
219.266	0.25	1	2	109633
219.282	0.25	1	2	109641
219.3	0.25	1	2	109650
219.316	0.25	1	2	109658
219.332	0.25	1	2	109666
219.35	0.25	0	1	109675
219.366	0.25	0	1	109683
219.382	0.25	0	1	109691
219.4	0.25	0	1	109700
219.416	0.25	0	1	109708
219.432	0.25	0	1	109716
219.45	0.25	1	2	109725
219.466	0.25	1	2	109733
219.482	0.25	0	1	109741
219.5	0.25	0	1	109750
219.516	0.25	1	2	109758
219.532	0.25	1	2	109766
219.55	0.25	1	2	109775
219.566	0.25	1	2	109783
219.582	0.25	1	2	109791
219.6	0.25	1	2	109800
219.616	0.25	0	1	109808
219.632	0.25	0	1	109816
219.65	0.25	0	1	109825
219.666	0.25	0	1	109833
219.682	0.25	1	2	109841
219.7	0.25	1	2	109850
219.716	0.25	0	1	109858
219.732	0.25	0	1	109866
219.75	0.25	1	2	109875
219.766	0.25	1	2	109883
219.782	0.25	0	1	109891
219.8	0.25	0	1	109900
219.816	0.25	0	1	109908
219.832	0.25	0	1	109916
219.85	0.25	0	1	109925
219.866	0.25	0	1	109933
219.882	0.25	1	2	109941
219.9	0.25	1	2	109950
219.916	0.25	1	2	109958
219.932	0.25	1	2	109966
219.95	0.25	0	1	109975
219.966	0.25	0	1	109983
219.982	0.25	1	2	109991
220.0	0.25	1	2	110000
220.016	0.25	0	1	110008
220.032	0.25	0	1	110016
220.05	0.25	0	1	110025
220.066	0.25	0	1	110033
220.082	0.25	0	1	110041
220.1	0.25	0	1	110050
220.116	0.25	1	2	110058
220.132	0.25	1	2	110066
220.15	0.25	0	1	110075
220.166	0.25	0	1	110083
220.182	0.25	1	2	110091
220.2	0.25	1	2	110100
220.216	0.25	0	1	110108
220.232	0.25	0	1	110116
220.25	0.25	0	1	110125
220.266	0.25	0	1	110133
220.282	0.25	1	2	110141
221.766	0.25	0	1	110883
221.782	0.25	0	1	110891
221.8	0.25	0	1	110900
221.816	0.25	0	1	110908
221.832	0.25	1	2	110916
221.85	0.25	1	2	110925
221.866	0.25	1	2	110933
221.882	0.25	1	2	110941
221.9	0.25	0	1	110950
221.916	0.25	0	1	110958
221.932	0.25	0	1	110966
221.95	0.25	0	1	110975
221.966	0.25	0	1	110983
221.982	0.25	0	1	110991
222.0	0.25	0	1	111000
222.016	0.25	0	1	111008
222.032	0.25	1	2	111016
222.05	0.25	1	2	111025
222.066	0.25	1	2	111033
222.082	0.25	1	2	111041
222.1	0.25	1	2	111050
222.116	0.25	1	2	111058
222.132	0.25	1	2	111066
222.15	0.25	1	2	111075
222.166	0.25	1	2	111083
222.182	0.25	1	2	111091
222.2	0.25	0	1	111100
222.216	0.25	0	1	111108
222.232	0.25	0	1	111116
222.25	0.25	0	1	111125
222.266	0.25	0	1	111133
222.282	0.25	0	1	111141
222.3	0.25	0	1	111150
222.316	0.25	0	1	111158
222.332	0.25	0	1	111166
222.35	0.25	0	1	111175
222.366	0.25	0	1	111183
222.382	0.25	0	1	111191
222.4	0.25	1	2	111200
222.416	0.25	1	2	111208
222.432	0.25	1	2	111216
222.45	0.25	1	2	111225
222.466	0.25	0	1	111233
222.482	0.25	0	1	111241
222.5	0.25	0	1	111250
222.516	0.25	0	1	111258
222.532	0.25	1	2	111266
222.55	0.25	1	2	111275
222.566	0.25	0	1	111283
222.582	0.25	0	1	111291
222.6	0.25	1	2	111300
222.616	0.25	1	2	111308
222.632	0.25	0	1	111316
222.65	0.25	0	1	111325
222.666	0.25	1	2	111333
222.682	0.25	1	2	111341
222.7	0.25	0	1	111350
222.716	0.25	0	1	111358
222.732	0.25	1	2	111366
222.75	0.25	1	2	111375
222.766	0.25	1	2	111383
222.782	0.25	1	2	111391
222.8	0.25	0	1	111400
222.816	0.25	0	1	111408
222.832	0.25	1	2	111416
222.85	0.25	1	2	111425
222.866	0.25	0	1	111433
222.882	0.25	0	1	111441
222.9	0.25	0	1	111450
222.916	0.25	0	1	111458
222.932	0.25	0	1	111466
222.95	0.25	0	1	111475
222.966	0.25	1	2	111483
222.982	0.25	1	2	111491
223.0	0.25	0	1	111500
223.016	0.25	0	1	111508
223.032	0.25	0	1	111516
223.05	0.25	0	1	111525
223.066	0.25	0	1	111533
223.082	0.25	0	1	111541
223.1	0.25	1	2	111550
223.116	0.25	1	2	111558
223.132	0.25	1	2	111566
223.15	0.25	1	2	111575
223.166	0.25	1	2	111583
223.182	0.25	1	2	111591
223.2	0.25	0	1	111600
223.216	0.25	0	1	111608
223.232	0.25	1	2	111616
223.25	0.25	1	2	111625
223.266	0.25	0	1	111633
223.282	0.25	0	1	111641
223.3	0.25	1	2	111650
223.316	0.25	1	2	111658
223.332	0.25	1	2	111666
223.35	0.25	1	2	111675
223.366	0.25	1	2	111683
223.382	0.25	1	2	111691
223.4	0.25	1	2	111700
223.416	0.25	1	2	111708
223.432	0.25	1	2	111716
223.45	0.25	1	2	111725
223.466	0.25	0	1	111733
223.482	0.25	0	1	111741
223.5	0.25	0	1	111750
223.516	0.25	0	1	111758
223.532	0.25	1	2	111766
223.55	0.25	1	2	111775
223.566	0.25	0	1	111783
223.582	0.25	0	1	111791
223.6	0.25	0	1	111800
223.616	0.25	0	1	111808
223.632	0.25	0	1	111816
223.65	0.25	0	1	111825
223.666	0.25	1	2	111833
223.682	0.25	1	2	111841
223.7	0.25	1	2	111850
225.2	0.25	1	2	112600
225.216	0.25	1	2	112608
225.232	0.25	1	2	112616
225.25	0.25	1	2	112625
225.266	0.25	0	1	112633
225.282	0.25	0	1	112641
225.3	0.25	1	2	112650
225.316	0.25	1	2	112658
225.332	0.25	1	2	112666
225.35	0.25	1	2	112675
225.366	0.25	0	1	112683
225.382	0.25	0	1	112691
225.4	0.25	1	2	112700
225.416	0.25	1	2	112708
225.432	0.25	1	2	112716
225.45	0.25	1	2	112725
225.466	0.25	0	1	112733
225.482	0.25	0	1	112741
225.5	0.25	1	2	112750
225.516	0.25	1	2	112758
225.532	0.25	1	2	112766
225.55	0.25	1	2	112775
225.566	0.25	0	1	112783
225.582	0.25	0	1	112791
225.6	0.25	0	1	112800
225.616	0.25	0	1	112808
225.632	0.25	0	1	112816
225.65	0.25	0	1	112825
225.666	0.25	1	2	112833
225.682	0.25	1	2	112841
225.7	0.25	1	2	112850
225.716	0.25	1	2	112858
225.732	0.25	1	2	112866
225.75	0.25	1	2	112875
225.766	0.25	0	1	112883
225.782	0.25	0	1	112891
225.8	0.25	0	1	112900
225.816	0.25	0	1	112908
225.832	0.25	0	1	112916
225.85	0.25	0	1	112925
225.866	0.25	1	2	112933
225.882	0.25	1	2	112941
225.9	0.25	1	2	112950
225.916	0.25	1	2	112958
225.932	0.25	1	2	112966
225.95	0.25	1	2	112975
225.966	0.25	1	2	112983
225.982	0.25	1	2	112991
226.0	0.25	1	2	113000
226.016	0.25	1	2	113008
226.032	0.25	0	1	113016
226.05	0.25	0	1	113025
226.066	0.25	0	1	113033
226.082	0.25	0	1	113041
226.1	0.25	1	2	113050
226.116	0.25	1	2	113058
226.132	0.25	0	1	113066
226.15	0.25	0	1	113075
226.166	0.25	1	2	113083
226.182	0.25	1	2	113091
226.2	0.25	0	1	113100
226.216	0.25	0	1	113108
226.232	0.25	0	1	113116
226.25	0.25	0	1	113125
226.266	0.25	1	2	113133
226.282	0.25	1	2	113141
226.3	0.25	1	2	113150
226.316	0.25	1	2	113158
226.332	0.25	0	1	113166
226.35	0.25	0	1	113175
226.366	0.25	0	1	113183
226.382	0.25	0	1	113191
226.4	0.25	0	1	113200
226.416	0.25	0	1	113208
226.432	0.25	0	1	113216
226.45	0.25	0	1	113225
226.466	0.25	1	2	113233
226.482	0.25	1	2	113241
226.5	0.25	0	1	113250
226.516	0.25	0	1	113258
226.532	0.25	0	1	113266
226.55	0.25	0	1	113275
226.566	0.25	0	1	113283
226.582	0.25	0	1	113291
226.6	0.25	0	1	113300
226.616	0.25	0	1	113308
226.632	0.25	1	2	113316
226.65	0.25	1	2	113325
226.666	0.25	1	2	113333
226.682	0.25	1	2	113341
226.7	0.25	1	2	113350
226.716	0.25	1	2	113358
226.732	0.25	1	2	113366
226.75	0.25	1	2	113375
226.766	0.25	1	2	113383
226.782	0.25	1	2	113391
226.8	0.25	1	2	113400
226.816	0.25	1	2	113408
226.832	0.25	0	1	113416
226.85	0.25	0	1	113425
226.866	0.25	1	2	113433
226.882	0.25	1	2	113441
226.9	0.25	0	1	113450
226.916	0.25	0	1	113458
226.932	0.25	1	2	113466
226.95	0.25	1	2	113475
226.966	0.25	0	1	113483
226.982	0.25	0	1	113491
227.0	0.25	0	1	113500
227.016	0.25	0	1	113508
227.032	0.25	1	2	113516
227.05	0.25	1	2	113525
227.066	0.25	1	2	113533
227.082	0.25	1	2	113541
227.1	0.25	0	1	113550
227.116	0.25	0	1	113558
227.132	0.25	0	1	113566
