onset	duration	trial_type	value	sample
23.932	0.25	0	1	11966
23.95	0.25	0	1	11975
23.966	0.25	0	1	11983
23.982	0.25	0	1	11991
24.0	0.25	1	2	12000
24.016	0.25	1	2	12008
24.032	0.25	1	2	12016
24.05	0.25	1	2	12025
24.066	0.25	0	1	12033
24.082	0.25	0	1	12041
24.1	0.25	0	1	12050
24.116	0.25	0	1	12058
24.132	0.25	0	1	12066
24.15	0.25	0	1	12075
24.166	0.25	0	1	12083
24.182	0.25	0	1	12091
24.2	0.25	1	2	12100
24.216	0.25	1	2	12108
24.232	0.25	1	2	12116
24.25	0.25	1	2	12125
24.266	0.25	1	2	12133
24.282	0.25	1	2	12141
24.3	0.25	1	2	12150
24.316	0.25	1	2	12158
24.332	0.25	1	2	12166
24.35	0.25	1	2	12175
24.366	0.25	0	1	12183
24.382	0.25	0	1	12191
24.4	0.25	0	1	12200
24.416	0.25	0	1	12208
24.432	0.25	0	1	12216
24.45	0.25	0	1	12225
24.466	0.25	0	1	12233
24.482	0.25	0	1	12241
24.5	0.25	0	1	12250
24.516	0.25	0	1	12258
24.532	0.25	0	1	12266
24.55	0.25	0	1	12275
24.566	0.25	1	2	12283
24.582	0.25	1	2	12291
24.6	0.25	1	2	12300
24.616	0.25	1	2	12308
24.632	0.25	0	1	12316
24.65	0.25	0	1	12325
24.666	0.25	0	1	12333
24.682	0.25	0	1	12341
24.7	0.25	1	2	12350
24.716	0.25	1	2	12358
24.732	0.25	0	1	12366
24.75	0.25	0	1	12375
24.766	0.25	1	2	12383
24.782	0.25	1	2	12391
24.8	0.25	0	1	12400
24.816	0.25	0	1	12408
24.832	0.25	1	2	12416
24.85	0.25	1	2	12425
24.866	0.25	0	1	12433
24.882	0.25	0	1	12441
24.9	0.25	1	2	12450
24.916	0.25	1	2	12458
24.932	0.25	1	2	12466
24.95	0.25	1	2	12475
24.966	0.25	0	1	12483
24.982	0.25	0	1	12491
25.0	0.25	1	2	12500
25.016	0.25	1	2	12508
25.032	0.25	0	1	12516
25.05	0.25	0	1	12525
25.066	0.25	0	1	12533
25.082	0.25	0	1	12541
25.1	0.25	0	1	12550
25.116	0.25	0	1	12558
25.132	0.25	1	2	12566
25.15	0.25	1	2	12575
25.166	0.25	0	1	12583
25.182	0.25	0	1	12591
25.2	0.25	0	1	12600
25.216	0.25	0	1	12608
25.232	0.25	0	1	12616
25.25	0.25	0	1	12625
25.266	0.25	1	2	12633
25.282	0.25	1	2	12641
25.3	0.25	1	2	12650
25.316	0.25	1	2	12658
25.332	0.25	1	2	12666
25.35	0.25	1	2	12675
25.366	0.25	0	1	12683
25.382	0.25	0	1	12691
25.4	0.25	1	2	12700
25.416	0.25	1	2	12708
25.432	0.25	0	1	12716
25.45	0.25	0	1	12725
25.466	0.25	1	2	12733
25.482	0.25	1	2	12741
25.5	0.25	1	2	12750
25.516	0.25	1	2	12758
25.532	0.25	1	2	12766
25.55	0.25	1	2	12775
25.566	0.25	1	2	12783
25.582	0.25	1	2	12791
25.6	0.25	1	2	12800
25.616	0.25	1	2	12808
25.632	0.25	0	1	12816
25.65	0.25	0	1	12825
25.666	0.25	0	1	12833
25.682	0.25	0	1	12841
25.7	0.25	1	2	12850
25.716	0.25	1	2	12858
25.732	0.25	0	1	12866
25.75	0.25	0	1	12875
25.766	0.25	0	1	12883
25.782	0.25	0	1	12891
25.8	0.25	0	1	12900
25.816	0.25	0	1	12908
25.832	0.25	1	2	12916
25.85	0.25	1	2	12925
25.866	0.25	1	2	12933
27.35	0.25	1	2	13675
27.366	0.25	1	2	13683
27.382	0.25	1	2	13691
27.4	0.25	1	2	13700
27.416	0.25	0	1	13708
27.432	0.25	0	1	13716
27.45	0.25	0	1	13725
27.466	0.25	0	1	13733
27.482	0.25	0	1	13741
27.5	0.25	0	1	13750
27.516	0.25	0	1	13758
27.532	0.25	0	1	13766
27.55	0.25	1	2	13775
27.566	0.25	1	2	13783
27.582	0.25	0	1	13791
27.6	0.25	0	1	13800
27.616	0.25	0	1	13808
27.632	0.25	0	1	13816
27.65	0.25	1	2	13825
27.666	0.25	1	2	13833
27.682	0.25	1	2	13841
27.7	0.25	1	2	13850
27.716	0.25	0	1	13858
27.732	0.25	0	1	13866
27.75	0.25	0	1	13875
27.766	0.25	0	1	13883
27.782	0.25	0	1	13891
27.8	0.25	0	1	13900
27.816	0.25	0	1	13908
27.832	0.25	0	1	13916
27.85	0.25	0	1	13925
27.866	0.25	0	1	13933
27.882	0.25	0	1	13941
27.9	0.25	0	1	13950
27.916	0.25	1	2	13958
27.932	0.25	1	2	13966
27.95	0.25	0	1	13975
27.966	0.25	0	1	13983
27.982	0.25	1	2	13991
28.0	0.25	1	2	14000
28.016	0.25	1	2	14008
28.032	0.25	1	2	14016
28.05	0.25	0	1	14025
28.066	0.25	0	1	14033
28.082	0.25	1	2	14041
28.1	0.25	1	2	14050
28.116	0.25	0	1	14058
28.132	0.25	0	1	14066
28.15	0.25	1	2	14075
28.166	0.25	1	2	14083
28.182	0.25	0	1	14091
28.2	0.25	0	1	14100
28.216	0.25	1	2	14108
28.232	0.25	1	2	14116
28.25	0.25	0	1	14125
28.266	0.25	0	1	14133
28.282	0.25	0	1	14141
28.3	0.25	0	1	14150
28.316	0.25	0	1	14158
28.332	0.25	0	1	14166
28.35	0.25	1	2	14175
28.366	0.25	1	2	14183
28.382	0.25	1	2	14191
28.4	0.25	1	2	14200
28.416	0.25	1	2	14208
28.432	0.25	1	2	14216
28.45	0.25	0	1	14225
28.466	0.25	0	1	14233
28.482	0.25	1	2	14241
28.5	0.25	1	2	14250
28.516	0.25	1	2	14258
28.532	0.25	1	2	14266
28.55	0.25	1	2	14275
28.566	0.25	1	2	14283
28.582	0.25	0	1	14291
28.6	0.25	0	1	14300
28.616	0.25	1	2	14308
28.632	0.25	1	2	14316
28.65	0.25	0	1	14325
28.666	0.25	0	1	14333
28.682	0.25	1	2	14341
28.7	0.25	1	2	14350
28.716	0.25	1	2	14358
28.732	0.25	1	2	14366
28.75	0.25	0	1	14375
28.766	0.25	0	1	14383
28.782	0.25	0	1	14391
28.8	0.25	0	1	14400
28.816	0.25	0	1	14408
28.832	0.25	0	1	14416
28.85	0.25	1	2	14425
28.866	0.25	1	2	14433
28.882	0.25	1	2	14441
28.9	0.25	1	2	14450
28.916	0.25	0	1	14458
28.932	0.25	0	1	14466
28.95	0.25	1	2	14475
28.966	0.25	1	2	14483
28.982	0.25	1	2	14491
29.0	0.25	1	2	14500
29.016	0.25	1	2	14508
29.032	0.25	1	2	14516
29.05	0.25	0	1	14525
29.066	0.25	0	1	14533
29.082	0.25	0	1	14541
29.1	0.25	0	1	14550
29.116	0.25	0	1	14558
29.132	0.25	0	1	14566
29.15	0.25	0	1	14575
29.166	0.25	0	1	14583
29.182	0.25	0	1	14591
29.2	0.25	0	1	14600
29.216	0.25	1	2	14608
29.232	0.25	1	2	14616
29.25	0.25	1	2	14625
29.266	0.25	1	2	14633
29.282	0.25	1	2	14641
30.766	0.25	1	2	15383
30.782	0.25	1	2	15391
30.8	0.25	1	2	15400
30.816	0.25	1	2	15408
30.832	0.25	0	1	15416
30.85	0.25	0	1	15425
30.866	0.25	1	2	15433
30.882	0.25	1	2	15441
30.9	0.25	1	2	15450
30.916	0.25	1	2	15458
30.932	0.25	0	1	15466
30.95	0.25	0	1	15475
30.966	0.25	1	2	15483
30.982	0.25	1	2	15491
31.0	0.25	1	2	15500
31.016	0.25	1	2	15508
31.032	0.25	0	1	15516
31.05	0.25	0	1	15525
31.066	0.25	1	2	15533
31.082	0.25	1	2	15541
31.1	0.25	1	2	15550
31.116	0.25	1	2	15558
31.132	0.25	0	1	15566
31.15	0.25	0	1	15575
31.166	0.25	0	1	15583
31.182	0.25	0	1	15591
31.2	0.25	0	1	15600
31.216	0.25	0	1	15608
31.232	0.25	1	2	15616
31.25	0.25	1	2	15625
31.266	0.25	1	2	15633
31.282	0.25	1	2	15641
31.3	0.25	1	2	15650
31.316	0.25	1	2	15658
31.332	0.25	0	1	15666
31.35	0.25	0	1	15675
31.366	0.25	0	1	15683
31.382	0.25	0	1	15691
31.4	0.25	0	1	15700
31.416	0.25	0	1	15708
31.432	0.25	1	2	15716
31.45	0.25	1	2	15725
31.466	0.25	1	2	15733
31.482	0.25	1	2	15741
31.5	0.25	1	2	15750
31.516	0.25	1	2	15758
31.532	0.25	1	2	15766
31.55	0.25	1	2	15775
31.566	0.25	1	2	15783
31.582	0.25	1	2	15791
31.6	0.25	0	1	15800
31.616	0.25	0	1	15808
31.632	0.25	0	1	15816
31.65	0.25	0	1	15825
31.666	0.25	1	2	15833
31.682	0.25	1	2	15841
31.7	0.25	0	1	15850
31.716	0.25	0	1	15858
31.732	0.25	1	2	15866
31.75	0.25	1	2	15875
31.766	0.25	0	1	15883
31.782	0.25	0	1	15891
31.8	0.25	0	1	15900
31.816	0.25	0	1	15908
31.832	0.25	1	2	15916
31.85	0.25	1	2	15925
31.866	0.25	1	2	15933
31.882	0.25	1	2	15941
31.9	0.25	0	1	15950
31.916	0.25	0	1	15958
31.932	0.25	0	1	15966
31.95	0.25	0	1	15975
31.966	0.25	0	1	15983
31.982	0.25	0	1	15991
32.0	0.25	0	1	16000
32.016	0.25	0	1	16008
32.032	0.25	1	2	16016
32.048	0.25	1	2	16024
32.066	0.25	0	1	16033
32.082	0.25	0	1	16041
32.1	0.25	0	1	16050
32.116	0.25	0	1	16058
32.132	0.25	0	1	16066
32.15	0.25	0	1	16075
32.166	0.25	0	1	16083
32.182	0.25	0	1	16091
32.2	0.25	1	2	16100
32.216	0.25	1	2	16108
32.232	0.25	1	2	16116
32.25	0.25	1	2	16125
32.266	0.25	1	2	16133
32.282	0.25	1	2	16141
32.298	0.25	1	2	16149
32.316	0.25	1	2	16158
32.332	0.25	1	2	16166
32.35	0.25	1	2	16175
32.366	0.25	1	2	16183
32.382	0.25	1	2	16191
32.4	0.25	0	1	16200
32.416	0.25	0	1	16208
32.432	0.25	1	2	16216
32.45	0.25	1	2	16225
32.466	0.25	0	1	16233
32.482	0.25	0	1	16241
32.5	0.25	1	2	16250
32.516	0.25	1	2	16258
32.532	0.25	0	1	16266
32.548	0.25	0	1	16274
32.566	0.25	0	1	16283
32.582	0.25	0	1	16291
32.6	0.25	1	2	16300
32.616	0.25	1	2	16308
32.632	0.25	1	2	16316
32.65	0.25	1	2	16325
32.666	0.25	0	1	16333
32.682	0.25	0	1	16341
32.7	0.25	0	1	16350
34.182	0.25	1	2	17091
34.2	0.25	1	2	17100
34.216	0.25	1	2	17108
34.232	0.25	1	2	17116
34.25	0.25	1	2	17125
34.266	0.25	1	2	17133
34.282	0.25	1	2	17141
34.3	0.25	1	2	17150
34.316	0.25	1	2	17158
34.332	0.25	1	2	17166
34.35	0.25	1	2	17175
34.366	0.25	1	2	17183
34.382	0.25	1	2	17191
34.4	0.25	1	2	17200
34.416	0.25	0	1	17208
34.432	0.25	0	1	17216
34.45	0.25	0	1	17225
34.466	0.25	0	1	17233
34.482	0.25	1	2	17241
34.5	0.25	1	2	17250
34.516	0.25	1	2	17258
34.532	0.25	1	2	17266
34.55	0.25	0	1	17275
34.566	0.25	0	1	17283
34.582	0.25	0	1	17291
34.6	0.25	0	1	17300
34.616	0.25	1	2	17308
34.632	0.25	1	2	17316
34.65	0.25	1	2	17325
34.666	0.25	1	2	17333
34.682	0.25	0	1	17341
34.7	0.25	0	1	17350
34.716	0.25	0	1	17358
34.732	0.25	0	1	17366
34.75	0.25	1	2	17375
34.766	0.25	1	2	17383
34.782	0.25	0	1	17391
34.8	0.25	0	1	17400
34.816	0.25	1	2	17408
34.832	0.25	1	2	17416
34.85	0.25	1	2	17425
34.866	0.25	1	2	17433
34.882	0.25	0	1	17441
34.9	0.25	0	1	17450
34.916	0.25	1	2	17458
34.932	0.25	1	2	17466
34.95	0.25	0	1	17475
34.966	0.25	0	1	17483
34.982	0.25	0	1	17491
35.0	0.25	0	1	17500
35.016	0.25	1	2	17508
35.032	0.25	1	2	17516
35.05	0.25	0	1	17525
35.066	0.25	0	1	17533
35.082	0.25	1	2	17541
35.1	0.25	1	2	17550
35.116	0.25	1	2	17558
35.132	0.25	1	2	17566
35.15	0.25	1	2	17575
35.166	0.25	1	2	17583
35.182	0.25	0	1	17591
35.2	0.25	0	1	17600
35.216	0.25	0	1	17608
35.232	0.25	0	1	17616
35.25	0.25	0	1	17625
35.266	0.25	0	1	17633
35.282	0.25	1	2	17641
35.3	0.25	1	2	17650
35.316	0.25	0	1	17658
35.332	0.25	0	1	17666
35.35	0.25	1	2	17675
35.366	0.25	1	2	17683
35.382	0.25	1	2	17691
35.4	0.25	1	2	17700
35.416	0.25	1	2	17708
35.432	0.25	1	2	17716
35.45	0.25	0	1	17725
35.466	0.25	0	1	17733
35.482	0.25	0	1	17741
35.5	0.25	0	1	17750
35.516	0.25	1	2	17758
35.532	0.25	1	2	17766
35.55	0.25	0	1	17775
35.566	0.25	0	1	17783
35.582	0.25	1	2	17791
35.6	0.25	1	2	17800
35.616	0.25	0	1	17808
35.632	0.25	0	1	17816
35.65	0.25	0	1	17825
35.666	0.25	0	1	17833
35.682	0.25	0	1	17841
35.7	0.25	0	1	17850
35.716	0.25	1	2	17858
35.732	0.25	1	2	17866
35.75	0.25	1	2	17875
35.766	0.25	1	2	17883
35.782	0.25	0	1	17891
35.8	0.25	0	1	17900
35.816	0.25	1	2	17908
35.832	0.25	1	2	17916
35.85	0.25	0	1	17925
35.866	0.25	0	1	17933
35.882	0.25	0	1	17941
35.9	0.25	0	1	17950
35.916	0.25	0	1	17958
35.932	0.25	0	1	17966
35.95	0.25	1	2	17975
35.966	0.25	1	2	17983
35.982	0.25	0	1	17991
36.0	0.25	0	1	18000
36.016	0.25	1	2	18008
36.032	0.25	1	2	18016
36.05	0.25	0	1	18025
36.066	0.25	0	1	18033
36.082	0.25	0	1	18041
36.1	0.25	0	1	18050
36.116	0.25	1	2	18058
40.65	0.25	1	2	20325
40.666	0.25	1	2	20333
40.682	0.25	1	2	20341
40.7	0.25	1	2	20350
40.716	0.25	0	1	20358
40.732	0.25	0	1	20366
40.75	0.25	1	2	20375
40.766	0.25	1	2	20383
40.782	0.25	1	2	20391
40.8	0.25	1	2	20400
40.816	0.25	0	1	20408
40.832	0.25	0	1	20416
40.85	0.25	1	2	20425
40.866	0.25	1	2	20433
40.882	0.25	1	2	20441
40.9	0.25	1	2	20450
40.916	0.25	0	1	20458
40.932	0.25	0	1	20466
40.95	0.25	1	2	20475
40.966	0.25	1	2	20483
40.982	0.25	1	2	20491
41.0	0.25	1	2	20500
41.016	0.25	0	1	20508
41.032	0.25	0	1	20516
41.05	0.25	0	1	20525
41.066	0.25	0	1	20533
41.082	0.25	0	1	20541
41.1	0.25	0	1	20550
41.116	0.25	1	2	20558
41.132	0.25	1	2	20566
41.15	0.25	1	2	20575
41.166	0.25	1	2	20583
41.182	0.25	1	2	20591
41.2	0.25	1	2	20600
41.216	0.25	0	1	20608
41.232	0.25	0	1	20616
41.25	0.25	0	1	20625
41.266	0.25	0	1	20633
41.282	0.25	0	1	20641
41.3	0.25	0	1	20650
41.316	0.25	1	2	20658
41.332	0.25	1	2	20666
41.35	0.25	1	2	20675
41.366	0.25	1	2	20683
41.382	0.25	1	2	20691
41.4	0.25	1	2	20700
41.416	0.25	1	2	20708
41.432	0.25	1	2	20716
41.45	0.25	1	2	20725
41.466	0.25	1	2	20733
41.482	0.25	0	1	20741
41.5	0.25	0	1	20750
41.516	0.25	0	1	20758
41.532	0.25	0	1	20766
41.55	0.25	1	2	20775
41.566	0.25	1	2	20783
41.582	0.25	0	1	20791
41.6	0.25	0	1	20800
41.616	0.25	1	2	20808
41.632	0.25	1	2	20816
41.65	0.25	0	1	20825
41.666	0.25	0	1	20833
41.682	0.25	0	1	20841
41.7	0.25	0	1	20850
41.716	0.25	1	2	20858
41.732	0.25	1	2	20866
41.75	0.25	1	2	20875
41.766	0.25	1	2	20883
41.782	0.25	0	1	20891
41.8	0.25	0	1	20900
41.816	0.25	0	1	20908
41.832	0.25	0	1	20916
41.85	0.25	0	1	20925
41.866	0.25	0	1	20933
41.882	0.25	0	1	20941
41.9	0.25	0	1	20950
41.916	0.25	1	2	20958
41.932	0.25	1	2	20966
41.95	0.25	0	1	20975
41.966	0.25	0	1	20983
41.982	0.25	0	1	20991
42.0	0.25	0	1	21000
42.016	0.25	0	1	21008
42.032	0.25	0	1	21016
42.05	0.25	0	1	21025
42.066	0.25	0	1	21033
42.082	0.25	1	2	21041
42.1	0.25	1	2	21050
42.116	0.25	1	2	21058
42.132	0.25	1	2	21066
42.15	0.25	1	2	21075
42.166	0.25	1	2	21083
42.182	0.25	1	2	21091
42.2	0.25	1	2	21100
42.216	0.25	1	2	21108
42.232	0.25	1	2	21116
42.25	0.25	1	2	21125
42.266	0.25	1	2	21133
42.282	0.25	0	1	21141
42.3	0.25	0	1	21150
42.316	0.25	1	2	21158
42.332	0.25	1	2	21166
42.35	0.25	0	1	21175
42.366	0.25	0	1	21183
42.382	0.25	1	2	21191
42.4	0.25	1	2	21200
42.416	0.25	0	1	21208
42.432	0.25	0	1	21216
42.45	0.25	0	1	21225
42.466	0.25	0	1	21233
42.482	0.25	1	2	21241
42.5	0.25	1	2	21250
42.516	0.25	1	2	21258
42.532	0.25	1	2	21266
42.55	0.25	0	1	21275
42.566	0.25	0	1	21283
42.582	0.25	0	1	21291
44.066	0.25	0	1	22033
44.082	0.25	0	1	22041
44.1	0.25	0	1	22050
44.116	0.25	0	1	22058
44.132	0.25	1	2	22066
44.15	0.25	1	2	22075
44.166	0.25	1	2	22083
44.182	0.25	1	2	22091
44.2	0.25	0	1	22100
44.216	0.25	0	1	22108
44.232	0.25	0	1	22116
44.25	0.25	0	1	22125
44.266	0.25	0	1	22133
44.282	0.25	0	1	22141
44.3	0.25	0	1	22150
44.316	0.25	0	1	22158
44.332	0.25	1	2	22166
44.35	0.25	1	2	22175
44.366	0.25	1	2	22183
44.382	0.25	1	2	22191
44.4	0.25	1	2	22200
44.416	0.25	1	2	22208
44.432	0.25	1	2	22216
44.45	0.25	1	2	22225
44.466	0.25	1	2	22233
44.482	0.25	1	2	22241
44.5	0.25	0	1	22250
44.516	0.25	0	1	22258
44.532	0.25	0	1	22266
44.55	0.25	0	1	22275
44.566	0.25	0	1	22283
44.582	0.25	0	1	22291
44.6	0.25	0	1	22300
44.616	0.25	0	1	22308
44.632	0.25	0	1	22316
44.65	0.25	0	1	22325
44.666	0.25	0	1	22333
44.682	0.25	0	1	22341
44.7	0.25	1	2	22350
44.716	0.25	1	2	22358
44.732	0.25	1	2	22366
44.75	0.25	1	2	22375
44.766	0.25	0	1	22383
44.782	0.25	0	1	22391
44.8	0.25	0	1	22400
44.816	0.25	0	1	22408
44.832	0.25	1	2	22416
44.85	0.25	1	2	22425
44.866	0.25	0	1	22433
44.882	0.25	0	1	22441
44.9	0.25	1	2	22450
44.916	0.25	1	2	22458
44.932	0.25	0	1	22466
44.95	0.25	0	1	22475
44.966	0.25	1	2	22483
44.982	0.25	1	2	22491
45.0	0.25	0	1	22500
45.016	0.25	0	1	22508
45.032	0.25	1	2	22516
45.05	0.25	1	2	22525
45.066	0.25	1	2	22533
45.082	0.25	1	2	22541
45.1	0.25	0	1	22550
45.116	0.25	0	1	22558
45.132	0.25	1	2	22566
45.15	0.25	1	2	22575
45.166	0.25	0	1	22583
45.182	0.25	0	1	22591
45.2	0.25	0	1	22600
45.216	0.25	0	1	22608
45.232	0.25	0	1	22616
45.25	0.25	0	1	22625
45.266	0.25	1	2	22633
45.282	0.25	1	2	22641
45.3	0.25	0	1	22650
45.316	0.25	0	1	22658
45.332	0.25	0	1	22666
45.35	0.25	0	1	22675
45.366	0.25	0	1	22683
45.382	0.25	0	1	22691
45.4	0.25	1	2	22700
45.416	0.25	1	2	22708
45.432	0.25	1	2	22716
45.45	0.25	1	2	22725
45.466	0.25	1	2	22733
45.482	0.25	1	2	22741
45.5	0.25	0	1	22750
45.516	0.25	0	1	22758
45.532	0.25	1	2	22766
45.55	0.25	1	2	22775
45.566	0.25	0	1	22783
45.582	0.25	0	1	22791
45.6	0.25	1	2	22800
45.616	0.25	1	2	22808
45.632	0.25	1	2	22816
45.65	0.25	1	2	22825
45.666	0.25	1	2	22833
45.682	0.25	1	2	22841
45.7	0.25	1	2	22850
45.716	0.25	1	2	22858
45.732	0.25	1	2	22866
45.75	0.25	1	2	22875
45.766	0.25	0	1	22883
45.782	0.25	0	1	22891
45.8	0.25	0	1	22900
45.816	0.25	0	1	22908
45.832	0.25	1	2	22916
45.85	0.25	1	2	22925
45.866	0.25	0	1	22933
45.882	0.25	0	1	22941
45.9	0.25	0	1	22950
45.916	0.25	0	1	22958
45.932	0.25	0	1	22966
45.95	0.25	0	1	22975
45.966	0.25	1	2	22983
45.982	0.25	1	2	22991
46.0	0.25	1	2	23000
47.482	0.25	1	2	23741
47.5	0.25	1	2	23750
47.516	0.25	1	2	23758
47.532	0.25	1	2	23766
47.55	0.25	1	2	23775
47.566	0.25	1	2	23783
47.582	0.25	1	2	23791
47.6	0.25	1	2	23800
47.616	0.25	1	2	23808
47.632	0.25	1	2	23816
47.65	0.25	1	2	23825
47.666	0.25	1	2	23833
47.682	0.25	1	2	23841
47.7	0.25	1	2	23850
47.716	0.25	0	1	23858
47.732	0.25	0	1	23866
47.75	0.25	0	1	23875
47.766	0.25	0	1	23883
47.782	0.25	1	2	23891
47.8	0.25	1	2	23900
47.816	0.25	1	2	23908
47.832	0.25	1	2	23916
47.85	0.25	0	1	23925
47.866	0.25	0	1	23933
47.882	0.25	0	1	23941
47.9	0.25	0	1	23950
47.916	0.25	1	2	23958
47.932	0.25	1	2	23966
47.95	0.25	1	2	23975
47.966	0.25	1	2	23983
47.982	0.25	0	1	23991
48.0	0.25	0	1	24000
48.016	0.25	0	1	24008
48.032	0.25	0	1	24016
48.05	0.25	1	2	24025
48.066	0.25	1	2	24033
48.082	0.25	0	1	24041
48.1	0.25	0	1	24050
48.116	0.25	1	2	24058
48.132	0.25	1	2	24066
48.15	0.25	1	2	24075
48.166	0.25	1	2	24083
48.182	0.25	0	1	24091
48.2	0.25	0	1	24100
48.216	0.25	1	2	24108
48.232	0.25	1	2	24116
48.25	0.25	0	1	24125
48.266	0.25	0	1	24133
48.282	0.25	0	1	24141
48.3	0.25	0	1	24150
48.316	0.25	1	2	24158
48.332	0.25	1	2	24166
48.35	0.25	0	1	24175
48.366	0.25	0	1	24183
48.382	0.25	1	2	24191
48.4	0.25	1	2	24200
48.416	0.25	1	2	24208
48.432	0.25	1	2	24216
48.45	0.25	1	2	24225
48.466	0.25	1	2	24233
48.482	0.25	0	1	24241
48.5	0.25	0	1	24250
48.516	0.25	0	1	24258
48.532	0.25	0	1	24266
48.55	0.25	0	1	24275
48.566	0.25	0	1	24283
48.582	0.25	1	2	24291
48.6	0.25	1	2	24300
48.616	0.25	0	1	24308
48.632	0.25	0	1	24316
48.65	0.25	1	2	24325
48.666	0.25	1	2	24333
48.682	0.25	1	2	24341
48.7	0.25	1	2	24350
48.716	0.25	1	2	24358
48.732	0.25	1	2	24366
48.75	0.25	0	1	24375
48.766	0.25	0	1	24383
48.782	0.25	0	1	24391
48.8	0.25	0	1	24400
48.816	0.25	1	2	24408
48.832	0.25	1	2	24416
48.85	0.25	0	1	24425
48.866	0.25	0	1	24433
48.882	0.25	1	2	24441
48.9	0.25	1	2	24450
48.916	0.25	0	1	24458
48.932	0.25	0	1	24466
48.95	0.25	0	1	24475
48.966	0.25	0	1	24483
48.982	0.25	0	1	24491
49.0	0.25	0	1	24500
49.016	0.25	1	2	24508
49.032	0.25	1	2	24516
49.05	0.25	1	2	24525
49.066	0.25	1	2	24533
49.082	0.25	0	1	24541
49.1	0.25	0	1	24550
49.116	0.25	1	2	24558
49.132	0.25	1	2	24566
49.15	0.25	0	1	24575
49.166	0.25	0	1	24583
49.182	0.25	0	1	24591
49.2	0.25	0	1	24600
49.216	0.25	0	1	24608
49.232	0.25	0	1	24616
49.25	0.25	1	2	24625
49.266	0.25	1	2	24633
49.282	0.25	0	1	24641
49.3	0.25	0	1	24650
49.316	0.25	1	2	24658
49.332	0.25	1	2	24666
49.35	0.25	0	1	24675
49.366	0.25	0	1	24683
49.382	0.25	0	1	24691
49.4	0.25	0	1	24700
49.416	0.25	1	2	24708
50.9	0.25	1	2	25450
50.916	0.25	1	2	25458
50.932	0.25	1	2	25466
50.95	0.25	1	2	25475
50.966	0.25	0	1	25483
50.982	0.25	0	1	25491
51.0	0.25	0	1	25500
51.016	0.25	0	1	25508
51.032	0.25	0	1	25516
51.05	0.25	0	1	25525
51.066	0.25	0	1	25533
51.082	0.25	0	1	25541
51.1	0.25	1	2	25550
51.116	0.25	1	2	25558
51.132	0.25	0	1	25566
51.15	0.25	0	1	25575
51.166	0.25	0	1	25583
51.182	0.25	0	1	25591
51.2	0.25	1	2	25600
51.216	0.25	1	2	25608
51.232	0.25	1	2	25616
51.25	0.25	1	2	25625
51.266	0.25	0	1	25633
51.282	0.25	0	1	25641
51.3	0.25	0	1	25650
51.316	0.25	0	1	25658
51.332	0.25	0	1	25666
51.35	0.25	0	1	25675
51.366	0.25	0	1	25683
51.382	0.25	0	1	25691
51.4	0.25	0	1	25700
51.416	0.25	0	1	25708
51.432	0.25	0	1	25716
51.45	0.25	0	1	25725
51.466	0.25	1	2	25733
51.482	0.25	1	2	25741
51.5	0.25	0	1	25750
51.516	0.25	0	1	25758
51.532	0.25	1	2	25766
51.55	0.25	1	2	25775
51.566	0.25	1	2	25783
51.582	0.25	1	2	25791
51.6	0.25	0	1	25800
51.616	0.25	0	1	25808
51.632	0.25	1	2	25816
51.65	0.25	1	2	25825
51.666	0.25	0	1	25833
51.682	0.25	0	1	25841
51.7	0.25	1	2	25850
51.716	0.25	1	2	25858
51.732	0.25	0	1	25866
51.75	0.25	0	1	25875
51.766	0.25	1	2	25883
51.782	0.25	1	2	25891
51.8	0.25	0	1	25900
51.816	0.25	0	1	25908
51.832	0.25	0	1	25916
51.85	0.25	0	1	25925
51.866	0.25	0	1	25933
51.882	0.25	0	1	25941
51.9	0.25	1	2	25950
51.916	0.25	1	2	25958
51.932	0.25	1	2	25966
51.95	0.25	1	2	25975
51.966	0.25	1	2	25983
51.982	0.25	1	2	25991
52.0	0.25	0	1	26000
52.016	0.25	0	1	26008
52.032	0.25	1	2	26016
52.05	0.25	1	2	26025
52.066	0.25	1	2	26033
52.082	0.25	1	2	26041
52.1	0.25	1	2	26050
52.116	0.25	1	2	26058
52.132	0.25	0	1	26066
52.15	0.25	0	1	26075
52.166	0.25	1	2	26083
52.182	0.25	1	2	26091
52.2	0.25	0	1	26100
52.216	0.25	0	1	26108
52.232	0.25	1	2	26116
52.25	0.25	1	2	26125
52.266	0.25	1	2	26133
52.282	0.25	1	2	26141
52.3	0.25	0	1	26150
52.316	0.25	0	1	26158
52.332	0.25	0	1	26166
52.35	0.25	0	1	26175
52.366	0.25	0	1	26183
52.382	0.25	0	1	26191
52.4	0.25	1	2	26200
52.416	0.25	1	2	26208
52.432	0.25	1	2	26216
52.45	0.25	1	2	26225
52.466	0.25	0	1	26233
52.482	0.25	0	1	26241
52.5	0.25	1	2	26250
52.516	0.25	1	2	26258
52.532	0.25	1	2	26266
52.55	0.25	1	2	26275
52.566	0.25	1	2	26283
52.582	0.25	1	2	26291
52.6	0.25	0	1	26300
52.616	0.25	0	1	26308
52.632	0.25	0	1	26316
52.65	0.25	0	1	26325
52.666	0.25	0	1	26333
52.682	0.25	0	1	26341
52.7	0.25	0	1	26350
52.716	0.25	0	1	26358
52.732	0.25	0	1	26366
52.75	0.25	0	1	26375
52.766	0.25	1	2	26383
52.782	0.25	1	2	26391
52.8	0.25	1	2	26400
52.816	0.25	1	2	26408
52.832	0.25	1	2	26416
55.9	0.25	1	2	27950
55.916	0.25	1	2	27958
55.932	0.25	1	2	27966
55.95	0.25	1	2	27975
55.966	0.25	1	2	27983
55.982	0.25	1	2	27991
56.0	0.25	1	2	28000
56.016	0.25	1	2	28008
56.032	0.25	1	2	28016
56.05	0.25	1	2	28025
56.066	0.25	1	2	28033
56.082	0.25	1	2	28041
56.1	0.25	1	2	28050
56.116	0.25	1	2	28058
56.132	0.25	0	1	28066
56.15	0.25	0	1	28075
56.166	0.25	0	1	28083
56.182	0.25	0	1	28091
56.2	0.25	1	2	28100
56.216	0.25	1	2	28108
56.232	0.25	1	2	28116
56.25	0.25	1	2	28125
56.266	0.25	0	1	28133
56.282	0.25	0	1	28141
56.3	0.25	0	1	28150
56.316	0.25	0	1	28158
56.332	0.25	1	2	28166
56.35	0.25	1	2	28175
56.366	0.25	1	2	28183
56.382	0.25	1	2	28191
56.4	0.25	0	1	28200
56.416	0.25	0	1	28208
56.432	0.25	0	1	28216
56.45	0.25	0	1	28225
56.466	0.25	1	2	28233
56.482	0.25	1	2	28241
56.5	0.25	0	1	28250
56.516	0.25	0	1	28258
56.532	0.25	1	2	28266
56.55	0.25	1	2	28275
56.566	0.25	1	2	28283
56.582	0.25	1	2	28291
56.6	0.25	0	1	28300
56.616	0.25	0	1	28308
56.632	0.25	1	2	28316
56.65	0.25	1	2	28325
56.666	0.25	0	1	28333
56.682	0.25	0	1	28341
56.7	0.25	0	1	28350
56.716	0.25	0	1	28358
56.732	0.25	1	2	28366
56.75	0.25	1	2	28375
56.766	0.25	0	1	28383
56.782	0.25	0	1	28391
56.8	0.25	1	2	28400
56.816	0.25	1	2	28408
56.832	0.25	1	2	28416
56.85	0.25	1	2	28425
56.866	0.25	1	2	28433
56.882	0.25	1	2	28441
56.9	0.25	0	1	28450
56.916	0.25	0	1	28458
56.932	0.25	0	1	28466
56.95	0.25	0	1	28475
56.966	0.25	0	1	28483
56.982	0.25	0	1	28491
57.0	0.25	1	2	28500
57.016	0.25	1	2	28508
57.032	0.25	0	1	28516
57.05	0.25	0	1	28525
57.066	0.25	1	2	28533
57.082	0.25	1	2	28541
57.1	0.25	1	2	28550
57.116	0.25	1	2	28558
57.132	0.25	1	2	28566
57.15	0.25	1	2	28575
57.166	0.25	0	1	28583
57.182	0.25	0	1	28591
57.2	0.25	0	1	28600
57.216	0.25	0	1	28608
57.232	0.25	1	2	28616
57.25	0.25	1	2	28625
57.266	0.25	0	1	28633
57.282	0.25	0	1	28641
57.3	0.25	1	2	28650
57.316	0.25	1	2	28658
57.332	0.25	0	1	28666
57.35	0.25	0	1	28675
57.366	0.25	0	1	28683
57.382	0.25	0	1	28691
57.4	0.25	0	1	28700
57.416	0.25	0	1	28708
57.432	0.25	1	2	28716
57.45	0.25	1	2	28725
57.466	0.25	1	2	28733
57.482	0.25	1	2	28741
57.5	0.25	0	1	28750
57.516	0.25	0	1	28758
57.532	0.25	1	2	28766
57.55	0.25	1	2	28775
57.566	0.25	0	1	28783
57.582	0.25	0	1	28791
57.6	0.25	0	1	28800
57.616	0.25	0	1	28808
57.632	0.25	0	1	28816
57.65	0.25	0	1	28825
57.666	0.25	1	2	28833
57.682	0.25	1	2	28841
57.7	0.25	0	1	28850
57.716	0.25	0	1	28858
57.732	0.25	1	2	28866
57.75	0.25	1	2	28875
57.766	0.25	0	1	28883
57.782	0.25	0	1	28891
57.8	0.25	0	1	28900
57.816	0.25	0	1	28908
57.832	0.25	1	2	28916
59.316	0.25	1	2	29658
59.332	0.25	1	2	29666
59.35	0.25	1	2	29675
59.366	0.25	1	2	29683
59.382	0.25	0	1	29691
59.4	0.25	0	1	29700
59.416	0.25	0	1	29708
59.432	0.25	0	1	29716
59.45	0.25	0	1	29725
59.466	0.25	0	1	29733
59.482	0.25	0	1	29741
59.5	0.25	0	1	29750
59.516	0.25	1	2	29758
59.532	0.25	1	2	29766
59.55	0.25	0	1	29775
59.566	0.25	0	1	29783
59.582	0.25	0	1	29791
59.6	0.25	0	1	29800
59.616	0.25	1	2	29808
59.632	0.25	1	2	29816
59.65	0.25	1	2	29825
59.666	0.25	1	2	29833
59.682	0.25	0	1	29841
59.7	0.25	0	1	29850
59.716	0.25	0	1	29858
59.732	0.25	0	1	29866
59.75	0.25	0	1	29875
59.766	0.25	0	1	29883
59.782	0.25	0	1	29891
59.8	0.25	0	1	29900
59.816	0.25	0	1	29908
59.832	0.25	0	1	29916
59.85	0.25	0	1	29925
59.866	0.25	0	1	29933
59.882	0.25	1	2	29941
59.9	0.25	1	2	29950
59.916	0.25	0	1	29958
59.932	0.25	0	1	29966
59.95	0.25	1	2	29975
59.966	0.25	1	2	29983
59.982	0.25	1	2	29991
60.0	0.25	1	2	30000
60.016	0.25	0	1	30008
60.032	0.25	0	1	30016
60.05	0.25	1	2	30025
60.066	0.25	1	2	30033
60.082	0.25	0	1	30041
60.1	0.25	0	1	30050
60.116	0.25	1	2	30058
60.132	0.25	1	2	30066
60.15	0.25	0	1	30075
60.166	0.25	0	1	30083
60.182	0.25	1	2	30091
60.2	0.25	1	2	30100
60.216	0.25	0	1	30108
60.232	0.25	0	1	30116
60.25	0.25	0	1	30125
60.266	0.25	0	1	30133
60.282	0.25	0	1	30141
60.3	0.25	0	1	30150
60.316	0.25	1	2	30158
60.332	0.25	1	2	30166
60.35	0.25	1	2	30175
60.366	0.25	1	2	30183
60.382	0.25	1	2	30191
60.4	0.25	1	2	30200
60.416	0.25	0	1	30208
60.432	0.25	0	1	30216
60.45	0.25	1	2	30225
60.466	0.25	1	2	30233
60.482	0.25	1	2	30241
60.5	0.25	1	2	30250
60.516	0.25	1	2	30258
60.532	0.25	1	2	30266
60.55	0.25	0	1	30275
60.566	0.25	0	1	30283
60.582	0.25	1	2	30291
60.6	0.25	1	2	30300
60.616	0.25	0	1	30308
60.632	0.25	0	1	30316
60.65	0.25	1	2	30325
60.666	0.25	1	2	30333
60.682	0.25	1	2	30341
60.7	0.25	1	2	30350
60.716	0.25	0	1	30358
60.732	0.25	0	1	30366
60.75	0.25	0	1	30375
60.766	0.25	0	1	30383
60.782	0.25	0	1	30391
60.8	0.25	0	1	30400
60.816	0.25	1	2	30408
60.832	0.25	1	2	30416
60.85	0.25	1	2	30425
60.866	0.25	1	2	30433
60.882	0.25	0	1	30441
60.9	0.25	0	1	30450
60.916	0.25	1	2	30458
60.932	0.25	1	2	30466
60.95	0.25	1	2	30475
60.966	0.25	1	2	30483
60.982	0.25	1	2	30491
61.0	0.25	1	2	30500
61.016	0.25	0	1	30508
61.032	0.25	0	1	30516
61.05	0.25	0	1	30525
61.066	0.25	0	1	30533
61.082	0.25	0	1	30541
61.1	0.25	0	1	30550
61.116	0.25	0	1	30558
61.132	0.25	0	1	30566
61.15	0.25	0	1	30575
61.166	0.25	0	1	30583
61.182	0.25	1	2	30591
61.2	0.25	1	2	30600
61.216	0.25	1	2	30608
61.232	0.25	1	2	30616
61.25	0.25	1	2	30625
62.732	0.25	1	2	31366
62.75	0.25	1	2	31375
62.766	0.25	1	2	31383
62.782	0.25	1	2	31391
62.8	0.25	0	1	31400
62.816	0.25	0	1	31408
62.832	0.25	1	2	31416
62.85	0.25	1	2	31425
62.866	0.25	1	2	31433
62.882	0.25	1	2	31441
62.9	0.25	0	1	31450
62.916	0.25	0	1	31458
62.932	0.25	1	2	31466
62.95	0.25	1	2	31475
62.966	0.25	1	2	31483
62.982	0.25	1	2	31491
63.0	0.25	0	1	31500
63.016	0.25	0	1	31508
63.032	0.25	1	2	31516
63.05	0.25	1	2	31525
63.066	0.25	1	2	31533
63.082	0.25	1	2	31541
63.1	0.25	0	1	31550
63.116	0.25	0	1	31558
63.132	0.25	0	1	31566
63.15	0.25	0	1	31575
63.166	0.25	0	1	31583
63.182	0.25	0	1	31591
63.2	0.25	1	2	31600
63.216	0.25	1	2	31608
63.232	0.25	1	2	31616
63.25	0.25	1	2	31625
63.266	0.25	1	2	31633
63.282	0.25	1	2	31641
63.3	0.25	0	1	31650
63.316	0.25	0	1	31658
63.332	0.25	0	1	31666
63.35	0.25	0	1	31675
63.366	0.25	0	1	31683
63.382	0.25	0	1	31691
63.4	0.25	1	2	31700
63.416	0.25	1	2	31708
63.432	0.25	1	2	31716
63.45	0.25	1	2	31725
63.466	0.25	1	2	31733
63.482	0.25	1	2	31741
63.5	0.25	1	2	31750
63.516	0.25	1	2	31758
63.532	0.25	1	2	31766
63.55	0.25	1	2	31775
63.566	0.25	0	1	31783
63.582	0.25	0	1	31791
63.6	0.25	0	1	31800
63.616	0.25	0	1	31808
63.632	0.25	1	2	31816
63.65	0.25	1	2	31825
63.666	0.25	0	1	31833
63.682	0.25	0	1	31841
63.7	0.25	1	2	31850
63.716	0.25	1	2	31858
63.732	0.25	0	1	31866
63.75	0.25	0	1	31875
63.766	0.25	0	1	31883
63.782	0.25	0	1	31891
63.8	0.25	1	2	31900
63.816	0.25	1	2	31908
63.832	0.25	1	2	31916
63.85	0.25	1	2	31925
63.866	0.25	0	1	31933
63.882	0.25	0	1	31941
63.9	0.25	0	1	31950
63.916	0.25	0	1	31958
63.932	0.25	0	1	31966
63.95	0.25	0	1	31975
63.966	0.25	0	1	31983
63.982	0.25	0	1	31991
64.0	0.25	1	2	32000
64.016	0.25	1	2	32008
64.032	0.25	0	1	32016
64.05	0.25	0	1	32025
64.066	0.25	0	1	32033
64.082	0.25	0	1	32041
64.098	0.25	0	1	32049
64.116	0.25	0	1	32058
64.132	0.25	0	1	32066
64.15	0.25	0	1	32075
64.166	0.25	1	2	32083
64.182	0.25	1	2	32091
64.2	0.25	1	2	32100
64.216	0.25	1	2	32108
64.232	0.25	1	2	32116
64.25	0.25	1	2	32125
64.266	0.25	1	2	32133
64.282	0.25	1	2	32141
64.3	0.25	1	2	32150
64.316	0.25	1	2	32158
64.332	0.25	1	2	32166
64.348	0.25	1	2	32174
64.366	0.25	0	1	32183
64.382	0.25	0	1	32191
64.4	0.25	1	2	32200
64.416	0.25	1	2	32208
64.432	0.25	0	1	32216
64.45	0.25	0	1	32225
64.466	0.25	1	2	32233
64.482	0.25	1	2	32241
64.5	0.25	0	1	32250
64.516	0.25	0	1	32258
64.532	0.25	0	1	32266
64.55	0.25	0	1	32275
64.566	0.25	1	2	32283
64.582	0.25	1	2	32291
64.598	0.25	1	2	32299
64.616	0.25	1	2	32308
64.632	0.25	0	1	32316
64.65	0.25	0	1	32325
64.666	0.25	0	1	32333
66.15	0.25	0	1	33075
66.166	0.25	0	1	33083
66.182	0.25	0	1	33091
66.2	0.25	0	1	33100
66.216	0.25	1	2	33108
66.232	0.25	1	2	33116
66.25	0.25	1	2	33125
66.266	0.25	1	2	33133
66.282	0.25	0	1	33141
66.3	0.25	0	1	33150
66.316	0.25	0	1	33158
66.332	0.25	0	1	33166
66.35	0.25	0	1	33175
66.366	0.25	0	1	33183
66.382	0.25	0	1	33191
66.4	0.25	0	1	33200
66.416	0.25	1	2	33208
66.432	0.25	1	2	33216
66.45	0.25	1	2	33225
66.466	0.25	1	2	33233
66.482	0.25	1	2	33241
66.5	0.25	1	2	33250
66.516	0.25	1	2	33258
66.532	0.25	1	2	33266
66.55	0.25	1	2	33275
66.566	0.25	1	2	33283
66.582	0.25	0	1	33291
66.6	0.25	0	1	33300
66.616	0.25	0	1	33308
66.632	0.25	0	1	33316
66.65	0.25	0	1	33325
66.666	0.25	0	1	33333
66.682	0.25	0	1	33341
66.7	0.25	0	1	33350
66.716	0.25	0	1	33358
66.732	0.25	0	1	33366
66.75	0.25	0	1	33375
66.766	0.25	0	1	33383
66.782	0.25	1	2	33391
66.8	0.25	1	2	33400
66.816	0.25	1	2	33408
66.832	0.25	1	2	33416
66.85	0.25	0	1	33425
66.866	0.25	0	1	33433
66.882	0.25	0	1	33441
66.9	0.25	0	1	33450
66.916	0.25	1	2	33458
66.932	0.25	1	2	33466
66.95	0.25	0	1	33475
66.966	0.25	0	1	33483
66.982	0.25	1	2	33491
67.0	0.25	1	2	33500
67.016	0.25	0	1	33508
67.032	0.25	0	1	33516
67.05	0.25	1	2	33525
67.066	0.25	1	2	33533
67.082	0.25	0	1	33541
67.1	0.25	0	1	33550
67.116	0.25	1	2	33558
67.132	0.25	1	2	33566
67.15	0.25	1	2	33575
67.166	0.25	1	2	33583
67.182	0.25	0	1	33591
67.2	0.25	0	1	33600
67.216	0.25	1	2	33608
67.232	0.25	1	2	33616
67.25	0.25	0	1	33625
67.266	0.25	0	1	33633
67.282	0.25	0	1	33641
67.3	0.25	0	1	33650
67.316	0.25	0	1	33658
67.332	0.25	0	1	33666
67.35	0.25	1	2	33675
67.366	0.25	1	2	33683
67.382	0.25	0	1	33691
67.4	0.25	0	1	33700
67.416	0.25	0	1	33708
67.432	0.25	0	1	33716
67.45	0.25	0	1	33725
67.466	0.25	0	1	33733
67.482	0.25	1	2	33741
67.5	0.25	1	2	33750
67.516	0.25	1	2	33758
67.532	0.25	1	2	33766
67.55	0.25	1	2	33775
67.566	0.25	1	2	33783
67.582	0.25	0	1	33791
67.6	0.25	0	1	33800
67.616	0.25	1	2	33808
67.632	0.25	1	2	33816
67.65	0.25	0	1	33825
67.666	0.25	0	1	33833
67.682	0.25	1	2	33841
67.7	0.25	1	2	33850
67.716	0.25	1	2	33858
67.732	0.25	1	2	33866
67.75	0.25	1	2	33875
67.766	0.25	1	2	33883
67.782	0.25	1	2	33891
67.8	0.25	1	2	33900
67.816	0.25	1	2	33908
67.832	0.25	1	2	33916
67.85	0.25	0	1	33925
67.866	0.25	0	1	33933
67.882	0.25	0	1	33941
67.9	0.25	0	1	33950
67.916	0.25	1	2	33958
67.932	0.25	1	2	33966
67.95	0.25	0	1	33975
67.966	0.25	0	1	33983
67.982	0.25	0	1	33991
68.0	0.25	0	1	34000
68.016	0.25	0	1	34008
68.032	0.25	0	1	34016
68.05	0.25	1	2	34025
68.066	0.25	1	2	34033
68.082	0.25	1	2	34041
71.766	0.25	1	2	35883
71.782	0.25	1	2	35891
71.8	0.25	1	2	35900
71.816	0.25	1	2	35908
71.832	0.25	0	1	35916
71.85	0.25	0	1	35925
71.866	0.25	0	1	35933
71.882	0.25	0	1	35941
71.9	0.25	0	1	35950
71.916	0.25	0	1	35958
71.932	0.25	0	1	35966
71.95	0.25	0	1	35975
71.966	0.25	1	2	35983
71.982	0.25	1	2	35991
72.0	0.25	0	1	36000
72.016	0.25	0	1	36008
72.032	0.25	0	1	36016
72.05	0.25	0	1	36025
72.066	0.25	1	2	36033
72.082	0.25	1	2	36041
72.1	0.25	1	2	36050
72.116	0.25	1	2	36058
72.132	0.25	0	1	36066
72.15	0.25	0	1	36075
72.166	0.25	0	1	36083
72.182	0.25	0	1	36091
72.2	0.25	0	1	36100
72.216	0.25	0	1	36108
72.232	0.25	0	1	36116
72.25	0.25	0	1	36125
72.266	0.25	0	1	36133
72.282	0.25	0	1	36141
72.3	0.25	0	1	36150
72.316	0.25	0	1	36158
72.332	0.25	1	2	36166
72.35	0.25	1	2	36175
72.366	0.25	0	1	36183
72.382	0.25	0	1	36191
72.4	0.25	1	2	36200
72.416	0.25	1	2	36208
72.432	0.25	1	2	36216
72.45	0.25	1	2	36225
72.466	0.25	0	1	36233
72.482	0.25	0	1	36241
72.5	0.25	1	2	36250
72.516	0.25	1	2	36258
72.532	0.25	0	1	36266
72.55	0.25	0	1	36275
72.566	0.25	1	2	36283
72.582	0.25	1	2	36291
72.6	0.25	0	1	36300
72.616	0.25	0	1	36308
72.632	0.25	1	2	36316
72.65	0.25	1	2	36325
72.666	0.25	0	1	36333
72.682	0.25	0	1	36341
72.7	0.25	0	1	36350
72.716	0.25	0	1	36358
72.732	0.25	0	1	36366
72.75	0.25	0	1	36375
72.766	0.25	1	2	36383
72.782	0.25	1	2	36391
72.8	0.25	1	2	36400
72.816	0.25	1	2	36408
72.832	0.25	1	2	36416
72.85	0.25	1	2	36425
72.866	0.25	0	1	36433
72.882	0.25	0	1	36441
72.9	0.25	1	2	36450
72.916	0.25	1	2	36458
72.932	0.25	1	2	36466
72.95	0.25	1	2	36475
72.966	0.25	1	2	36483
72.982	0.25	1	2	36491
73.0	0.25	0	1	36500
73.016	0.25	0	1	36508
73.032	0.25	1	2	36516
73.05	0.25	1	2	36525
73.066	0.25	0	1	36533
73.082	0.25	0	1	36541
73.1	0.25	1	2	36550
73.116	0.25	1	2	36558
73.132	0.25	1	2	36566
73.15	0.25	1	2	36575
73.166	0.25	0	1	36583
73.182	0.25	0	1	36591
73.2	0.25	0	1	36600
73.216	0.25	0	1	36608
73.232	0.25	0	1	36616
73.25	0.25	0	1	36625
73.266	0.25	1	2	36633
73.282	0.25	1	2	36641
73.3	0.25	1	2	36650
73.316	0.25	1	2	36658
73.332	0.25	0	1	36666
73.35	0.25	0	1	36675
73.366	0.25	1	2	36683
73.382	0.25	1	2	36691
73.4	0.25	1	2	36700
73.416	0.25	1	2	36708
73.432	0.25	1	2	36716
73.45	0.25	1	2	36725
73.466	0.25	0	1	36733
73.482	0.25	0	1	36741
73.5	0.25	0	1	36750
73.516	0.25	0	1	36758
73.532	0.25	0	1	36766
73.55	0.25	0	1	36775
73.566	0.25	0	1	36783
73.582	0.25	0	1	36791
73.6	0.25	0	1	36800
73.616	0.25	0	1	36808
73.632	0.25	1	2	36816
73.65	0.25	1	2	36825
73.666	0.25	1	2	36833
73.682	0.25	1	2	36841
73.7	0.25	1	2	36850
75.182	0.25	1	2	37591
75.2	0.25	1	2	37600
75.216	0.25	1	2	37608
75.232	0.25	1	2	37616
75.25	0.25	0	1	37625
75.266	0.25	0	1	37633
75.282	0.25	1	2	37641
75.3	0.25	1	2	37650
75.316	0.25	1	2	37658
75.332	0.25	1	2	37666
75.35	0.25	0	1	37675
75.366	0.25	0	1	37683
75.382	0.25	1	2	37691
75.4	0.25	1	2	37700
75.416	0.25	1	2	37708
75.432	0.25	1	2	37716
75.45	0.25	0	1	37725
75.466	0.25	0	1	37733
75.482	0.25	1	2	37741
75.5	0.25	1	2	37750
75.516	0.25	1	2	37758
75.532	0.25	1	2	37766
75.55	0.25	0	1	37775
75.566	0.25	0	1	37783
75.582	0.25	0	1	37791
75.6	0.25	0	1	37800
75.616	0.25	0	1	37808
75.632	0.25	0	1	37816
75.65	0.25	1	2	37825
75.666	0.25	1	2	37833
75.682	0.25	1	2	37841
75.7	0.25	1	2	37850
75.716	0.25	1	2	37858
75.732	0.25	1	2	37866
75.75	0.25	0	1	37875
75.766	0.25	0	1	37883
75.782	0.25	0	1	37891
75.8	0.25	0	1	37900
75.816	0.25	0	1	37908
75.832	0.25	0	1	37916
75.85	0.25	1	2	37925
75.866	0.25	1	2	37933
75.882	0.25	1	2	37941
75.9	0.25	1	2	37950
75.916	0.25	1	2	37958
75.932	0.25	1	2	37966
75.95	0.25	1	2	37975
75.966	0.25	1	2	37983
75.982	0.25	1	2	37991
76.0	0.25	1	2	38000
76.016	0.25	0	1	38008
76.032	0.25	0	1	38016
76.05	0.25	0	1	38025
76.066	0.25	0	1	38033
76.082	0.25	1	2	38041
76.1	0.25	1	2	38050
76.116	0.25	0	1	38058
76.132	0.25	0	1	38066
76.15	0.25	1	2	38075
76.166	0.25	1	2	38083
76.182	0.25	0	1	38091
76.2	0.25	0	1	38100
76.216	0.25	0	1	38108
76.232	0.25	0	1	38116
76.25	0.25	1	2	38125
76.266	0.25	1	2	38133
76.282	0.25	1	2	38141
76.3	0.25	1	2	38150
76.316	0.25	0	1	38158
76.332	0.25	0	1	38166
76.35	0.25	0	1	38175
76.366	0.25	0	1	38183
76.382	0.25	0	1	38191
76.4	0.25	0	1	38200
76.416	0.25	0	1	38208
76.432	0.25	0	1	38216
76.45	0.25	1	2	38225
76.466	0.25	1	2	38233
76.482	0.25	0	1	38241
76.5	0.25	0	1	38250
76.516	0.25	0	1	38258
76.532	0.25	0	1	38266
76.55	0.25	0	1	38275
76.566	0.25	0	1	38283
76.582	0.25	0	1	38291
76.6	0.25	0	1	38300
76.616	0.25	1	2	38308
76.632	0.25	1	2	38316
76.65	0.25	1	2	38325
76.666	0.25	1	2	38333
76.682	0.25	1	2	38341
76.7	0.25	1	2	38350
76.716	0.25	1	2	38358
76.732	0.25	1	2	38366
76.75	0.25	1	2	38375
76.766	0.25	1	2	38383
76.782	0.25	1	2	38391
76.8	0.25	1	2	38400
76.816	0.25	0	1	38408
76.832	0.25	0	1	38416
76.85	0.25	1	2	38425
76.866	0.25	1	2	38433
76.882	0.25	0	1	38441
76.9	0.25	0	1	38450
76.916	0.25	1	2	38458
76.932	0.25	1	2	38466
76.95	0.25	0	1	38475
76.966	0.25	0	1	38483
76.982	0.25	0	1	38491
77.0	0.25	0	1	38500
77.016	0.25	1	2	38508
77.032	0.25	1	2	38516
77.05	0.25	1	2	38525
77.066	0.25	1	2	38533
77.082	0.25	0	1	38541
77.1	0.25	0	1	38550
77.116	0.25	0	1	38558
78.6	0.25	1	2	39300
78.616	0.25	1	2	39308
78.632	0.25	1	2	39316
78.65	0.25	1	2	39325
78.666	0.25	1	2	39333
78.682	0.25	1	2	39341
78.7	0.25	1	2	39350
78.716	0.25	1	2	39358
78.732	0.25	1	2	39366
78.75	0.25	1	2	39375
78.766	0.25	1	2	39383
78.782	0.25	1	2	39391
78.8	0.25	1	2	39400
78.816	0.25	1	2	39408
78.832	0.25	0	1	39416
78.85	0.25	0	1	39425
78.866	0.25	0	1	39433
78.882	0.25	0	1	39441
78.9	0.25	1	2	39450
78.916	0.25	1	2	39458
78.932	0.25	1	2	39466
78.95	0.25	1	2	39475
78.966	0.25	0	1	39483
78.982	0.25	0	1	39491
79.0	0.25	0	1	39500
79.016	0.25	0	1	39508
79.032	0.25	1	2	39516
79.05	0.25	1	2	39525
79.066	0.25	1	2	39533
79.082	0.25	1	2	39541
79.1	0.25	0	1	39550
79.116	0.25	0	1	39558
79.132	0.25	0	1	39566
79.15	0.25	0	1	39575
79.166	0.25	1	2	39583
79.182	0.25	1	2	39591
79.2	0.25	0	1	39600
79.216	0.25	0	1	39608
79.232	0.25	1	2	39616
79.25	0.25	1	2	39625
79.266	0.25	1	2	39633
79.282	0.25	1	2	39641
79.3	0.25	0	1	39650
79.316	0.25	0	1	39658
79.332	0.25	1	2	39666
79.35	0.25	1	2	39675
79.366	0.25	0	1	39683
79.382	0.25	0	1	39691
79.4	0.25	0	1	39700
79.416	0.25	0	1	39708
79.432	0.25	1	2	39716
79.45	0.25	1	2	39725
79.466	0.25	0	1	39733
79.482	0.25	0	1	39741
79.5	0.25	1	2	39750
79.516	0.25	1	2	39758
79.532	0.25	1	2	39766
79.55	0.25	1	2	39775
79.566	0.25	1	2	39783
79.582	0.25	1	2	39791
79.6	0.25	0	1	39800
79.616	0.25	0	1	39808
79.632	0.25	0	1	39816
79.65	0.25	0	1	39825
79.666	0.25	0	1	39833
79.682	0.25	0	1	39841
79.7	0.25	1	2	39850
79.716	0.25	1	2	39858
79.732	0.25	0	1	39866
79.75	0.25	0	1	39875
79.766	0.25	1	2	39883
79.782	0.25	1	2	39891
79.8	0.25	1	2	39900
79.816	0.25	1	2	39908
79.832	0.25	1	2	39916
79.85	0.25	1	2	39925
79.866	0.25	0	1	39933
79.882	0.25	0	1	39941
79.9	0.25	0	1	39950
79.916	0.25	0	1	39958
79.932	0.25	1	2	39966
79.95	0.25	1	2	39975
79.966	0.25	0	1	39983
79.982	0.25	0	1	39991
80.0	0.25	1	2	40000
80.016	0.25	1	2	40008
80.032	0.25	0	1	40016
80.05	0.25	0	1	40025
80.066	0.25	0	1	40033
80.082	0.25	0	1	40041
80.1	0.25	0	1	40050
80.116	0.25	0	1	40058
80.132	0.25	1	2	40066
80.15	0.25	1	2	40075
80.166	0.25	1	2	40083
80.182	0.25	1	2	40091
80.2	0.25	0	1	40100
80.216	0.25	0	1	40108
80.232	0.25	1	2	40116
80.25	0.25	1	2	40125
80.266	0.25	0	1	40133
80.282	0.25	0	1	40141
80.3	0.25	0	1	40150
80.316	0.25	0	1	40158
80.332	0.25	0	1	40166
80.35	0.25	0	1	40175
80.366	0.25	1	2	40183
80.382	0.25	1	2	40191
80.4	0.25	0	1	40200
80.416	0.25	0	1	40208
80.432	0.25	1	2	40216
80.45	0.25	1	2	40225
80.466	0.25	0	1	40233
80.482	0.25	0	1	40241
80.5	0.25	0	1	40250
80.516	0.25	0	1	40258
80.532	0.25	1	2	40266
82.016	0.25	0	1	41008
82.032	0.25	0	1	41016
82.05	0.25	0	1	41025
82.066	0.25	0	1	41033
82.082	0.25	1	2	41041
82.1	0.25	1	2	41050
82.116	0.25	1	2	41058
82.132	0.25	1	2	41066
82.15	0.25	0	1	41075
82.166	0.25	0	1	41083
82.182	0.25	0	1	41091
82.2	0.25	0	1	41100
82.216	0.25	0	1	41108
82.232	0.25	0	1	41116
82.25	0.25	0	1	41125
82.266	0.25	0	1	41133
82.282	0.25	1	2	41141
82.3	0.25	1	2	41150
82.316	0.25	1	2	41158
82.332	0.25	1	2	41166
82.35	0.25	1	2	41175
82.366	0.25	1	2	41183
82.382	0.25	1	2	41191
82.4	0.25	1	2	41200
82.416	0.25	1	2	41208
82.432	0.25	1	2	41216
82.45	0.25	0	1	41225
82.466	0.25	0	1	41233
82.482	0.25	0	1	41241
82.5	0.25	0	1	41250
82.516	0.25	0	1	41258
82.532	0.25	0	1	41266
82.55	0.25	0	1	41275
82.566	0.25	0	1	41283
82.582	0.25	0	1	41291
82.6	0.25	0	1	41300
82.616	0.25	0	1	41308
82.632	0.25	0	1	41316
82.65	0.25	1	2	41325
82.666	0.25	1	2	41333
82.682	0.25	1	2	41341
82.7	0.25	1	2	41350
82.716	0.25	0	1	41358
82.732	0.25	0	1	41366
82.75	0.25	0	1	41375
82.766	0.25	0	1	41383
82.782	0.25	1	2	41391
82.8	0.25	1	2	41400
82.816	0.25	0	1	41408
82.832	0.25	0	1	41416
82.85	0.25	1	2	41425
82.866	0.25	1	2	41433
82.882	0.25	0	1	41441
82.9	0.25	0	1	41450
82.916	0.25	1	2	41458
82.932	0.25	1	2	41466
82.95	0.25	0	1	41475
82.966	0.25	0	1	41483
82.982	0.25	1	2	41491
83.0	0.25	1	2	41500
83.016	0.25	1	2	41508
83.032	0.25	1	2	41516
83.05	0.25	0	1	41525
83.066	0.25	0	1	41533
83.082	0.25	1	2	41541
83.1	0.25	1	2	41550
83.116	0.25	0	1	41558
83.132	0.25	0	1	41566
83.15	0.25	0	1	41575
83.166	0.25	0	1	41583
83.182	0.25	0	1	41591
83.2	0.25	0	1	41600
83.216	0.25	1	2	41608
83.232	0.25	1	2	41616
83.25	0.25	0	1	41625
83.266	0.25	0	1	41633
83.282	0.25	0	1	41641
83.3	0.25	0	1	41650
83.316	0.25	0	1	41658
83.332	0.25	0	1	41666
83.35	0.25	1	2	41675
83.366	0.25	1	2	41683
83.382	0.25	1	2	41691
83.4	0.25	1	2	41700
83.416	0.25	1	2	41708
83.432	0.25	1	2	41716
83.45	0.25	0	1	41725
83.466	0.25	0	1	41733
83.482	0.25	1	2	41741
83.5	0.25	1	2	41750
83.516	0.25	0	1	41758
83.532	0.25	0	1	41766
83.55	0.25	1	2	41775
83.566	0.25	1	2	41783
83.582	0.25	1	2	41791
83.6	0.25	1	2	41800
83.616	0.25	1	2	41808
83.632	0.25	1	2	41816
83.65	0.25	1	2	41825
83.666	0.25	1	2	41833
83.682	0.25	1	2	41841
83.7	0.25	1	2	41850
83.716	0.25	0	1	41858
83.732	0.25	0	1	41866
83.75	0.25	0	1	41875
83.766	0.25	0	1	41883
83.782	0.25	1	2	41891
83.8	0.25	1	2	41900
83.816	0.25	0	1	41908
83.832	0.25	0	1	41916
83.85	0.25	0	1	41925
83.866	0.25	0	1	41933
83.882	0.25	0	1	41941
83.9	0.25	0	1	41950
83.916	0.25	1	2	41958
83.932	0.25	1	2	41966
83.95	0.25	1	2	41975
87.45	0.25	0	1	43725
87.466	0.25	0	1	43733
87.482	0.25	0	1	43741
87.5	0.25	0	1	43750
87.516	0.25	1	2	43758
87.532	0.25	1	2	43766
87.55	0.25	1	2	43775
87.566	0.25	1	2	43783
87.582	0.25	0	1	43791
87.6	0.25	0	1	43800
87.616	0.25	0	1	43808
87.632	0.25	0	1	43816
87.65	0.25	0	1	43825
87.666	0.25	0	1	43833
87.682	0.25	0	1	43841
87.7	0.25	0	1	43850
87.716	0.25	1	2	43858
87.732	0.25	1	2	43866
87.75	0.25	1	2	43875
87.766	0.25	1	2	43883
87.782	0.25	1	2	43891
87.8	0.25	1	2	43900
87.816	0.25	1	2	43908
87.832	0.25	1	2	43916
87.85	0.25	1	2	43925
87.866	0.25	1	2	43933
87.882	0.25	0	1	43941
87.9	0.25	0	1	43950
87.916	0.25	0	1	43958
87.932	0.25	0	1	43966
87.95	0.25	0	1	43975
87.966	0.25	0	1	43983
87.982	0.25	0	1	43991
88.0	0.25	0	1	44000
88.016	0.25	0	1	44008
88.032	0.25	0	1	44016
88.05	0.25	0	1	44025
88.066	0.25	0	1	44033
88.082	0.25	1	2	44041
88.1	0.25	1	2	44050
88.116	0.25	1	2	44058
88.132	0.25	1	2	44066
88.15	0.25	0	1	44075
88.166	0.25	0	1	44083
88.182	0.25	0	1	44091
88.2	0.25	0	1	44100
88.216	0.25	1	2	44108
88.232	0.25	1	2	44116
88.25	0.25	0	1	44125
88.266	0.25	0	1	44133
88.282	0.25	1	2	44141
88.3	0.25	1	2	44150
88.316	0.25	0	1	44158
88.332	0.25	0	1	44166
88.35	0.25	1	2	44175
88.366	0.25	1	2	44183
88.382	0.25	0	1	44191
88.4	0.25	0	1	44200
88.416	0.25	1	2	44208
88.432	0.25	1	2	44216
88.45	0.25	1	2	44225
88.466	0.25	1	2	44233
88.482	0.25	0	1	44241
88.5	0.25	0	1	44250
88.516	0.25	1	2	44258
88.532	0.25	1	2	44266
88.55	0.25	0	1	44275
88.566	0.25	0	1	44283
88.582	0.25	0	1	44291
88.6	0.25	0	1	44300
88.616	0.25	0	1	44308
88.632	0.25	0	1	44316
88.65	0.25	1	2	44325
88.666	0.25	1	2	44333
88.682	0.25	0	1	44341
88.7	0.25	0	1	44350
88.716	0.25	0	1	44358
88.732	0.25	0	1	44366
88.75	0.25	0	1	44375
88.766	0.25	0	1	44383
88.782	0.25	1	2	44391
88.8	0.25	1	2	44400
88.816	0.25	1	2	44408
88.832	0.25	1	2	44416
88.85	0.25	1	2	44425
88.866	0.25	1	2	44433
88.882	0.25	0	1	44441
88.9	0.25	0	1	44450
88.916	0.25	1	2	44458
88.932	0.25	1	2	44466
88.95	0.25	0	1	44475
88.966	0.25	0	1	44483
88.982	0.25	1	2	44491
89.0	0.25	1	2	44500
89.016	0.25	1	2	44508
89.032	0.25	1	2	44516
89.05	0.25	1	2	44525
89.066	0.25	1	2	44533
89.082	0.25	1	2	44541
89.1	0.25	1	2	44550
89.116	0.25	1	2	44558
89.132	0.25	1	2	44566
89.15	0.25	0	1	44575
89.166	0.25	0	1	44583
89.182	0.25	0	1	44591
89.2	0.25	0	1	44600
89.216	0.25	1	2	44608
89.232	0.25	1	2	44616
89.25	0.25	0	1	44625
89.266	0.25	0	1	44633
89.282	0.25	0	1	44641
89.3	0.25	0	1	44650
89.316	0.25	0	1	44658
89.332	0.25	0	1	44666
89.35	0.25	1	2	44675
89.366	0.25	1	2	44683
89.382	0.25	1	2	44691
90.866	0.25	1	2	45433
90.882	0.25	1	2	45441
90.9	0.25	1	2	45450
90.916	0.25	1	2	45458
90.932	0.25	0	1	45466
90.95	0.25	0	1	45475
90.966	0.25	0	1	45483
90.982	0.25	0	1	45491
91.0	0.25	0	1	45500
91.016	0.25	0	1	45508
91.032	0.25	0	1	45516
91.05	0.25	0	1	45525
91.066	0.25	1	2	45533
91.082	0.25	1	2	45541
91.1	0.25	0	1	45550
91.116	0.25	0	1	45558
91.132	0.25	0	1	45566
91.15	0.25	0	1	45575
91.166	0.25	1	2	45583
91.182	0.25	1	2	45591
91.2	0.25	1	2	45600
91.216	0.25	1	2	45608
91.232	0.25	0	1	45616
91.25	0.25	0	1	45625
91.266	0.25	0	1	45633
91.282	0.25	0	1	45641
91.3	0.25	0	1	45650
91.316	0.25	0	1	45658
91.332	0.25	0	1	45666
91.35	0.25	0	1	45675
91.366	0.25	0	1	45683
91.382	0.25	0	1	45691
91.4	0.25	0	1	45700
91.416	0.25	0	1	45708
91.432	0.25	1	2	45716
91.45	0.25	1	2	45725
91.466	0.25	0	1	45733
91.482	0.25	0	1	45741
91.5	0.25	1	2	45750
91.516	0.25	1	2	45758
91.532	0.25	1	2	45766
91.55	0.25	1	2	45775
91.566	0.25	0	1	45783
91.582	0.25	0	1	45791
91.6	0.25	1	2	45800
91.616	0.25	1	2	45808
91.632	0.25	0	1	45816
91.65	0.25	0	1	45825
91.666	0.25	1	2	45833
91.682	0.25	1	2	45841
91.7	0.25	0	1	45850
91.716	0.25	0	1	45858
91.732	0.25	1	2	45866
91.75	0.25	1	2	45875
91.766	0.25	0	1	45883
91.782	0.25	0	1	45891
91.8	0.25	0	1	45900
91.816	0.25	0	1	45908
91.832	0.25	0	1	45916
91.85	0.25	0	1	45925
91.866	0.25	1	2	45933
91.882	0.25	1	2	45941
91.9	0.25	1	2	45950
91.916	0.25	1	2	45958
91.932	0.25	1	2	45966
91.95	0.25	1	2	45975
91.966	0.25	0	1	45983
91.982	0.25	0	1	45991
92.0	0.25	1	2	46000
92.016	0.25	1	2	46008
92.032	0.25	1	2	46016
92.05	0.25	1	2	46025
92.066	0.25	1	2	46033
92.082	0.25	1	2	46041
92.1	0.25	0	1	46050
92.116	0.25	0	1	46058
92.132	0.25	1	2	46066
92.15	0.25	1	2	46075
92.166	0.25	0	1	46083
92.182	0.25	0	1	46091
92.2	0.25	1	2	46100
92.216	0.25	1	2	46108
92.232	0.25	1	2	46116
92.25	0.25	1	2	46125
92.266	0.25	0	1	46133
92.282	0.25	0	1	46141
92.3	0.25	0	1	46150
92.316	0.25	0	1	46158
92.332	0.25	0	1	46166
92.35	0.25	0	1	46175
92.366	0.25	1	2	46183
92.382	0.25	1	2	46191
92.4	0.25	1	2	46200
92.416	0.25	1	2	46208
92.432	0.25	0	1	46216
92.45	0.25	0	1	46225
92.466	0.25	1	2	46233
92.482	0.25	1	2	46241
92.5	0.25	1	2	46250
92.516	0.25	1	2	46258
92.532	0.25	1	2	46266
92.55	0.25	1	2	46275
92.566	0.25	0	1	46283
92.582	0.25	0	1	46291
92.6	0.25	0	1	46300
92.616	0.25	0	1	46308
92.632	0.25	0	1	46316
92.65	0.25	0	1	46325
92.666	0.25	0	1	46333
92.682	0.25	0	1	46341
92.7	0.25	0	1	46350
92.716	0.25	0	1	46358
92.732	0.25	1	2	46366
92.75	0.25	1	2	46375
92.766	0.25	1	2	46383
92.782	0.25	1	2	46391
92.8	0.25	1	2	46400
94.282	0.25	1	2	47141
94.3	0.25	1	2	47150
94.316	0.25	1	2	47158
94.332	0.25	1	2	47166
94.35	0.25	1	2	47175
94.366	0.25	1	2	47183
94.382	0.25	1	2	47191
94.4	0.25	1	2	47200
94.416	0.25	1	2	47208
94.432	0.25	1	2	47216
94.45	0.25	1	2	47225
94.466	0.25	1	2	47233
94.482	0.25	1	2	47241
94.5	0.25	1	2	47250
94.516	0.25	0	1	47258
94.532	0.25	0	1	47266
94.55	0.25	0	1	47275
94.566	0.25	0	1	47283
94.582	0.25	1	2	47291
94.6	0.25	1	2	47300
94.616	0.25	1	2	47308
94.632	0.25	1	2	47316
94.65	0.25	0	1	47325
94.666	0.25	0	1	47333
94.682	0.25	0	1	47341
94.7	0.25	0	1	47350
94.716	0.25	1	2	47358
94.732	0.25	1	2	47366
94.75	0.25	1	2	47375
94.766	0.25	1	2	47383
94.782	0.25	0	1	47391
94.8	0.25	0	1	47400
94.816	0.25	0	1	47408
94.832	0.25	0	1	47416
94.85	0.25	1	2	47425
94.866	0.25	1	2	47433
94.882	0.25	0	1	47441
94.9	0.25	0	1	47450
94.916	0.25	1	2	47458
94.932	0.25	1	2	47466
94.95	0.25	1	2	47475
94.966	0.25	1	2	47483
94.982	0.25	0	1	47491
95.0	0.25	0	1	47500
95.016	0.25	1	2	47508
95.032	0.25	1	2	47516
95.05	0.25	0	1	47525
95.066	0.25	0	1	47533
95.082	0.25	0	1	47541
95.1	0.25	0	1	47550
95.116	0.25	1	2	47558
95.132	0.25	1	2	47566
95.15	0.25	0	1	47575
95.166	0.25	0	1	47583
95.182	0.25	1	2	47591
95.2	0.25	1	2	47600
95.216	0.25	1	2	47608
95.232	0.25	1	2	47616
95.25	0.25	1	2	47625
95.266	0.25	1	2	47633
95.282	0.25	0	1	47641
95.3	0.25	0	1	47650
95.316	0.25	0	1	47658
95.332	0.25	0	1	47666
95.35	0.25	0	1	47675
95.366	0.25	0	1	47683
95.382	0.25	1	2	47691
95.4	0.25	1	2	47700
95.416	0.25	0	1	47708
95.432	0.25	0	1	47716
95.45	0.25	1	2	47725
95.466	0.25	1	2	47733
95.482	0.25	1	2	47741
95.5	0.25	1	2	47750
95.516	0.25	1	2	47758
95.532	0.25	1	2	47766
95.55	0.25	0	1	47775
95.566	0.25	0	1	47783
95.582	0.25	0	1	47791
95.6	0.25	0	1	47800
95.616	0.25	1	2	47808
95.632	0.25	1	2	47816
95.65	0.25	0	1	47825
95.666	0.25	0	1	47833
95.682	0.25	1	2	47841
95.7	0.25	1	2	47850
95.716	0.25	0	1	47858
95.732	0.25	0	1	47866
95.75	0.25	0	1	47875
95.766	0.25	0	1	47883
95.782	0.25	0	1	47891
95.8	0.25	0	1	47900
95.816	0.25	1	2	47908
95.832	0.25	1	2	47916
95.85	0.25	1	2	47925
95.866	0.25	1	2	47933
95.882	0.25	0	1	47941
95.9	0.25	0	1	47950
95.916	0.25	1	2	47958
95.932	0.25	1	2	47966
95.95	0.25	0	1	47975
95.966	0.25	0	1	47983
95.982	0.25	0	1	47991
96.0	0.25	0	1	48000
96.016	0.25	0	1	48008
96.032	0.25	0	1	48016
96.05	0.25	1	2	48025
96.066	0.25	1	2	48033
96.082	0.25	0	1	48041
96.1	0.25	0	1	48050
96.116	0.25	1	2	48058
96.132	0.25	1	2	48066
96.15	0.25	0	1	48075
96.166	0.25	0	1	48083
96.182	0.25	0	1	48091
96.2	0.25	0	1	48100
96.216	0.25	1	2	48108
97.7	0.25	1	2	48850
97.716	0.25	1	2	48858
97.732	0.25	1	2	48866
97.75	0.25	1	2	48875
97.766	0.25	0	1	48883
97.782	0.25	0	1	48891
97.8	0.25	1	2	48900
97.816	0.25	1	2	48908
97.832	0.25	1	2	48916
97.85	0.25	1	2	48925
97.866	0.25	0	1	48933
97.882	0.25	0	1	48941
97.9	0.25	1	2	48950
97.916	0.25	1	2	48958
97.932	0.25	1	2	48966
97.95	0.25	1	2	48975
97.966	0.25	0	1	48983
97.982	0.25	0	1	48991
98.0	0.25	1	2	49000
98.016	0.25	1	2	49008
98.032	0.25	1	2	49016
98.05	0.25	1	2	49025
98.066	0.25	0	1	49033
98.082	0.25	0	1	49041
98.1	0.25	0	1	49050
98.116	0.25	0	1	49058
98.132	0.25	0	1	49066
98.15	0.25	0	1	49075
98.166	0.25	1	2	49083
98.182	0.25	1	2	49091
98.2	0.25	1	2	49100
98.216	0.25	1	2	49108
98.232	0.25	1	2	49116
98.25	0.25	1	2	49125
98.266	0.25	0	1	49133
98.282	0.25	0	1	49141
98.3	0.25	0	1	49150
98.316	0.25	0	1	49158
98.332	0.25	0	1	49166
98.35	0.25	0	1	49175
98.366	0.25	1	2	49183
98.382	0.25	1	2	49191
98.4	0.25	1	2	49200
98.416	0.25	1	2	49208
98.432	0.25	1	2	49216
98.45	0.25	1	2	49225
98.466	0.25	1	2	49233
98.482	0.25	1	2	49241
98.5	0.25	1	2	49250
98.516	0.25	1	2	49258
98.532	0.25	0	1	49266
98.55	0.25	0	1	49275
98.566	0.25	0	1	49283
98.582	0.25	0	1	49291
98.6	0.25	1	2	49300
98.616	0.25	1	2	49308
98.632	0.25	0	1	49316
98.65	0.25	0	1	49325
98.666	0.25	1	2	49333
98.682	0.25	1	2	49341
98.7	0.25	0	1	49350
98.716	0.25	0	1	49358
98.732	0.25	0	1	49366
98.75	0.25	0	1	49375
98.766	0.25	1	2	49383
98.782	0.25	1	2	49391
98.8	0.25	1	2	49400
98.816	0.25	1	2	49408
98.832	0.25	0	1	49416
98.85	0.25	0	1	49425
98.866	0.25	0	1	49433
98.882	0.25	0	1	49441
98.9	0.25	0	1	49450
98.916	0.25	0	1	49458
98.932	0.25	0	1	49466
98.95	0.25	0	1	49475
98.966	0.25	1	2	49483
98.982	0.25	1	2	49491
99.0	0.25	0	1	49500
99.016	0.25	0	1	49508
99.032	0.25	0	1	49516
99.05	0.25	0	1	49525
99.066	0.25	0	1	49533
99.082	0.25	0	1	49541
99.1	0.25	0	1	49550
99.116	0.25	0	1	49558
99.132	0.25	1	2	49566
99.15	0.25	1	2	49575
99.166	0.25	1	2	49583
99.182	0.25	1	2	49591
99.2	0.25	1	2	49600
99.216	0.25	1	2	49608
99.232	0.25	1	2	49616
99.25	0.25	1	2	49625
99.266	0.25	1	2	49633
99.282	0.25	1	2	49641
99.3	0.25	1	2	49650
99.316	0.25	1	2	49658
99.332	0.25	0	1	49666
99.35	0.25	0	1	49675
99.366	0.25	1	2	49683
99.382	0.25	1	2	49691
99.4	0.25	0	1	49700
99.416	0.25	0	1	49708
99.432	0.25	1	2	49716
99.45	0.25	1	2	49725
99.466	0.25	0	1	49733
99.482	0.25	0	1	49741
99.5	0.25	0	1	49750
99.516	0.25	0	1	49758
99.532	0.25	1	2	49766
99.55	0.25	1	2	49775
99.566	0.25	1	2	49783
99.582	0.25	1	2	49791
99.6	0.25	0	1	49800
99.616	0.25	0	1	49808
99.632	0.25	0	1	49816
103.366	0.25	1	2	51683
103.382	0.25	1	2	51691
103.4	0.25	1	2	51700
103.416	0.25	1	2	51708
103.432	0.25	0	1	51716
103.45	0.25	0	1	51725
103.466	0.25	1	2	51733
103.482	0.25	1	2	51741
103.5	0.25	1	2	51750
103.516	0.25	1	2	51758
103.532	0.25	0	1	51766
103.55	0.25	0	1	51775
103.566	0.25	1	2	51783
103.582	0.25	1	2	51791
103.6	0.25	1	2	51800
103.616	0.25	1	2	51808
103.632	0.25	0	1	51816
103.65	0.25	0	1	51825
103.666	0.25	1	2	51833
103.682	0.25	1	2	51841
103.7	0.25	1	2	51850
103.716	0.25	1	2	51858
103.732	0.25	0	1	51866
103.75	0.25	0	1	51875
103.766	0.25	0	1	51883
103.782	0.25	0	1	51891
103.8	0.25	0	1	51900
103.816	0.25	0	1	51908
103.832	0.25	1	2	51916
103.85	0.25	1	2	51925
103.866	0.25	1	2	51933
103.882	0.25	1	2	51941
103.9	0.25	1	2	51950
103.916	0.25	1	2	51958
103.932	0.25	0	1	51966
103.95	0.25	0	1	51975
103.966	0.25	0	1	51983
103.982	0.25	0	1	51991
104.0	0.25	0	1	52000
104.016	0.25	0	1	52008
104.032	0.25	1	2	52016
104.05	0.25	1	2	52025
104.066	0.25	1	2	52033
104.082	0.25	1	2	52041
104.1	0.25	1	2	52050
104.116	0.25	1	2	52058
104.132	0.25	1	2	52066
104.15	0.25	1	2	52075
104.166	0.25	1	2	52083
104.182	0.25	1	2	52091
104.2	0.25	0	1	52100
104.216	0.25	0	1	52108
104.232	0.25	0	1	52116
104.25	0.25	0	1	52125
104.266	0.25	1	2	52133
104.282	0.25	1	2	52141
104.3	0.25	0	1	52150
104.316	0.25	0	1	52158
104.332	0.25	1	2	52166
104.35	0.25	1	2	52175
104.366	0.25	0	1	52183
104.382	0.25	0	1	52191
104.4	0.25	0	1	52200
104.416	0.25	0	1	52208
104.432	0.25	1	2	52216
104.45	0.25	1	2	52225
104.466	0.25	1	2	52233
104.482	0.25	1	2	52241
104.5	0.25	0	1	52250
104.516	0.25	0	1	52258
104.532	0.25	0	1	52266
104.55	0.25	0	1	52275
104.566	0.25	0	1	52283
104.582	0.25	0	1	52291
104.6	0.25	0	1	52300
104.616	0.25	0	1	52308
104.632	0.25	1	2	52316
104.65	0.25	1	2	52325
104.666	0.25	0	1	52333
104.682	0.25	0	1	52341
104.7	0.25	0	1	52350
104.716	0.25	0	1	52358
104.732	0.25	0	1	52366
104.75	0.25	0	1	52375
104.766	0.25	0	1	52383
104.782	0.25	0	1	52391
104.8	0.25	1	2	52400
104.816	0.25	1	2	52408
104.832	0.25	1	2	52416
104.85	0.25	1	2	52425
104.866	0.25	1	2	52433
104.882	0.25	1	2	52441
104.9	0.25	1	2	52450
104.916	0.25	1	2	52458
104.932	0.25	1	2	52466
104.95	0.25	1	2	52475
104.966	0.25	1	2	52483
104.982	0.25	1	2	52491
105.0	0.25	0	1	52500
105.016	0.25	0	1	52508
105.032	0.25	1	2	52516
105.05	0.25	1	2	52525
105.066	0.25	0	1	52533
105.082	0.25	0	1	52541
105.1	0.25	1	2	52550
105.116	0.25	1	2	52558
105.132	0.25	0	1	52566
105.15	0.25	0	1	52575
105.166	0.25	0	1	52583
105.182	0.25	0	1	52591
105.2	0.25	1	2	52600
105.216	0.25	1	2	52608
105.232	0.25	1	2	52616
105.25	0.25	1	2	52625
105.266	0.25	0	1	52633
105.282	0.25	0	1	52641
105.3	0.25	0	1	52650
106.782	0.25	1	2	53391
106.8	0.25	1	2	53400
106.816	0.25	1	2	53408
106.832	0.25	1	2	53416
106.85	0.25	0	1	53425
106.866	0.25	0	1	53433
106.882	0.25	0	1	53441
106.9	0.25	0	1	53450
106.916	0.25	0	1	53458
106.932	0.25	0	1	53466
106.95	0.25	0	1	53475
106.966	0.25	0	1	53483
106.982	0.25	1	2	53491
107.0	0.25	1	2	53500
107.016	0.25	0	1	53508
107.032	0.25	0	1	53516
107.05	0.25	0	1	53525
107.066	0.25	0	1	53533
107.082	0.25	1	2	53541
107.1	0.25	1	2	53550
107.116	0.25	1	2	53558
107.132	0.25	1	2	53566
107.15	0.25	0	1	53575
107.166	0.25	0	1	53583
107.182	0.25	0	1	53591
107.2	0.25	0	1	53600
107.216	0.25	0	1	53608
107.232	0.25	0	1	53616
107.25	0.25	0	1	53625
107.266	0.25	0	1	53633
107.282	0.25	0	1	53641
107.3	0.25	0	1	53650
107.316	0.25	0	1	53658
107.332	0.25	0	1	53666
107.35	0.25	1	2	53675
107.366	0.25	1	2	53683
107.382	0.25	0	1	53691
107.4	0.25	0	1	53700
107.416	0.25	1	2	53708
107.432	0.25	1	2	53716
107.45	0.25	1	2	53725
107.466	0.25	1	2	53733
107.482	0.25	0	1	53741
107.5	0.25	0	1	53750
107.516	0.25	1	2	53758
107.532	0.25	1	2	53766
107.55	0.25	0	1	53775
107.566	0.25	0	1	53783
107.582	0.25	1	2	53791
107.6	0.25	1	2	53800
107.616	0.25	0	1	53808
107.632	0.25	0	1	53816
107.65	0.25	1	2	53825
107.666	0.25	1	2	53833
107.682	0.25	0	1	53841
107.7	0.25	0	1	53850
107.716	0.25	0	1	53858
107.732	0.25	0	1	53866
107.75	0.25	0	1	53875
107.766	0.25	0	1	53883
107.782	0.25	1	2	53891
107.8	0.25	1	2	53900
107.816	0.25	1	2	53908
107.832	0.25	1	2	53916
107.85	0.25	1	2	53925
107.866	0.25	1	2	53933
107.882	0.25	0	1	53941
107.9	0.25	0	1	53950
107.916	0.25	1	2	53958
107.932	0.25	1	2	53966
107.95	0.25	1	2	53975
107.966	0.25	1	2	53983
107.982	0.25	1	2	53991
108.0	0.25	1	2	54000
108.016	0.25	0	1	54008
108.032	0.25	0	1	54016
108.05	0.25	1	2	54025
108.066	0.25	1	2	54033
108.082	0.25	0	1	54041
108.1	0.25	0	1	54050
108.116	0.25	1	2	54058
108.132	0.25	1	2	54066
108.15	0.25	1	2	54075
108.166	0.25	1	2	54083
108.182	0.25	0	1	54091
108.2	0.25	0	1	54100
108.216	0.25	0	1	54108
108.232	0.25	0	1	54116
108.25	0.25	0	1	54125
108.266	0.25	0	1	54133
108.282	0.25	1	2	54141
108.3	0.25	1	2	54150
108.316	0.25	1	2	54158
108.332	0.25	1	2	54166
108.35	0.25	0	1	54175
108.366	0.25	0	1	54183
108.382	0.25	1	2	54191
108.4	0.25	1	2	54200
108.416	0.25	1	2	54208
108.432	0.25	1	2	54216
108.45	0.25	1	2	54225
108.466	0.25	1	2	54233
108.482	0.25	0	1	54241
108.5	0.25	0	1	54250
108.516	0.25	0	1	54258
108.532	0.25	0	1	54266
108.55	0.25	0	1	54275
108.566	0.25	0	1	54283
108.582	0.25	0	1	54291
108.6	0.25	0	1	54300
108.616	0.25	0	1	54308
108.632	0.25	0	1	54316
108.65	0.25	1	2	54325
108.666	0.25	1	2	54333
108.682	0.25	1	2	54341
108.7	0.25	1	2	54350
108.716	0.25	1	2	54358
110.2	0.25	1	2	55100
110.216	0.25	1	2	55108
110.232	0.25	1	2	55116
110.25	0.25	1	2	55125
110.266	0.25	1	2	55133
110.282	0.25	1	2	55141
110.3	0.25	1	2	55150
110.316	0.25	1	2	55158
110.332	0.25	1	2	55166
110.35	0.25	1	2	55175
110.366	0.25	1	2	55183
110.382	0.25	1	2	55191
110.4	0.25	1	2	55200
110.416	0.25	1	2	55208
110.432	0.25	0	1	55216
110.45	0.25	0	1	55225
110.466	0.25	0	1	55233
110.482	0.25	0	1	55241
110.5	0.25	1	2	55250
110.516	0.25	1	2	55258
110.532	0.25	1	2	55266
110.55	0.25	1	2	55275
110.566	0.25	0	1	55283
110.582	0.25	0	1	55291
110.6	0.25	0	1	55300
110.616	0.25	0	1	55308
110.632	0.25	1	2	55316
110.65	0.25	1	2	55325
110.666	0.25	1	2	55333
110.682	0.25	1	2	55341
110.7	0.25	0	1	55350
110.716	0.25	0	1	55358
110.732	0.25	0	1	55366
110.75	0.25	0	1	55375
110.766	0.25	1	2	55383
110.782	0.25	1	2	55391
110.8	0.25	0	1	55400
110.816	0.25	0	1	55408
110.832	0.25	1	2	55416
110.85	0.25	1	2	55425
110.866	0.25	1	2	55433
110.882	0.25	1	2	55441
110.9	0.25	0	1	55450
110.916	0.25	0	1	55458
110.932	0.25	1	2	55466
110.95	0.25	1	2	55475
110.966	0.25	0	1	55483
110.982	0.25	0	1	55491
111.0	0.25	0	1	55500
111.016	0.25	0	1	55508
111.032	0.25	1	2	55516
111.05	0.25	1	2	55525
111.066	0.25	0	1	55533
111.082	0.25	0	1	55541
111.1	0.25	1	2	55550
111.116	0.25	1	2	55558
111.132	0.25	1	2	55566
111.15	0.25	1	2	55575
111.166	0.25	1	2	55583
111.182	0.25	1	2	55591
111.2	0.25	0	1	55600
111.216	0.25	0	1	55608
111.232	0.25	0	1	55616
111.25	0.25	0	1	55625
111.266	0.25	0	1	55633
111.282	0.25	0	1	55641
111.3	0.25	1	2	55650
111.316	0.25	1	2	55658
111.332	0.25	0	1	55666
111.35	0.25	0	1	55675
111.366	0.25	1	2	55683
111.382	0.25	1	2	55691
111.4	0.25	1	2	55700
111.416	0.25	1	2	55708
111.432	0.25	1	2	55716
111.45	0.25	1	2	55725
111.466	0.25	0	1	55733
111.482	0.25	0	1	55741
111.5	0.25	0	1	55750
111.516	0.25	0	1	55758
111.532	0.25	1	2	55766
111.55	0.25	1	2	55775
111.566	0.25	0	1	55783
111.582	0.25	0	1	55791
111.6	0.25	1	2	55800
111.616	0.25	1	2	55808
111.632	0.25	0	1	55816
111.65	0.25	0	1	55825
111.666	0.25	0	1	55833
111.682	0.25	0	1	55841
111.7	0.25	0	1	55850
111.716	0.25	0	1	55858
111.732	0.25	1	2	55866
111.75	0.25	1	2	55875
111.766	0.25	1	2	55883
111.782	0.25	1	2	55891
111.8	0.25	0	1	55900
111.816	0.25	0	1	55908
111.832	0.25	1	2	55916
111.85	0.25	1	2	55925
111.866	0.25	0	1	55933
111.882	0.25	0	1	55941
111.9	0.25	0	1	55950
111.916	0.25	0	1	55958
111.932	0.25	0	1	55966
111.95	0.25	0	1	55975
111.966	0.25	1	2	55983
111.982	0.25	1	2	55991
112.0	0.25	0	1	56000
112.016	0.25	0	1	56008
112.032	0.25	1	2	56016
112.05	0.25	1	2	56025
112.066	0.25	0	1	56033
112.082	0.25	0	1	56041
112.1	0.25	0	1	56050
112.116	0.25	0	1	56058
112.132	0.25	1	2	56066
113.616	0.25	0	1	56808
113.632	0.25	0	1	56816
113.65	0.25	0	1	56825
113.666	0.25	0	1	56833
113.682	0.25	1	2	56841
113.7	0.25	1	2	56850
113.716	0.25	1	2	56858
113.732	0.25	1	2	56866
113.75	0.25	0	1	56875
113.766	0.25	0	1	56883
113.782	0.25	0	1	56891
113.8	0.25	0	1	56900
113.816	0.25	0	1	56908
113.832	0.25	0	1	56916
113.85	0.25	0	1	56925
113.866	0.25	0	1	56933
113.882	0.25	1	2	56941
113.9	0.25	1	2	56950
113.916	0.25	1	2	56958
113.932	0.25	1	2	56966
113.95	0.25	1	2	56975
113.966	0.25	1	2	56983
113.982	0.25	1	2	56991
114.0	0.25	1	2	57000
114.016	0.25	1	2	57008
114.032	0.25	1	2	57016
114.05	0.25	0	1	57025
114.066	0.25	0	1	57033
114.082	0.25	0	1	57041
114.1	0.25	0	1	57050
114.116	0.25	0	1	57058
114.132	0.25	0	1	57066
114.15	0.25	0	1	57075
114.166	0.25	0	1	57083
114.182	0.25	0	1	57091
114.2	0.25	0	1	57100
114.216	0.25	0	1	57108
114.232	0.25	0	1	57116
114.25	0.25	1	2	57125
114.266	0.25	1	2	57133
114.282	0.25	1	2	57141
114.3	0.25	1	2	57150
114.316	0.25	0	1	57158
114.332	0.25	0	1	57166
114.35	0.25	0	1	57175
114.366	0.25	0	1	57183
114.382	0.25	1	2	57191
114.4	0.25	1	2	57200
114.416	0.25	0	1	57208
114.432	0.25	0	1	57216
114.45	0.25	1	2	57225
114.466	0.25	1	2	57233
114.482	0.25	0	1	57241
114.5	0.25	0	1	57250
114.516	0.25	1	2	57258
114.532	0.25	1	2	57266
114.55	0.25	0	1	57275
114.566	0.25	0	1	57283
114.582	0.25	1	2	57291
114.6	0.25	1	2	57300
114.616	0.25	1	2	57308
114.632	0.25	1	2	57316
114.65	0.25	0	1	57325
114.666	0.25	0	1	57333
114.682	0.25	1	2	57341
114.7	0.25	1	2	57350
114.716	0.25	0	1	57358
114.732	0.25	0	1	57366
114.75	0.25	0	1	57375
114.766	0.25	0	1	57383
114.782	0.25	0	1	57391
114.8	0.25	0	1	57400
114.816	0.25	1	2	57408
114.832	0.25	1	2	57416
114.85	0.25	0	1	57425
114.866	0.25	0	1	57433
114.882	0.25	0	1	57441
114.9	0.25	0	1	57450
114.916	0.25	0	1	57458
114.932	0.25	0	1	57466
114.95	0.25	1	2	57475
114.966	0.25	1	2	57483
114.982	0.25	1	2	57491
115.0	0.25	1	2	57500
115.016	0.25	1	2	57508
115.032	0.25	1	2	57516
115.05	0.25	0	1	57525
115.066	0.25	0	1	57533
115.082	0.25	1	2	57541
115.1	0.25	1	2	57550
115.116	0.25	0	1	57558
115.132	0.25	0	1	57566
115.15	0.25	1	2	57575
115.166	0.25	1	2	57583
115.182	0.25	1	2	57591
115.2	0.25	1	2	57600
115.216	0.25	1	2	57608
115.232	0.25	1	2	57616
115.25	0.25	1	2	57625
115.266	0.25	1	2	57633
115.282	0.25	1	2	57641
115.3	0.25	1	2	57650
115.316	0.25	0	1	57658
115.332	0.25	0	1	57666
115.35	0.25	0	1	57675
115.366	0.25	0	1	57683
115.382	0.25	1	2	57691
115.4	0.25	1	2	57700
115.416	0.25	0	1	57708
115.432	0.25	0	1	57716
115.45	0.25	0	1	57725
115.466	0.25	0	1	57733
115.482	0.25	0	1	57741
115.5	0.25	0	1	57750
115.516	0.25	1	2	57758
115.532	0.25	1	2	57766
115.55	0.25	1	2	57775
118.332	0.25	0	1	59166
118.35	0.25	0	1	59175
118.366	0.25	0	1	59183
118.382	0.25	0	1	59191
118.4	0.25	1	2	59200
118.416	0.25	1	2	59208
118.432	0.25	1	2	59216
118.45	0.25	1	2	59225
118.466	0.25	0	1	59233
118.482	0.25	0	1	59241
118.5	0.25	0	1	59250
118.516	0.25	0	1	59258
118.532	0.25	0	1	59266
118.55	0.25	0	1	59275
118.566	0.25	0	1	59283
118.582	0.25	0	1	59291
118.6	0.25	1	2	59300
118.616	0.25	1	2	59308
118.632	0.25	1	2	59316
118.65	0.25	1	2	59325
118.666	0.25	1	2	59333
118.682	0.25	1	2	59341
118.7	0.25	1	2	59350
118.716	0.25	1	2	59358
118.732	0.25	1	2	59366
118.75	0.25	1	2	59375
118.766	0.25	0	1	59383
118.782	0.25	0	1	59391
118.8	0.25	0	1	59400
118.816	0.25	0	1	59408
118.832	0.25	0	1	59416
118.85	0.25	0	1	59425
118.866	0.25	0	1	59433
118.882	0.25	0	1	59441
118.9	0.25	0	1	59450
118.916	0.25	0	1	59458
118.932	0.25	0	1	59466
118.95	0.25	0	1	59475
118.966	0.25	1	2	59483
118.982	0.25	1	2	59491
119.0	0.25	1	2	59500
119.016	0.25	1	2	59508
119.032	0.25	0	1	59516
119.05	0.25	0	1	59525
119.066	0.25	0	1	59533
119.082	0.25	0	1	59541
119.1	0.25	1	2	59550
119.116	0.25	1	2	59558
119.132	0.25	0	1	59566
119.15	0.25	0	1	59575
119.166	0.25	1	2	59583
119.182	0.25	1	2	59591
119.2	0.25	0	1	59600
119.216	0.25	0	1	59608
119.232	0.25	1	2	59616
119.25	0.25	1	2	59625
119.266	0.25	0	1	59633
119.282	0.25	0	1	59641
119.3	0.25	1	2	59650
119.316	0.25	1	2	59658
119.332	0.25	1	2	59666
119.35	0.25	1	2	59675
119.366	0.25	0	1	59683
119.382	0.25	0	1	59691
119.4	0.25	1	2	59700
119.416	0.25	1	2	59708
119.432	0.25	0	1	59716
119.45	0.25	0	1	59725
119.466	0.25	0	1	59733
119.482	0.25	0	1	59741
119.5	0.25	0	1	59750
119.516	0.25	0	1	59758
119.532	0.25	1	2	59766
119.55	0.25	1	2	59775
119.566	0.25	0	1	59783
119.582	0.25	0	1	59791
119.6	0.25	0	1	59800
119.616	0.25	0	1	59808
119.632	0.25	0	1	59816
119.65	0.25	0	1	59825
119.666	0.25	1	2	59833
119.682	0.25	1	2	59841
119.7	0.25	1	2	59850
119.716	0.25	1	2	59858
119.732	0.25	1	2	59866
119.75	0.25	1	2	59875
119.766	0.25	0	1	59883
119.782	0.25	0	1	59891
119.8	0.25	1	2	59900
119.816	0.25	1	2	59908
119.832	0.25	0	1	59916
119.85	0.25	0	1	59925
119.866	0.25	1	2	59933
119.882	0.25	1	2	59941
119.9	0.25	1	2	59950
119.916	0.25	1	2	59958
119.932	0.25	1	2	59966
119.95	0.25	1	2	59975
119.966	0.25	1	2	59983
119.982	0.25	1	2	59991
120.0	0.25	1	2	60000
120.016	0.25	1	2	60008
120.032	0.25	0	1	60016
120.05	0.25	0	1	60025
120.066	0.25	0	1	60033
120.082	0.25	0	1	60041
120.1	0.25	1	2	60050
120.116	0.25	1	2	60058
120.132	0.25	0	1	60066
120.15	0.25	0	1	60075
120.166	0.25	0	1	60083
120.182	0.25	0	1	60091
120.2	0.25	0	1	60100
120.216	0.25	0	1	60108
120.232	0.25	1	2	60116
120.25	0.25	1	2	60125
120.266	0.25	1	2	60133
121.75	0.25	1	2	60875
121.766	0.25	1	2	60883
121.782	0.25	1	2	60891
121.8	0.25	1	2	60900
121.816	0.25	0	1	60908
121.832	0.25	0	1	60916
121.85	0.25	0	1	60925
121.866	0.25	0	1	60933
121.882	0.25	0	1	60941
121.9	0.25	0	1	60950
121.916	0.25	0	1	60958
121.932	0.25	0	1	60966
121.95	0.25	1	2	60975
121.966	0.25	1	2	60983
121.982	0.25	0	1	60991
122.0	0.25	0	1	61000
122.016	0.25	0	1	61008
122.032	0.25	0	1	61016
122.05	0.25	1	2	61025
122.066	0.25	1	2	61033
122.082	0.25	1	2	61041
122.1	0.25	1	2	61050
122.116	0.25	0	1	61058
122.132	0.25	0	1	61066
122.15	0.25	0	1	61075
122.166	0.25	0	1	61083
122.182	0.25	0	1	61091
122.2	0.25	0	1	61100
122.216	0.25	0	1	61108
122.232	0.25	0	1	61116
122.25	0.25	0	1	61125
122.266	0.25	0	1	61133
122.282	0.25	0	1	61141
122.3	0.25	0	1	61150
122.316	0.25	1	2	61158
122.332	0.25	1	2	61166
122.35	0.25	0	1	61175
122.366	0.25	0	1	61183
122.382	0.25	1	2	61191
122.4	0.25	1	2	61200
122.416	0.25	1	2	61208
122.432	0.25	1	2	61216
122.45	0.25	0	1	61225
122.466	0.25	0	1	61233
122.482	0.25	1	2	61241
122.5	0.25	1	2	61250
122.516	0.25	0	1	61258
122.532	0.25	0	1	61266
122.55	0.25	1	2	61275
122.566	0.25	1	2	61283
122.582	0.25	0	1	61291
122.6	0.25	0	1	61300
122.616	0.25	1	2	61308
122.632	0.25	1	2	61316
122.65	0.25	0	1	61325
122.666	0.25	0	1	61333
122.682	0.25	0	1	61341
122.7	0.25	0	1	61350
122.716	0.25	0	1	61358
122.732	0.25	0	1	61366
122.75	0.25	1	2	61375
122.766	0.25	1	2	61383
122.782	0.25	1	2	61391
122.8	0.25	1	2	61400
122.816	0.25	1	2	61408
122.832	0.25	1	2	61416
122.85	0.25	0	1	61425
122.866	0.25	0	1	61433
122.882	0.25	1	2	61441
122.9	0.25	1	2	61450
122.916	0.25	1	2	61458
122.932	0.25	1	2	61466
122.95	0.25	1	2	61475
122.966	0.25	1	2	61483
122.982	0.25	0	1	61491
123.0	0.25	0	1	61500
123.016	0.25	1	2	61508
123.032	0.25	1	2	61516
123.05	0.25	0	1	61525
123.066	0.25	0	1	61533
123.082	0.25	1	2	61541
123.1	0.25	1	2	61550
123.116	0.25	1	2	61558
123.132	0.25	1	2	61566
123.15	0.25	0	1	61575
123.166	0.25	0	1	61583
123.182	0.25	0	1	61591
123.2	0.25	0	1	61600
123.216	0.25	0	1	61608
123.232	0.25	0	1	61616
123.25	0.25	1	2	61625
123.266	0.25	1	2	61633
123.282	0.25	1	2	61641
123.3	0.25	1	2	61650
123.316	0.25	0	1	61658
123.332	0.25	0	1	61666
123.35	0.25	1	2	61675
123.366	0.25	1	2	61683
123.382	0.25	1	2	61691
123.4	0.25	1	2	61700
123.416	0.25	1	2	61708
123.432	0.25	1	2	61716
123.45	0.25	0	1	61725
123.466	0.25	0	1	61733
123.482	0.25	0	1	61741
123.5	0.25	0	1	61750
123.516	0.25	0	1	61758
123.532	0.25	0	1	61766
123.55	0.25	0	1	61775
123.566	0.25	0	1	61783
123.582	0.25	0	1	61791
123.6	0.25	0	1	61800
123.616	0.25	1	2	61808
123.632	0.25	1	2	61816
123.65	0.25	1	2	61825
123.666	0.25	1	2	61833
123.682	0.25	1	2	61841
125.166	0.25	1	2	62583
125.182	0.25	1	2	62591
125.2	0.25	1	2	62600
125.216	0.25	1	2	62608
125.232	0.25	0	1	62616
125.25	0.25	0	1	62625
125.266	0.25	1	2	62633
125.282	0.25	1	2	62641
125.3	0.25	1	2	62650
125.316	0.25	1	2	62658
125.332	0.25	0	1	62666
125.35	0.25	0	1	62675
125.366	0.25	1	2	62683
125.382	0.25	1	2	62691
125.4	0.25	1	2	62700
125.416	0.25	1	2	62708
125.432	0.25	0	1	62716
125.45	0.25	0	1	62725
125.466	0.25	1	2	62733
125.482	0.25	1	2	62741
125.5	0.25	1	2	62750
125.516	0.25	1	2	62758
125.532	0.25	0	1	62766
125.55	0.25	0	1	62775
125.566	0.25	0	1	62783
125.582	0.25	0	1	62791
125.6	0.25	0	1	62800
125.616	0.25	0	1	62808
125.632	0.25	1	2	62816
125.65	0.25	1	2	62825
125.666	0.25	1	2	62833
125.682	0.25	1	2	62841
125.7	0.25	1	2	62850
125.716	0.25	1	2	62858
125.732	0.25	0	1	62866
125.75	0.25	0	1	62875
125.766	0.25	0	1	62883
125.782	0.25	0	1	62891
125.8	0.25	0	1	62900
125.816	0.25	0	1	62908
125.832	0.25	1	2	62916
125.85	0.25	1	2	62925
125.866	0.25	1	2	62933
125.882	0.25	1	2	62941
125.9	0.25	1	2	62950
125.916	0.25	1	2	62958
125.932	0.25	1	2	62966
125.95	0.25	1	2	62975
125.966	0.25	1	2	62983
125.982	0.25	1	2	62991
126.0	0.25	0	1	63000
126.016	0.25	0	1	63008
126.032	0.25	0	1	63016
126.05	0.25	0	1	63025
126.066	0.25	1	2	63033
126.082	0.25	1	2	63041
126.1	0.25	0	1	63050
126.116	0.25	0	1	63058
126.132	0.25	1	2	63066
126.15	0.25	1	2	63075
126.166	0.25	0	1	63083
126.182	0.25	0	1	63091
126.2	0.25	0	1	63100
126.216	0.25	0	1	63108
126.232	0.25	1	2	63116
126.25	0.25	1	2	63125
126.266	0.25	1	2	63133
126.282	0.25	1	2	63141
126.3	0.25	0	1	63150
126.316	0.25	0	1	63158
126.332	0.25	0	1	63166
126.35	0.25	0	1	63175
126.366	0.25	0	1	63183
126.382	0.25	0	1	63191
126.4	0.25	0	1	63200
126.416	0.25	0	1	63208
126.432	0.25	1	2	63216
126.45	0.25	1	2	63225
126.466	0.25	0	1	63233
126.482	0.25	0	1	63241
126.5	0.25	0	1	63250
126.516	0.25	0	1	63258
126.532	0.25	0	1	63266
126.55	0.25	0	1	63275
126.566	0.25	0	1	63283
126.582	0.25	0	1	63291
126.6	0.25	1	2	63300
126.616	0.25	1	2	63308
126.632	0.25	1	2	63316
126.65	0.25	1	2	63325
126.666	0.25	1	2	63333
126.682	0.25	1	2	63341
126.7	0.25	1	2	63350
126.716	0.25	1	2	63358
126.732	0.25	1	2	63366
126.75	0.25	1	2	63375
126.766	0.25	1	2	63383
126.782	0.25	1	2	63391
126.8	0.25	0	1	63400
126.816	0.25	0	1	63408
126.832	0.25	1	2	63416
126.85	0.25	1	2	63425
126.866	0.25	0	1	63433
126.882	0.25	0	1	63441
126.9	0.25	1	2	63450
126.916	0.25	1	2	63458
126.932	0.25	0	1	63466
126.95	0.25	0	1	63475
126.966	0.25	0	1	63483
126.982	0.25	0	1	63491
127.0	0.25	1	2	63500
127.016	0.25	1	2	63508
127.032	0.25	1	2	63516
127.05	0.25	1	2	63525
127.066	0.25	0	1	63533
127.082	0.25	0	1	63541
127.1	0.25	0	1	63550
128.582	0.25	1	2	64291
128.6	0.25	1	2	64300
128.616	0.25	1	2	64308
128.632	0.25	1	2	64316
128.65	0.25	1	2	64325
128.666	0.25	1	2	64333
128.682	0.25	1	2	64341
128.698	0.25	1	2	64349
128.716	0.25	1	2	64358
128.732	0.25	1	2	64366
128.75	0.25	1	2	64375
128.766	0.25	1	2	64383
128.782	0.25	1	2	64391
128.8	0.25	1	2	64400
128.816	0.25	0	1	64408
128.832	0.25	0	1	64416
128.85	0.25	0	1	64425
128.866	0.25	0	1	64433
128.882	0.25	1	2	64441
128.9	0.25	1	2	64450
128.916	0.25	1	2	64458
128.932	0.25	1	2	64466
128.948	0.25	0	1	64474
128.966	0.25	0	1	64483
128.982	0.25	0	1	64491
129.0	0.25	0	1	64500
129.016	0.25	1	2	64508
129.032	0.25	1	2	64516
129.05	0.25	1	2	64525
129.066	0.25	1	2	64533
129.082	0.25	0	1	64541
129.1	0.25	0	1	64550
129.116	0.25	0	1	64558
129.132	0.25	0	1	64566
129.15	0.25	1	2	64575
129.166	0.25	1	2	64583
129.182	0.25	0	1	64591
129.198	0.25	0	1	64599
129.216	0.25	1	2	64608
129.232	0.25	1	2	64616
129.25	0.25	1	2	64625
129.266	0.25	1	2	64633
129.282	0.25	0	1	64641
129.3	0.25	0	1	64650
129.316	0.25	1	2	64658
129.332	0.25	1	2	64666
129.35	0.25	0	1	64675
129.366	0.25	0	1	64683
129.382	0.25	0	1	64691
129.4	0.25	0	1	64700
129.416	0.25	1	2	64708
129.432	0.25	1	2	64716
129.448	0.25	0	1	64724
129.466	0.25	0	1	64733
129.482	0.25	1	2	64741
129.5	0.25	1	2	64750
129.516	0.25	1	2	64758
129.532	0.25	1	2	64766
129.55	0.25	1	2	64775
129.566	0.25	1	2	64783
129.582	0.25	0	1	64791
129.6	0.25	0	1	64800
129.616	0.25	0	1	64808
129.632	0.25	0	1	64816
129.65	0.25	0	1	64825
129.666	0.25	0	1	64833
129.682	0.25	1	2	64841
129.698	0.25	1	2	64849
129.716	0.25	0	1	64858
129.732	0.25	0	1	64866
129.75	0.25	1	2	64875
129.766	0.25	1	2	64883
129.782	0.25	1	2	64891
129.8	0.25	1	2	64900
129.816	0.25	1	2	64908
129.832	0.25	1	2	64916
129.85	0.25	0	1	64925
129.866	0.25	0	1	64933
129.882	0.25	0	1	64941
129.9	0.25	0	1	64950
129.916	0.25	1	2	64958
129.932	0.25	1	2	64966
129.948	0.25	0	1	64974
129.966	0.25	0	1	64983
129.982	0.25	1	2	64991
130.0	0.25	1	2	65000
130.016	0.25	0	1	65008
130.032	0.25	0	1	65016
130.05	0.25	0	1	65025
130.066	0.25	0	1	65033
130.082	0.25	0	1	65041
130.1	0.25	0	1	65050
130.116	0.25	1	2	65058
130.132	0.25	1	2	65066
130.15	0.25	1	2	65075
130.166	0.25	1	2	65083
130.182	0.25	0	1	65091
130.198	0.25	0	1	65099
130.216	0.25	1	2	65108
130.232	0.25	1	2	65116
130.25	0.25	0	1	65125
130.266	0.25	0	1	65133
130.282	0.25	0	1	65141
130.3	0.25	0	1	65150
130.316	0.25	0	1	65158
130.332	0.25	0	1	65166
130.35	0.25	1	2	65175
130.366	0.25	1	2	65183
130.382	0.25	0	1	65191
130.4	0.25	0	1	65200
130.416	0.25	1	2	65208
130.432	0.25	1	2	65216
130.448	0.25	0	1	65224
130.466	0.25	0	1	65233
130.482	0.25	0	1	65241
130.5	0.25	0	1	65250
130.516	0.25	1	2	65258
133.25	0.25	1	2	66625
133.266	0.25	1	2	66633
133.282	0.25	1	2	66641
133.3	0.25	1	2	66650
133.316	0.25	1	2	66658
133.332	0.25	1	2	66666
133.35	0.25	1	2	66675
133.366	0.25	1	2	66683
133.382	0.25	1	2	66691
133.4	0.25	1	2	66700
133.416	0.25	1	2	66708
133.432	0.25	1	2	66716
133.45	0.25	1	2	66725
133.466	0.25	1	2	66733
133.482	0.25	0	1	66741
133.5	0.25	0	1	66750
133.516	0.25	0	1	66758
133.532	0.25	0	1	66766
133.55	0.25	1	2	66775
133.566	0.25	1	2	66783
133.582	0.25	1	2	66791
133.6	0.25	1	2	66800
133.616	0.25	0	1	66808
133.632	0.25	0	1	66816
133.65	0.25	0	1	66825
133.666	0.25	0	1	66833
133.682	0.25	1	2	66841
133.7	0.25	1	2	66850
133.716	0.25	1	2	66858
133.732	0.25	1	2	66866
133.75	0.25	0	1	66875
133.766	0.25	0	1	66883
133.782	0.25	0	1	66891
133.8	0.25	0	1	66900
133.816	0.25	1	2	66908
133.832	0.25	1	2	66916
133.85	0.25	0	1	66925
133.866	0.25	0	1	66933
133.882	0.25	1	2	66941
133.9	0.25	1	2	66950
133.916	0.25	1	2	66958
133.932	0.25	1	2	66966
133.95	0.25	0	1	66975
133.966	0.25	0	1	66983
133.982	0.25	1	2	66991
134.0	0.25	1	2	67000
134.016	0.25	0	1	67008
134.032	0.25	0	1	67016
134.05	0.25	0	1	67025
134.066	0.25	0	1	67033
134.082	0.25	1	2	67041
134.1	0.25	1	2	67050
134.116	0.25	0	1	67058
134.132	0.25	0	1	67066
134.15	0.25	1	2	67075
134.166	0.25	1	2	67083
134.182	0.25	1	2	67091
134.2	0.25	1	2	67100
134.216	0.25	1	2	67108
134.232	0.25	1	2	67116
134.25	0.25	0	1	67125
134.266	0.25	0	1	67133
134.282	0.25	0	1	67141
134.3	0.25	0	1	67150
134.316	0.25	0	1	67158
134.332	0.25	0	1	67166
134.35	0.25	1	2	67175
134.366	0.25	1	2	67183
134.382	0.25	0	1	67191
134.4	0.25	0	1	67200
134.416	0.25	1	2	67208
134.432	0.25	1	2	67216
134.45	0.25	1	2	67225
134.466	0.25	1	2	67233
134.482	0.25	1	2	67241
134.5	0.25	1	2	67250
134.516	0.25	0	1	67258
134.532	0.25	0	1	67266
134.55	0.25	0	1	67275
134.566	0.25	0	1	67283
134.582	0.25	1	2	67291
134.6	0.25	1	2	67300
134.616	0.25	0	1	67308
134.632	0.25	0	1	67316
134.65	0.25	1	2	67325
134.666	0.25	1	2	67333
134.682	0.25	0	1	67341
134.7	0.25	0	1	67350
134.716	0.25	0	1	67358
134.732	0.25	0	1	67366
134.75	0.25	0	1	67375
134.766	0.25	0	1	67383
134.782	0.25	1	2	67391
134.8	0.25	1	2	67400
134.816	0.25	1	2	67408
134.832	0.25	1	2	67416
134.85	0.25	0	1	67425
134.866	0.25	0	1	67433
134.882	0.25	1	2	67441
134.9	0.25	1	2	67450
134.916	0.25	0	1	67458
134.932	0.25	0	1	67466
134.95	0.25	0	1	67475
134.966	0.25	0	1	67483
134.982	0.25	0	1	67491
135.0	0.25	0	1	67500
135.016	0.25	1	2	67508
135.032	0.25	1	2	67516
135.05	0.25	0	1	67525
135.066	0.25	0	1	67533
135.082	0.25	1	2	67541
135.1	0.25	1	2	67550
135.116	0.25	0	1	67558
135.132	0.25	0	1	67566
135.15	0.25	0	1	67575
135.166	0.25	0	1	67583
135.182	0.25	1	2	67591
136.666	0.25	0	1	68333
136.682	0.25	0	1	68341
136.7	0.25	0	1	68350
136.716	0.25	0	1	68358
136.732	0.25	1	2	68366
136.75	0.25	1	2	68375
136.766	0.25	1	2	68383
136.782	0.25	1	2	68391
136.8	0.25	0	1	68400
136.816	0.25	0	1	68408
136.832	0.25	0	1	68416
136.85	0.25	0	1	68425
136.866	0.25	0	1	68433
136.882	0.25	0	1	68441
136.9	0.25	0	1	68450
136.916	0.25	0	1	68458
136.932	0.25	1	2	68466
136.95	0.25	1	2	68475
136.966	0.25	1	2	68483
136.982	0.25	1	2	68491
137.0	0.25	1	2	68500
137.016	0.25	1	2	68508
137.032	0.25	1	2	68516
137.05	0.25	1	2	68525
137.066	0.25	1	2	68533
137.082	0.25	1	2	68541
137.1	0.25	0	1	68550
137.116	0.25	0	1	68558
137.132	0.25	0	1	68566
137.15	0.25	0	1	68575
137.166	0.25	0	1	68583
137.182	0.25	0	1	68591
137.2	0.25	0	1	68600
137.216	0.25	0	1	68608
137.232	0.25	0	1	68616
137.25	0.25	0	1	68625
137.266	0.25	0	1	68633
137.282	0.25	0	1	68641
137.3	0.25	1	2	68650
137.316	0.25	1	2	68658
137.332	0.25	1	2	68666
137.35	0.25	1	2	68675
137.366	0.25	0	1	68683
137.382	0.25	0	1	68691
137.4	0.25	0	1	68700
137.416	0.25	0	1	68708
137.432	0.25	1	2	68716
137.45	0.25	1	2	68725
137.466	0.25	0	1	68733
137.482	0.25	0	1	68741
137.5	0.25	1	2	68750
137.516	0.25	1	2	68758
137.532	0.25	0	1	68766
137.55	0.25	0	1	68775
137.566	0.25	1	2	68783
137.582	0.25	1	2	68791
137.6	0.25	0	1	68800
137.616	0.25	0	1	68808
137.632	0.25	1	2	68816
137.65	0.25	1	2	68825
137.666	0.25	1	2	68833
137.682	0.25	1	2	68841
137.7	0.25	0	1	68850
137.716	0.25	0	1	68858
137.732	0.25	1	2	68866
137.75	0.25	1	2	68875
137.766	0.25	0	1	68883
137.782	0.25	0	1	68891
137.8	0.25	0	1	68900
137.816	0.25	0	1	68908
137.832	0.25	0	1	68916
137.85	0.25	0	1	68925
137.866	0.25	1	2	68933
137.882	0.25	1	2	68941
137.9	0.25	0	1	68950
137.916	0.25	0	1	68958
137.932	0.25	0	1	68966
137.95	0.25	0	1	68975
137.966	0.25	0	1	68983
137.982	0.25	0	1	68991
138.0	0.25	1	2	69000
138.016	0.25	1	2	69008
138.032	0.25	1	2	69016
138.05	0.25	1	2	69025
138.066	0.25	1	2	69033
138.082	0.25	1	2	69041
138.1	0.25	0	1	69050
138.116	0.25	0	1	69058
138.132	0.25	1	2	69066
138.15	0.25	1	2	69075
138.166	0.25	0	1	69083
138.182	0.25	0	1	69091
138.2	0.25	1	2	69100
138.216	0.25	1	2	69108
138.232	0.25	1	2	69116
138.25	0.25	1	2	69125
138.266	0.25	1	2	69133
138.282	0.25	1	2	69141
138.3	0.25	1	2	69150
138.316	0.25	1	2	69158
138.332	0.25	1	2	69166
138.35	0.25	1	2	69175
138.366	0.25	0	1	69183
138.382	0.25	0	1	69191
138.4	0.25	0	1	69200
138.416	0.25	0	1	69208
138.432	0.25	1	2	69216
138.45	0.25	1	2	69225
138.466	0.25	0	1	69233
138.482	0.25	0	1	69241
138.5	0.25	0	1	69250
138.516	0.25	0	1	69258
138.532	0.25	0	1	69266
138.55	0.25	0	1	69275
138.566	0.25	1	2	69283
138.582	0.25	1	2	69291
138.6	0.25	1	2	69300
140.082	0.25	1	2	70041
140.1	0.25	1	2	70050
140.116	0.25	1	2	70058
140.132	0.25	1	2	70066
140.15	0.25	0	1	70075
140.166	0.25	0	1	70083
140.182	0.25	0	1	70091
140.2	0.25	0	1	70100
140.216	0.25	0	1	70108
140.232	0.25	0	1	70116
140.25	0.25	0	1	70125
140.266	0.25	0	1	70133
140.282	0.25	1	2	70141
140.3	0.25	1	2	70150
140.316	0.25	0	1	70158
140.332	0.25	0	1	70166
140.35	0.25	0	1	70175
140.366	0.25	0	1	70183
140.382	0.25	1	2	70191
140.4	0.25	1	2	70200
140.416	0.25	1	2	70208
140.432	0.25	1	2	70216
140.45	0.25	0	1	70225
140.466	0.25	0	1	70233
140.482	0.25	0	1	70241
140.5	0.25	0	1	70250
140.516	0.25	0	1	70258
140.532	0.25	0	1	70266
140.55	0.25	0	1	70275
140.566	0.25	0	1	70283
140.582	0.25	0	1	70291
140.6	0.25	0	1	70300
140.616	0.25	0	1	70308
140.632	0.25	0	1	70316
140.65	0.25	1	2	70325
140.666	0.25	1	2	70333
140.682	0.25	0	1	70341
140.7	0.25	0	1	70350
140.716	0.25	1	2	70358
140.732	0.25	1	2	70366
140.75	0.25	1	2	70375
140.766	0.25	1	2	70383
140.782	0.25	0	1	70391
140.8	0.25	0	1	70400
140.816	0.25	1	2	70408
140.832	0.25	1	2	70416
140.85	0.25	0	1	70425
140.866	0.25	0	1	70433
140.882	0.25	1	2	70441
140.9	0.25	1	2	70450
140.916	0.25	0	1	70458
140.932	0.25	0	1	70466
140.95	0.25	1	2	70475
140.966	0.25	1	2	70483
140.982	0.25	0	1	70491
141.0	0.25	0	1	70500
141.016	0.25	0	1	70508
141.032	0.25	0	1	70516
141.05	0.25	0	1	70525
141.066	0.25	0	1	70533
141.082	0.25	1	2	70541
141.1	0.25	1	2	70550
141.116	0.25	1	2	70558
141.132	0.25	1	2	70566
141.15	0.25	1	2	70575
141.166	0.25	1	2	70583
141.182	0.25	0	1	70591
141.2	0.25	0	1	70600
141.216	0.25	1	2	70608
141.232	0.25	1	2	70616
141.25	0.25	1	2	70625
141.266	0.25	1	2	70633
141.282	0.25	1	2	70641
141.3	0.25	1	2	70650
141.316	0.25	0	1	70658
141.332	0.25	0	1	70666
141.35	0.25	1	2	70675
141.366	0.25	1	2	70683
141.382	0.25	0	1	70691
141.4	0.25	0	1	70700
141.416	0.25	1	2	70708
141.432	0.25	1	2	70716
141.45	0.25	1	2	70725
141.466	0.25	1	2	70733
141.482	0.25	0	1	70741
141.5	0.25	0	1	70750
141.516	0.25	0	1	70758
141.532	0.25	0	1	70766
141.55	0.25	0	1	70775
141.566	0.25	0	1	70783
141.582	0.25	1	2	70791
141.6	0.25	1	2	70800
141.616	0.25	1	2	70808
141.632	0.25	1	2	70816
141.65	0.25	0	1	70825
141.666	0.25	0	1	70833
141.682	0.25	1	2	70841
141.7	0.25	1	2	70850
141.716	0.25	1	2	70858
141.732	0.25	1	2	70866
141.75	0.25	1	2	70875
141.766	0.25	1	2	70883
141.782	0.25	0	1	70891
141.8	0.25	0	1	70900
141.816	0.25	0	1	70908
141.832	0.25	0	1	70916
141.85	0.25	0	1	70925
141.866	0.25	0	1	70933
141.882	0.25	0	1	70941
141.9	0.25	0	1	70950
141.916	0.25	0	1	70958
141.932	0.25	0	1	70966
141.95	0.25	1	2	70975
141.966	0.25	1	2	70983
141.982	0.25	1	2	70991
142.0	0.25	1	2	71000
142.016	0.25	1	2	71008
143.5	0.25	1	2	71750
143.516	0.25	1	2	71758
143.532	0.25	1	2	71766
143.55	0.25	1	2	71775
143.566	0.25	0	1	71783
143.582	0.25	0	1	71791
143.6	0.25	1	2	71800
143.616	0.25	1	2	71808
143.632	0.25	1	2	71816
143.65	0.25	1	2	71825
143.666	0.25	0	1	71833
143.682	0.25	0	1	71841
143.7	0.25	1	2	71850
143.716	0.25	1	2	71858
143.732	0.25	1	2	71866
143.75	0.25	1	2	71875
143.766	0.25	0	1	71883
143.782	0.25	0	1	71891
143.8	0.25	1	2	71900
143.816	0.25	1	2	71908
143.832	0.25	1	2	71916
143.85	0.25	1	2	71925
143.866	0.25	0	1	71933
143.882	0.25	0	1	71941
143.9	0.25	0	1	71950
143.916	0.25	0	1	71958
143.932	0.25	0	1	71966
143.95	0.25	0	1	71975
143.966	0.25	1	2	71983
143.982	0.25	1	2	71991
144.0	0.25	1	2	72000
144.016	0.25	1	2	72008
144.032	0.25	1	2	72016
144.05	0.25	1	2	72025
144.066	0.25	0	1	72033
144.082	0.25	0	1	72041
144.1	0.25	0	1	72050
144.116	0.25	0	1	72058
144.132	0.25	0	1	72066
144.15	0.25	0	1	72075
144.166	0.25	1	2	72083
144.182	0.25	1	2	72091
144.2	0.25	1	2	72100
144.216	0.25	1	2	72108
144.232	0.25	1	2	72116
144.25	0.25	1	2	72125
144.266	0.25	1	2	72133
144.282	0.25	1	2	72141
144.3	0.25	1	2	72150
144.316	0.25	1	2	72158
144.332	0.25	0	1	72166
144.35	0.25	0	1	72175
144.366	0.25	0	1	72183
144.382	0.25	0	1	72191
144.4	0.25	1	2	72200
144.416	0.25	1	2	72208
144.432	0.25	0	1	72216
144.45	0.25	0	1	72225
144.466	0.25	1	2	72233
144.482	0.25	1	2	72241
144.5	0.25	0	1	72250
144.516	0.25	0	1	72258
144.532	0.25	0	1	72266
144.55	0.25	0	1	72275
144.566	0.25	1	2	72283
144.582	0.25	1	2	72291
144.6	0.25	1	2	72300
144.616	0.25	1	2	72308
144.632	0.25	0	1	72316
144.65	0.25	0	1	72325
144.666	0.25	0	1	72333
144.682	0.25	0	1	72341
144.7	0.25	0	1	72350
144.716	0.25	0	1	72358
144.732	0.25	0	1	72366
144.75	0.25	0	1	72375
144.766	0.25	1	2	72383
144.782	0.25	1	2	72391
144.8	0.25	0	1	72400
144.816	0.25	0	1	72408
144.832	0.25	0	1	72416
144.85	0.25	0	1	72425
144.866	0.25	0	1	72433
144.882	0.25	0	1	72441
144.9	0.25	0	1	72450
144.916	0.25	0	1	72458
144.932	0.25	1	2	72466
144.95	0.25	1	2	72475
144.966	0.25	1	2	72483
144.982	0.25	1	2	72491
145.0	0.25	1	2	72500
145.016	0.25	1	2	72508
145.032	0.25	1	2	72516
145.05	0.25	1	2	72525
145.066	0.25	1	2	72533
145.082	0.25	1	2	72541
145.1	0.25	1	2	72550
145.116	0.25	1	2	72558
145.132	0.25	0	1	72566
145.15	0.25	0	1	72575
145.166	0.25	1	2	72583
145.182	0.25	1	2	72591
145.2	0.25	0	1	72600
145.216	0.25	0	1	72608
145.232	0.25	1	2	72616
145.25	0.25	1	2	72625
145.266	0.25	0	1	72633
145.282	0.25	0	1	72641
145.3	0.25	0	1	72650
145.316	0.25	0	1	72658
145.332	0.25	1	2	72666
145.35	0.25	1	2	72675
145.366	0.25	1	2	72683
145.382	0.25	1	2	72691
145.4	0.25	0	1	72700
145.416	0.25	0	1	72708
145.432	0.25	0	1	72716
148.066	0.25	1	2	74033
148.082	0.25	1	2	74041
148.1	0.25	1	2	74050
148.116	0.25	1	2	74058
148.132	0.25	1	2	74066
148.15	0.25	1	2	74075
148.166	0.25	1	2	74083
148.182	0.25	1	2	74091
148.2	0.25	1	2	74100
148.216	0.25	1	2	74108
148.232	0.25	1	2	74116
148.25	0.25	1	2	74125
148.266	0.25	1	2	74133
148.282	0.25	1	2	74141
148.3	0.25	0	1	74150
148.316	0.25	0	1	74158
148.332	0.25	0	1	74166
148.35	0.25	0	1	74175
148.366	0.25	1	2	74183
148.382	0.25	1	2	74191
148.4	0.25	1	2	74200
148.416	0.25	1	2	74208
148.432	0.25	0	1	74216
148.45	0.25	0	1	74225
148.466	0.25	0	1	74233
148.482	0.25	0	1	74241
148.5	0.25	1	2	74250
148.516	0.25	1	2	74258
148.532	0.25	1	2	74266
148.55	0.25	1	2	74275
148.566	0.25	0	1	74283
148.582	0.25	0	1	74291
148.6	0.25	0	1	74300
148.616	0.25	0	1	74308
148.632	0.25	1	2	74316
148.65	0.25	1	2	74325
148.666	0.25	0	1	74333
148.682	0.25	0	1	74341
148.7	0.25	1	2	74350
148.716	0.25	1	2	74358
148.732	0.25	1	2	74366
148.75	0.25	1	2	74375
148.766	0.25	0	1	74383
148.782	0.25	0	1	74391
148.8	0.25	1	2	74400
148.816	0.25	1	2	74408
148.832	0.25	0	1	74416
148.85	0.25	0	1	74425
148.866	0.25	0	1	74433
148.882	0.25	0	1	74441
148.9	0.25	1	2	74450
148.916	0.25	1	2	74458
148.932	0.25	0	1	74466
148.95	0.25	0	1	74475
148.966	0.25	1	2	74483
148.982	0.25	1	2	74491
149.0	0.25	1	2	74500
149.016	0.25	1	2	74508
149.032	0.25	1	2	74516
149.05	0.25	1	2	74525
149.066	0.25	0	1	74533
149.082	0.25	0	1	74541
149.1	0.25	0	1	74550
149.116	0.25	0	1	74558
149.132	0.25	0	1	74566
149.15	0.25	0	1	74575
149.166	0.25	1	2	74583
149.182	0.25	1	2	74591
149.2	0.25	0	1	74600
149.216	0.25	0	1	74608
149.232	0.25	1	2	74616
149.25	0.25	1	2	74625
149.266	0.25	1	2	74633
149.282	0.25	1	2	74641
149.3	0.25	1	2	74650
149.316	0.25	1	2	74658
149.332	0.25	0	1	74666
149.35	0.25	0	1	74675
149.366	0.25	0	1	74683
149.382	0.25	0	1	74691
149.4	0.25	1	2	74700
149.416	0.25	1	2	74708
149.432	0.25	0	1	74716
149.45	0.25	0	1	74725
149.466	0.25	1	2	74733
149.482	0.25	1	2	74741
149.5	0.25	0	1	74750
149.516	0.25	0	1	74758
149.532	0.25	0	1	74766
149.55	0.25	0	1	74775
149.566	0.25	0	1	74783
149.582	0.25	0	1	74791
149.6	0.25	1	2	74800
149.616	0.25	1	2	74808
149.632	0.25	1	2	74816
149.65	0.25	1	2	74825
149.666	0.25	0	1	74833
149.682	0.25	0	1	74841
149.7	0.25	1	2	74850
149.716	0.25	1	2	74858
149.732	0.25	0	1	74866
149.75	0.25	0	1	74875
149.766	0.25	0	1	74883
149.782	0.25	0	1	74891
149.8	0.25	0	1	74900
149.816	0.25	0	1	74908
149.832	0.25	1	2	74916
149.85	0.25	1	2	74925
149.866	0.25	0	1	74933
149.882	0.25	0	1	74941
149.9	0.25	1	2	74950
149.916	0.25	1	2	74958
149.932	0.25	0	1	74966
149.95	0.25	0	1	74975
149.966	0.25	0	1	74983
149.982	0.25	0	1	74991
150.0	0.25	1	2	75000
151.482	0.25	1	2	75741
151.5	0.25	1	2	75750
151.516	0.25	1	2	75758
151.532	0.25	1	2	75766
151.55	0.25	0	1	75775
151.566	0.25	0	1	75783
151.582	0.25	1	2	75791
151.6	0.25	1	2	75800
151.616	0.25	1	2	75808
151.632	0.25	1	2	75816
151.65	0.25	0	1	75825
151.666	0.25	0	1	75833
151.682	0.25	1	2	75841
151.7	0.25	1	2	75850
151.716	0.25	1	2	75858
151.732	0.25	1	2	75866
151.75	0.25	0	1	75875
151.766	0.25	0	1	75883
151.782	0.25	1	2	75891
151.8	0.25	1	2	75900
151.816	0.25	1	2	75908
151.832	0.25	1	2	75916
151.85	0.25	0	1	75925
151.866	0.25	0	1	75933
151.882	0.25	0	1	75941
151.9	0.25	0	1	75950
151.916	0.25	0	1	75958
151.932	0.25	0	1	75966
151.95	0.25	1	2	75975
151.966	0.25	1	2	75983
151.982	0.25	1	2	75991
152.0	0.25	1	2	76000
152.016	0.25	1	2	76008
152.032	0.25	1	2	76016
152.05	0.25	0	1	76025
152.066	0.25	0	1	76033
152.082	0.25	0	1	76041
152.1	0.25	0	1	76050
152.116	0.25	0	1	76058
152.132	0.25	0	1	76066
152.15	0.25	1	2	76075
152.166	0.25	1	2	76083
152.182	0.25	1	2	76091
152.2	0.25	1	2	76100
152.216	0.25	1	2	76108
152.232	0.25	1	2	76116
152.25	0.25	1	2	76125
152.266	0.25	1	2	76133
152.282	0.25	1	2	76141
152.3	0.25	1	2	76150
152.316	0.25	0	1	76158
152.332	0.25	0	1	76166
152.35	0.25	0	1	76175
152.366	0.25	0	1	76183
152.382	0.25	1	2	76191
152.4	0.25	1	2	76200
152.416	0.25	0	1	76208
152.432	0.25	0	1	76216
152.45	0.25	1	2	76225
152.466	0.25	1	2	76233
152.482	0.25	0	1	76241
152.5	0.25	0	1	76250
152.516	0.25	0	1	76258
152.532	0.25	0	1	76266
152.55	0.25	1	2	76275
152.566	0.25	1	2	76283
152.582	0.25	1	2	76291
152.6	0.25	1	2	76300
152.616	0.25	0	1	76308
152.632	0.25	0	1	76316
152.65	0.25	0	1	76325
152.666	0.25	0	1	76333
152.682	0.25	0	1	76341
152.7	0.25	0	1	76350
152.716	0.25	0	1	76358
152.732	0.25	0	1	76366
152.75	0.25	1	2	76375
152.766	0.25	1	2	76383
152.782	0.25	0	1	76391
152.8	0.25	0	1	76400
152.816	0.25	0	1	76408
152.832	0.25	0	1	76416
152.85	0.25	0	1	76425
152.866	0.25	0	1	76433
152.882	0.25	0	1	76441
152.9	0.25	0	1	76450
152.916	0.25	1	2	76458
152.932	0.25	1	2	76466
152.95	0.25	1	2	76475
152.966	0.25	1	2	76483
152.982	0.25	1	2	76491
153.0	0.25	1	2	76500
153.016	0.25	1	2	76508
153.032	0.25	1	2	76516
153.05	0.25	1	2	76525
153.066	0.25	1	2	76533
153.082	0.25	1	2	76541
153.1	0.25	1	2	76550
153.116	0.25	0	1	76558
153.132	0.25	0	1	76566
153.15	0.25	1	2	76575
153.166	0.25	1	2	76583
153.182	0.25	0	1	76591
153.2	0.25	0	1	76600
153.216	0.25	1	2	76608
153.232	0.25	1	2	76616
153.25	0.25	0	1	76625
153.266	0.25	0	1	76633
153.282	0.25	0	1	76641
153.3	0.25	0	1	76650
153.316	0.25	1	2	76658
153.332	0.25	1	2	76666
153.35	0.25	1	2	76675
153.366	0.25	1	2	76683
153.382	0.25	0	1	76691
153.4	0.25	0	1	76700
153.416	0.25	0	1	76708
154.9	0.25	1	2	77450
154.916	0.25	1	2	77458
154.932	0.25	1	2	77466
154.95	0.25	1	2	77475
154.966	0.25	0	1	77483
154.982	0.25	0	1	77491
155.0	0.25	0	1	77500
155.016	0.25	0	1	77508
155.032	0.25	0	1	77516
155.05	0.25	0	1	77525
155.066	0.25	0	1	77533
155.082	0.25	0	1	77541
155.1	0.25	1	2	77550
155.116	0.25	1	2	77558
155.132	0.25	0	1	77566
155.15	0.25	0	1	77575
155.166	0.25	0	1	77583
155.182	0.25	0	1	77591
155.2	0.25	1	2	77600
155.216	0.25	1	2	77608
155.232	0.25	1	2	77616
155.25	0.25	1	2	77625
155.266	0.25	0	1	77633
155.282	0.25	0	1	77641
155.3	0.25	0	1	77650
155.316	0.25	0	1	77658
155.332	0.25	0	1	77666
155.35	0.25	0	1	77675
155.366	0.25	0	1	77683
155.382	0.25	0	1	77691
155.4	0.25	0	1	77700
155.416	0.25	0	1	77708
155.432	0.25	0	1	77716
155.45	0.25	0	1	77725
155.466	0.25	1	2	77733
155.482	0.25	1	2	77741
155.5	0.25	0	1	77750
155.516	0.25	0	1	77758
155.532	0.25	1	2	77766
155.55	0.25	1	2	77775
155.566	0.25	1	2	77783
155.582	0.25	1	2	77791
155.6	0.25	0	1	77800
155.616	0.25	0	1	77808
155.632	0.25	1	2	77816
155.65	0.25	1	2	77825
155.666	0.25	0	1	77833
155.682	0.25	0	1	77841
155.7	0.25	1	2	77850
155.716	0.25	1	2	77858
155.732	0.25	0	1	77866
155.75	0.25	0	1	77875
155.766	0.25	1	2	77883
155.782	0.25	1	2	77891
155.8	0.25	0	1	77900
155.816	0.25	0	1	77908
155.832	0.25	0	1	77916
155.85	0.25	0	1	77925
155.866	0.25	0	1	77933
155.882	0.25	0	1	77941
155.9	0.25	1	2	77950
155.916	0.25	1	2	77958
155.932	0.25	1	2	77966
155.95	0.25	1	2	77975
155.966	0.25	1	2	77983
155.982	0.25	1	2	77991
156.0	0.25	0	1	78000
156.016	0.25	0	1	78008
156.032	0.25	1	2	78016
156.05	0.25	1	2	78025
156.066	0.25	1	2	78033
156.082	0.25	1	2	78041
156.1	0.25	1	2	78050
156.116	0.25	1	2	78058
156.132	0.25	0	1	78066
156.15	0.25	0	1	78075
156.166	0.25	1	2	78083
156.182	0.25	1	2	78091
156.2	0.25	0	1	78100
156.216	0.25	0	1	78108
156.232	0.25	1	2	78116
156.25	0.25	1	2	78125
156.266	0.25	1	2	78133
156.282	0.25	1	2	78141
156.3	0.25	0	1	78150
156.316	0.25	0	1	78158
156.332	0.25	0	1	78166
156.35	0.25	0	1	78175
156.366	0.25	0	1	78183
156.382	0.25	0	1	78191
156.4	0.25	1	2	78200
156.416	0.25	1	2	78208
156.432	0.25	1	2	78216
156.45	0.25	1	2	78225
156.466	0.25	0	1	78233
156.482	0.25	0	1	78241
156.5	0.25	1	2	78250
156.516	0.25	1	2	78258
156.532	0.25	1	2	78266
156.55	0.25	1	2	78275
156.566	0.25	1	2	78283
156.582	0.25	1	2	78291
156.6	0.25	0	1	78300
156.616	0.25	0	1	78308
156.632	0.25	0	1	78316
156.65	0.25	0	1	78325
156.666	0.25	0	1	78333
156.682	0.25	0	1	78341
156.7	0.25	0	1	78350
156.716	0.25	0	1	78358
156.732	0.25	0	1	78366
156.75	0.25	0	1	78375
156.766	0.25	1	2	78383
156.782	0.25	1	2	78391
156.8	0.25	1	2	78400
156.816	0.25	1	2	78408
156.832	0.25	1	2	78416
158.316	0.25	0	1	79158
158.332	0.25	0	1	79166
158.35	0.25	0	1	79175
158.366	0.25	0	1	79183
158.382	0.25	1	2	79191
158.4	0.25	1	2	79200
158.416	0.25	1	2	79208
158.432	0.25	1	2	79216
158.45	0.25	0	1	79225
158.466	0.25	0	1	79233
158.482	0.25	0	1	79241
158.5	0.25	0	1	79250
158.516	0.25	0	1	79258
158.532	0.25	0	1	79266
158.55	0.25	0	1	79275
158.566	0.25	0	1	79283
158.582	0.25	1	2	79291
158.6	0.25	1	2	79300
158.616	0.25	1	2	79308
158.632	0.25	1	2	79316
158.65	0.25	1	2	79325
158.666	0.25	1	2	79333
158.682	0.25	1	2	79341
158.7	0.25	1	2	79350
158.716	0.25	1	2	79358
158.732	0.25	1	2	79366
158.75	0.25	0	1	79375
158.766	0.25	0	1	79383
158.782	0.25	0	1	79391
158.8	0.25	0	1	79400
158.816	0.25	0	1	79408
158.832	0.25	0	1	79416
158.85	0.25	0	1	79425
158.866	0.25	0	1	79433
158.882	0.25	0	1	79441
158.9	0.25	0	1	79450
158.916	0.25	0	1	79458
158.932	0.25	0	1	79466
158.95	0.25	1	2	79475
158.966	0.25	1	2	79483
158.982	0.25	1	2	79491
159.0	0.25	1	2	79500
159.016	0.25	0	1	79508
159.032	0.25	0	1	79516
159.05	0.25	0	1	79525
159.066	0.25	0	1	79533
159.082	0.25	1	2	79541
159.1	0.25	1	2	79550
159.116	0.25	0	1	79558
159.132	0.25	0	1	79566
159.15	0.25	1	2	79575
159.166	0.25	1	2	79583
159.182	0.25	0	1	79591
159.2	0.25	0	1	79600
159.216	0.25	1	2	79608
159.232	0.25	1	2	79616
159.25	0.25	0	1	79625
159.266	0.25	0	1	79633
159.282	0.25	1	2	79641
159.3	0.25	1	2	79650
159.316	0.25	1	2	79658
159.332	0.25	1	2	79666
159.35	0.25	0	1	79675
159.366	0.25	0	1	79683
159.382	0.25	1	2	79691
159.4	0.25	1	2	79700
159.416	0.25	0	1	79708
159.432	0.25	0	1	79716
159.45	0.25	0	1	79725
159.466	0.25	0	1	79733
159.482	0.25	0	1	79741
159.5	0.25	0	1	79750
159.516	0.25	1	2	79758
159.532	0.25	1	2	79766
159.55	0.25	0	1	79775
159.566	0.25	0	1	79783
159.582	0.25	0	1	79791
159.6	0.25	0	1	79800
159.616	0.25	0	1	79808
159.632	0.25	0	1	79816
159.65	0.25	1	2	79825
159.666	0.25	1	2	79833
159.682	0.25	1	2	79841
159.7	0.25	1	2	79850
159.716	0.25	1	2	79858
159.732	0.25	1	2	79866
159.75	0.25	0	1	79875
159.766	0.25	0	1	79883
159.782	0.25	1	2	79891
159.8	0.25	1	2	79900
159.816	0.25	0	1	79908
159.832	0.25	0	1	79916
159.85	0.25	1	2	79925
159.866	0.25	1	2	79933
159.882	0.25	1	2	79941
159.9	0.25	1	2	79950
159.916	0.25	1	2	79958
159.932	0.25	1	2	79966
159.95	0.25	1	2	79975
159.966	0.25	1	2	79983
159.982	0.25	1	2	79991
160.0	0.25	1	2	80000
160.016	0.25	0	1	80008
160.032	0.25	0	1	80016
160.05	0.25	0	1	80025
160.066	0.25	0	1	80033
160.082	0.25	1	2	80041
160.1	0.25	1	2	80050
160.116	0.25	0	1	80058
160.132	0.25	0	1	80066
160.15	0.25	0	1	80075
160.166	0.25	0	1	80083
160.182	0.25	0	1	80091
160.2	0.25	0	1	80100
160.216	0.25	1	2	80108
160.232	0.25	1	2	80116
160.25	0.25	1	2	80125
164.132	0.25	1	2	82066
164.15	0.25	1	2	82075
164.166	0.25	1	2	82083
164.182	0.25	1	2	82091
164.2	0.25	0	1	82100
164.216	0.25	0	1	82108
164.232	0.25	0	1	82116
164.25	0.25	0	1	82125
164.266	0.25	0	1	82133
164.282	0.25	0	1	82141
164.3	0.25	0	1	82150
164.316	0.25	0	1	82158
164.332	0.25	1	2	82166
164.35	0.25	1	2	82175
164.366	0.25	0	1	82183
164.382	0.25	0	1	82191
164.4	0.25	0	1	82200
164.416	0.25	0	1	82208
164.432	0.25	1	2	82216
164.45	0.25	1	2	82225
164.466	0.25	1	2	82233
164.482	0.25	1	2	82241
164.5	0.25	0	1	82250
164.516	0.25	0	1	82258
164.532	0.25	0	1	82266
164.55	0.25	0	1	82275
164.566	0.25	0	1	82283
164.582	0.25	0	1	82291
164.6	0.25	0	1	82300
164.616	0.25	0	1	82308
164.632	0.25	0	1	82316
164.65	0.25	0	1	82325
164.666	0.25	0	1	82333
164.682	0.25	0	1	82341
164.7	0.25	1	2	82350
164.716	0.25	1	2	82358
164.732	0.25	0	1	82366
164.75	0.25	0	1	82375
164.766	0.25	1	2	82383
164.782	0.25	1	2	82391
164.8	0.25	1	2	82400
164.816	0.25	1	2	82408
164.832	0.25	0	1	82416
164.85	0.25	0	1	82425
164.866	0.25	1	2	82433
164.882	0.25	1	2	82441
164.9	0.25	0	1	82450
164.916	0.25	0	1	82458
164.932	0.25	1	2	82466
164.95	0.25	1	2	82475
164.966	0.25	0	1	82483
164.982	0.25	0	1	82491
165.0	0.25	1	2	82500
165.016	0.25	1	2	82508
165.032	0.25	0	1	82516
165.05	0.25	0	1	82525
165.066	0.25	0	1	82533
165.082	0.25	0	1	82541
165.1	0.25	0	1	82550
165.116	0.25	0	1	82558
165.132	0.25	1	2	82566
165.15	0.25	1	2	82575
165.166	0.25	1	2	82583
165.182	0.25	1	2	82591
165.2	0.25	1	2	82600
165.216	0.25	1	2	82608
165.232	0.25	0	1	82616
165.25	0.25	0	1	82625
165.266	0.25	1	2	82633
165.282	0.25	1	2	82641
165.3	0.25	1	2	82650
165.316	0.25	1	2	82658
165.332	0.25	1	2	82666
165.35	0.25	1	2	82675
165.366	0.25	0	1	82683
165.382	0.25	0	1	82691
165.4	0.25	1	2	82700
165.416	0.25	1	2	82708
165.432	0.25	0	1	82716
165.45	0.25	0	1	82725
165.466	0.25	1	2	82733
165.482	0.25	1	2	82741
165.5	0.25	1	2	82750
165.516	0.25	1	2	82758
165.532	0.25	0	1	82766
165.55	0.25	0	1	82775
165.566	0.25	0	1	82783
165.582	0.25	0	1	82791
165.6	0.25	0	1	82800
165.616	0.25	0	1	82808
165.632	0.25	1	2	82816
165.65	0.25	1	2	82825
165.666	0.25	1	2	82833
165.682	0.25	1	2	82841
165.7	0.25	0	1	82850
165.716	0.25	0	1	82858
165.732	0.25	1	2	82866
165.75	0.25	1	2	82875
165.766	0.25	1	2	82883
165.782	0.25	1	2	82891
165.8	0.25	1	2	82900
165.816	0.25	1	2	82908
165.832	0.25	0	1	82916
165.85	0.25	0	1	82925
165.866	0.25	0	1	82933
165.882	0.25	0	1	82941
165.9	0.25	0	1	82950
165.916	0.25	0	1	82958
165.932	0.25	0	1	82966
165.95	0.25	0	1	82975
165.966	0.25	0	1	82983
165.982	0.25	0	1	82991
166.0	0.25	1	2	83000
166.016	0.25	1	2	83008
166.032	0.25	1	2	83016
166.05	0.25	1	2	83025
166.066	0.25	1	2	83033
167.55	0.25	1	2	83775
167.566	0.25	1	2	83783
167.582	0.25	1	2	83791
167.6	0.25	1	2	83800
167.616	0.25	1	2	83808
167.632	0.25	1	2	83816
167.65	0.25	1	2	83825
167.666	0.25	1	2	83833
167.682	0.25	1	2	83841
167.7	0.25	1	2	83850
167.716	0.25	1	2	83858
167.732	0.25	1	2	83866
167.75	0.25	1	2	83875
167.766	0.25	1	2	83883
167.782	0.25	0	1	83891
167.8	0.25	0	1	83900
167.816	0.25	0	1	83908
167.832	0.25	0	1	83916
167.85	0.25	1	2	83925
167.866	0.25	1	2	83933
167.882	0.25	1	2	83941
167.9	0.25	1	2	83950
167.916	0.25	0	1	83958
167.932	0.25	0	1	83966
167.95	0.25	0	1	83975
167.966	0.25	0	1	83983
167.982	0.25	1	2	83991
168.0	0.25	1	2	84000
168.016	0.25	1	2	84008
168.032	0.25	1	2	84016
168.05	0.25	0	1	84025
168.066	0.25	0	1	84033
168.082	0.25	0	1	84041
168.1	0.25	0	1	84050
168.116	0.25	1	2	84058
168.132	0.25	1	2	84066
168.15	0.25	0	1	84075
168.166	0.25	0	1	84083
168.182	0.25	1	2	84091
168.2	0.25	1	2	84100
168.216	0.25	1	2	84108
168.232	0.25	1	2	84116
168.25	0.25	0	1	84125
168.266	0.25	0	1	84133
168.282	0.25	1	2	84141
168.3	0.25	1	2	84150
168.316	0.25	0	1	84158
168.332	0.25	0	1	84166
168.35	0.25	0	1	84175
168.366	0.25	0	1	84183
168.382	0.25	1	2	84191
168.4	0.25	1	2	84200
168.416	0.25	0	1	84208
168.432	0.25	0	1	84216
168.45	0.25	1	2	84225
168.466	0.25	1	2	84233
168.482	0.25	1	2	84241
168.5	0.25	1	2	84250
168.516	0.25	1	2	84258
168.532	0.25	1	2	84266
168.55	0.25	0	1	84275
168.566	0.25	0	1	84283
168.582	0.25	0	1	84291
168.6	0.25	0	1	84300
168.616	0.25	0	1	84308
168.632	0.25	0	1	84316
168.65	0.25	1	2	84325
168.666	0.25	1	2	84333
168.682	0.25	0	1	84341
168.7	0.25	0	1	84350
168.716	0.25	1	2	84358
168.732	0.25	1	2	84366
168.75	0.25	1	2	84375
168.766	0.25	1	2	84383
168.782	0.25	1	2	84391
168.8	0.25	1	2	84400
168.816	0.25	0	1	84408
168.832	0.25	0	1	84416
168.85	0.25	0	1	84425
168.866	0.25	0	1	84433
168.882	0.25	1	2	84441
168.9	0.25	1	2	84450
168.916	0.25	0	1	84458
168.932	0.25	0	1	84466
168.95	0.25	1	2	84475
168.966	0.25	1	2	84483
168.982	0.25	0	1	84491
169.0	0.25	0	1	84500
169.016	0.25	0	1	84508
169.032	0.25	0	1	84516
169.05	0.25	0	1	84525
169.066	0.25	0	1	84533
169.082	0.25	1	2	84541
169.1	0.25	1	2	84550
169.116	0.25	1	2	84558
169.132	0.25	1	2	84566
169.15	0.25	0	1	84575
169.166	0.25	0	1	84583
169.182	0.25	1	2	84591
169.2	0.25	1	2	84600
169.216	0.25	0	1	84608
169.232	0.25	0	1	84616
169.25	0.25	0	1	84625
169.266	0.25	0	1	84633
169.282	0.25	0	1	84641
169.3	0.25	0	1	84650
169.316	0.25	1	2	84658
169.332	0.25	1	2	84666
169.35	0.25	0	1	84675
169.366	0.25	0	1	84683
169.382	0.25	1	2	84691
169.4	0.25	1	2	84700
169.416	0.25	0	1	84708
169.432	0.25	0	1	84716
169.45	0.25	0	1	84725
169.466	0.25	0	1	84733
169.482	0.25	1	2	84741
170.966	0.25	1	2	85483
170.982	0.25	1	2	85491
171.0	0.25	1	2	85500
171.016	0.25	1	2	85508
171.032	0.25	0	1	85516
171.05	0.25	0	1	85525
171.066	0.25	1	2	85533
171.082	0.25	1	2	85541
171.1	0.25	1	2	85550
171.116	0.25	1	2	85558
171.132	0.25	0	1	85566
171.15	0.25	0	1	85575
171.166	0.25	1	2	85583
171.182	0.25	1	2	85591
171.2	0.25	1	2	85600
171.216	0.25	1	2	85608
171.232	0.25	0	1	85616
171.25	0.25	0	1	85625
171.266	0.25	1	2	85633
171.282	0.25	1	2	85641
171.3	0.25	1	2	85650
171.316	0.25	1	2	85658
171.332	0.25	0	1	85666
171.35	0.25	0	1	85675
171.366	0.25	0	1	85683
171.382	0.25	0	1	85691
171.4	0.25	0	1	85700
171.416	0.25	0	1	85708
171.432	0.25	1	2	85716
171.45	0.25	1	2	85725
171.466	0.25	1	2	85733
171.482	0.25	1	2	85741
171.5	0.25	1	2	85750
171.516	0.25	1	2	85758
171.532	0.25	0	1	85766
171.55	0.25	0	1	85775
171.566	0.25	0	1	85783
171.582	0.25	0	1	85791
171.6	0.25	0	1	85800
171.616	0.25	0	1	85808
171.632	0.25	1	2	85816
171.65	0.25	1	2	85825
171.666	0.25	1	2	85833
171.682	0.25	1	2	85841
171.7	0.25	1	2	85850
171.716	0.25	1	2	85858
171.732	0.25	1	2	85866
171.75	0.25	1	2	85875
171.766	0.25	1	2	85883
171.782	0.25	1	2	85891
171.8	0.25	0	1	85900
171.816	0.25	0	1	85908
171.832	0.25	0	1	85916
171.85	0.25	0	1	85925
171.866	0.25	1	2	85933
171.882	0.25	1	2	85941
171.9	0.25	0	1	85950
171.916	0.25	0	1	85958
171.932	0.25	1	2	85966
171.95	0.25	1	2	85975
171.966	0.25	0	1	85983
171.982	0.25	0	1	85991
172.0	0.25	0	1	86000
172.016	0.25	0	1	86008
172.032	0.25	1	2	86016
172.05	0.25	1	2	86025
172.066	0.25	1	2	86033
172.082	0.25	1	2	86041
172.1	0.25	0	1	86050
172.116	0.25	0	1	86058
172.132	0.25	0	1	86066
172.15	0.25	0	1	86075
172.166	0.25	0	1	86083
172.182	0.25	0	1	86091
172.2	0.25	0	1	86100
172.216	0.25	0	1	86108
172.232	0.25	1	2	86116
172.25	0.25	1	2	86125
172.266	0.25	0	1	86133
172.282	0.25	0	1	86141
172.3	0.25	0	1	86150
172.316	0.25	0	1	86158
172.332	0.25	0	1	86166
172.35	0.25	0	1	86175
172.366	0.25	0	1	86183
172.382	0.25	0	1	86191
172.4	0.25	1	2	86200
172.416	0.25	1	2	86208
172.432	0.25	1	2	86216
172.45	0.25	1	2	86225
172.466	0.25	1	2	86233
172.482	0.25	1	2	86241
172.5	0.25	1	2	86250
172.516	0.25	1	2	86258
172.532	0.25	1	2	86266
172.55	0.25	1	2	86275
172.566	0.25	1	2	86283
172.582	0.25	1	2	86291
172.6	0.25	0	1	86300
172.616	0.25	0	1	86308
172.632	0.25	1	2	86316
172.65	0.25	1	2	86325
172.666	0.25	0	1	86333
172.682	0.25	0	1	86341
172.7	0.25	1	2	86350
172.716	0.25	1	2	86358
172.732	0.25	0	1	86366
172.75	0.25	0	1	86375
172.766	0.25	0	1	86383
172.782	0.25	0	1	86391
172.8	0.25	1	2	86400
172.816	0.25	1	2	86408
172.832	0.25	1	2	86416
172.85	0.25	1	2	86425
172.866	0.25	0	1	86433
172.882	0.25	0	1	86441
172.9	0.25	0	1	86450
174.382	0.25	0	1	87191
174.4	0.25	0	1	87200
174.416	0.25	0	1	87208
174.432	0.25	0	1	87216
174.45	0.25	1	2	87225
174.466	0.25	1	2	87233
174.482	0.25	1	2	87241
174.5	0.25	1	2	87250
174.516	0.25	0	1	87258
174.532	0.25	0	1	87266
174.55	0.25	0	1	87275
174.566	0.25	0	1	87283
174.582	0.25	0	1	87291
174.6	0.25	0	1	87300
174.616	0.25	0	1	87308
174.632	0.25	0	1	87316
174.65	0.25	1	2	87325
174.666	0.25	1	2	87333
174.682	0.25	1	2	87341
174.7	0.25	1	2	87350
174.716	0.25	1	2	87358
174.732	0.25	1	2	87366
174.75	0.25	1	2	87375
174.766	0.25	1	2	87383
174.782	0.25	1	2	87391
174.8	0.25	1	2	87400
174.816	0.25	0	1	87408
174.832	0.25	0	1	87416
174.85	0.25	0	1	87425
174.866	0.25	0	1	87433
174.882	0.25	0	1	87441
174.9	0.25	0	1	87450
174.916	0.25	0	1	87458
174.932	0.25	0	1	87466
174.95	0.25	0	1	87475
174.966	0.25	0	1	87483
174.982	0.25	0	1	87491
175.0	0.25	0	1	87500
175.016	0.25	1	2	87508
175.032	0.25	1	2	87516
175.05	0.25	1	2	87525
175.066	0.25	1	2	87533
175.082	0.25	0	1	87541
175.1	0.25	0	1	87550
175.116	0.25	0	1	87558
175.132	0.25	0	1	87566
175.15	0.25	1	2	87575
175.166	0.25	1	2	87583
175.182	0.25	0	1	87591
175.2	0.25	0	1	87600
175.216	0.25	1	2	87608
175.232	0.25	1	2	87616
175.25	0.25	0	1	87625
175.266	0.25	0	1	87633
175.282	0.25	1	2	87641
175.3	0.25	1	2	87650
175.316	0.25	0	1	87658
175.332	0.25	0	1	87666
175.35	0.25	1	2	87675
175.366	0.25	1	2	87683
175.382	0.25	1	2	87691
175.4	0.25	1	2	87700
175.416	0.25	0	1	87708
175.432	0.25	0	1	87716
175.45	0.25	1	2	87725
175.466	0.25	1	2	87733
175.482	0.25	0	1	87741
175.5	0.25	0	1	87750
175.516	0.25	0	1	87758
175.532	0.25	0	1	87766
175.55	0.25	0	1	87775
175.566	0.25	0	1	87783
175.582	0.25	1	2	87791
175.6	0.25	1	2	87800
175.616	0.25	0	1	87808
175.632	0.25	0	1	87816
175.65	0.25	0	1	87825
175.666	0.25	0	1	87833
175.682	0.25	0	1	87841
175.7	0.25	0	1	87850
175.716	0.25	1	2	87858
175.732	0.25	1	2	87866
175.75	0.25	1	2	87875
175.766	0.25	1	2	87883
175.782	0.25	1	2	87891
175.8	0.25	1	2	87900
175.816	0.25	0	1	87908
175.832	0.25	0	1	87916
175.85	0.25	1	2	87925
175.866	0.25	1	2	87933
175.882	0.25	0	1	87941
175.9	0.25	0	1	87950
175.916	0.25	1	2	87958
175.932	0.25	1	2	87966
175.95	0.25	1	2	87975
175.966	0.25	1	2	87983
175.982	0.25	1	2	87991
176.0	0.25	1	2	88000
176.016	0.25	1	2	88008
176.032	0.25	1	2	88016
176.05	0.25	1	2	88025
176.066	0.25	1	2	88033
176.082	0.25	0	1	88041
176.1	0.25	0	1	88050
176.116	0.25	0	1	88058
176.132	0.25	0	1	88066
176.15	0.25	1	2	88075
176.166	0.25	1	2	88083
176.182	0.25	0	1	88091
176.2	0.25	0	1	88100
176.216	0.25	0	1	88108
176.232	0.25	0	1	88116
176.25	0.25	0	1	88125
176.266	0.25	0	1	88133
176.282	0.25	1	2	88141
176.3	0.25	1	2	88150
176.316	0.25	1	2	88158
178.766	0.25	1	2	89383
178.782	0.25	1	2	89391
178.8	0.25	1	2	89400
178.816	0.25	1	2	89408
178.832	0.25	1	2	89416
178.85	0.25	1	2	89425
178.866	0.25	1	2	89433
178.882	0.25	1	2	89441
178.9	0.25	1	2	89450
178.916	0.25	1	2	89458
178.932	0.25	1	2	89466
178.95	0.25	1	2	89475
178.966	0.25	1	2	89483
178.982	0.25	1	2	89491
179.0	0.25	0	1	89500
179.016	0.25	0	1	89508
179.032	0.25	0	1	89516
179.05	0.25	0	1	89525
179.066	0.25	1	2	89533
179.082	0.25	1	2	89541
179.1	0.25	1	2	89550
179.116	0.25	1	2	89558
179.132	0.25	0	1	89566
179.15	0.25	0	1	89575
179.166	0.25	0	1	89583
179.182	0.25	0	1	89591
179.2	0.25	1	2	89600
179.216	0.25	1	2	89608
179.232	0.25	1	2	89616
179.25	0.25	1	2	89625
179.266	0.25	0	1	89633
179.282	0.25	0	1	89641
179.3	0.25	0	1	89650
179.316	0.25	0	1	89658
179.332	0.25	1	2	89666
179.35	0.25	1	2	89675
179.366	0.25	0	1	89683
179.382	0.25	0	1	89691
179.4	0.25	1	2	89700
179.416	0.25	1	2	89708
179.432	0.25	1	2	89716
179.45	0.25	1	2	89725
179.466	0.25	0	1	89733
179.482	0.25	0	1	89741
179.5	0.25	1	2	89750
179.516	0.25	1	2	89758
179.532	0.25	0	1	89766
179.55	0.25	0	1	89775
179.566	0.25	0	1	89783
179.582	0.25	0	1	89791
179.6	0.25	1	2	89800
179.616	0.25	1	2	89808
179.632	0.25	0	1	89816
179.65	0.25	0	1	89825
179.666	0.25	1	2	89833
179.682	0.25	1	2	89841
179.7	0.25	1	2	89850
179.716	0.25	1	2	89858
179.732	0.25	1	2	89866
179.75	0.25	1	2	89875
179.766	0.25	0	1	89883
179.782	0.25	0	1	89891
179.8	0.25	0	1	89900
179.816	0.25	0	1	89908
179.832	0.25	0	1	89916
179.85	0.25	0	1	89925
179.866	0.25	1	2	89933
179.882	0.25	1	2	89941
179.9	0.25	0	1	89950
179.916	0.25	0	1	89958
179.932	0.25	1	2	89966
179.95	0.25	1	2	89975
179.966	0.25	1	2	89983
179.982	0.25	1	2	89991
180.0	0.25	1	2	90000
180.016	0.25	1	2	90008
180.032	0.25	0	1	90016
180.05	0.25	0	1	90025
180.066	0.25	0	1	90033
180.082	0.25	0	1	90041
180.1	0.25	1	2	90050
180.116	0.25	1	2	90058
180.132	0.25	0	1	90066
180.15	0.25	0	1	90075
180.166	0.25	1	2	90083
180.182	0.25	1	2	90091
180.2	0.25	0	1	90100
180.216	0.25	0	1	90108
180.232	0.25	0	1	90116
180.25	0.25	0	1	90125
180.266	0.25	0	1	90133
180.282	0.25	0	1	90141
180.3	0.25	1	2	90150
180.316	0.25	1	2	90158
180.332	0.25	1	2	90166
180.35	0.25	1	2	90175
180.366	0.25	0	1	90183
180.382	0.25	0	1	90191
180.4	0.25	1	2	90200
180.416	0.25	1	2	90208
180.432	0.25	0	1	90216
180.45	0.25	0	1	90225
180.466	0.25	0	1	90233
180.482	0.25	0	1	90241
180.5	0.25	0	1	90250
180.516	0.25	0	1	90258
180.532	0.25	1	2	90266
180.55	0.25	1	2	90275
180.566	0.25	0	1	90283
180.582	0.25	0	1	90291
180.6	0.25	1	2	90300
180.616	0.25	1	2	90308
180.632	0.25	0	1	90316
180.65	0.25	0	1	90325
180.666	0.25	0	1	90333
180.682	0.25	0	1	90341
180.7	0.25	1	2	90350
182.182	0.25	1	2	91091
182.2	0.25	1	2	91100
182.216	0.25	1	2	91108
182.232	0.25	1	2	91116
182.25	0.25	0	1	91125
182.266	0.25	0	1	91133
182.282	0.25	1	2	91141
182.3	0.25	1	2	91150
182.316	0.25	1	2	91158
182.332	0.25	1	2	91166
182.35	0.25	0	1	91175
182.366	0.25	0	1	91183
182.382	0.25	1	2	91191
182.4	0.25	1	2	91200
182.416	0.25	1	2	91208
182.432	0.25	1	2	91216
182.45	0.25	0	1	91225
182.466	0.25	0	1	91233
182.482	0.25	1	2	91241
182.5	0.25	1	2	91250
182.516	0.25	1	2	91258
182.532	0.25	1	2	91266
182.55	0.25	0	1	91275
182.566	0.25	0	1	91283
182.582	0.25	0	1	91291
182.6	0.25	0	1	91300
182.616	0.25	0	1	91308
182.632	0.25	0	1	91316
182.65	0.25	1	2	91325
182.666	0.25	1	2	91333
182.682	0.25	1	2	91341
182.7	0.25	1	2	91350
182.716	0.25	1	2	91358
182.732	0.25	1	2	91366
182.75	0.25	0	1	91375
182.766	0.25	0	1	91383
182.782	0.25	0	1	91391
182.8	0.25	0	1	91400
182.816	0.25	0	1	91408
182.832	0.25	0	1	91416
182.85	0.25	1	2	91425
182.866	0.25	1	2	91433
182.882	0.25	1	2	91441
182.9	0.25	1	2	91450
182.916	0.25	1	2	91458
182.932	0.25	1	2	91466
182.95	0.25	1	2	91475
182.966	0.25	1	2	91483
182.982	0.25	1	2	91491
183.0	0.25	1	2	91500
183.016	0.25	0	1	91508
183.032	0.25	0	1	91516
183.05	0.25	0	1	91525
183.066	0.25	0	1	91533
183.082	0.25	1	2	91541
183.1	0.25	1	2	91550
183.116	0.25	0	1	91558
183.132	0.25	0	1	91566
183.15	0.25	1	2	91575
183.166	0.25	1	2	91583
183.182	0.25	0	1	91591
183.2	0.25	0	1	91600
183.216	0.25	0	1	91608
183.232	0.25	0	1	91616
183.25	0.25	1	2	91625
183.266	0.25	1	2	91633
183.282	0.25	1	2	91641
183.3	0.25	1	2	91650
183.316	0.25	0	1	91658
183.332	0.25	0	1	91666
183.35	0.25	0	1	91675
183.366	0.25	0	1	91683
183.382	0.25	0	1	91691
183.4	0.25	0	1	91700
183.416	0.25	0	1	91708
183.432	0.25	0	1	91716
183.45	0.25	1	2	91725
183.466	0.25	1	2	91733
183.482	0.25	0	1	91741
183.5	0.25	0	1	91750
183.516	0.25	0	1	91758
183.532	0.25	0	1	91766
183.55	0.25	0	1	91775
183.566	0.25	0	1	91783
183.582	0.25	0	1	91791
183.6	0.25	0	1	91800
183.616	0.25	1	2	91808
183.632	0.25	1	2	91816
183.65	0.25	1	2	91825
183.666	0.25	1	2	91833
183.682	0.25	1	2	91841
183.7	0.25	1	2	91850
183.716	0.25	1	2	91858
183.732	0.25	1	2	91866
183.75	0.25	1	2	91875
183.766	0.25	1	2	91883
183.782	0.25	1	2	91891
183.8	0.25	1	2	91900
183.816	0.25	0	1	91908
183.832	0.25	0	1	91916
183.85	0.25	1	2	91925
183.866	0.25	1	2	91933
183.882	0.25	0	1	91941
183.9	0.25	0	1	91950
183.916	0.25	1	2	91958
183.932	0.25	1	2	91966
183.95	0.25	0	1	91975
183.966	0.25	0	1	91983
183.982	0.25	0	1	91991
184.0	0.25	0	1	92000
184.016	0.25	1	2	92008
184.032	0.25	1	2	92016
184.05	0.25	1	2	92025
184.066	0.25	1	2	92033
184.082	0.25	0	1	92041
184.1	0.25	0	1	92050
184.116	0.25	0	1	92058
185.6	0.25	0	1	92800
185.616	0.25	0	1	92808
185.632	0.25	0	1	92816
185.65	0.25	0	1	92825
185.666	0.25	1	2	92833
185.682	0.25	1	2	92841
185.7	0.25	1	2	92850
185.716	0.25	1	2	92858
185.732	0.25	0	1	92866
185.75	0.25	0	1	92875
185.766	0.25	0	1	92883
185.782	0.25	0	1	92891
185.8	0.25	0	1	92900
185.816	0.25	0	1	92908
185.832	0.25	0	1	92916
185.85	0.25	0	1	92925
185.866	0.25	1	2	92933
185.882	0.25	1	2	92941
185.9	0.25	1	2	92950
185.916	0.25	1	2	92958
185.932	0.25	1	2	92966
185.95	0.25	1	2	92975
185.966	0.25	1	2	92983
185.982	0.25	1	2	92991
186.0	0.25	1	2	93000
186.016	0.25	1	2	93008
186.032	0.25	0	1	93016
186.05	0.25	0	1	93025
186.066	0.25	0	1	93033
186.082	0.25	0	1	93041
186.1	0.25	0	1	93050
186.116	0.25	0	1	93058
186.132	0.25	0	1	93066
186.15	0.25	0	1	93075
186.166	0.25	0	1	93083
186.182	0.25	0	1	93091
186.2	0.25	0	1	93100
186.216	0.25	0	1	93108
186.232	0.25	1	2	93116
186.25	0.25	1	2	93125
186.266	0.25	1	2	93133
186.282	0.25	1	2	93141
186.3	0.25	0	1	93150
186.316	0.25	0	1	93158
186.332	0.25	0	1	93166
186.35	0.25	0	1	93175
186.366	0.25	1	2	93183
186.382	0.25	1	2	93191
186.4	0.25	0	1	93200
186.416	0.25	0	1	93208
186.432	0.25	1	2	93216
186.45	0.25	1	2	93225
186.466	0.25	0	1	93233
186.482	0.25	0	1	93241
186.5	0.25	1	2	93250
186.516	0.25	1	2	93258
186.532	0.25	0	1	93266
186.55	0.25	0	1	93275
186.566	0.25	1	2	93283
186.582	0.25	1	2	93291
186.6	0.25	1	2	93300
186.616	0.25	1	2	93308
186.632	0.25	0	1	93316
186.65	0.25	0	1	93325
186.666	0.25	1	2	93333
186.682	0.25	1	2	93341
186.7	0.25	0	1	93350
186.716	0.25	0	1	93358
186.732	0.25	0	1	93366
186.75	0.25	0	1	93375
186.766	0.25	0	1	93383
186.782	0.25	0	1	93391
186.8	0.25	1	2	93400
186.816	0.25	1	2	93408
186.832	0.25	0	1	93416
186.85	0.25	0	1	93425
186.866	0.25	0	1	93433
186.882	0.25	0	1	93441
186.9	0.25	0	1	93450
186.916	0.25	0	1	93458
186.932	0.25	1	2	93466
186.95	0.25	1	2	93475
186.966	0.25	1	2	93483
186.982	0.25	1	2	93491
187.0	0.25	1	2	93500
187.016	0.25	1	2	93508
187.032	0.25	0	1	93516
187.05	0.25	0	1	93525
187.066	0.25	1	2	93533
187.082	0.25	1	2	93541
187.1	0.25	0	1	93550
187.116	0.25	0	1	93558
187.132	0.25	1	2	93566
187.15	0.25	1	2	93575
187.166	0.25	1	2	93583
187.182	0.25	1	2	93591
187.2	0.25	1	2	93600
187.216	0.25	1	2	93608
187.232	0.25	1	2	93616
187.25	0.25	1	2	93625
187.266	0.25	1	2	93633
187.282	0.25	1	2	93641
187.3	0.25	0	1	93650
187.316	0.25	0	1	93658
187.332	0.25	0	1	93666
187.35	0.25	0	1	93675
187.366	0.25	1	2	93683
187.382	0.25	1	2	93691
187.4	0.25	0	1	93700
187.416	0.25	0	1	93708
187.432	0.25	0	1	93716
187.45	0.25	0	1	93725
187.466	0.25	0	1	93733
187.482	0.25	0	1	93741
187.5	0.25	1	2	93750
187.516	0.25	1	2	93758
187.532	0.25	1	2	93766
189.016	0.25	1	2	94508
189.032	0.25	1	2	94516
189.05	0.25	1	2	94525
189.066	0.25	1	2	94533
189.082	0.25	0	1	94541
189.1	0.25	0	1	94550
189.116	0.25	0	1	94558
189.132	0.25	0	1	94566
189.15	0.25	0	1	94575
189.166	0.25	0	1	94583
189.182	0.25	0	1	94591
189.2	0.25	0	1	94600
189.216	0.25	1	2	94608
189.232	0.25	1	2	94616
189.25	0.25	0	1	94625
189.266	0.25	0	1	94633
189.282	0.25	0	1	94641
189.3	0.25	0	1	94650
189.316	0.25	1	2	94658
189.332	0.25	1	2	94666
189.35	0.25	1	2	94675
189.366	0.25	1	2	94683
189.382	0.25	0	1	94691
189.4	0.25	0	1	94700
189.416	0.25	0	1	94708
189.432	0.25	0	1	94716
189.45	0.25	0	1	94725
189.466	0.25	0	1	94733
189.482	0.25	0	1	94741
189.5	0.25	0	1	94750
189.516	0.25	0	1	94758
189.532	0.25	0	1	94766
189.55	0.25	0	1	94775
189.566	0.25	0	1	94783
189.582	0.25	1	2	94791
189.6	0.25	1	2	94800
189.616	0.25	0	1	94808
189.632	0.25	0	1	94816
189.65	0.25	1	2	94825
189.666	0.25	1	2	94833
189.682	0.25	1	2	94841
189.7	0.25	1	2	94850
189.716	0.25	0	1	94858
189.732	0.25	0	1	94866
189.75	0.25	1	2	94875
189.766	0.25	1	2	94883
189.782	0.25	0	1	94891
189.8	0.25	0	1	94900
189.816	0.25	1	2	94908
189.832	0.25	1	2	94916
189.85	0.25	0	1	94925
189.866	0.25	0	1	94933
189.882	0.25	1	2	94941
189.9	0.25	1	2	94950
189.916	0.25	0	1	94958
189.932	0.25	0	1	94966
189.95	0.25	0	1	94975
189.966	0.25	0	1	94983
189.982	0.25	0	1	94991
190.0	0.25	0	1	95000
190.016	0.25	1	2	95008
190.032	0.25	1	2	95016
190.05	0.25	1	2	95025
190.066	0.25	1	2	95033
190.082	0.25	1	2	95041
190.1	0.25	1	2	95050
190.116	0.25	0	1	95058
190.132	0.25	0	1	95066
190.15	0.25	1	2	95075
190.166	0.25	1	2	95083
190.182	0.25	1	2	95091
190.2	0.25	1	2	95100
190.216	0.25	1	2	95108
190.232	0.25	1	2	95116
190.25	0.25	0	1	95125
190.266	0.25	0	1	95133
190.282	0.25	1	2	95141
190.3	0.25	1	2	95150
190.316	0.25	0	1	95158
190.332	0.25	0	1	95166
190.35	0.25	1	2	95175
190.366	0.25	1	2	95183
190.382	0.25	1	2	95191
190.4	0.25	1	2	95200
190.416	0.25	0	1	95208
190.432	0.25	0	1	95216
190.45	0.25	0	1	95225
190.466	0.25	0	1	95233
190.482	0.25	0	1	95241
190.5	0.25	0	1	95250
190.516	0.25	1	2	95258
190.532	0.25	1	2	95266
190.55	0.25	1	2	95275
190.566	0.25	1	2	95283
190.582	0.25	0	1	95291
190.6	0.25	0	1	95300
190.616	0.25	1	2	95308
190.632	0.25	1	2	95316
190.65	0.25	1	2	95325
190.666	0.25	1	2	95333
190.682	0.25	1	2	95341
190.7	0.25	1	2	95350
190.716	0.25	0	1	95358
190.732	0.25	0	1	95366
190.75	0.25	0	1	95375
190.766	0.25	0	1	95383
190.782	0.25	0	1	95391
190.8	0.25	0	1	95400
190.816	0.25	0	1	95408
190.832	0.25	0	1	95416
190.85	0.25	0	1	95425
190.866	0.25	0	1	95433
190.882	0.25	1	2	95441
190.9	0.25	1	2	95450
190.916	0.25	1	2	95458
190.932	0.25	1	2	95466
190.95	0.25	1	2	95475
194.532	0.25	1	2	97266
194.55	0.25	1	2	97275
194.566	0.25	1	2	97283
194.582	0.25	1	2	97291
194.6	0.25	0	1	97300
194.616	0.25	0	1	97308
194.632	0.25	0	1	97316
194.65	0.25	0	1	97325
194.666	0.25	0	1	97333
194.682	0.25	0	1	97341
194.7	0.25	0	1	97350
194.716	0.25	0	1	97358
194.732	0.25	1	2	97366
194.75	0.25	1	2	97375
194.766	0.25	0	1	97383
194.782	0.25	0	1	97391
194.8	0.25	0	1	97400
194.816	0.25	0	1	97408
194.832	0.25	1	2	97416
194.85	0.25	1	2	97425
194.866	0.25	1	2	97433
194.882	0.25	1	2	97441
194.9	0.25	0	1	97450
194.916	0.25	0	1	97458
194.932	0.25	0	1	97466
194.95	0.25	0	1	97475
194.966	0.25	0	1	97483
194.982	0.25	0	1	97491
195.0	0.25	0	1	97500
195.016	0.25	0	1	97508
195.032	0.25	0	1	97516
195.05	0.25	0	1	97525
195.066	0.25	0	1	97533
195.082	0.25	0	1	97541
195.1	0.25	1	2	97550
195.116	0.25	1	2	97558
195.132	0.25	0	1	97566
195.15	0.25	0	1	97575
195.166	0.25	1	2	97583
195.182	0.25	1	2	97591
195.2	0.25	1	2	97600
195.216	0.25	1	2	97608
195.232	0.25	0	1	97616
195.25	0.25	0	1	97625
195.266	0.25	1	2	97633
195.282	0.25	1	2	97641
195.3	0.25	0	1	97650
195.316	0.25	0	1	97658
195.332	0.25	1	2	97666
195.35	0.25	1	2	97675
195.366	0.25	0	1	97683
195.382	0.25	0	1	97691
195.4	0.25	1	2	97700
195.416	0.25	1	2	97708
195.432	0.25	0	1	97716
195.45	0.25	0	1	97725
195.466	0.25	0	1	97733
195.482	0.25	0	1	97741
195.5	0.25	0	1	97750
195.516	0.25	0	1	97758
195.532	0.25	1	2	97766
195.55	0.25	1	2	97775
195.566	0.25	1	2	97783
195.582	0.25	1	2	97791
195.6	0.25	1	2	97800
195.616	0.25	1	2	97808
195.632	0.25	0	1	97816
195.65	0.25	0	1	97825
195.666	0.25	1	2	97833
195.682	0.25	1	2	97841
195.7	0.25	1	2	97850
195.716	0.25	1	2	97858
195.732	0.25	1	2	97866
195.75	0.25	1	2	97875
195.766	0.25	0	1	97883
195.782	0.25	0	1	97891
195.8	0.25	1	2	97900
195.816	0.25	1	2	97908
195.832	0.25	0	1	97916
195.85	0.25	0	1	97925
195.866	0.25	1	2	97933
195.882	0.25	1	2	97941
195.9	0.25	1	2	97950
195.916	0.25	1	2	97958
195.932	0.25	0	1	97966
195.95	0.25	0	1	97975
195.966	0.25	0	1	97983
195.982	0.25	0	1	97991
196.0	0.25	0	1	98000
196.016	0.25	0	1	98008
196.032	0.25	1	2	98016
196.05	0.25	1	2	98025
196.066	0.25	1	2	98033
196.082	0.25	1	2	98041
196.1	0.25	0	1	98050
196.116	0.25	0	1	98058
196.132	0.25	1	2	98066
196.15	0.25	1	2	98075
196.166	0.25	1	2	98083
196.182	0.25	1	2	98091
196.2	0.25	1	2	98100
196.216	0.25	1	2	98108
196.232	0.25	0	1	98116
196.25	0.25	0	1	98125
196.266	0.25	0	1	98133
196.282	0.25	0	1	98141
196.3	0.25	0	1	98150
196.316	0.25	0	1	98158
196.332	0.25	0	1	98166
196.35	0.25	0	1	98175
196.366	0.25	0	1	98183
196.382	0.25	0	1	98191
196.4	0.25	1	2	98200
196.416	0.25	1	2	98208
196.432	0.25	1	2	98216
196.45	0.25	1	2	98225
196.466	0.25	1	2	98233
197.95	0.25	1	2	98975
197.966	0.25	1	2	98983
197.982	0.25	1	2	98991
198.0	0.25	1	2	99000
198.016	0.25	1	2	99008
198.032	0.25	1	2	99016
198.05	0.25	1	2	99025
198.066	0.25	1	2	99033
198.082	0.25	1	2	99041
198.1	0.25	1	2	99050
198.116	0.25	1	2	99058
198.132	0.25	1	2	99066
198.15	0.25	1	2	99075
198.166	0.25	1	2	99083
198.182	0.25	0	1	99091
198.2	0.25	0	1	99100
198.216	0.25	0	1	99108
198.232	0.25	0	1	99116
198.25	0.25	1	2	99125
198.266	0.25	1	2	99133
198.282	0.25	1	2	99141
198.3	0.25	1	2	99150
198.316	0.25	0	1	99158
198.332	0.25	0	1	99166
198.35	0.25	0	1	99175
198.366	0.25	0	1	99183
198.382	0.25	1	2	99191
198.4	0.25	1	2	99200
198.416	0.25	1	2	99208
198.432	0.25	1	2	99216
198.45	0.25	0	1	99225
198.466	0.25	0	1	99233
198.482	0.25	0	1	99241
198.5	0.25	0	1	99250
198.516	0.25	1	2	99258
198.532	0.25	1	2	99266
198.55	0.25	0	1	99275
198.566	0.25	0	1	99283
198.582	0.25	1	2	99291
198.6	0.25	1	2	99300
198.616	0.25	1	2	99308
198.632	0.25	1	2	99316
198.65	0.25	0	1	99325
198.666	0.25	0	1	99333
198.682	0.25	1	2	99341
198.7	0.25	1	2	99350
198.716	0.25	0	1	99358
198.732	0.25	0	1	99366
198.75	0.25	0	1	99375
198.766	0.25	0	1	99383
198.782	0.25	1	2	99391
198.8	0.25	1	2	99400
198.816	0.25	0	1	99408
198.832	0.25	0	1	99416
198.85	0.25	1	2	99425
198.866	0.25	1	2	99433
198.882	0.25	1	2	99441
198.9	0.25	1	2	99450
198.916	0.25	1	2	99458
198.932	0.25	1	2	99466
198.95	0.25	0	1	99475
198.966	0.25	0	1	99483
198.982	0.25	0	1	99491
199.0	0.25	0	1	99500
199.016	0.25	0	1	99508
199.032	0.25	0	1	99516
199.05	0.25	1	2	99525
199.066	0.25	1	2	99533
199.082	0.25	0	1	99541
199.1	0.25	0	1	99550
199.116	0.25	1	2	99558
199.132	0.25	1	2	99566
199.15	0.25	1	2	99575
199.166	0.25	1	2	99583
199.182	0.25	1	2	99591
199.2	0.25	1	2	99600
199.216	0.25	0	1	99608
199.232	0.25	0	1	99616
199.25	0.25	0	1	99625
199.266	0.25	0	1	99633
199.282	0.25	1	2	99641
199.3	0.25	1	2	99650
199.316	0.25	0	1	99658
199.332	0.25	0	1	99666
199.35	0.25	1	2	99675
199.366	0.25	1	2	99683
199.382	0.25	0	1	99691
199.4	0.25	0	1	99700
199.416	0.25	0	1	99708
199.432	0.25	0	1	99716
199.45	0.25	0	1	99725
199.466	0.25	0	1	99733
199.482	0.25	1	2	99741
199.5	0.25	1	2	99750
199.516	0.25	1	2	99758
199.532	0.25	1	2	99766
199.55	0.25	0	1	99775
199.566	0.25	0	1	99783
199.582	0.25	1	2	99791
199.6	0.25	1	2	99800
199.616	0.25	0	1	99808
199.632	0.25	0	1	99816
199.65	0.25	0	1	99825
199.666	0.25	0	1	99833
199.682	0.25	0	1	99841
199.7	0.25	0	1	99850
199.716	0.25	1	2	99858
199.732	0.25	1	2	99866
199.75	0.25	0	1	99875
199.766	0.25	0	1	99883
199.782	0.25	1	2	99891
199.8	0.25	1	2	99900
199.816	0.25	0	1	99908
199.832	0.25	0	1	99916
199.85	0.25	0	1	99925
199.866	0.25	0	1	99933
199.882	0.25	1	2	99941
201.366	0.25	0	1	100683
201.382	0.25	0	1	100691
201.4	0.25	0	1	100700
201.416	0.25	0	1	100708
201.432	0.25	1	2	100716
201.45	0.25	1	2	100725
201.466	0.25	1	2	100733
201.482	0.25	1	2	100741
201.5	0.25	0	1	100750
201.516	0.25	0	1	100758
201.532	0.25	0	1	100766
201.55	0.25	0	1	100775
201.566	0.25	0	1	100783
201.582	0.25	0	1	100791
201.6	0.25	0	1	100800
201.616	0.25	0	1	100808
201.632	0.25	1	2	100816
201.65	0.25	1	2	100825
201.666	0.25	1	2	100833
201.682	0.25	1	2	100841
201.7	0.25	1	2	100850
201.716	0.25	1	2	100858
201.732	0.25	1	2	100866
201.75	0.25	1	2	100875
201.766	0.25	1	2	100883
201.782	0.25	1	2	100891
201.8	0.25	0	1	100900
201.816	0.25	0	1	100908
201.832	0.25	0	1	100916
201.85	0.25	0	1	100925
201.866	0.25	0	1	100933
201.882	0.25	0	1	100941
201.9	0.25	0	1	100950
201.916	0.25	0	1	100958
201.932	0.25	0	1	100966
201.95	0.25	0	1	100975
201.966	0.25	0	1	100983
201.982	0.25	0	1	100991
202.0	0.25	1	2	101000
202.016	0.25	1	2	101008
202.032	0.25	1	2	101016
202.05	0.25	1	2	101025
202.066	0.25	0	1	101033
202.082	0.25	0	1	101041
202.1	0.25	0	1	101050
202.116	0.25	0	1	101058
202.132	0.25	1	2	101066
202.15	0.25	1	2	101075
202.166	0.25	0	1	101083
202.182	0.25	0	1	101091
202.2	0.25	1	2	101100
202.216	0.25	1	2	101108
202.232	0.25	0	1	101116
202.25	0.25	0	1	101125
202.266	0.25	1	2	101133
202.282	0.25	1	2	101141
202.3	0.25	0	1	101150
202.316	0.25	0	1	101158
202.332	0.25	1	2	101166
202.35	0.25	1	2	101175
202.366	0.25	1	2	101183
202.382	0.25	1	2	101191
202.4	0.25	0	1	101200
202.416	0.25	0	1	101208
202.432	0.25	1	2	101216
202.45	0.25	1	2	101225
202.466	0.25	0	1	101233
202.482	0.25	0	1	101241
202.5	0.25	0	1	101250
202.516	0.25	0	1	101258
202.532	0.25	0	1	101266
202.55	0.25	0	1	101275
202.566	0.25	1	2	101283
202.582	0.25	1	2	101291
202.6	0.25	0	1	101300
202.616	0.25	0	1	101308
202.632	0.25	0	1	101316
202.65	0.25	0	1	101325
202.666	0.25	0	1	101333
202.682	0.25	0	1	101341
202.7	0.25	1	2	101350
202.716	0.25	1	2	101358
202.732	0.25	1	2	101366
202.75	0.25	1	2	101375
202.766	0.25	1	2	101383
202.782	0.25	1	2	101391
202.8	0.25	0	1	101400
202.816	0.25	0	1	101408
202.832	0.25	1	2	101416
202.85	0.25	1	2	101425
202.866	0.25	0	1	101433
202.882	0.25	0	1	101441
202.9	0.25	1	2	101450
202.916	0.25	1	2	101458
202.932	0.25	1	2	101466
202.95	0.25	1	2	101475
202.966	0.25	1	2	101483
202.982	0.25	1	2	101491
203.0	0.25	1	2	101500
203.016	0.25	1	2	101508
203.032	0.25	1	2	101516
203.05	0.25	1	2	101525
203.066	0.25	0	1	101533
203.082	0.25	0	1	101541
203.1	0.25	0	1	101550
203.116	0.25	0	1	101558
203.132	0.25	1	2	101566
203.15	0.25	1	2	101575
203.166	0.25	0	1	101583
203.182	0.25	0	1	101591
203.2	0.25	0	1	101600
203.216	0.25	0	1	101608
203.232	0.25	0	1	101616
203.25	0.25	0	1	101625
203.266	0.25	1	2	101633
203.282	0.25	1	2	101641
203.3	0.25	1	2	101650
204.782	0.25	1	2	102391
204.8	0.25	1	2	102400
204.816	0.25	1	2	102408
204.832	0.25	1	2	102416
204.85	0.25	0	1	102425
204.866	0.25	0	1	102433
204.882	0.25	1	2	102441
204.9	0.25	1	2	102450
204.916	0.25	1	2	102458
204.932	0.25	1	2	102466
204.95	0.25	0	1	102475
204.966	0.25	0	1	102483
204.982	0.25	1	2	102491
205.0	0.25	1	2	102500
205.016	0.25	1	2	102508
205.032	0.25	1	2	102516
205.05	0.25	0	1	102525
205.066	0.25	0	1	102533
205.082	0.25	1	2	102541
205.1	0.25	1	2	102550
205.116	0.25	1	2	102558
205.132	0.25	1	2	102566
205.15	0.25	0	1	102575
205.166	0.25	0	1	102583
205.182	0.25	0	1	102591
205.2	0.25	0	1	102600
205.216	0.25	0	1	102608
205.232	0.25	0	1	102616
205.25	0.25	1	2	102625
205.266	0.25	1	2	102633
205.282	0.25	1	2	102641
205.3	0.25	1	2	102650
205.316	0.25	1	2	102658
205.332	0.25	1	2	102666
205.35	0.25	0	1	102675
205.366	0.25	0	1	102683
205.382	0.25	0	1	102691
205.4	0.25	0	1	102700
205.416	0.25	0	1	102708
205.432	0.25	0	1	102716
205.45	0.25	1	2	102725
205.466	0.25	1	2	102733
205.482	0.25	1	2	102741
205.5	0.25	1	2	102750
205.516	0.25	1	2	102758
205.532	0.25	1	2	102766
205.55	0.25	1	2	102775
205.566	0.25	1	2	102783
205.582	0.25	1	2	102791
205.6	0.25	1	2	102800
205.616	0.25	0	1	102808
205.632	0.25	0	1	102816
205.65	0.25	0	1	102825
205.666	0.25	0	1	102833
205.682	0.25	1	2	102841
205.7	0.25	1	2	102850
205.716	0.25	0	1	102858
205.732	0.25	0	1	102866
205.75	0.25	1	2	102875
205.766	0.25	1	2	102883
205.782	0.25	0	1	102891
205.8	0.25	0	1	102900
205.816	0.25	0	1	102908
205.832	0.25	0	1	102916
205.85	0.25	1	2	102925
205.866	0.25	1	2	102933
205.882	0.25	1	2	102941
205.9	0.25	1	2	102950
205.916	0.25	0	1	102958
205.932	0.25	0	1	102966
205.95	0.25	0	1	102975
205.966	0.25	0	1	102983
205.982	0.25	0	1	102991
206.0	0.25	0	1	103000
206.016	0.25	0	1	103008
206.032	0.25	0	1	103016
206.05	0.25	1	2	103025
206.066	0.25	1	2	103033
206.082	0.25	0	1	103041
206.1	0.25	0	1	103050
206.116	0.25	0	1	103058
206.132	0.25	0	1	103066
206.15	0.25	0	1	103075
206.166	0.25	0	1	103083
206.182	0.25	0	1	103091
206.2	0.25	0	1	103100
206.216	0.25	1	2	103108
206.232	0.25	1	2	103116
206.25	0.25	1	2	103125
206.266	0.25	1	2	103133
206.282	0.25	1	2	103141
206.3	0.25	1	2	103150
206.316	0.25	1	2	103158
206.332	0.25	1	2	103166
206.35	0.25	1	2	103175
206.366	0.25	1	2	103183
206.382	0.25	1	2	103191
206.4	0.25	1	2	103200
206.416	0.25	0	1	103208
206.432	0.25	0	1	103216
206.45	0.25	1	2	103225
206.466	0.25	1	2	103233
206.482	0.25	0	1	103241
206.5	0.25	0	1	103250
206.516	0.25	1	2	103258
206.532	0.25	1	2	103266
206.55	0.25	0	1	103275
206.566	0.25	0	1	103283
206.582	0.25	0	1	103291
206.6	0.25	0	1	103300
206.616	0.25	1	2	103308
206.632	0.25	1	2	103316
206.65	0.25	1	2	103325
206.666	0.25	1	2	103333
206.682	0.25	0	1	103341
206.7	0.25	0	1	103350
206.716	0.25	0	1	103358
209.432	0.25	0	1	104716
209.45	0.25	0	1	104725
209.466	0.25	0	1	104733
209.482	0.25	0	1	104741
209.5	0.25	1	2	104750
209.516	0.25	1	2	104758
209.532	0.25	1	2	104766
209.55	0.25	1	2	104775
209.566	0.25	0	1	104783
209.582	0.25	0	1	104791
209.6	0.25	0	1	104800
209.616	0.25	0	1	104808
209.632	0.25	0	1	104816
209.65	0.25	0	1	104825
209.666	0.25	0	1	104833
209.682	0.25	0	1	104841
209.7	0.25	1	2	104850
209.716	0.25	1	2	104858
209.732	0.25	1	2	104866
209.75	0.25	1	2	104875
209.766	0.25	1	2	104883
209.782	0.25	1	2	104891
209.8	0.25	1	2	104900
209.816	0.25	1	2	104908
209.832	0.25	1	2	104916
209.85	0.25	1	2	104925
209.866	0.25	0	1	104933
209.882	0.25	0	1	104941
209.9	0.25	0	1	104950
209.916	0.25	0	1	104958
209.932	0.25	0	1	104966
209.95	0.25	0	1	104975
209.966	0.25	0	1	104983
209.982	0.25	0	1	104991
210.0	0.25	0	1	105000
210.016	0.25	0	1	105008
210.032	0.25	0	1	105016
210.05	0.25	0	1	105025
210.066	0.25	1	2	105033
210.082	0.25	1	2	105041
210.1	0.25	1	2	105050
210.116	0.25	1	2	105058
210.132	0.25	0	1	105066
210.15	0.25	0	1	105075
210.166	0.25	0	1	105083
210.182	0.25	0	1	105091
210.2	0.25	1	2	105100
210.216	0.25	1	2	105108
210.232	0.25	0	1	105116
210.25	0.25	0	1	105125
210.266	0.25	1	2	105133
210.282	0.25	1	2	105141
210.3	0.25	0	1	105150
210.316	0.25	0	1	105158
210.332	0.25	1	2	105166
210.35	0.25	1	2	105175
210.366	0.25	0	1	105183
210.382	0.25	0	1	105191
210.4	0.25	1	2	105200
210.416	0.25	1	2	105208
210.432	0.25	1	2	105216
210.45	0.25	1	2	105225
210.466	0.25	0	1	105233
210.482	0.25	0	1	105241
210.5	0.25	1	2	105250
210.516	0.25	1	2	105258
210.532	0.25	0	1	105266
210.55	0.25	0	1	105275
210.566	0.25	0	1	105283
210.582	0.25	0	1	105291
210.6	0.25	0	1	105300
210.616	0.25	0	1	105308
210.632	0.25	1	2	105316
210.65	0.25	1	2	105325
210.666	0.25	0	1	105333
210.682	0.25	0	1	105341
210.7	0.25	0	1	105350
210.716	0.25	0	1	105358
210.732	0.25	0	1	105366
210.75	0.25	0	1	105375
210.766	0.25	1	2	105383
210.782	0.25	1	2	105391
210.8	0.25	1	2	105400
210.816	0.25	1	2	105408
210.832	0.25	1	2	105416
210.85	0.25	1	2	105425
210.866	0.25	0	1	105433
210.882	0.25	0	1	105441
210.9	0.25	1	2	105450
210.916	0.25	1	2	105458
210.932	0.25	0	1	105466
210.95	0.25	0	1	105475
210.966	0.25	1	2	105483
210.982	0.25	1	2	105491
211.0	0.25	1	2	105500
211.016	0.25	1	2	105508
211.032	0.25	1	2	105516
211.05	0.25	1	2	105525
211.066	0.25	1	2	105533
211.082	0.25	1	2	105541
211.1	0.25	1	2	105550
211.116	0.25	1	2	105558
211.132	0.25	0	1	105566
211.15	0.25	0	1	105575
211.166	0.25	0	1	105583
211.182	0.25	0	1	105591
211.2	0.25	1	2	105600
211.216	0.25	1	2	105608
211.232	0.25	0	1	105616
211.25	0.25	0	1	105625
211.266	0.25	0	1	105633
211.282	0.25	0	1	105641
211.3	0.25	0	1	105650
211.316	0.25	0	1	105658
211.332	0.25	1	2	105666
211.35	0.25	1	2	105675
211.366	0.25	1	2	105683
212.85	0.25	1	2	106425
212.866	0.25	1	2	106433
212.882	0.25	1	2	106441
212.9	0.25	1	2	106450
212.916	0.25	0	1	106458
212.932	0.25	0	1	106466
212.95	0.25	1	2	106475
212.966	0.25	1	2	106483
212.982	0.25	1	2	106491
213.0	0.25	1	2	106500
213.016	0.25	0	1	106508
213.032	0.25	0	1	106516
213.05	0.25	1	2	106525
213.066	0.25	1	2	106533
213.082	0.25	1	2	106541
213.1	0.25	1	2	106550
213.116	0.25	0	1	106558
213.132	0.25	0	1	106566
213.15	0.25	1	2	106575
213.166	0.25	1	2	106583
213.182	0.25	1	2	106591
213.2	0.25	1	2	106600
213.216	0.25	0	1	106608
213.232	0.25	0	1	106616
213.25	0.25	0	1	106625
213.266	0.25	0	1	106633
213.282	0.25	0	1	106641
213.3	0.25	0	1	106650
213.316	0.25	1	2	106658
213.332	0.25	1	2	106666
213.35	0.25	1	2	106675
213.366	0.25	1	2	106683
213.382	0.25	1	2	106691
213.4	0.25	1	2	106700
213.416	0.25	0	1	106708
213.432	0.25	0	1	106716
213.45	0.25	0	1	106725
213.466	0.25	0	1	106733
213.482	0.25	0	1	106741
213.5	0.25	0	1	106750
213.516	0.25	1	2	106758
213.532	0.25	1	2	106766
213.55	0.25	1	2	106775
213.566	0.25	1	2	106783
213.582	0.25	1	2	106791
213.6	0.25	1	2	106800
213.616	0.25	1	2	106808
213.632	0.25	1	2	106816
213.65	0.25	1	2	106825
213.666	0.25	1	2	106833
213.682	0.25	0	1	106841
213.7	0.25	0	1	106850
213.716	0.25	0	1	106858
213.732	0.25	0	1	106866
213.75	0.25	1	2	106875
213.766	0.25	1	2	106883
213.782	0.25	0	1	106891
213.8	0.25	0	1	106900
213.816	0.25	1	2	106908
213.832	0.25	1	2	106916
213.85	0.25	0	1	106925
213.866	0.25	0	1	106933
213.882	0.25	0	1	106941
213.9	0.25	0	1	106950
213.916	0.25	1	2	106958
213.932	0.25	1	2	106966
213.95	0.25	1	2	106975
213.966	0.25	1	2	106983
213.982	0.25	0	1	106991
214.0	0.25	0	1	107000
214.016	0.25	0	1	107008
214.032	0.25	0	1	107016
214.05	0.25	0	1	107025
214.066	0.25	0	1	107033
214.082	0.25	0	1	107041
214.1	0.25	0	1	107050
214.116	0.25	1	2	107058
214.132	0.25	1	2	107066
214.15	0.25	0	1	107075
214.166	0.25	0	1	107083
214.182	0.25	0	1	107091
214.2	0.25	0	1	107100
214.216	0.25	0	1	107108
214.232	0.25	0	1	107116
214.25	0.25	0	1	107125
214.266	0.25	0	1	107133
214.282	0.25	1	2	107141
214.3	0.25	1	2	107150
214.316	0.25	1	2	107158
214.332	0.25	1	2	107166
214.35	0.25	1	2	107175
214.366	0.25	1	2	107183
214.382	0.25	1	2	107191
214.4	0.25	1	2	107200
214.416	0.25	1	2	107208
214.432	0.25	1	2	107216
214.45	0.25	1	2	107225
214.466	0.25	1	2	107233
214.482	0.25	0	1	107241
214.5	0.25	0	1	107250
214.516	0.25	1	2	107258
214.532	0.25	1	2	107266
214.55	0.25	0	1	107275
214.566	0.25	0	1	107283
214.582	0.25	1	2	107291
214.6	0.25	1	2	107300
214.616	0.25	0	1	107308
214.632	0.25	0	1	107316
214.65	0.25	0	1	107325
214.666	0.25	0	1	107333
214.682	0.25	1	2	107341
214.7	0.25	1	2	107350
214.716	0.25	1	2	107358
214.732	0.25	1	2	107366
214.75	0.25	0	1	107375
214.766	0.25	0	1	107383
214.782	0.25	0	1	107391
216.266	0.25	1	2	108133
216.282	0.25	1	2	108141
216.3	0.25	1	2	108150
216.316	0.25	1	2	108158
216.332	0.25	0	1	108166
216.35	0.25	0	1	108175
216.366	0.25	0	1	108183
216.382	0.25	0	1	108191
216.4	0.25	0	1	108200
216.416	0.25	0	1	108208
216.432	0.25	0	1	108216
216.45	0.25	0	1	108225
216.466	0.25	1	2	108233
216.482	0.25	1	2	108241
216.5	0.25	0	1	108250
216.516	0.25	0	1	108258
216.532	0.25	0	1	108266
216.55	0.25	0	1	108275
216.566	0.25	1	2	108283
216.582	0.25	1	2	108291
216.6	0.25	1	2	108300
216.616	0.25	1	2	108308
216.632	0.25	0	1	108316
216.65	0.25	0	1	108325
216.666	0.25	0	1	108333
216.682	0.25	0	1	108341
216.7	0.25	0	1	108350
216.716	0.25	0	1	108358
216.732	0.25	0	1	108366
216.75	0.25	0	1	108375
216.766	0.25	0	1	108383
216.782	0.25	0	1	108391
216.8	0.25	0	1	108400
216.816	0.25	0	1	108408
216.832	0.25	1	2	108416
216.85	0.25	1	2	108425
216.866	0.25	0	1	108433
216.882	0.25	0	1	108441
216.9	0.25	1	2	108450
216.916	0.25	1	2	108458
216.932	0.25	1	2	108466
216.95	0.25	1	2	108475
216.966	0.25	0	1	108483
216.982	0.25	0	1	108491
217.0	0.25	1	2	108500
217.016	0.25	1	2	108508
217.032	0.25	0	1	108516
217.05	0.25	0	1	108525
217.066	0.25	1	2	108533
217.082	0.25	1	2	108541
217.1	0.25	0	1	108550
217.116	0.25	0	1	108558
217.132	0.25	1	2	108566
217.15	0.25	1	2	108575
217.166	0.25	0	1	108583
217.182	0.25	0	1	108591
217.2	0.25	0	1	108600
217.216	0.25	0	1	108608
217.232	0.25	0	1	108616
217.25	0.25	0	1	108625
217.266	0.25	1	2	108633
217.282	0.25	1	2	108641
217.3	0.25	1	2	108650
217.316	0.25	1	2	108658
217.332	0.25	1	2	108666
217.35	0.25	1	2	108675
217.366	0.25	0	1	108683
217.382	0.25	0	1	108691
217.4	0.25	1	2	108700
217.416	0.25	1	2	108708
217.432	0.25	1	2	108716
217.45	0.25	1	2	108725
217.466	0.25	1	2	108733
217.482	0.25	1	2	108741
217.5	0.25	0	1	108750
217.516	0.25	0	1	108758
217.532	0.25	1	2	108766
217.55	0.25	1	2	108775
217.566	0.25	0	1	108783
217.582	0.25	0	1	108791
217.6	0.25	1	2	108800
217.616	0.25	1	2	108808
217.632	0.25	1	2	108816
217.65	0.25	1	2	108825
217.666	0.25	0	1	108833
217.682	0.25	0	1	108841
217.7	0.25	0	1	108850
217.716	0.25	0	1	108858
217.732	0.25	0	1	108866
217.75	0.25	0	1	108875
217.766	0.25	1	2	108883
217.782	0.25	1	2	108891
217.8	0.25	1	2	108900
217.816	0.25	1	2	108908
217.832	0.25	0	1	108916
217.85	0.25	0	1	108925
217.866	0.25	1	2	108933
217.882	0.25	1	2	108941
217.9	0.25	1	2	108950
217.916	0.25	1	2	108958
217.932	0.25	1	2	108966
217.95	0.25	1	2	108975
217.966	0.25	0	1	108983
217.982	0.25	0	1	108991
218.0	0.25	0	1	109000
218.016	0.25	0	1	109008
218.032	0.25	0	1	109016
218.05	0.25	0	1	109025
218.066	0.25	0	1	109033
218.082	0.25	0	1	109041
218.1	0.25	0	1	109050
218.116	0.25	0	1	109058
218.132	0.25	1	2	109066
218.15	0.25	1	2	109075
218.166	0.25	1	2	109083
218.182	0.25	1	2	109091
218.2	0.25	1	2	109100
219.682	0.25	1	2	109841
219.7	0.25	1	2	109850
219.716	0.25	1	2	109858
219.732	0.25	1	2	109866
219.75	0.25	1	2	109875
219.766	0.25	1	2	109883
219.782	0.25	1	2	109891
219.8	0.25	1	2	109900
219.816	0.25	1	2	109908
219.832	0.25	1	2	109916
219.85	0.25	1	2	109925
219.866	0.25	1	2	109933
219.882	0.25	1	2	109941
219.9	0.25	1	2	109950
219.916	0.25	0	1	109958
219.932	0.25	0	1	109966
219.95	0.25	0	1	109975
219.966	0.25	0	1	109983
219.982	0.25	1	2	109991
220.0	0.25	1	2	110000
220.016	0.25	1	2	110008
220.032	0.25	1	2	110016
220.05	0.25	0	1	110025
220.066	0.25	0	1	110033
220.082	0.25	0	1	110041
220.1	0.25	0	1	110050
220.116	0.25	1	2	110058
220.132	0.25	1	2	110066
220.15	0.25	1	2	110075
220.166	0.25	1	2	110083
220.182	0.25	0	1	110091
220.2	0.25	0	1	110100
220.216	0.25	0	1	110108
220.232	0.25	0	1	110116
220.25	0.25	1	2	110125
220.266	0.25	1	2	110133
220.282	0.25	0	1	110141
220.3	0.25	0	1	110150
220.316	0.25	1	2	110158
220.332	0.25	1	2	110166
220.35	0.25	1	2	110175
220.366	0.25	1	2	110183
220.382	0.25	0	1	110191
220.4	0.25	0	1	110200
220.416	0.25	1	2	110208
220.432	0.25	1	2	110216
220.45	0.25	0	1	110225
220.466	0.25	0	1	110233
220.482	0.25	0	1	110241
220.5	0.25	0	1	110250
220.516	0.25	1	2	110258
220.532	0.25	1	2	110266
220.55	0.25	0	1	110275
220.566	0.25	0	1	110283
220.582	0.25	1	2	110291
220.6	0.25	1	2	110300
220.616	0.25	1	2	110308
220.632	0.25	1	2	110316
220.65	0.25	1	2	110325
220.666	0.25	1	2	110333
220.682	0.25	0	1	110341
220.7	0.25	0	1	110350
220.716	0.25	0	1	110358
220.732	0.25	0	1	110366
220.75	0.25	0	1	110375
220.766	0.25	0	1	110383
220.782	0.25	1	2	110391
220.8	0.25	1	2	110400
220.816	0.25	0	1	110408
220.832	0.25	0	1	110416
220.85	0.25	1	2	110425
220.866	0.25	1	2	110433
220.882	0.25	1	2	110441
220.9	0.25	1	2	110450
220.916	0.25	1	2	110458
220.932	0.25	1	2	110466
220.95	0.25	0	1	110475
220.966	0.25	0	1	110483
220.982	0.25	0	1	110491
221.0	0.25	0	1	110500
221.016	0.25	1	2	110508
221.032	0.25	1	2	110516
221.05	0.25	0	1	110525
221.066	0.25	0	1	110533
221.082	0.25	1	2	110541
221.1	0.25	1	2	110550
221.116	0.25	0	1	110558
221.132	0.25	0	1	110566
221.15	0.25	0	1	110575
221.166	0.25	0	1	110583
221.182	0.25	0	1	110591
221.2	0.25	0	1	110600
221.216	0.25	1	2	110608
221.232	0.25	1	2	110616
221.25	0.25	1	2	110625
221.266	0.25	1	2	110633
221.282	0.25	0	1	110641
221.3	0.25	0	1	110650
221.316	0.25	1	2	110658
221.332	0.25	1	2	110666
221.35	0.25	0	1	110675
221.366	0.25	0	1	110683
221.382	0.25	0	1	110691
221.4	0.25	0	1	110700
221.416	0.25	0	1	110708
221.432	0.25	0	1	110716
221.45	0.25	1	2	110725
221.466	0.25	1	2	110733
221.482	0.25	0	1	110741
221.5	0.25	0	1	110750
221.516	0.25	1	2	110758
221.532	0.25	1	2	110766
221.55	0.25	0	1	110775
221.566	0.25	0	1	110783
221.582	0.25	0	1	110791
221.6	0.25	0	1	110800
221.616	0.25	1	2	110808
224.1	0.25	0	1	112050
224.116	0.25	0	1	112058
224.132	0.25	0	1	112066
224.15	0.25	0	1	112075
224.166	0.25	1	2	112083
224.182	0.25	1	2	112091
224.2	0.25	1	2	112100
224.216	0.25	1	2	112108
224.232	0.25	0	1	112116
224.25	0.25	0	1	112125
224.266	0.25	0	1	112133
224.282	0.25	0	1	112141
224.3	0.25	0	1	112150
224.316	0.25	0	1	112158
224.332	0.25	0	1	112166
224.35	0.25	0	1	112175
224.366	0.25	1	2	112183
224.382	0.25	1	2	112191
224.4	0.25	1	2	112200
224.416	0.25	1	2	112208
224.432	0.25	1	2	112216
224.45	0.25	1	2	112225
224.466	0.25	1	2	112233
224.482	0.25	1	2	112241
224.5	0.25	1	2	112250
224.516	0.25	1	2	112258
224.532	0.25	0	1	112266
224.55	0.25	0	1	112275
224.566	0.25	0	1	112283
224.582	0.25	0	1	112291
224.6	0.25	0	1	112300
224.616	0.25	0	1	112308
224.632	0.25	0	1	112316
224.65	0.25	0	1	112325
224.666	0.25	0	1	112333
224.682	0.25	0	1	112341
224.7	0.25	0	1	112350
224.716	0.25	0	1	112358
224.732	0.25	1	2	112366
224.75	0.25	1	2	112375
224.766	0.25	1	2	112383
224.782	0.25	1	2	112391
224.8	0.25	0	1	112400
224.816	0.25	0	1	112408
224.832	0.25	0	1	112416
224.85	0.25	0	1	112425
224.866	0.25	1	2	112433
224.882	0.25	1	2	112441
224.9	0.25	0	1	112450
224.916	0.25	0	1	112458
224.932	0.25	1	2	112466
224.95	0.25	1	2	112475
224.966	0.25	0	1	112483
224.982	0.25	0	1	112491
225.0	0.25	1	2	112500
225.016	0.25	1	2	112508
225.032	0.25	0	1	112516
225.05	0.25	0	1	112525
225.066	0.25	1	2	112533
225.082	0.25	1	2	112541
225.1	0.25	1	2	112550
225.116	0.25	1	2	112558
225.132	0.25	0	1	112566
225.15	0.25	0	1	112575
225.166	0.25	1	2	112583
225.182	0.25	1	2	112591
225.2	0.25	0	1	112600
225.216	0.25	0	1	112608
225.232	0.25	0	1	112616
225.25	0.25	0	1	112625
225.266	0.25	0	1	112633
225.282	0.25	0	1	112641
225.3	0.25	1	2	112650
225.316	0.25	1	2	112658
225.332	0.25	0	1	112666
225.35	0.25	0	1	112675
225.366	0.25	0	1	112683
225.382	0.25	0	1	112691
225.4	0.25	0	1	112700
225.416	0.25	0	1	112708
225.432	0.25	1	2	112716
225.45	0.25	1	2	112725
225.466	0.25	1	2	112733
225.482	0.25	1	2	112741
225.5	0.25	1	2	112750
225.516	0.25	1	2	112758
225.532	0.25	0	1	112766
225.55	0.25	0	1	112775
225.566	0.25	1	2	112783
225.582	0.25	1	2	112791
225.6	0.25	0	1	112800
225.616	0.25	0	1	112808
225.632	0.25	1	2	112816
225.65	0.25	1	2	112825
225.666	0.25	1	2	112833
225.682	0.25	1	2	112841
225.7	0.25	1	2	112850
225.716	0.25	1	2	112858
225.732	0.25	1	2	112866
225.75	0.25	1	2	112875
225.766	0.25	1	2	112883
225.782	0.25	1	2	112891
225.8	0.25	0	1	112900
225.816	0.25	0	1	112908
225.832	0.25	0	1	112916
225.85	0.25	0	1	112925
225.866	0.25	1	2	112933
225.882	0.25	1	2	112941
225.9	0.25	0	1	112950
225.916	0.25	0	1	112958
225.932	0.25	0	1	112966
225.95	0.25	0	1	112975
225.966	0.25	0	1	112983
225.982	0.25	0	1	112991
226.0	0.25	1	2	113000
226.016	0.25	1	2	113008
226.032	0.25	1	2	113016
227.516	0.25	1	2	113758
227.532	0.25	1	2	113766
227.55	0.25	1	2	113775
227.566	0.25	1	2	113783
227.582	0.25	1	2	113791
227.6	0.25	1	2	113800
227.616	0.25	1	2	113808
227.632	0.25	1	2	113816
227.65	0.25	1	2	113825
227.666	0.25	1	2	113833
227.682	0.25	1	2	113841
227.7	0.25	1	2	113850
227.716	0.25	1	2	113858
227.732	0.25	1	2	113866
227.75	0.25	0	1	113875
227.766	0.25	0	1	113883
227.782	0.25	0	1	113891
227.8	0.25	0	1	113900
227.816	0.25	1	2	113908
227.832	0.25	1	2	113916
227.85	0.25	1	2	113925
227.866	0.25	1	2	113933
227.882	0.25	0	1	113941
227.9	0.25	0	1	113950
227.916	0.25	0	1	113958
227.932	0.25	0	1	113966
227.95	0.25	1	2	113975
227.966	0.25	1	2	113983
227.982	0.25	1	2	113991
228.0	0.25	1	2	114000
228.016	0.25	0	1	114008
228.032	0.25	0	1	114016
228.05	0.25	0	1	114025
228.066	0.25	0	1	114033
228.082	0.25	1	2	114041
228.1	0.25	1	2	114050
228.116	0.25	0	1	114058
228.132	0.25	0	1	114066
228.15	0.25	1	2	114075
228.166	0.25	1	2	114083
228.182	0.25	1	2	114091
228.2	0.25	1	2	114100
228.216	0.25	0	1	114108
228.232	0.25	0	1	114116
228.25	0.25	1	2	114125
228.266	0.25	1	2	114133
228.282	0.25	0	1	114141
228.3	0.25	0	1	114150
228.316	0.25	0	1	114158
228.332	0.25	0	1	114166
228.35	0.25	1	2	114175
228.366	0.25	1	2	114183
228.382	0.25	0	1	114191
228.4	0.25	0	1	114200
228.416	0.25	1	2	114208
228.432	0.25	1	2	114216
228.45	0.25	1	2	114225
228.466	0.25	1	2	114233
228.482	0.25	1	2	114241
228.5	0.25	1	2	114250
228.516	0.25	0	1	114258
228.532	0.25	0	1	114266
228.55	0.25	0	1	114275
228.566	0.25	0	1	114283
228.582	0.25	0	1	114291
228.6	0.25	0	1	114300
228.616	0.25	1	2	114308
228.632	0.25	1	2	114316
228.65	0.25	0	1	114325
228.666	0.25	0	1	114333
228.682	0.25	1	2	114341
228.7	0.25	1	2	114350
228.716	0.25	1	2	114358
228.732	0.25	1	2	114366
228.75	0.25	1	2	114375
228.766	0.25	1	2	114383
228.782	0.25	0	1	114391
228.8	0.25	0	1	114400
228.816	0.25	0	1	114408
228.832	0.25	0	1	114416
228.85	0.25	1	2	114425
228.866	0.25	1	2	114433
228.882	0.25	0	1	114441
228.9	0.25	0	1	114450
228.916	0.25	1	2	114458
228.932	0.25	1	2	114466
228.95	0.25	0	1	114475
228.966	0.25	0	1	114483
228.982	0.25	0	1	114491
229.0	0.25	0	1	114500
229.016	0.25	0	1	114508
229.032	0.25	0	1	114516
229.05	0.25	1	2	114525
229.066	0.25	1	2	114533
229.082	0.25	1	2	114541
229.1	0.25	1	2	114550
229.116	0.25	0	1	114558
229.132	0.25	0	1	114566
229.15	0.25	1	2	114575
229.166	0.25	1	2	114583
229.182	0.25	0	1	114591
229.2	0.25	0	1	114600
229.216	0.25	0	1	114608
229.232	0.25	0	1	114616
229.25	0.25	0	1	114625
229.266	0.25	0	1	114633
229.282	0.25	1	2	114641
229.3	0.25	1	2	114650
229.316	0.25	0	1	114658
229.332	0.25	0	1	114666
229.35	0.25	1	2	114675
229.366	0.25	1	2	114683
229.382	0.25	0	1	114691
229.4	0.25	0	1	114700
229.416	0.25	0	1	114708
229.432	0.25	0	1	114716
229.45	0.25	1	2	114725
230.932	0.25	1	2	115466
230.95	0.25	1	2	115475
230.966	0.25	1	2	115483
230.982	0.25	1	2	115491
231.0	0.25	0	1	115500
231.016	0.25	0	1	115508
231.032	0.25	1	2	115516
231.05	0.25	1	2	115525
231.066	0.25	1	2	115533
231.082	0.25	1	2	115541
231.1	0.25	0	1	115550
231.116	0.25	0	1	115558
231.132	0.25	1	2	115566
231.15	0.25	1	2	115575
231.166	0.25	1	2	115583
231.182	0.25	1	2	115591
231.2	0.25	0	1	115600
231.216	0.25	0	1	115608
231.232	0.25	1	2	115616
231.25	0.25	1	2	115625
231.266	0.25	1	2	115633
231.282	0.25	1	2	115641
231.3	0.25	0	1	115650
231.316	0.25	0	1	115658
231.332	0.25	0	1	115666
231.35	0.25	0	1	115675
231.366	0.25	0	1	115683
231.382	0.25	0	1	115691
231.4	0.25	1	2	115700
231.416	0.25	1	2	115708
231.432	0.25	1	2	115716
231.45	0.25	1	2	115725
231.466	0.25	1	2	115733
231.482	0.25	1	2	115741
231.5	0.25	0	1	115750
231.516	0.25	0	1	115758
231.532	0.25	0	1	115766
231.55	0.25	0	1	115775
231.566	0.25	0	1	115783
231.582	0.25	0	1	115791
231.6	0.25	1	2	115800
231.616	0.25	1	2	115808
231.632	0.25	1	2	115816
231.65	0.25	1	2	115825
231.666	0.25	1	2	115833
231.682	0.25	1	2	115841
231.7	0.25	1	2	115850
231.716	0.25	1	2	115858
231.732	0.25	1	2	115866
231.75	0.25	1	2	115875
231.766	0.25	0	1	115883
231.782	0.25	0	1	115891
231.8	0.25	0	1	115900
231.816	0.25	0	1	115908
231.832	0.25	1	2	115916
231.85	0.25	1	2	115925
231.866	0.25	0	1	115933
231.882	0.25	0	1	115941
231.9	0.25	1	2	115950
231.916	0.25	1	2	115958
231.932	0.25	0	1	115966
231.95	0.25	0	1	115975
231.966	0.25	0	1	115983
231.982	0.25	0	1	115991
232.0	0.25	1	2	116000
232.016	0.25	1	2	116008
232.032	0.25	1	2	116016
232.05	0.25	1	2	116025
232.066	0.25	0	1	116033
232.082	0.25	0	1	116041
232.1	0.25	0	1	116050
232.116	0.25	0	1	116058
232.132	0.25	0	1	116066
232.15	0.25	0	1	116075
232.166	0.25	0	1	116083
232.182	0.25	0	1	116091
232.2	0.25	1	2	116100
232.216	0.25	1	2	116108
232.232	0.25	0	1	116116
232.25	0.25	0	1	116125
232.266	0.25	0	1	116133
232.282	0.25	0	1	116141
232.3	0.25	0	1	116150
232.316	0.25	0	1	116158
232.332	0.25	0	1	116166
232.35	0.25	0	1	116175
232.366	0.25	1	2	116183
232.382	0.25	1	2	116191
232.4	0.25	1	2	116200
232.416	0.25	1	2	116208
232.432	0.25	1	2	116216
232.45	0.25	1	2	116225
232.466	0.25	1	2	116233
232.482	0.25	1	2	116241
232.5	0.25	1	2	116250
232.516	0.25	1	2	116258
232.532	0.25	1	2	116266
232.55	0.25	1	2	116275
232.566	0.25	0	1	116283
232.582	0.25	0	1	116291
232.6	0.25	1	2	116300
232.616	0.25	1	2	116308
232.632	0.25	0	1	116316
232.65	0.25	0	1	116325
232.666	0.25	1	2	116333
232.682	0.25	1	2	116341
232.7	0.25	0	1	116350
232.716	0.25	0	1	116358
232.732	0.25	0	1	116366
232.75	0.25	0	1	116375
232.766	0.25	1	2	116383
232.782	0.25	1	2	116391
232.8	0.25	1	2	116400
232.816	0.25	1	2	116408
232.832	0.25	0	1	116416
232.85	0.25	0	1	116425
232.866	0.25	0	1	116433
234.35	0.25	1	2	117175
234.366	0.25	1	2	117183
234.382	0.25	1	2	117191
234.4	0.25	1	2	117200
234.416	0.25	0	1	117208
234.432	0.25	0	1	117216
234.45	0.25	0	1	117225
234.466	0.25	0	1	117233
234.482	0.25	0	1	117241
234.5	0.25	0	1	117250
234.516	0.25	0	1	117258
234.532	0.25	0	1	117266
234.55	0.25	1	2	117275
234.566	0.25	1	2	117283
234.582	0.25	0	1	117291
234.6	0.25	0	1	117300
234.616	0.25	0	1	117308
234.632	0.25	0	1	117316
234.65	0.25	1	2	117325
234.666	0.25	1	2	117333
234.682	0.25	1	2	117341
234.7	0.25	1	2	117350
234.716	0.25	0	1	117358
234.732	0.25	0	1	117366
234.75	0.25	0	1	117375
234.766	0.25	0	1	117383
234.782	0.25	0	1	117391
234.8	0.25	0	1	117400
234.816	0.25	0	1	117408
234.832	0.25	0	1	117416
234.85	0.25	0	1	117425
234.866	0.25	0	1	117433
234.882	0.25	0	1	117441
234.9	0.25	0	1	117450
234.916	0.25	1	2	117458
234.932	0.25	1	2	117466
234.95	0.25	0	1	117475
234.966	0.25	0	1	117483
234.982	0.25	1	2	117491
235.0	0.25	1	2	117500
235.016	0.25	1	2	117508
235.032	0.25	1	2	117516
235.05	0.25	0	1	117525
235.066	0.25	0	1	117533
235.082	0.25	1	2	117541
235.1	0.25	1	2	117550
235.116	0.25	0	1	117558
235.132	0.25	0	1	117566
235.15	0.25	1	2	117575
235.166	0.25	1	2	117583
235.182	0.25	0	1	117591
235.2	0.25	0	1	117600
235.216	0.25	1	2	117608
235.232	0.25	1	2	117616
235.25	0.25	0	1	117625
235.266	0.25	0	1	117633
235.282	0.25	0	1	117641
235.3	0.25	0	1	117650
235.316	0.25	0	1	117658
235.332	0.25	0	1	117666
235.35	0.25	1	2	117675
235.366	0.25	1	2	117683
235.382	0.25	1	2	117691
235.4	0.25	1	2	117700
235.416	0.25	1	2	117708
235.432	0.25	1	2	117716
235.45	0.25	0	1	117725
235.466	0.25	0	1	117733
235.482	0.25	1	2	117741
235.5	0.25	1	2	117750
235.516	0.25	1	2	117758
235.532	0.25	1	2	117766
235.55	0.25	1	2	117775
235.566	0.25	1	2	117783
235.582	0.25	0	1	117791
235.6	0.25	0	1	117800
235.616	0.25	1	2	117808
235.632	0.25	1	2	117816
235.65	0.25	0	1	117825
235.666	0.25	0	1	117833
235.682	0.25	1	2	117841
235.7	0.25	1	2	117850
235.716	0.25	1	2	117858
235.732	0.25	1	2	117866
235.75	0.25	0	1	117875
235.766	0.25	0	1	117883
235.782	0.25	0	1	117891
235.8	0.25	0	1	117900
235.816	0.25	0	1	117908
235.832	0.25	0	1	117916
235.85	0.25	1	2	117925
235.866	0.25	1	2	117933
235.882	0.25	1	2	117941
235.9	0.25	1	2	117950
235.916	0.25	0	1	117958
235.932	0.25	0	1	117966
235.95	0.25	1	2	117975
235.966	0.25	1	2	117983
235.982	0.25	1	2	117991
236.0	0.25	1	2	118000
236.016	0.25	1	2	118008
236.032	0.25	1	2	118016
236.05	0.25	0	1	118025
236.066	0.25	0	1	118033
236.082	0.25	0	1	118041
236.1	0.25	0	1	118050
236.116	0.25	0	1	118058
236.132	0.25	0	1	118066
236.15	0.25	0	1	118075
236.166	0.25	0	1	118083
236.182	0.25	0	1	118091
236.2	0.25	0	1	118100
236.216	0.25	1	2	118108
236.232	0.25	1	2	118116
236.25	0.25	1	2	118125
236.266	0.25	1	2	118133
236.282	0.25	1	2	118141
238.882	0.25	1	2	119441
238.9	0.25	1	2	119450
238.916	0.25	1	2	119458
238.932	0.25	1	2	119466
238.95	0.25	0	1	119475
238.966	0.25	0	1	119483
238.982	0.25	0	1	119491
239.0	0.25	0	1	119500
239.016	0.25	0	1	119508
239.032	0.25	0	1	119516
239.05	0.25	0	1	119525
239.066	0.25	0	1	119533
239.082	0.25	1	2	119541
239.1	0.25	1	2	119550
239.116	0.25	0	1	119558
239.132	0.25	0	1	119566
239.15	0.25	0	1	119575
239.166	0.25	0	1	119583
239.182	0.25	1	2	119591
239.2	0.25	1	2	119600
239.216	0.25	1	2	119608
239.232	0.25	1	2	119616
239.25	0.25	0	1	119625
239.266	0.25	0	1	119633
239.282	0.25	0	1	119641
239.3	0.25	0	1	119650
239.316	0.25	0	1	119658
239.332	0.25	0	1	119666
239.35	0.25	0	1	119675
239.366	0.25	0	1	119683
239.382	0.25	0	1	119691
239.4	0.25	0	1	119700
239.416	0.25	0	1	119708
239.432	0.25	0	1	119716
239.45	0.25	1	2	119725
239.466	0.25	1	2	119733
239.482	0.25	0	1	119741
239.5	0.25	0	1	119750
239.516	0.25	1	2	119758
239.532	0.25	1	2	119766
239.55	0.25	1	2	119775
239.566	0.25	1	2	119783
239.582	0.25	0	1	119791
239.6	0.25	0	1	119800
239.616	0.25	1	2	119808
239.632	0.25	1	2	119816
239.65	0.25	0	1	119825
239.666	0.25	0	1	119833
239.682	0.25	1	2	119841
239.7	0.25	1	2	119850
239.716	0.25	0	1	119858
239.732	0.25	0	1	119866
239.75	0.25	1	2	119875
239.766	0.25	1	2	119883
239.782	0.25	0	1	119891
239.8	0.25	0	1	119900
239.816	0.25	0	1	119908
239.832	0.25	0	1	119916
239.85	0.25	0	1	119925
239.866	0.25	0	1	119933
239.882	0.25	1	2	119941
239.9	0.25	1	2	119950
239.916	0.25	1	2	119958
239.932	0.25	1	2	119966
239.95	0.25	1	2	119975
239.966	0.25	1	2	119983
239.982	0.25	0	1	119991
240.0	0.25	0	1	120000
240.016	0.25	1	2	120008
240.032	0.25	1	2	120016
240.05	0.25	1	2	120025
240.066	0.25	1	2	120033
240.082	0.25	1	2	120041
240.1	0.25	1	2	120050
240.116	0.25	0	1	120058
240.132	0.25	0	1	120066
240.15	0.25	1	2	120075
240.166	0.25	1	2	120083
240.182	0.25	0	1	120091
240.2	0.25	0	1	120100
240.216	0.25	1	2	120108
240.232	0.25	1	2	120116
240.25	0.25	1	2	120125
240.266	0.25	1	2	120133
240.282	0.25	0	1	120141
240.3	0.25	0	1	120150
240.316	0.25	0	1	120158
240.332	0.25	0	1	120166
240.35	0.25	0	1	120175
240.366	0.25	0	1	120183
240.382	0.25	1	2	120191
240.4	0.25	1	2	120200
240.416	0.25	1	2	120208
240.432	0.25	1	2	120216
240.45	0.25	0	1	120225
240.466	0.25	0	1	120233
240.482	0.25	1	2	120241
240.5	0.25	1	2	120250
240.516	0.25	1	2	120258
240.532	0.25	1	2	120266
240.55	0.25	1	2	120275
240.566	0.25	1	2	120283
240.582	0.25	0	1	120291
240.6	0.25	0	1	120300
240.616	0.25	0	1	120308
240.632	0.25	0	1	120316
240.65	0.25	0	1	120325
240.666	0.25	0	1	120333
240.682	0.25	0	1	120341
240.7	0.25	0	1	120350
240.716	0.25	0	1	120358
240.732	0.25	0	1	120366
240.75	0.25	1	2	120375
240.766	0.25	1	2	120383
240.782	0.25	1	2	120391
240.8	0.25	1	2	120400
240.816	0.25	1	2	120408
242.3	0.25	1	2	121150
242.316	0.25	1	2	121158
242.332	0.25	1	2	121166
242.35	0.25	1	2	121175
242.366	0.25	0	1	121183
242.382	0.25	0	1	121191
242.4	0.25	1	2	121200
242.416	0.25	1	2	121208
242.432	0.25	1	2	121216
242.45	0.25	1	2	121225
242.466	0.25	0	1	121233
242.482	0.25	0	1	121241
242.5	0.25	1	2	121250
242.516	0.25	1	2	121258
242.532	0.25	1	2	121266
242.55	0.25	1	2	121275
242.566	0.25	0	1	121283
242.582	0.25	0	1	121291
242.6	0.25	1	2	121300
242.616	0.25	1	2	121308
242.632	0.25	1	2	121316
242.65	0.25	1	2	121325
242.666	0.25	0	1	121333
242.682	0.25	0	1	121341
242.7	0.25	0	1	121350
242.716	0.25	0	1	121358
242.732	0.25	0	1	121366
242.75	0.25	0	1	121375
242.766	0.25	1	2	121383
242.782	0.25	1	2	121391
242.8	0.25	1	2	121400
242.816	0.25	1	2	121408
242.832	0.25	1	2	121416
242.85	0.25	1	2	121425
242.866	0.25	0	1	121433
242.882	0.25	0	1	121441
242.9	0.25	0	1	121450
242.916	0.25	0	1	121458
242.932	0.25	0	1	121466
242.95	0.25	0	1	121475
242.966	0.25	1	2	121483
242.982	0.25	1	2	121491
243.0	0.25	1	2	121500
243.016	0.25	1	2	121508
243.032	0.25	1	2	121516
243.05	0.25	1	2	121525
243.066	0.25	1	2	121533
243.082	0.25	1	2	121541
243.1	0.25	1	2	121550
243.116	0.25	1	2	121558
243.132	0.25	0	1	121566
243.15	0.25	0	1	121575
243.166	0.25	0	1	121583
243.182	0.25	0	1	121591
243.2	0.25	1	2	121600
243.216	0.25	1	2	121608
243.232	0.25	0	1	121616
243.25	0.25	0	1	121625
243.266	0.25	1	2	121633
243.282	0.25	1	2	121641
243.3	0.25	0	1	121650
243.316	0.25	0	1	121658
243.332	0.25	0	1	121666
243.35	0.25	0	1	121675
243.366	0.25	1	2	121683
243.382	0.25	1	2	121691
243.4	0.25	1	2	121700
243.416	0.25	1	2	121708
243.432	0.25	0	1	121716
243.45	0.25	0	1	121725
243.466	0.25	0	1	121733
243.482	0.25	0	1	121741
243.5	0.25	0	1	121750
243.516	0.25	0	1	121758
243.532	0.25	0	1	121766
243.55	0.25	0	1	121775
243.566	0.25	1	2	121783
243.582	0.25	1	2	121791
243.6	0.25	0	1	121800
243.616	0.25	0	1	121808
243.632	0.25	0	1	121816
243.65	0.25	0	1	121825
243.666	0.25	0	1	121833
243.682	0.25	0	1	121841
243.7	0.25	0	1	121850
243.716	0.25	0	1	121858
243.732	0.25	1	2	121866
243.75	0.25	1	2	121875
243.766	0.25	1	2	121883
243.782	0.25	1	2	121891
243.8	0.25	1	2	121900
243.816	0.25	1	2	121908
243.832	0.25	1	2	121916
243.85	0.25	1	2	121925
243.866	0.25	1	2	121933
243.882	0.25	1	2	121941
243.9	0.25	1	2	121950
243.916	0.25	1	2	121958
243.932	0.25	0	1	121966
243.95	0.25	0	1	121975
243.966	0.25	1	2	121983
243.982	0.25	1	2	121991
244.0	0.25	0	1	122000
244.016	0.25	0	1	122008
244.032	0.25	1	2	122016
244.05	0.25	1	2	122025
244.066	0.25	0	1	122033
244.082	0.25	0	1	122041
244.1	0.25	0	1	122050
244.116	0.25	0	1	122058
244.132	0.25	1	2	122066
244.15	0.25	1	2	122075
244.166	0.25	1	2	122083
244.182	0.25	1	2	122091
244.2	0.25	0	1	122100
244.216	0.25	0	1	122108
244.232	0.25	0	1	122116
245.716	0.25	1	2	122858
245.732	0.25	1	2	122866
245.75	0.25	1	2	122875
245.766	0.25	1	2	122883
245.782	0.25	1	2	122891
245.8	0.25	1	2	122900
245.816	0.25	1	2	122908
245.832	0.25	1	2	122916
245.85	0.25	1	2	122925
245.866	0.25	1	2	122933
245.882	0.25	1	2	122941
245.9	0.25	1	2	122950
245.916	0.25	1	2	122958
245.932	0.25	1	2	122966
245.95	0.25	0	1	122975
245.966	0.25	0	1	122983
245.982	0.25	0	1	122991
246.0	0.25	0	1	123000
246.016	0.25	1	2	123008
246.032	0.25	1	2	123016
246.05	0.25	1	2	123025
246.066	0.25	1	2	123033
246.082	0.25	0	1	123041
246.1	0.25	0	1	123050
246.116	0.25	0	1	123058
246.132	0.25	0	1	123066
246.15	0.25	1	2	123075
246.166	0.25	1	2	123083
246.182	0.25	1	2	123091
246.2	0.25	1	2	123100
246.216	0.25	0	1	123108
246.232	0.25	0	1	123116
246.25	0.25	0	1	123125
246.266	0.25	0	1	123133
246.282	0.25	1	2	123141
246.3	0.25	1	2	123150
246.316	0.25	0	1	123158
246.332	0.25	0	1	123166
246.35	0.25	1	2	123175
246.366	0.25	1	2	123183
246.382	0.25	1	2	123191
246.4	0.25	1	2	123200
246.416	0.25	0	1	123208
246.432	0.25	0	1	123216
246.45	0.25	1	2	123225
246.466	0.25	1	2	123233
246.482	0.25	0	1	123241
246.5	0.25	0	1	123250
246.516	0.25	0	1	123258
246.532	0.25	0	1	123266
246.55	0.25	1	2	123275
246.566	0.25	1	2	123283
246.582	0.25	0	1	123291
246.6	0.25	0	1	123300
246.616	0.25	1	2	123308
246.632	0.25	1	2	123316
246.65	0.25	1	2	123325
246.666	0.25	1	2	123333
246.682	0.25	1	2	123341
246.7	0.25	1	2	123350
246.716	0.25	0	1	123358
246.732	0.25	0	1	123366
246.75	0.25	0	1	123375
246.766	0.25	0	1	123383
246.782	0.25	0	1	123391
246.8	0.25	0	1	123400
246.816	0.25	1	2	123408
246.832	0.25	1	2	123416
246.85	0.25	0	1	123425
246.866	0.25	0	1	123433
246.882	0.25	1	2	123441
246.9	0.25	1	2	123450
246.916	0.25	1	2	123458
246.932	0.25	1	2	123466
246.95	0.25	1	2	123475
246.966	0.25	1	2	123483
246.982	0.25	0	1	123491
247.0	0.25	0	1	123500
247.016	0.25	0	1	123508
247.032	0.25	0	1	123516
247.05	0.25	1	2	123525
247.066	0.25	1	2	123533
247.082	0.25	0	1	123541
247.1	0.25	0	1	123550
247.116	0.25	1	2	123558
247.132	0.25	1	2	123566
247.15	0.25	0	1	123575
247.166	0.25	0	1	123583
247.182	0.25	0	1	123591
247.2	0.25	0	1	123600
247.216	0.25	0	1	123608
247.232	0.25	0	1	123616
247.25	0.25	1	2	123625
247.266	0.25	1	2	123633
247.282	0.25	1	2	123641
247.3	0.25	1	2	123650
247.316	0.25	0	1	123658
247.332	0.25	0	1	123666
247.35	0.25	1	2	123675
247.366	0.25	1	2	123683
247.382	0.25	0	1	123691
247.4	0.25	0	1	123700
247.416	0.25	0	1	123708
247.432	0.25	0	1	123716
247.45	0.25	0	1	123725
247.466	0.25	0	1	123733
247.482	0.25	1	2	123741
247.5	0.25	1	2	123750
247.516	0.25	0	1	123758
247.532	0.25	0	1	123766
247.55	0.25	1	2	123775
247.566	0.25	1	2	123783
247.582	0.25	0	1	123791
247.6	0.25	0	1	123800
247.616	0.25	0	1	123808
247.632	0.25	0	1	123816
247.65	0.25	1	2	123825
249.132	0.25	0	1	124566
249.15	0.25	0	1	124575
249.166	0.25	0	1	124583
249.182	0.25	0	1	124591
249.2	0.25	1	2	124600
249.216	0.25	1	2	124608
249.232	0.25	1	2	124616
249.25	0.25	1	2	124625
249.266	0.25	0	1	124633
249.282	0.25	0	1	124641
249.3	0.25	0	1	124650
249.316	0.25	0	1	124658
249.332	0.25	0	1	124666
249.35	0.25	0	1	124675
249.366	0.25	0	1	124683
249.382	0.25	0	1	124691
249.4	0.25	1	2	124700
249.416	0.25	1	2	124708
249.432	0.25	1	2	124716
249.45	0.25	1	2	124725
249.466	0.25	1	2	124733
249.482	0.25	1	2	124741
249.5	0.25	1	2	124750
249.516	0.25	1	2	124758
249.532	0.25	1	2	124766
249.55	0.25	1	2	124775
249.566	0.25	0	1	124783
249.582	0.25	0	1	124791
249.6	0.25	0	1	124800
249.616	0.25	0	1	124808
249.632	0.25	0	1	124816
249.65	0.25	0	1	124825
249.666	0.25	0	1	124833
249.682	0.25	0	1	124841
249.7	0.25	0	1	124850
249.716	0.25	0	1	124858
249.732	0.25	0	1	124866
249.75	0.25	0	1	124875
249.766	0.25	1	2	124883
249.782	0.25	1	2	124891
249.8	0.25	1	2	124900
249.816	0.25	1	2	124908
249.832	0.25	0	1	124916
249.85	0.25	0	1	124925
249.866	0.25	0	1	124933
249.882	0.25	0	1	124941
249.9	0.25	1	2	124950
249.916	0.25	1	2	124958
249.932	0.25	0	1	124966
249.95	0.25	0	1	124975
249.966	0.25	1	2	124983
249.982	0.25	1	2	124991
250.0	0.25	0	1	125000
250.016	0.25	0	1	125008
250.032	0.25	1	2	125016
250.05	0.25	1	2	125025
250.066	0.25	0	1	125033
250.082	0.25	0	1	125041
250.1	0.25	1	2	125050
250.116	0.25	1	2	125058
250.132	0.25	1	2	125066
250.15	0.25	1	2	125075
250.166	0.25	0	1	125083
250.182	0.25	0	1	125091
250.2	0.25	1	2	125100
250.216	0.25	1	2	125108
250.232	0.25	0	1	125116
250.25	0.25	0	1	125125
250.266	0.25	0	1	125133
250.282	0.25	0	1	125141
250.3	0.25	0	1	125150
250.316	0.25	0	1	125158
250.332	0.25	1	2	125166
250.35	0.25	1	2	125175
250.366	0.25	0	1	125183
250.382	0.25	0	1	125191
250.4	0.25	0	1	125200
250.416	0.25	0	1	125208
250.432	0.25	0	1	125216
250.45	0.25	0	1	125225
250.466	0.25	1	2	125233
250.482	0.25	1	2	125241
250.5	0.25	1	2	125250
250.516	0.25	1	2	125258
250.532	0.25	1	2	125266
250.55	0.25	1	2	125275
250.566	0.25	0	1	125283
250.582	0.25	0	1	125291
250.6	0.25	1	2	125300
250.616	0.25	1	2	125308
250.632	0.25	0	1	125316
250.65	0.25	0	1	125325
250.666	0.25	1	2	125333
250.682	0.25	1	2	125341
250.7	0.25	1	2	125350
250.716	0.25	1	2	125358
250.732	0.25	1	2	125366
250.75	0.25	1	2	125375
250.766	0.25	1	2	125383
250.782	0.25	1	2	125391
250.8	0.25	1	2	125400
250.816	0.25	1	2	125408
250.832	0.25	0	1	125416
250.85	0.25	0	1	125425
250.866	0.25	0	1	125433
250.882	0.25	0	1	125441
250.9	0.25	1	2	125450
250.916	0.25	1	2	125458
250.932	0.25	0	1	125466
250.95	0.25	0	1	125475
250.966	0.25	0	1	125483
250.982	0.25	0	1	125491
251.0	0.25	0	1	125500
251.016	0.25	0	1	125508
251.032	0.25	1	2	125516
251.05	0.25	1	2	125525
251.066	0.25	1	2	125533
