onset	duration	trial_type	value	sample
24.266	0.25	1	2	12133
24.282	0.25	1	2	12141
24.3	0.25	1	2	12150
24.316	0.25	1	2	12158
24.332	0.25	0	1	12166
24.35	0.25	0	1	12175
24.366	0.25	1	2	12183
24.382	0.25	1	2	12191
24.4	0.25	1	2	12200
24.416	0.25	1	2	12208
24.432	0.25	0	1	12216
24.45	0.25	0	1	12225
24.466	0.25	1	2	12233
24.482	0.25	1	2	12241
24.5	0.25	1	2	12250
24.516	0.25	1	2	12258
24.532	0.25	0	1	12266
24.55	0.25	0	1	12275
24.566	0.25	1	2	12283
24.582	0.25	1	2	12291
24.6	0.25	1	2	12300
24.616	0.25	1	2	12308
24.632	0.25	0	1	12316
24.65	0.25	0	1	12325
24.666	0.25	0	1	12333
24.682	0.25	0	1	12341
24.7	0.25	0	1	12350
24.716	0.25	0	1	12358
24.732	0.25	1	2	12366
24.75	0.25	1	2	12375
24.766	0.25	1	2	12383
24.782	0.25	1	2	12391
24.8	0.25	1	2	12400
24.816	0.25	1	2	12408
24.832	0.25	0	1	12416
24.85	0.25	0	1	12425
24.866	0.25	0	1	12433
24.882	0.25	0	1	12441
24.9	0.25	0	1	12450
24.916	0.25	0	1	12458
24.932	0.25	1	2	12466
24.95	0.25	1	2	12475
24.966	0.25	1	2	12483
24.982	0.25	1	2	12491
25.0	0.25	1	2	12500
25.016	0.25	1	2	12508
25.032	0.25	1	2	12516
25.05	0.25	1	2	12525
25.066	0.25	1	2	12533
25.082	0.25	1	2	12541
25.1	0.25	0	1	12550
25.116	0.25	0	1	12558
25.132	0.25	0	1	12566
25.15	0.25	0	1	12575
25.166	0.25	1	2	12583
25.182	0.25	1	2	12591
25.2	0.25	0	1	12600
25.216	0.25	0	1	12608
25.232	0.25	1	2	12616
25.25	0.25	1	2	12625
25.266	0.25	0	1	12633
25.282	0.25	0	1	12641
25.3	0.25	0	1	12650
25.316	0.25	0	1	12658
25.332	0.25	1	2	12666
25.35	0.25	1	2	12675
25.366	0.25	1	2	12683
25.382	0.25	1	2	12691
25.4	0.25	0	1	12700
25.416	0.25	0	1	12708
25.432	0.25	0	1	12716
25.45	0.25	0	1	12725
25.466	0.25	0	1	12733
25.482	0.25	0	1	12741
25.5	0.25	0	1	12750
25.516	0.25	0	1	12758
25.532	0.25	1	2	12766
25.55	0.25	1	2	12775
25.566	0.25	0	1	12783
25.582	0.25	0	1	12791
25.6	0.25	0	1	12800
25.616	0.25	0	1	12808
25.632	0.25	0	1	12816
25.65	0.25	0	1	12825
25.666	0.25	0	1	12833
25.682	0.25	0	1	12841
25.7	0.25	1	2	12850
25.716	0.25	1	2	12858
25.732	0.25	1	2	12866
25.75	0.25	1	2	12875
25.766	0.25	1	2	12883
25.782	0.25	1	2	12891
25.8	0.25	1	2	12900
25.816	0.25	1	2	12908
25.832	0.25	1	2	12916
25.85	0.25	1	2	12925
25.866	0.25	1	2	12933
25.882	0.25	1	2	12941
25.9	0.25	0	1	12950
25.916	0.25	0	1	12958
25.932	0.25	1	2	12966
25.95	0.25	1	2	12975
25.966	0.25	0	1	12983
25.982	0.25	0	1	12991
26.0	0.25	1	2	13000
26.016	0.25	1	2	13008
26.032	0.25	0	1	13016
26.05	0.25	0	1	13025
26.066	0.25	0	1	13033
26.082	0.25	0	1	13041
26.1	0.25	1	2	13050
26.116	0.25	1	2	13058
26.132	0.25	1	2	13066
26.15	0.25	1	2	13075
26.166	0.25	0	1	13083
26.182	0.25	0	1	13091
26.2	0.25	0	1	13100
27.682	0.25	0	1	13841
27.7	0.25	0	1	13850
27.716	0.25	0	1	13858
27.732	0.25	0	1	13866
27.75	0.25	1	2	13875
27.766	0.25	1	2	13883
27.782	0.25	1	2	13891
27.8	0.25	1	2	13900
27.816	0.25	0	1	13908
27.832	0.25	0	1	13916
27.85	0.25	0	1	13925
27.866	0.25	0	1	13933
27.882	0.25	0	1	13941
27.9	0.25	0	1	13950
27.916	0.25	0	1	13958
27.932	0.25	0	1	13966
27.95	0.25	1	2	13975
27.966	0.25	1	2	13983
27.982	0.25	1	2	13991
28.0	0.25	1	2	14000
28.016	0.25	1	2	14008
28.032	0.25	1	2	14016
28.05	0.25	1	2	14025
28.066	0.25	1	2	14033
28.082	0.25	1	2	14041
28.1	0.25	1	2	14050
28.116	0.25	0	1	14058
28.132	0.25	0	1	14066
28.15	0.25	0	1	14075
28.166	0.25	0	1	14083
28.182	0.25	0	1	14091
28.2	0.25	0	1	14100
28.216	0.25	0	1	14108
28.232	0.25	0	1	14116
28.25	0.25	0	1	14125
28.266	0.25	0	1	14133
28.282	0.25	0	1	14141
28.3	0.25	0	1	14150
28.316	0.25	1	2	14158
28.332	0.25	1	2	14166
28.35	0.25	1	2	14175
28.366	0.25	1	2	14183
28.382	0.25	0	1	14191
28.4	0.25	0	1	14200
28.416	0.25	0	1	14208
28.432	0.25	0	1	14216
28.45	0.25	1	2	14225
28.466	0.25	1	2	14233
28.482	0.25	0	1	14241
28.5	0.25	0	1	14250
28.516	0.25	1	2	14258
28.532	0.25	1	2	14266
28.55	0.25	0	1	14275
28.566	0.25	0	1	14283
28.582	0.25	1	2	14291
28.6	0.25	1	2	14300
28.616	0.25	0	1	14308
28.632	0.25	0	1	14316
28.65	0.25	1	2	14325
28.666	0.25	1	2	14333
28.682	0.25	1	2	14341
28.7	0.25	1	2	14350
28.716	0.25	0	1	14358
28.732	0.25	0	1	14366
28.75	0.25	1	2	14375
28.766	0.25	1	2	14383
28.782	0.25	0	1	14391
28.8	0.25	0	1	14400
28.816	0.25	0	1	14408
28.832	0.25	0	1	14416
28.85	0.25	0	1	14425
28.866	0.25	0	1	14433
28.882	0.25	1	2	14441
28.9	0.25	1	2	14450
28.916	0.25	0	1	14458
28.932	0.25	0	1	14466
28.95	0.25	0	1	14475
28.966	0.25	0	1	14483
28.982	0.25	0	1	14491
29.0	0.25	0	1	14500
29.016	0.25	1	2	14508
29.032	0.25	1	2	14516
29.05	0.25	1	2	14525
29.066	0.25	1	2	14533
29.082	0.25	1	2	14541
29.1	0.25	1	2	14550
29.116	0.25	0	1	14558
29.132	0.25	0	1	14566
29.15	0.25	1	2	14575
29.166	0.25	1	2	14583
29.182	0.25	0	1	14591
29.2	0.25	0	1	14600
29.216	0.25	1	2	14608
29.232	0.25	1	2	14616
29.25	0.25	1	2	14625
29.266	0.25	1	2	14633
29.282	0.25	1	2	14641
29.3	0.25	1	2	14650
29.316	0.25	1	2	14658
29.332	0.25	1	2	14666
29.35	0.25	1	2	14675
29.366	0.25	1	2	14683
29.382	0.25	0	1	14691
29.4	0.25	0	1	14700
29.416	0.25	0	1	14708
29.432	0.25	0	1	14716
29.45	0.25	1	2	14725
29.466	0.25	1	2	14733
29.482	0.25	0	1	14741
29.5	0.25	0	1	14750
29.516	0.25	0	1	14758
29.532	0.25	0	1	14766
29.55	0.25	0	1	14775
29.566	0.25	0	1	14783
29.582	0.25	1	2	14791
29.6	0.25	1	2	14800
29.616	0.25	1	2	14808
31.1	0.25	1	2	15550
31.116	0.25	1	2	15558
31.132	0.25	1	2	15566
31.15	0.25	1	2	15575
31.166	0.25	0	1	15583
31.182	0.25	0	1	15591
31.2	0.25	0	1	15600
31.216	0.25	0	1	15608
31.232	0.25	0	1	15616
31.25	0.25	0	1	15625
31.266	0.25	0	1	15633
31.282	0.25	0	1	15641
31.3	0.25	1	2	15650
31.316	0.25	1	2	15658
31.332	0.25	0	1	15666
31.35	0.25	0	1	15675
31.366	0.25	0	1	15683
31.382	0.25	0	1	15691
31.4	0.25	1	2	15700
31.416	0.25	1	2	15708
31.432	0.25	1	2	15716
31.45	0.25	1	2	15725
31.466	0.25	0	1	15733
31.482	0.25	0	1	15741
31.5	0.25	0	1	15750
31.516	0.25	0	1	15758
31.532	0.25	0	1	15766
31.55	0.25	0	1	15775
31.566	0.25	0	1	15783
31.582	0.25	0	1	15791
31.6	0.25	0	1	15800
31.616	0.25	0	1	15808
31.632	0.25	0	1	15816
31.65	0.25	0	1	15825
31.666	0.25	1	2	15833
31.682	0.25	1	2	15841
31.7	0.25	0	1	15850
31.716	0.25	0	1	15858
31.732	0.25	1	2	15866
31.75	0.25	1	2	15875
31.766	0.25	1	2	15883
31.782	0.25	1	2	15891
31.8	0.25	0	1	15900
31.816	0.25	0	1	15908
31.832	0.25	1	2	15916
31.85	0.25	1	2	15925
31.866	0.25	0	1	15933
31.882	0.25	0	1	15941
31.9	0.25	1	2	15950
31.916	0.25	1	2	15958
31.932	0.25	0	1	15966
31.95	0.25	0	1	15975
31.966	0.25	1	2	15983
31.982	0.25	1	2	15991
32.0	0.25	0	1	16000
32.016	0.25	0	1	16008
32.032	0.25	0	1	16016
32.048	0.25	0	1	16024
32.066	0.25	0	1	16033
32.082	0.25	0	1	16041
32.1	0.25	1	2	16050
32.116	0.25	1	2	16058
32.132	0.25	1	2	16066
32.15	0.25	1	2	16075
32.166	0.25	1	2	16083
32.182	0.25	1	2	16091
32.2	0.25	0	1	16100
32.216	0.25	0	1	16108
32.232	0.25	1	2	16116
32.25	0.25	1	2	16125
32.266	0.25	1	2	16133
32.282	0.25	1	2	16141
32.298	0.25	1	2	16149
32.316	0.25	1	2	16158
32.332	0.25	0	1	16166
32.35	0.25	0	1	16175
32.366	0.25	1	2	16183
32.382	0.25	1	2	16191
32.4	0.25	0	1	16200
32.416	0.25	0	1	16208
32.432	0.25	1	2	16216
32.45	0.25	1	2	16225
32.466	0.25	1	2	16233
32.482	0.25	1	2	16241
32.5	0.25	0	1	16250
32.516	0.25	0	1	16258
32.532	0.25	0	1	16266
32.548	0.25	0	1	16274
32.566	0.25	0	1	16283
32.582	0.25	0	1	16291
32.6	0.25	1	2	16300
32.616	0.25	1	2	16308
32.632	0.25	1	2	16316
32.65	0.25	1	2	16325
32.666	0.25	0	1	16333
32.682	0.25	0	1	16341
32.7	0.25	1	2	16350
32.716	0.25	1	2	16358
32.732	0.25	1	2	16366
32.75	0.25	1	2	16375
32.766	0.25	1	2	16383
32.782	0.25	1	2	16391
32.8	0.25	0	1	16400
32.816	0.25	0	1	16408
32.832	0.25	0	1	16416
32.85	0.25	0	1	16425
32.866	0.25	0	1	16433
32.882	0.25	0	1	16441
32.9	0.25	0	1	16450
32.916	0.25	0	1	16458
32.932	0.25	0	1	16466
32.95	0.25	0	1	16475
32.966	0.25	1	2	16483
32.982	0.25	1	2	16491
33.0	0.25	1	2	16500
33.016	0.25	1	2	16508
33.032	0.25	1	2	16516
34.516	0.25	1	2	17258
34.532	0.25	1	2	17266
34.55	0.25	1	2	17275
34.566	0.25	1	2	17283
34.582	0.25	1	2	17291
34.6	0.25	1	2	17300
34.616	0.25	1	2	17308
34.632	0.25	1	2	17316
34.65	0.25	1	2	17325
34.666	0.25	1	2	17333
34.682	0.25	1	2	17341
34.7	0.25	1	2	17350
34.716	0.25	1	2	17358
34.732	0.25	1	2	17366
34.75	0.25	0	1	17375
34.766	0.25	0	1	17383
34.782	0.25	0	1	17391
34.8	0.25	0	1	17400
34.816	0.25	1	2	17408
34.832	0.25	1	2	17416
34.85	0.25	1	2	17425
34.866	0.25	1	2	17433
34.882	0.25	0	1	17441
34.9	0.25	0	1	17450
34.916	0.25	0	1	17458
34.932	0.25	0	1	17466
34.95	0.25	1	2	17475
34.966	0.25	1	2	17483
34.982	0.25	1	2	17491
35.0	0.25	1	2	17500
35.016	0.25	0	1	17508
35.032	0.25	0	1	17516
35.05	0.25	0	1	17525
35.066	0.25	0	1	17533
35.082	0.25	1	2	17541
35.1	0.25	1	2	17550
35.116	0.25	0	1	17558
35.132	0.25	0	1	17566
35.15	0.25	1	2	17575
35.166	0.25	1	2	17583
35.182	0.25	1	2	17591
35.2	0.25	1	2	17600
35.216	0.25	0	1	17608
35.232	0.25	0	1	17616
35.25	0.25	1	2	17625
35.266	0.25	1	2	17633
35.282	0.25	0	1	17641
35.3	0.25	0	1	17650
35.316	0.25	0	1	17658
35.332	0.25	0	1	17666
35.35	0.25	1	2	17675
35.366	0.25	1	2	17683
35.382	0.25	0	1	17691
35.4	0.25	0	1	17700
35.416	0.25	1	2	17708
35.432	0.25	1	2	17716
35.45	0.25	1	2	17725
35.466	0.25	1	2	17733
35.482	0.25	1	2	17741
35.5	0.25	1	2	17750
35.516	0.25	0	1	17758
35.532	0.25	0	1	17766
35.55	0.25	0	1	17775
35.566	0.25	0	1	17783
35.582	0.25	0	1	17791
35.6	0.25	0	1	17800
35.616	0.25	1	2	17808
35.632	0.25	1	2	17816
35.65	0.25	0	1	17825
35.666	0.25	0	1	17833
35.682	0.25	1	2	17841
35.7	0.25	1	2	17850
35.716	0.25	1	2	17858
35.732	0.25	1	2	17866
35.75	0.25	1	2	17875
35.766	0.25	1	2	17883
35.782	0.25	0	1	17891
35.8	0.25	0	1	17900
35.816	0.25	0	1	17908
35.832	0.25	0	1	17916
35.85	0.25	1	2	17925
35.866	0.25	1	2	17933
35.882	0.25	0	1	17941
35.9	0.25	0	1	17950
35.916	0.25	1	2	17958
35.932	0.25	1	2	17966
35.95	0.25	0	1	17975
35.966	0.25	0	1	17983
35.982	0.25	0	1	17991
36.0	0.25	0	1	18000
36.016	0.25	0	1	18008
36.032	0.25	0	1	18016
36.05	0.25	1	2	18025
36.066	0.25	1	2	18033
36.082	0.25	1	2	18041
36.1	0.25	1	2	18050
36.116	0.25	0	1	18058
36.132	0.25	0	1	18066
36.15	0.25	1	2	18075
36.166	0.25	1	2	18083
36.182	0.25	0	1	18091
36.2	0.25	0	1	18100
36.216	0.25	0	1	18108
36.232	0.25	0	1	18116
36.25	0.25	0	1	18125
36.266	0.25	0	1	18133
36.282	0.25	1	2	18141
36.3	0.25	1	2	18150
36.316	0.25	0	1	18158
36.332	0.25	0	1	18166
36.35	0.25	1	2	18175
36.366	0.25	1	2	18183
36.382	0.25	0	1	18191
36.4	0.25	0	1	18200
36.416	0.25	0	1	18208
36.432	0.25	0	1	18216
36.45	0.25	1	2	18225
39.45	0.25	0	1	19725
39.466	0.25	0	1	19733
39.482	0.25	0	1	19741
39.5	0.25	0	1	19750
39.516	0.25	1	2	19758
39.532	0.25	1	2	19766
39.55	0.25	1	2	19775
39.566	0.25	1	2	19783
39.582	0.25	0	1	19791
39.6	0.25	0	1	19800
39.616	0.25	0	1	19808
39.632	0.25	0	1	19816
39.65	0.25	0	1	19825
39.666	0.25	0	1	19833
39.682	0.25	0	1	19841
39.7	0.25	0	1	19850
39.716	0.25	1	2	19858
39.732	0.25	1	2	19866
39.75	0.25	1	2	19875
39.766	0.25	1	2	19883
39.782	0.25	1	2	19891
39.8	0.25	1	2	19900
39.816	0.25	1	2	19908
39.832	0.25	1	2	19916
39.85	0.25	1	2	19925
39.866	0.25	1	2	19933
39.882	0.25	0	1	19941
39.9	0.25	0	1	19950
39.916	0.25	0	1	19958
39.932	0.25	0	1	19966
39.95	0.25	0	1	19975
39.966	0.25	0	1	19983
39.982	0.25	0	1	19991
40.0	0.25	0	1	20000
40.016	0.25	0	1	20008
40.032	0.25	0	1	20016
40.05	0.25	0	1	20025
40.066	0.25	0	1	20033
40.082	0.25	1	2	20041
40.1	0.25	1	2	20050
40.116	0.25	1	2	20058
40.132	0.25	1	2	20066
40.15	0.25	0	1	20075
40.166	0.25	0	1	20083
40.182	0.25	0	1	20091
40.2	0.25	0	1	20100
40.216	0.25	1	2	20108
40.232	0.25	1	2	20116
40.25	0.25	0	1	20125
40.266	0.25	0	1	20133
40.282	0.25	1	2	20141
40.3	0.25	1	2	20150
40.316	0.25	0	1	20158
40.332	0.25	0	1	20166
40.35	0.25	1	2	20175
40.366	0.25	1	2	20183
40.382	0.25	0	1	20191
40.4	0.25	0	1	20200
40.416	0.25	1	2	20208
40.432	0.25	1	2	20216
40.45	0.25	1	2	20225
40.466	0.25	1	2	20233
40.482	0.25	0	1	20241
40.5	0.25	0	1	20250
40.516	0.25	1	2	20258
40.532	0.25	1	2	20266
40.55	0.25	0	1	20275
40.566	0.25	0	1	20283
40.582	0.25	0	1	20291
40.6	0.25	0	1	20300
40.616	0.25	0	1	20308
40.632	0.25	0	1	20316
40.65	0.25	1	2	20325
40.666	0.25	1	2	20333
40.682	0.25	0	1	20341
40.7	0.25	0	1	20350
40.716	0.25	0	1	20358
40.732	0.25	0	1	20366
40.75	0.25	0	1	20375
40.766	0.25	0	1	20383
40.782	0.25	1	2	20391
40.8	0.25	1	2	20400
40.816	0.25	1	2	20408
40.832	0.25	1	2	20416
40.85	0.25	1	2	20425
40.866	0.25	1	2	20433
40.882	0.25	0	1	20441
40.9	0.25	0	1	20450
40.916	0.25	1	2	20458
40.932	0.25	1	2	20466
40.95	0.25	0	1	20475
40.966	0.25	0	1	20483
40.982	0.25	1	2	20491
41.0	0.25	1	2	20500
41.016	0.25	1	2	20508
41.032	0.25	1	2	20516
41.05	0.25	1	2	20525
41.066	0.25	1	2	20533
41.082	0.25	1	2	20541
41.1	0.25	1	2	20550
41.116	0.25	1	2	20558
41.132	0.25	1	2	20566
41.15	0.25	0	1	20575
41.166	0.25	0	1	20583
41.182	0.25	0	1	20591
41.2	0.25	0	1	20600
41.216	0.25	1	2	20608
41.232	0.25	1	2	20616
41.25	0.25	0	1	20625
41.266	0.25	0	1	20633
41.282	0.25	0	1	20641
41.3	0.25	0	1	20650
41.316	0.25	0	1	20658
41.332	0.25	0	1	20666
41.35	0.25	1	2	20675
41.366	0.25	1	2	20683
41.382	0.25	1	2	20691
42.866	0.25	1	2	21433
42.882	0.25	1	2	21441
42.9	0.25	1	2	21450
42.916	0.25	1	2	21458
42.932	0.25	1	2	21466
42.95	0.25	1	2	21475
42.966	0.25	1	2	21483
42.982	0.25	1	2	21491
43.0	0.25	1	2	21500
43.016	0.25	1	2	21508
43.032	0.25	1	2	21516
43.05	0.25	1	2	21525
43.066	0.25	1	2	21533
43.082	0.25	1	2	21541
43.1	0.25	0	1	21550
43.116	0.25	0	1	21558
43.132	0.25	0	1	21566
43.15	0.25	0	1	21575
43.166	0.25	1	2	21583
43.182	0.25	1	2	21591
43.2	0.25	1	2	21600
43.216	0.25	1	2	21608
43.232	0.25	0	1	21616
43.25	0.25	0	1	21625
43.266	0.25	0	1	21633
43.282	0.25	0	1	21641
43.3	0.25	1	2	21650
43.316	0.25	1	2	21658
43.332	0.25	1	2	21666
43.35	0.25	1	2	21675
43.366	0.25	0	1	21683
43.382	0.25	0	1	21691
43.4	0.25	0	1	21700
43.416	0.25	0	1	21708
43.432	0.25	1	2	21716
43.45	0.25	1	2	21725
43.466	0.25	0	1	21733
43.482	0.25	0	1	21741
43.5	0.25	1	2	21750
43.516	0.25	1	2	21758
43.532	0.25	1	2	21766
43.55	0.25	1	2	21775
43.566	0.25	0	1	21783
43.582	0.25	0	1	21791
43.6	0.25	1	2	21800
43.616	0.25	1	2	21808
43.632	0.25	0	1	21816
43.65	0.25	0	1	21825
43.666	0.25	0	1	21833
43.682	0.25	0	1	21841
43.7	0.25	1	2	21850
43.716	0.25	1	2	21858
43.732	0.25	0	1	21866
43.75	0.25	0	1	21875
43.766	0.25	1	2	21883
43.782	0.25	1	2	21891
43.8	0.25	1	2	21900
43.816	0.25	1	2	21908
43.832	0.25	1	2	21916
43.85	0.25	1	2	21925
43.866	0.25	0	1	21933
43.882	0.25	0	1	21941
43.9	0.25	0	1	21950
43.916	0.25	0	1	21958
43.932	0.25	0	1	21966
43.95	0.25	0	1	21975
43.966	0.25	1	2	21983
43.982	0.25	1	2	21991
44.0	0.25	0	1	22000
44.016	0.25	0	1	22008
44.032	0.25	1	2	22016
44.05	0.25	1	2	22025
44.066	0.25	1	2	22033
44.082	0.25	1	2	22041
44.1	0.25	1	2	22050
44.116	0.25	1	2	22058
44.132	0.25	0	1	22066
44.15	0.25	0	1	22075
44.166	0.25	0	1	22083
44.182	0.25	0	1	22091
44.2	0.25	1	2	22100
44.216	0.25	1	2	22108
44.232	0.25	0	1	22116
44.25	0.25	0	1	22125
44.266	0.25	1	2	22133
44.282	0.25	1	2	22141
44.3	0.25	0	1	22150
44.316	0.25	0	1	22158
44.332	0.25	0	1	22166
44.35	0.25	0	1	22175
44.366	0.25	0	1	22183
44.382	0.25	0	1	22191
44.4	0.25	1	2	22200
44.416	0.25	1	2	22208
44.432	0.25	1	2	22216
44.45	0.25	1	2	22225
44.466	0.25	0	1	22233
44.482	0.25	0	1	22241
44.5	0.25	1	2	22250
44.516	0.25	1	2	22258
44.532	0.25	0	1	22266
44.55	0.25	0	1	22275
44.566	0.25	0	1	22283
44.582	0.25	0	1	22291
44.6	0.25	0	1	22300
44.616	0.25	0	1	22308
44.632	0.25	1	2	22316
44.65	0.25	1	2	22325
44.666	0.25	0	1	22333
44.682	0.25	0	1	22341
44.7	0.25	1	2	22350
44.716	0.25	1	2	22358
44.732	0.25	0	1	22366
44.75	0.25	0	1	22375
44.766	0.25	0	1	22383
44.782	0.25	0	1	22391
44.8	0.25	1	2	22400
46.282	0.25	1	2	23141
46.3	0.25	1	2	23150
46.316	0.25	1	2	23158
46.332	0.25	1	2	23166
46.35	0.25	0	1	23175
46.366	0.25	0	1	23183
46.382	0.25	1	2	23191
46.4	0.25	1	2	23200
46.416	0.25	1	2	23208
46.432	0.25	1	2	23216
46.45	0.25	0	1	23225
46.466	0.25	0	1	23233
46.482	0.25	1	2	23241
46.5	0.25	1	2	23250
46.516	0.25	1	2	23258
46.532	0.25	1	2	23266
46.55	0.25	0	1	23275
46.566	0.25	0	1	23283
46.582	0.25	1	2	23291
46.6	0.25	1	2	23300
46.616	0.25	1	2	23308
46.632	0.25	1	2	23316
46.65	0.25	0	1	23325
46.666	0.25	0	1	23333
46.682	0.25	0	1	23341
46.7	0.25	0	1	23350
46.716	0.25	0	1	23358
46.732	0.25	0	1	23366
46.75	0.25	1	2	23375
46.766	0.25	1	2	23383
46.782	0.25	1	2	23391
46.8	0.25	1	2	23400
46.816	0.25	1	2	23408
46.832	0.25	1	2	23416
46.85	0.25	0	1	23425
46.866	0.25	0	1	23433
46.882	0.25	0	1	23441
46.9	0.25	0	1	23450
46.916	0.25	0	1	23458
46.932	0.25	0	1	23466
46.95	0.25	1	2	23475
46.966	0.25	1	2	23483
46.982	0.25	1	2	23491
47.0	0.25	1	2	23500
47.016	0.25	1	2	23508
47.032	0.25	1	2	23516
47.05	0.25	1	2	23525
47.066	0.25	1	2	23533
47.082	0.25	1	2	23541
47.1	0.25	1	2	23550
47.116	0.25	0	1	23558
47.132	0.25	0	1	23566
47.15	0.25	0	1	23575
47.166	0.25	0	1	23583
47.182	0.25	1	2	23591
47.2	0.25	1	2	23600
47.216	0.25	0	1	23608
47.232	0.25	0	1	23616
47.25	0.25	1	2	23625
47.266	0.25	1	2	23633
47.282	0.25	0	1	23641
47.3	0.25	0	1	23650
47.316	0.25	0	1	23658
47.332	0.25	0	1	23666
47.35	0.25	1	2	23675
47.366	0.25	1	2	23683
47.382	0.25	1	2	23691
47.4	0.25	1	2	23700
47.416	0.25	0	1	23708
47.432	0.25	0	1	23716
47.45	0.25	0	1	23725
47.466	0.25	0	1	23733
47.482	0.25	0	1	23741
47.5	0.25	0	1	23750
47.516	0.25	0	1	23758
47.532	0.25	0	1	23766
47.55	0.25	1	2	23775
47.566	0.25	1	2	23783
47.582	0.25	0	1	23791
47.6	0.25	0	1	23800
47.616	0.25	0	1	23808
47.632	0.25	0	1	23816
47.65	0.25	0	1	23825
47.666	0.25	0	1	23833
47.682	0.25	0	1	23841
47.7	0.25	0	1	23850
47.716	0.25	1	2	23858
47.732	0.25	1	2	23866
47.75	0.25	1	2	23875
47.766	0.25	1	2	23883
47.782	0.25	1	2	23891
47.8	0.25	1	2	23900
47.816	0.25	1	2	23908
47.832	0.25	1	2	23916
47.85	0.25	1	2	23925
47.866	0.25	1	2	23933
47.882	0.25	1	2	23941
47.9	0.25	1	2	23950
47.916	0.25	0	1	23958
47.932	0.25	0	1	23966
47.95	0.25	1	2	23975
47.966	0.25	1	2	23983
47.982	0.25	0	1	23991
48.0	0.25	0	1	24000
48.016	0.25	1	2	24008
48.032	0.25	1	2	24016
48.05	0.25	0	1	24025
48.066	0.25	0	1	24033
48.082	0.25	0	1	24041
48.1	0.25	0	1	24050
48.116	0.25	1	2	24058
48.132	0.25	1	2	24066
48.15	0.25	1	2	24075
48.166	0.25	1	2	24083
48.182	0.25	0	1	24091
48.2	0.25	0	1	24100
48.216	0.25	0	1	24108
49.7	0.25	1	2	24850
49.716	0.25	1	2	24858
49.732	0.25	1	2	24866
49.75	0.25	1	2	24875
49.766	0.25	0	1	24883
49.782	0.25	0	1	24891
49.8	0.25	0	1	24900
49.816	0.25	0	1	24908
49.832	0.25	0	1	24916
49.85	0.25	0	1	24925
49.866	0.25	0	1	24933
49.882	0.25	0	1	24941
49.9	0.25	1	2	24950
49.916	0.25	1	2	24958
49.932	0.25	0	1	24966
49.95	0.25	0	1	24975
49.966	0.25	0	1	24983
49.982	0.25	0	1	24991
50.0	0.25	1	2	25000
50.016	0.25	1	2	25008
50.032	0.25	1	2	25016
50.05	0.25	1	2	25025
50.066	0.25	0	1	25033
50.082	0.25	0	1	25041
50.1	0.25	0	1	25050
50.116	0.25	0	1	25058
50.132	0.25	0	1	25066
50.15	0.25	0	1	25075
50.166	0.25	0	1	25083
50.182	0.25	0	1	25091
50.2	0.25	0	1	25100
50.216	0.25	0	1	25108
50.232	0.25	0	1	25116
50.25	0.25	0	1	25125
50.266	0.25	1	2	25133
50.282	0.25	1	2	25141
50.3	0.25	0	1	25150
50.316	0.25	0	1	25158
50.332	0.25	1	2	25166
50.35	0.25	1	2	25175
50.366	0.25	1	2	25183
50.382	0.25	1	2	25191
50.4	0.25	0	1	25200
50.416	0.25	0	1	25208
50.432	0.25	1	2	25216
50.45	0.25	1	2	25225
50.466	0.25	0	1	25233
50.482	0.25	0	1	25241
50.5	0.25	1	2	25250
50.516	0.25	1	2	25258
50.532	0.25	0	1	25266
50.55	0.25	0	1	25275
50.566	0.25	1	2	25283
50.582	0.25	1	2	25291
50.6	0.25	0	1	25300
50.616	0.25	0	1	25308
50.632	0.25	0	1	25316
50.65	0.25	0	1	25325
50.666	0.25	0	1	25333
50.682	0.25	0	1	25341
50.7	0.25	1	2	25350
50.716	0.25	1	2	25358
50.732	0.25	1	2	25366
50.75	0.25	1	2	25375
50.766	0.25	1	2	25383
50.782	0.25	1	2	25391
50.8	0.25	0	1	25400
50.816	0.25	0	1	25408
50.832	0.25	1	2	25416
50.85	0.25	1	2	25425
50.866	0.25	1	2	25433
50.882	0.25	1	2	25441
50.9	0.25	1	2	25450
50.916	0.25	1	2	25458
50.932	0.25	0	1	25466
50.95	0.25	0	1	25475
50.966	0.25	1	2	25483
50.982	0.25	1	2	25491
51.0	0.25	0	1	25500
51.016	0.25	0	1	25508
51.032	0.25	1	2	25516
51.05	0.25	1	2	25525
51.066	0.25	1	2	25533
51.082	0.25	1	2	25541
51.1	0.25	0	1	25550
51.116	0.25	0	1	25558
51.132	0.25	0	1	25566
51.15	0.25	0	1	25575
51.166	0.25	0	1	25583
51.182	0.25	0	1	25591
51.2	0.25	1	2	25600
51.216	0.25	1	2	25608
51.232	0.25	1	2	25616
51.25	0.25	1	2	25625
51.266	0.25	0	1	25633
51.282	0.25	0	1	25641
51.3	0.25	1	2	25650
51.316	0.25	1	2	25658
51.332	0.25	1	2	25666
51.35	0.25	1	2	25675
51.366	0.25	1	2	25683
51.382	0.25	1	2	25691
51.4	0.25	0	1	25700
51.416	0.25	0	1	25708
51.432	0.25	0	1	25716
51.45	0.25	0	1	25725
51.466	0.25	0	1	25733
51.482	0.25	0	1	25741
51.5	0.25	0	1	25750
51.516	0.25	0	1	25758
51.532	0.25	0	1	25766
51.55	0.25	0	1	25775
51.566	0.25	1	2	25783
51.582	0.25	1	2	25791
51.6	0.25	1	2	25800
51.616	0.25	1	2	25808
51.632	0.25	1	2	25816
54.4	0.25	1	2	27200
54.416	0.25	1	2	27208
54.432	0.25	1	2	27216
54.45	0.25	1	2	27225
54.466	0.25	0	1	27233
54.482	0.25	0	1	27241
54.5	0.25	1	2	27250
54.516	0.25	1	2	27258
54.532	0.25	1	2	27266
54.55	0.25	1	2	27275
54.566	0.25	0	1	27283
54.582	0.25	0	1	27291
54.6	0.25	1	2	27300
54.616	0.25	1	2	27308
54.632	0.25	1	2	27316
54.65	0.25	1	2	27325
54.666	0.25	0	1	27333
54.682	0.25	0	1	27341
54.7	0.25	1	2	27350
54.716	0.25	1	2	27358
54.732	0.25	1	2	27366
54.75	0.25	1	2	27375
54.766	0.25	0	1	27383
54.782	0.25	0	1	27391
54.8	0.25	0	1	27400
54.816	0.25	0	1	27408
54.832	0.25	0	1	27416
54.85	0.25	0	1	27425
54.866	0.25	1	2	27433
54.882	0.25	1	2	27441
54.9	0.25	1	2	27450
54.916	0.25	1	2	27458
54.932	0.25	1	2	27466
54.95	0.25	1	2	27475
54.966	0.25	0	1	27483
54.982	0.25	0	1	27491
55.0	0.25	0	1	27500
55.016	0.25	0	1	27508
55.032	0.25	0	1	27516
55.05	0.25	0	1	27525
55.066	0.25	1	2	27533
55.082	0.25	1	2	27541
55.1	0.25	1	2	27550
55.116	0.25	1	2	27558
55.132	0.25	1	2	27566
55.15	0.25	1	2	27575
55.166	0.25	1	2	27583
55.182	0.25	1	2	27591
55.2	0.25	1	2	27600
55.216	0.25	1	2	27608
55.232	0.25	0	1	27616
55.25	0.25	0	1	27625
55.266	0.25	0	1	27633
55.282	0.25	0	1	27641
55.3	0.25	1	2	27650
55.316	0.25	1	2	27658
55.332	0.25	0	1	27666
55.35	0.25	0	1	27675
55.366	0.25	1	2	27683
55.382	0.25	1	2	27691
55.4	0.25	0	1	27700
55.416	0.25	0	1	27708
55.432	0.25	0	1	27716
55.45	0.25	0	1	27725
55.466	0.25	1	2	27733
55.482	0.25	1	2	27741
55.5	0.25	1	2	27750
55.516	0.25	1	2	27758
55.532	0.25	0	1	27766
55.55	0.25	0	1	27775
55.566	0.25	0	1	27783
55.582	0.25	0	1	27791
55.6	0.25	0	1	27800
55.616	0.25	0	1	27808
55.632	0.25	0	1	27816
55.65	0.25	0	1	27825
55.666	0.25	1	2	27833
55.682	0.25	1	2	27841
55.7	0.25	0	1	27850
55.716	0.25	0	1	27858
55.732	0.25	0	1	27866
55.75	0.25	0	1	27875
55.766	0.25	0	1	27883
55.782	0.25	0	1	27891
55.8	0.25	0	1	27900
55.816	0.25	0	1	27908
55.832	0.25	1	2	27916
55.85	0.25	1	2	27925
55.866	0.25	1	2	27933
55.882	0.25	1	2	27941
55.9	0.25	1	2	27950
55.916	0.25	1	2	27958
55.932	0.25	1	2	27966
55.95	0.25	1	2	27975
55.966	0.25	1	2	27983
55.982	0.25	1	2	27991
56.0	0.25	1	2	28000
56.016	0.25	1	2	28008
56.032	0.25	0	1	28016
56.05	0.25	0	1	28025
56.066	0.25	1	2	28033
56.082	0.25	1	2	28041
56.1	0.25	0	1	28050
56.116	0.25	0	1	28058
56.132	0.25	1	2	28066
56.15	0.25	1	2	28075
56.166	0.25	0	1	28083
56.182	0.25	0	1	28091
56.2	0.25	0	1	28100
56.216	0.25	0	1	28108
56.232	0.25	1	2	28116
56.25	0.25	1	2	28125
56.266	0.25	1	2	28133
56.282	0.25	1	2	28141
56.3	0.25	0	1	28150
56.316	0.25	0	1	28158
56.332	0.25	0	1	28166
57.816	0.25	1	2	28908
57.832	0.25	1	2	28916
57.85	0.25	1	2	28925
57.866	0.25	1	2	28933
57.882	0.25	1	2	28941
57.9	0.25	1	2	28950
57.916	0.25	1	2	28958
57.932	0.25	1	2	28966
57.95	0.25	1	2	28975
57.966	0.25	1	2	28983
57.982	0.25	1	2	28991
58.0	0.25	1	2	29000
58.016	0.25	1	2	29008
58.032	0.25	1	2	29016
58.05	0.25	0	1	29025
58.066	0.25	0	1	29033
58.082	0.25	0	1	29041
58.1	0.25	0	1	29050
58.116	0.25	1	2	29058
58.132	0.25	1	2	29066
58.15	0.25	1	2	29075
58.166	0.25	1	2	29083
58.182	0.25	0	1	29091
58.2	0.25	0	1	29100
58.216	0.25	0	1	29108
58.232	0.25	0	1	29116
58.25	0.25	1	2	29125
58.266	0.25	1	2	29133
58.282	0.25	1	2	29141
58.3	0.25	1	2	29150
58.316	0.25	0	1	29158
58.332	0.25	0	1	29166
58.35	0.25	0	1	29175
58.366	0.25	0	1	29183
58.382	0.25	1	2	29191
58.4	0.25	1	2	29200
58.416	0.25	0	1	29208
58.432	0.25	0	1	29216
58.45	0.25	1	2	29225
58.466	0.25	1	2	29233
58.482	0.25	1	2	29241
58.5	0.25	1	2	29250
58.516	0.25	0	1	29258
58.532	0.25	0	1	29266
58.55	0.25	1	2	29275
58.566	0.25	1	2	29283
58.582	0.25	0	1	29291
58.6	0.25	0	1	29300
58.616	0.25	0	1	29308
58.632	0.25	0	1	29316
58.65	0.25	1	2	29325
58.666	0.25	1	2	29333
58.682	0.25	0	1	29341
58.7	0.25	0	1	29350
58.716	0.25	1	2	29358
58.732	0.25	1	2	29366
58.75	0.25	1	2	29375
58.766	0.25	1	2	29383
58.782	0.25	1	2	29391
58.8	0.25	1	2	29400
58.816	0.25	0	1	29408
58.832	0.25	0	1	29416
58.85	0.25	0	1	29425
58.866	0.25	0	1	29433
58.882	0.25	0	1	29441
58.9	0.25	0	1	29450
58.916	0.25	1	2	29458
58.932	0.25	1	2	29466
58.95	0.25	0	1	29475
58.966	0.25	0	1	29483
58.982	0.25	1	2	29491
59.0	0.25	1	2	29500
59.016	0.25	1	2	29508
59.032	0.25	1	2	29516
59.05	0.25	1	2	29525
59.066	0.25	1	2	29533
59.082	0.25	0	1	29541
59.1	0.25	0	1	29550
59.116	0.25	0	1	29558
59.132	0.25	0	1	29566
59.15	0.25	1	2	29575
59.166	0.25	1	2	29583
59.182	0.25	0	1	29591
59.2	0.25	0	1	29600
59.216	0.25	1	2	29608
59.232	0.25	1	2	29616
59.25	0.25	0	1	29625
59.266	0.25	0	1	29633
59.282	0.25	0	1	29641
59.3	0.25	0	1	29650
59.316	0.25	0	1	29658
59.332	0.25	0	1	29666
59.35	0.25	1	2	29675
59.366	0.25	1	2	29683
59.382	0.25	1	2	29691
59.4	0.25	1	2	29700
59.416	0.25	0	1	29708
59.432	0.25	0	1	29716
59.45	0.25	1	2	29725
59.466	0.25	1	2	29733
59.482	0.25	0	1	29741
59.5	0.25	0	1	29750
59.516	0.25	0	1	29758
59.532	0.25	0	1	29766
59.55	0.25	0	1	29775
59.566	0.25	0	1	29783
59.582	0.25	1	2	29791
59.6	0.25	1	2	29800
59.616	0.25	0	1	29808
59.632	0.25	0	1	29816
59.65	0.25	1	2	29825
59.666	0.25	1	2	29833
59.682	0.25	0	1	29841
59.7	0.25	0	1	29850
59.716	0.25	0	1	29858
59.732	0.25	0	1	29866
59.75	0.25	1	2	29875
61.232	0.25	1	2	30616
61.25	0.25	1	2	30625
61.266	0.25	1	2	30633
61.282	0.25	1	2	30641
61.3	0.25	0	1	30650
61.316	0.25	0	1	30658
61.332	0.25	0	1	30666
61.35	0.25	0	1	30675
61.366	0.25	0	1	30683
61.382	0.25	0	1	30691
61.4	0.25	0	1	30700
61.416	0.25	0	1	30708
61.432	0.25	1	2	30716
61.45	0.25	1	2	30725
61.466	0.25	0	1	30733
61.482	0.25	0	1	30741
61.5	0.25	0	1	30750
61.516	0.25	0	1	30758
61.532	0.25	1	2	30766
61.55	0.25	1	2	30775
61.566	0.25	1	2	30783
61.582	0.25	1	2	30791
61.6	0.25	0	1	30800
61.616	0.25	0	1	30808
61.632	0.25	0	1	30816
61.65	0.25	0	1	30825
61.666	0.25	0	1	30833
61.682	0.25	0	1	30841
61.7	0.25	0	1	30850
61.716	0.25	0	1	30858
61.732	0.25	0	1	30866
61.75	0.25	0	1	30875
61.766	0.25	0	1	30883
61.782	0.25	0	1	30891
61.8	0.25	1	2	30900
61.816	0.25	1	2	30908
61.832	0.25	0	1	30916
61.85	0.25	0	1	30925
61.866	0.25	1	2	30933
61.882	0.25	1	2	30941
61.9	0.25	1	2	30950
61.916	0.25	1	2	30958
61.932	0.25	0	1	30966
61.95	0.25	0	1	30975
61.966	0.25	1	2	30983
61.982	0.25	1	2	30991
62.0	0.25	0	1	31000
62.016	0.25	0	1	31008
62.032	0.25	1	2	31016
62.05	0.25	1	2	31025
62.066	0.25	0	1	31033
62.082	0.25	0	1	31041
62.1	0.25	1	2	31050
62.116	0.25	1	2	31058
62.132	0.25	0	1	31066
62.15	0.25	0	1	31075
62.166	0.25	0	1	31083
62.182	0.25	0	1	31091
62.2	0.25	0	1	31100
62.216	0.25	0	1	31108
62.232	0.25	1	2	31116
62.25	0.25	1	2	31125
62.266	0.25	1	2	31133
62.282	0.25	1	2	31141
62.3	0.25	1	2	31150
62.316	0.25	1	2	31158
62.332	0.25	0	1	31166
62.35	0.25	0	1	31175
62.366	0.25	1	2	31183
62.382	0.25	1	2	31191
62.4	0.25	1	2	31200
62.416	0.25	1	2	31208
62.432	0.25	1	2	31216
62.45	0.25	1	2	31225
62.466	0.25	0	1	31233
62.482	0.25	0	1	31241
62.5	0.25	1	2	31250
62.516	0.25	1	2	31258
62.532	0.25	0	1	31266
62.55	0.25	0	1	31275
62.566	0.25	1	2	31283
62.582	0.25	1	2	31291
62.6	0.25	1	2	31300
62.616	0.25	1	2	31308
62.632	0.25	0	1	31316
62.65	0.25	0	1	31325
62.666	0.25	0	1	31333
62.682	0.25	0	1	31341
62.7	0.25	0	1	31350
62.716	0.25	0	1	31358
62.732	0.25	1	2	31366
62.75	0.25	1	2	31375
62.766	0.25	1	2	31383
62.782	0.25	1	2	31391
62.8	0.25	0	1	31400
62.816	0.25	0	1	31408
62.832	0.25	1	2	31416
62.85	0.25	1	2	31425
62.866	0.25	1	2	31433
62.882	0.25	1	2	31441
62.9	0.25	1	2	31450
62.916	0.25	1	2	31458
62.932	0.25	0	1	31466
62.95	0.25	0	1	31475
62.966	0.25	0	1	31483
62.982	0.25	0	1	31491
63.0	0.25	0	1	31500
63.016	0.25	0	1	31508
63.032	0.25	0	1	31516
63.05	0.25	0	1	31525
63.066	0.25	0	1	31533
63.082	0.25	0	1	31541
63.1	0.25	1	2	31550
63.116	0.25	1	2	31558
63.132	0.25	1	2	31566
63.15	0.25	1	2	31575
63.166	0.25	1	2	31583
64.65	0.25	0	1	32325
64.666	0.25	0	1	32333
64.682	0.25	0	1	32341
64.7	0.25	0	1	32350
64.716	0.25	1	2	32358
64.732	0.25	1	2	32366
64.75	0.25	1	2	32375
64.766	0.25	1	2	32383
64.782	0.25	0	1	32391
64.8	0.25	0	1	32400
64.816	0.25	0	1	32408
64.832	0.25	0	1	32416
64.848	0.25	0	1	32424
64.866	0.25	0	1	32433
64.882	0.25	0	1	32441
64.9	0.25	0	1	32450
64.916	0.25	1	2	32458
64.932	0.25	1	2	32466
64.95	0.25	1	2	32475
64.966	0.25	1	2	32483
64.982	0.25	1	2	32491
65.0	0.25	1	2	32500
65.016	0.25	1	2	32508
65.032	0.25	1	2	32516
65.05	0.25	1	2	32525
65.066	0.25	1	2	32533
65.082	0.25	0	1	32541
65.098	0.25	0	1	32549
65.116	0.25	0	1	32558
65.132	0.25	0	1	32566
65.15	0.25	0	1	32575
65.166	0.25	0	1	32583
65.182	0.25	0	1	32591
65.2	0.25	0	1	32600
65.216	0.25	0	1	32608
65.232	0.25	0	1	32616
65.25	0.25	0	1	32625
65.266	0.25	0	1	32633
65.282	0.25	1	2	32641
65.3	0.25	1	2	32650
65.316	0.25	1	2	32658
65.332	0.25	1	2	32666
65.348	0.25	0	1	32674
65.366	0.25	0	1	32683
65.382	0.25	0	1	32691
65.4	0.25	0	1	32700
65.416	0.25	1	2	32708
65.432	0.25	1	2	32716
65.45	0.25	0	1	32725
65.466	0.25	0	1	32733
65.482	0.25	1	2	32741
65.5	0.25	1	2	32750
65.516	0.25	0	1	32758
65.532	0.25	0	1	32766
65.55	0.25	1	2	32775
65.566	0.25	1	2	32783
65.582	0.25	0	1	32791
65.6	0.25	0	1	32800
65.616	0.25	1	2	32808
65.632	0.25	1	2	32816
65.65	0.25	1	2	32825
65.666	0.25	1	2	32833
65.682	0.25	0	1	32841
65.7	0.25	0	1	32850
65.716	0.25	1	2	32858
65.732	0.25	1	2	32866
65.75	0.25	0	1	32875
65.766	0.25	0	1	32883
65.782	0.25	0	1	32891
65.8	0.25	0	1	32900
65.816	0.25	0	1	32908
65.832	0.25	0	1	32916
65.85	0.25	1	2	32925
65.866	0.25	1	2	32933
65.882	0.25	0	1	32941
65.9	0.25	0	1	32950
65.916	0.25	0	1	32958
65.932	0.25	0	1	32966
65.95	0.25	0	1	32975
65.966	0.25	0	1	32983
65.982	0.25	1	2	32991
66.0	0.25	1	2	33000
66.016	0.25	1	2	33008
66.032	0.25	1	2	33016
66.05	0.25	1	2	33025
66.066	0.25	1	2	33033
66.082	0.25	0	1	33041
66.1	0.25	0	1	33050
66.116	0.25	1	2	33058
66.132	0.25	1	2	33066
66.15	0.25	0	1	33075
66.166	0.25	0	1	33083
66.182	0.25	1	2	33091
66.2	0.25	1	2	33100
66.216	0.25	1	2	33108
66.232	0.25	1	2	33116
66.25	0.25	1	2	33125
66.266	0.25	1	2	33133
66.282	0.25	1	2	33141
66.3	0.25	1	2	33150
66.316	0.25	1	2	33158
66.332	0.25	1	2	33166
66.35	0.25	0	1	33175
66.366	0.25	0	1	33183
66.382	0.25	0	1	33191
66.4	0.25	0	1	33200
66.416	0.25	1	2	33208
66.432	0.25	1	2	33216
66.45	0.25	0	1	33225
66.466	0.25	0	1	33233
66.482	0.25	0	1	33241
66.5	0.25	0	1	33250
66.516	0.25	0	1	33258
66.532	0.25	0	1	33266
66.55	0.25	1	2	33275
66.566	0.25	1	2	33283
66.582	0.25	1	2	33291
69.566	0.25	0	1	34783
69.582	0.25	0	1	34791
69.6	0.25	0	1	34800
69.616	0.25	0	1	34808
69.632	0.25	1	2	34816
69.65	0.25	1	2	34825
69.666	0.25	1	2	34833
69.682	0.25	1	2	34841
69.7	0.25	0	1	34850
69.716	0.25	0	1	34858
69.732	0.25	0	1	34866
69.75	0.25	0	1	34875
69.766	0.25	0	1	34883
69.782	0.25	0	1	34891
69.8	0.25	0	1	34900
69.816	0.25	0	1	34908
69.832	0.25	1	2	34916
69.85	0.25	1	2	34925
69.866	0.25	1	2	34933
69.882	0.25	1	2	34941
69.9	0.25	1	2	34950
69.916	0.25	1	2	34958
69.932	0.25	1	2	34966
69.95	0.25	1	2	34975
69.966	0.25	1	2	34983
69.982	0.25	1	2	34991
70.0	0.25	0	1	35000
70.016	0.25	0	1	35008
70.032	0.25	0	1	35016
70.05	0.25	0	1	35025
70.066	0.25	0	1	35033
70.082	0.25	0	1	35041
70.1	0.25	0	1	35050
70.116	0.25	0	1	35058
70.132	0.25	0	1	35066
70.15	0.25	0	1	35075
70.166	0.25	0	1	35083
70.182	0.25	0	1	35091
70.2	0.25	1	2	35100
70.216	0.25	1	2	35108
70.232	0.25	1	2	35116
70.25	0.25	1	2	35125
70.266	0.25	0	1	35133
70.282	0.25	0	1	35141
70.3	0.25	0	1	35150
70.316	0.25	0	1	35158
70.332	0.25	1	2	35166
70.35	0.25	1	2	35175
70.366	0.25	0	1	35183
70.382	0.25	0	1	35191
70.4	0.25	1	2	35200
70.416	0.25	1	2	35208
70.432	0.25	0	1	35216
70.45	0.25	0	1	35225
70.466	0.25	1	2	35233
70.482	0.25	1	2	35241
70.5	0.25	0	1	35250
70.516	0.25	0	1	35258
70.532	0.25	1	2	35266
70.55	0.25	1	2	35275
70.566	0.25	1	2	35283
70.582	0.25	1	2	35291
70.6	0.25	0	1	35300
70.616	0.25	0	1	35308
70.632	0.25	1	2	35316
70.65	0.25	1	2	35325
70.666	0.25	0	1	35333
70.682	0.25	0	1	35341
70.7	0.25	0	1	35350
70.716	0.25	0	1	35358
70.732	0.25	0	1	35366
70.75	0.25	0	1	35375
70.766	0.25	1	2	35383
70.782	0.25	1	2	35391
70.8	0.25	0	1	35400
70.816	0.25	0	1	35408
70.832	0.25	0	1	35416
70.85	0.25	0	1	35425
70.866	0.25	0	1	35433
70.882	0.25	0	1	35441
70.9	0.25	1	2	35450
70.916	0.25	1	2	35458
70.932	0.25	1	2	35466
70.95	0.25	1	2	35475
70.966	0.25	1	2	35483
70.982	0.25	1	2	35491
71.0	0.25	0	1	35500
71.016	0.25	0	1	35508
71.032	0.25	1	2	35516
71.05	0.25	1	2	35525
71.066	0.25	0	1	35533
71.082	0.25	0	1	35541
71.1	0.25	1	2	35550
71.116	0.25	1	2	35558
71.132	0.25	1	2	35566
71.15	0.25	1	2	35575
71.166	0.25	1	2	35583
71.182	0.25	1	2	35591
71.2	0.25	1	2	35600
71.216	0.25	1	2	35608
71.232	0.25	1	2	35616
71.25	0.25	1	2	35625
71.266	0.25	0	1	35633
71.282	0.25	0	1	35641
71.3	0.25	0	1	35650
71.316	0.25	0	1	35658
71.332	0.25	1	2	35666
71.35	0.25	1	2	35675
71.366	0.25	0	1	35683
71.382	0.25	0	1	35691
71.4	0.25	0	1	35700
71.416	0.25	0	1	35708
71.432	0.25	0	1	35716
71.45	0.25	0	1	35725
71.466	0.25	1	2	35733
71.482	0.25	1	2	35741
71.5	0.25	1	2	35750
72.982	0.25	1	2	36491
73.0	0.25	1	2	36500
73.016	0.25	1	2	36508
73.032	0.25	1	2	36516
73.05	0.25	0	1	36525
73.066	0.25	0	1	36533
73.082	0.25	0	1	36541
73.1	0.25	0	1	36550
73.116	0.25	0	1	36558
73.132	0.25	0	1	36566
73.15	0.25	0	1	36575
73.166	0.25	0	1	36583
73.182	0.25	1	2	36591
73.2	0.25	1	2	36600
73.216	0.25	0	1	36608
73.232	0.25	0	1	36616
73.25	0.25	0	1	36625
73.266	0.25	0	1	36633
73.282	0.25	1	2	36641
73.3	0.25	1	2	36650
73.316	0.25	1	2	36658
73.332	0.25	1	2	36666
73.35	0.25	0	1	36675
73.366	0.25	0	1	36683
73.382	0.25	0	1	36691
73.4	0.25	0	1	36700
73.416	0.25	0	1	36708
73.432	0.25	0	1	36716
73.45	0.25	0	1	36725
73.466	0.25	0	1	36733
73.482	0.25	0	1	36741
73.5	0.25	0	1	36750
73.516	0.25	0	1	36758
73.532	0.25	0	1	36766
73.55	0.25	1	2	36775
73.566	0.25	1	2	36783
73.582	0.25	0	1	36791
73.6	0.25	0	1	36800
73.616	0.25	1	2	36808
73.632	0.25	1	2	36816
73.65	0.25	1	2	36825
73.666	0.25	1	2	36833
73.682	0.25	0	1	36841
73.7	0.25	0	1	36850
73.716	0.25	1	2	36858
73.732	0.25	1	2	36866
73.75	0.25	0	1	36875
73.766	0.25	0	1	36883
73.782	0.25	1	2	36891
73.8	0.25	1	2	36900
73.816	0.25	0	1	36908
73.832	0.25	0	1	36916
73.85	0.25	1	2	36925
73.866	0.25	1	2	36933
73.882	0.25	0	1	36941
73.9	0.25	0	1	36950
73.916	0.25	0	1	36958
73.932	0.25	0	1	36966
73.95	0.25	0	1	36975
73.966	0.25	0	1	36983
73.982	0.25	1	2	36991
74.0	0.25	1	2	37000
74.016	0.25	1	2	37008
74.032	0.25	1	2	37016
74.05	0.25	1	2	37025
74.066	0.25	1	2	37033
74.082	0.25	0	1	37041
74.1	0.25	0	1	37050
74.116	0.25	1	2	37058
74.132	0.25	1	2	37066
74.15	0.25	1	2	37075
74.166	0.25	1	2	37083
74.182	0.25	1	2	37091
74.2	0.25	1	2	37100
74.216	0.25	0	1	37108
74.232	0.25	0	1	37116
74.25	0.25	1	2	37125
74.266	0.25	1	2	37133
74.282	0.25	0	1	37141
74.3	0.25	0	1	37150
74.316	0.25	1	2	37158
74.332	0.25	1	2	37166
74.35	0.25	1	2	37175
74.366	0.25	1	2	37183
74.382	0.25	0	1	37191
74.4	0.25	0	1	37200
74.416	0.25	0	1	37208
74.432	0.25	0	1	37216
74.45	0.25	0	1	37225
74.466	0.25	0	1	37233
74.482	0.25	1	2	37241
74.5	0.25	1	2	37250
74.516	0.25	1	2	37258
74.532	0.25	1	2	37266
74.55	0.25	0	1	37275
74.566	0.25	0	1	37283
74.582	0.25	1	2	37291
74.6	0.25	1	2	37300
74.616	0.25	1	2	37308
74.632	0.25	1	2	37316
74.65	0.25	1	2	37325
74.666	0.25	1	2	37333
74.682	0.25	0	1	37341
74.7	0.25	0	1	37350
74.716	0.25	0	1	37358
74.732	0.25	0	1	37366
74.75	0.25	0	1	37375
74.766	0.25	0	1	37383
74.782	0.25	0	1	37391
74.8	0.25	0	1	37400
74.816	0.25	0	1	37408
74.832	0.25	0	1	37416
74.85	0.25	1	2	37425
74.866	0.25	1	2	37433
74.882	0.25	1	2	37441
74.9	0.25	1	2	37450
74.916	0.25	1	2	37458
76.4	0.25	1	2	38200
76.416	0.25	1	2	38208
76.432	0.25	1	2	38216
76.45	0.25	1	2	38225
76.466	0.25	0	1	38233
76.482	0.25	0	1	38241
76.5	0.25	1	2	38250
76.516	0.25	1	2	38258
76.532	0.25	1	2	38266
76.55	0.25	1	2	38275
76.566	0.25	0	1	38283
76.582	0.25	0	1	38291
76.6	0.25	1	2	38300
76.616	0.25	1	2	38308
76.632	0.25	1	2	38316
76.65	0.25	1	2	38325
76.666	0.25	0	1	38333
76.682	0.25	0	1	38341
76.7	0.25	1	2	38350
76.716	0.25	1	2	38358
76.732	0.25	1	2	38366
76.75	0.25	1	2	38375
76.766	0.25	0	1	38383
76.782	0.25	0	1	38391
76.8	0.25	0	1	38400
76.816	0.25	0	1	38408
76.832	0.25	0	1	38416
76.85	0.25	0	1	38425
76.866	0.25	1	2	38433
76.882	0.25	1	2	38441
76.9	0.25	1	2	38450
76.916	0.25	1	2	38458
76.932	0.25	1	2	38466
76.95	0.25	1	2	38475
76.966	0.25	0	1	38483
76.982	0.25	0	1	38491
77.0	0.25	0	1	38500
77.016	0.25	0	1	38508
77.032	0.25	0	1	38516
77.05	0.25	0	1	38525
77.066	0.25	1	2	38533
77.082	0.25	1	2	38541
77.1	0.25	1	2	38550
77.116	0.25	1	2	38558
77.132	0.25	1	2	38566
77.15	0.25	1	2	38575
77.166	0.25	1	2	38583
77.182	0.25	1	2	38591
77.2	0.25	1	2	38600
77.216	0.25	1	2	38608
77.232	0.25	0	1	38616
77.25	0.25	0	1	38625
77.266	0.25	0	1	38633
77.282	0.25	0	1	38641
77.3	0.25	1	2	38650
77.316	0.25	1	2	38658
77.332	0.25	0	1	38666
77.35	0.25	0	1	38675
77.366	0.25	1	2	38683
77.382	0.25	1	2	38691
77.4	0.25	0	1	38700
77.416	0.25	0	1	38708
77.432	0.25	0	1	38716
77.45	0.25	0	1	38725
77.466	0.25	1	2	38733
77.482	0.25	1	2	38741
77.5	0.25	1	2	38750
77.516	0.25	1	2	38758
77.532	0.25	0	1	38766
77.55	0.25	0	1	38775
77.566	0.25	0	1	38783
77.582	0.25	0	1	38791
77.6	0.25	0	1	38800
77.616	0.25	0	1	38808
77.632	0.25	0	1	38816
77.65	0.25	0	1	38825
77.666	0.25	1	2	38833
77.682	0.25	1	2	38841
77.7	0.25	0	1	38850
77.716	0.25	0	1	38858
77.732	0.25	0	1	38866
77.75	0.25	0	1	38875
77.766	0.25	0	1	38883
77.782	0.25	0	1	38891
77.8	0.25	0	1	38900
77.816	0.25	0	1	38908
77.832	0.25	1	2	38916
77.85	0.25	1	2	38925
77.866	0.25	1	2	38933
77.882	0.25	1	2	38941
77.9	0.25	1	2	38950
77.916	0.25	1	2	38958
77.932	0.25	1	2	38966
77.95	0.25	1	2	38975
77.966	0.25	1	2	38983
77.982	0.25	1	2	38991
78.0	0.25	1	2	39000
78.016	0.25	1	2	39008
78.032	0.25	0	1	39016
78.05	0.25	0	1	39025
78.066	0.25	1	2	39033
78.082	0.25	1	2	39041
78.1	0.25	0	1	39050
78.116	0.25	0	1	39058
78.132	0.25	1	2	39066
78.15	0.25	1	2	39075
78.166	0.25	0	1	39083
78.182	0.25	0	1	39091
78.2	0.25	0	1	39100
78.216	0.25	0	1	39108
78.232	0.25	1	2	39116
78.25	0.25	1	2	39125
78.266	0.25	1	2	39133
78.282	0.25	1	2	39141
78.3	0.25	0	1	39150
78.316	0.25	0	1	39158
78.332	0.25	0	1	39166
79.816	0.25	1	2	39908
79.832	0.25	1	2	39916
79.85	0.25	1	2	39925
79.866	0.25	1	2	39933
79.882	0.25	1	2	39941
79.9	0.25	1	2	39950
79.916	0.25	1	2	39958
79.932	0.25	1	2	39966
79.95	0.25	1	2	39975
79.966	0.25	1	2	39983
79.982	0.25	1	2	39991
80.0	0.25	1	2	40000
80.016	0.25	1	2	40008
80.032	0.25	1	2	40016
80.05	0.25	0	1	40025
80.066	0.25	0	1	40033
80.082	0.25	0	1	40041
80.1	0.25	0	1	40050
80.116	0.25	1	2	40058
80.132	0.25	1	2	40066
80.15	0.25	1	2	40075
80.166	0.25	1	2	40083
80.182	0.25	0	1	40091
80.2	0.25	0	1	40100
80.216	0.25	0	1	40108
80.232	0.25	0	1	40116
80.25	0.25	1	2	40125
80.266	0.25	1	2	40133
80.282	0.25	1	2	40141
80.3	0.25	1	2	40150
80.316	0.25	0	1	40158
80.332	0.25	0	1	40166
80.35	0.25	0	1	40175
80.366	0.25	0	1	40183
80.382	0.25	1	2	40191
80.4	0.25	1	2	40200
80.416	0.25	0	1	40208
80.432	0.25	0	1	40216
80.45	0.25	1	2	40225
80.466	0.25	1	2	40233
80.482	0.25	1	2	40241
80.5	0.25	1	2	40250
80.516	0.25	0	1	40258
80.532	0.25	0	1	40266
80.55	0.25	1	2	40275
80.566	0.25	1	2	40283
80.582	0.25	0	1	40291
80.6	0.25	0	1	40300
80.616	0.25	0	1	40308
80.632	0.25	0	1	40316
80.65	0.25	1	2	40325
80.666	0.25	1	2	40333
80.682	0.25	0	1	40341
80.7	0.25	0	1	40350
80.716	0.25	1	2	40358
80.732	0.25	1	2	40366
80.75	0.25	1	2	40375
80.766	0.25	1	2	40383
80.782	0.25	1	2	40391
80.8	0.25	1	2	40400
80.816	0.25	0	1	40408
80.832	0.25	0	1	40416
80.85	0.25	0	1	40425
80.866	0.25	0	1	40433
80.882	0.25	0	1	40441
80.9	0.25	0	1	40450
80.916	0.25	1	2	40458
80.932	0.25	1	2	40466
80.95	0.25	0	1	40475
80.966	0.25	0	1	40483
80.982	0.25	1	2	40491
81.0	0.25	1	2	40500
81.016	0.25	1	2	40508
81.032	0.25	1	2	40516
81.05	0.25	1	2	40525
81.066	0.25	1	2	40533
81.082	0.25	0	1	40541
81.1	0.25	0	1	40550
81.116	0.25	0	1	40558
81.132	0.25	0	1	40566
81.15	0.25	1	2	40575
81.166	0.25	1	2	40583
81.182	0.25	0	1	40591
81.2	0.25	0	1	40600
81.216	0.25	1	2	40608
81.232	0.25	1	2	40616
81.25	0.25	0	1	40625
81.266	0.25	0	1	40633
81.282	0.25	0	1	40641
81.3	0.25	0	1	40650
81.316	0.25	0	1	40658
81.332	0.25	0	1	40666
81.35	0.25	1	2	40675
81.366	0.25	1	2	40683
81.382	0.25	1	2	40691
81.4	0.25	1	2	40700
81.416	0.25	0	1	40708
81.432	0.25	0	1	40716
81.45	0.25	1	2	40725
81.466	0.25	1	2	40733
81.482	0.25	0	1	40741
81.5	0.25	0	1	40750
81.516	0.25	0	1	40758
81.532	0.25	0	1	40766
81.55	0.25	0	1	40775
81.566	0.25	0	1	40783
81.582	0.25	1	2	40791
81.6	0.25	1	2	40800
81.616	0.25	0	1	40808
81.632	0.25	0	1	40816
81.65	0.25	1	2	40825
81.666	0.25	1	2	40833
81.682	0.25	0	1	40841
81.7	0.25	0	1	40850
81.716	0.25	0	1	40858
81.732	0.25	0	1	40866
81.75	0.25	1	2	40875
84.466	0.25	1	2	42233
84.482	0.25	1	2	42241
84.5	0.25	1	2	42250
84.516	0.25	1	2	42258
84.532	0.25	0	1	42266
84.55	0.25	0	1	42275
84.566	0.25	1	2	42283
84.582	0.25	1	2	42291
84.6	0.25	1	2	42300
84.616	0.25	1	2	42308
84.632	0.25	0	1	42316
84.65	0.25	0	1	42325
84.666	0.25	1	2	42333
84.682	0.25	1	2	42341
84.7	0.25	1	2	42350
84.716	0.25	1	2	42358
84.732	0.25	0	1	42366
84.75	0.25	0	1	42375
84.766	0.25	1	2	42383
84.782	0.25	1	2	42391
84.8	0.25	1	2	42400
84.816	0.25	1	2	42408
84.832	0.25	0	1	42416
84.85	0.25	0	1	42425
84.866	0.25	0	1	42433
84.882	0.25	0	1	42441
84.9	0.25	0	1	42450
84.916	0.25	0	1	42458
84.932	0.25	1	2	42466
84.95	0.25	1	2	42475
84.966	0.25	1	2	42483
84.982	0.25	1	2	42491
85.0	0.25	1	2	42500
85.016	0.25	1	2	42508
85.032	0.25	0	1	42516
85.05	0.25	0	1	42525
85.066	0.25	0	1	42533
85.082	0.25	0	1	42541
85.1	0.25	0	1	42550
85.116	0.25	0	1	42558
85.132	0.25	1	2	42566
85.15	0.25	1	2	42575
85.166	0.25	1	2	42583
85.182	0.25	1	2	42591
85.2	0.25	1	2	42600
85.216	0.25	1	2	42608
85.232	0.25	1	2	42616
85.25	0.25	1	2	42625
85.266	0.25	1	2	42633
85.282	0.25	1	2	42641
85.3	0.25	0	1	42650
85.316	0.25	0	1	42658
85.332	0.25	0	1	42666
85.35	0.25	0	1	42675
85.366	0.25	1	2	42683
85.382	0.25	1	2	42691
85.4	0.25	0	1	42700
85.416	0.25	0	1	42708
85.432	0.25	1	2	42716
85.45	0.25	1	2	42725
85.466	0.25	0	1	42733
85.482	0.25	0	1	42741
85.5	0.25	0	1	42750
85.516	0.25	0	1	42758
85.532	0.25	1	2	42766
85.55	0.25	1	2	42775
85.566	0.25	1	2	42783
85.582	0.25	1	2	42791
85.6	0.25	0	1	42800
85.616	0.25	0	1	42808
85.632	0.25	0	1	42816
85.65	0.25	0	1	42825
85.666	0.25	0	1	42833
85.682	0.25	0	1	42841
85.7	0.25	0	1	42850
85.716	0.25	0	1	42858
85.732	0.25	1	2	42866
85.75	0.25	1	2	42875
85.766	0.25	0	1	42883
85.782	0.25	0	1	42891
85.8	0.25	0	1	42900
85.816	0.25	0	1	42908
85.832	0.25	0	1	42916
85.85	0.25	0	1	42925
85.866	0.25	0	1	42933
85.882	0.25	0	1	42941
85.9	0.25	1	2	42950
85.916	0.25	1	2	42958
85.932	0.25	1	2	42966
85.95	0.25	1	2	42975
85.966	0.25	1	2	42983
85.982	0.25	1	2	42991
86.0	0.25	1	2	43000
86.016	0.25	1	2	43008
86.032	0.25	1	2	43016
86.05	0.25	1	2	43025
86.066	0.25	1	2	43033
86.082	0.25	1	2	43041
86.1	0.25	0	1	43050
86.116	0.25	0	1	43058
86.132	0.25	1	2	43066
86.15	0.25	1	2	43075
86.166	0.25	0	1	43083
86.182	0.25	0	1	43091
86.2	0.25	1	2	43100
86.216	0.25	1	2	43108
86.232	0.25	0	1	43116
86.25	0.25	0	1	43125
86.266	0.25	0	1	43133
86.282	0.25	0	1	43141
86.3	0.25	1	2	43150
86.316	0.25	1	2	43158
86.332	0.25	1	2	43166
86.35	0.25	1	2	43175
86.366	0.25	0	1	43183
86.382	0.25	0	1	43191
86.4	0.25	0	1	43200
87.882	0.25	0	1	43941
87.9	0.25	0	1	43950
87.916	0.25	0	1	43958
87.932	0.25	0	1	43966
87.95	0.25	1	2	43975
87.966	0.25	1	2	43983
87.982	0.25	1	2	43991
88.0	0.25	1	2	44000
88.016	0.25	0	1	44008
88.032	0.25	0	1	44016
88.05	0.25	0	1	44025
88.066	0.25	0	1	44033
88.082	0.25	0	1	44041
88.1	0.25	0	1	44050
88.116	0.25	0	1	44058
88.132	0.25	0	1	44066
88.15	0.25	1	2	44075
88.166	0.25	1	2	44083
88.182	0.25	1	2	44091
88.2	0.25	1	2	44100
88.216	0.25	1	2	44108
88.232	0.25	1	2	44116
88.25	0.25	1	2	44125
88.266	0.25	1	2	44133
88.282	0.25	1	2	44141
88.3	0.25	1	2	44150
88.316	0.25	0	1	44158
88.332	0.25	0	1	44166
88.35	0.25	0	1	44175
88.366	0.25	0	1	44183
88.382	0.25	0	1	44191
88.4	0.25	0	1	44200
88.416	0.25	0	1	44208
88.432	0.25	0	1	44216
88.45	0.25	0	1	44225
88.466	0.25	0	1	44233
88.482	0.25	0	1	44241
88.5	0.25	0	1	44250
88.516	0.25	1	2	44258
88.532	0.25	1	2	44266
88.55	0.25	1	2	44275
88.566	0.25	1	2	44283
88.582	0.25	0	1	44291
88.6	0.25	0	1	44300
88.616	0.25	0	1	44308
88.632	0.25	0	1	44316
88.65	0.25	1	2	44325
88.666	0.25	1	2	44333
88.682	0.25	0	1	44341
88.7	0.25	0	1	44350
88.716	0.25	1	2	44358
88.732	0.25	1	2	44366
88.75	0.25	0	1	44375
88.766	0.25	0	1	44383
88.782	0.25	1	2	44391
88.8	0.25	1	2	44400
88.816	0.25	0	1	44408
88.832	0.25	0	1	44416
88.85	0.25	1	2	44425
88.866	0.25	1	2	44433
88.882	0.25	1	2	44441
88.9	0.25	1	2	44450
88.916	0.25	0	1	44458
88.932	0.25	0	1	44466
88.95	0.25	1	2	44475
88.966	0.25	1	2	44483
88.982	0.25	0	1	44491
89.0	0.25	0	1	44500
89.016	0.25	0	1	44508
89.032	0.25	0	1	44516
89.05	0.25	0	1	44525
89.066	0.25	0	1	44533
89.082	0.25	1	2	44541
89.1	0.25	1	2	44550
89.116	0.25	0	1	44558
89.132	0.25	0	1	44566
89.15	0.25	0	1	44575
89.166	0.25	0	1	44583
89.182	0.25	0	1	44591
89.2	0.25	0	1	44600
89.216	0.25	1	2	44608
89.232	0.25	1	2	44616
89.25	0.25	1	2	44625
89.266	0.25	1	2	44633
89.282	0.25	1	2	44641
89.3	0.25	1	2	44650
89.316	0.25	0	1	44658
89.332	0.25	0	1	44666
89.35	0.25	1	2	44675
89.366	0.25	1	2	44683
89.382	0.25	0	1	44691
89.4	0.25	0	1	44700
89.416	0.25	1	2	44708
89.432	0.25	1	2	44716
89.45	0.25	1	2	44725
89.466	0.25	1	2	44733
89.482	0.25	1	2	44741
89.5	0.25	1	2	44750
89.516	0.25	1	2	44758
89.532	0.25	1	2	44766
89.55	0.25	1	2	44775
89.566	0.25	1	2	44783
89.582	0.25	0	1	44791
89.6	0.25	0	1	44800
89.616	0.25	0	1	44808
89.632	0.25	0	1	44816
89.65	0.25	1	2	44825
89.666	0.25	1	2	44833
89.682	0.25	0	1	44841
89.7	0.25	0	1	44850
89.716	0.25	0	1	44858
89.732	0.25	0	1	44866
89.75	0.25	0	1	44875
89.766	0.25	0	1	44883
89.782	0.25	1	2	44891
89.8	0.25	1	2	44900
89.816	0.25	1	2	44908
91.3	0.25	1	2	45650
91.316	0.25	1	2	45658
91.332	0.25	1	2	45666
91.35	0.25	1	2	45675
91.366	0.25	0	1	45683
91.382	0.25	0	1	45691
91.4	0.25	0	1	45700
91.416	0.25	0	1	45708
91.432	0.25	0	1	45716
91.45	0.25	0	1	45725
91.466	0.25	0	1	45733
91.482	0.25	0	1	45741
91.5	0.25	1	2	45750
91.516	0.25	1	2	45758
91.532	0.25	0	1	45766
91.55	0.25	0	1	45775
91.566	0.25	0	1	45783
91.582	0.25	0	1	45791
91.6	0.25	1	2	45800
91.616	0.25	1	2	45808
91.632	0.25	1	2	45816
91.65	0.25	1	2	45825
91.666	0.25	0	1	45833
91.682	0.25	0	1	45841
91.7	0.25	0	1	45850
91.716	0.25	0	1	45858
91.732	0.25	0	1	45866
91.75	0.25	0	1	45875
91.766	0.25	0	1	45883
91.782	0.25	0	1	45891
91.8	0.25	0	1	45900
91.816	0.25	0	1	45908
91.832	0.25	0	1	45916
91.85	0.25	0	1	45925
91.866	0.25	1	2	45933
91.882	0.25	1	2	45941
91.9	0.25	0	1	45950
91.916	0.25	0	1	45958
91.932	0.25	1	2	45966
91.95	0.25	1	2	45975
91.966	0.25	1	2	45983
91.982	0.25	1	2	45991
92.0	0.25	0	1	46000
92.016	0.25	0	1	46008
92.032	0.25	1	2	46016
92.05	0.25	1	2	46025
92.066	0.25	0	1	46033
92.082	0.25	0	1	46041
92.1	0.25	1	2	46050
92.116	0.25	1	2	46058
92.132	0.25	0	1	46066
92.15	0.25	0	1	46075
92.166	0.25	1	2	46083
92.182	0.25	1	2	46091
92.2	0.25	0	1	46100
92.216	0.25	0	1	46108
92.232	0.25	0	1	46116
92.25	0.25	0	1	46125
92.266	0.25	0	1	46133
92.282	0.25	0	1	46141
92.3	0.25	1	2	46150
92.316	0.25	1	2	46158
92.332	0.25	1	2	46166
92.35	0.25	1	2	46175
92.366	0.25	1	2	46183
92.382	0.25	1	2	46191
92.4	0.25	0	1	46200
92.416	0.25	0	1	46208
92.432	0.25	1	2	46216
92.45	0.25	1	2	46225
92.466	0.25	1	2	46233
92.482	0.25	1	2	46241
92.5	0.25	1	2	46250
92.516	0.25	1	2	46258
92.532	0.25	0	1	46266
92.55	0.25	0	1	46275
92.566	0.25	1	2	46283
92.582	0.25	1	2	46291
92.6	0.25	0	1	46300
92.616	0.25	0	1	46308
92.632	0.25	1	2	46316
92.65	0.25	1	2	46325
92.666	0.25	1	2	46333
92.682	0.25	1	2	46341
92.7	0.25	0	1	46350
92.716	0.25	0	1	46358
92.732	0.25	0	1	46366
92.75	0.25	0	1	46375
92.766	0.25	0	1	46383
92.782	0.25	0	1	46391
92.8	0.25	1	2	46400
92.816	0.25	1	2	46408
92.832	0.25	1	2	46416
92.85	0.25	1	2	46425
92.866	0.25	0	1	46433
92.882	0.25	0	1	46441
92.9	0.25	1	2	46450
92.916	0.25	1	2	46458
92.932	0.25	1	2	46466
92.95	0.25	1	2	46475
92.966	0.25	1	2	46483
92.982	0.25	1	2	46491
93.0	0.25	0	1	46500
93.016	0.25	0	1	46508
93.032	0.25	0	1	46516
93.05	0.25	0	1	46525
93.066	0.25	0	1	46533
93.082	0.25	0	1	46541
93.1	0.25	0	1	46550
93.116	0.25	0	1	46558
93.132	0.25	0	1	46566
93.15	0.25	0	1	46575
93.166	0.25	1	2	46583
93.182	0.25	1	2	46591
93.2	0.25	1	2	46600
93.216	0.25	1	2	46608
93.232	0.25	1	2	46616
94.716	0.25	1	2	47358
94.732	0.25	1	2	47366
94.75	0.25	1	2	47375
94.766	0.25	1	2	47383
94.782	0.25	1	2	47391
94.8	0.25	1	2	47400
94.816	0.25	1	2	47408
94.832	0.25	1	2	47416
94.85	0.25	1	2	47425
94.866	0.25	1	2	47433
94.882	0.25	1	2	47441
94.9	0.25	1	2	47450
94.916	0.25	1	2	47458
94.932	0.25	1	2	47466
94.95	0.25	0	1	47475
94.966	0.25	0	1	47483
94.982	0.25	0	1	47491
95.0	0.25	0	1	47500
95.016	0.25	1	2	47508
95.032	0.25	1	2	47516
95.05	0.25	1	2	47525
95.066	0.25	1	2	47533
95.082	0.25	0	1	47541
95.1	0.25	0	1	47550
95.116	0.25	0	1	47558
95.132	0.25	0	1	47566
95.15	0.25	1	2	47575
95.166	0.25	1	2	47583
95.182	0.25	1	2	47591
95.2	0.25	1	2	47600
95.216	0.25	0	1	47608
95.232	0.25	0	1	47616
95.25	0.25	0	1	47625
95.266	0.25	0	1	47633
95.282	0.25	1	2	47641
95.3	0.25	1	2	47650
95.316	0.25	0	1	47658
95.332	0.25	0	1	47666
95.35	0.25	1	2	47675
95.366	0.25	1	2	47683
95.382	0.25	1	2	47691
95.4	0.25	1	2	47700
95.416	0.25	0	1	47708
95.432	0.25	0	1	47716
95.45	0.25	1	2	47725
95.466	0.25	1	2	47733
95.482	0.25	0	1	47741
95.5	0.25	0	1	47750
95.516	0.25	0	1	47758
95.532	0.25	0	1	47766
95.55	0.25	1	2	47775
95.566	0.25	1	2	47783
95.582	0.25	0	1	47791
95.6	0.25	0	1	47800
95.616	0.25	1	2	47808
95.632	0.25	1	2	47816
95.65	0.25	1	2	47825
95.666	0.25	1	2	47833
95.682	0.25	1	2	47841
95.7	0.25	1	2	47850
95.716	0.25	0	1	47858
95.732	0.25	0	1	47866
95.75	0.25	0	1	47875
95.766	0.25	0	1	47883
95.782	0.25	0	1	47891
95.8	0.25	0	1	47900
95.816	0.25	1	2	47908
95.832	0.25	1	2	47916
95.85	0.25	0	1	47925
95.866	0.25	0	1	47933
95.882	0.25	1	2	47941
95.9	0.25	1	2	47950
95.916	0.25	1	2	47958
95.932	0.25	1	2	47966
95.95	0.25	1	2	47975
95.966	0.25	1	2	47983
95.982	0.25	0	1	47991
96.0	0.25	0	1	48000
96.016	0.25	0	1	48008
96.032	0.25	0	1	48016
96.05	0.25	1	2	48025
96.066	0.25	1	2	48033
96.082	0.25	0	1	48041
96.1	0.25	0	1	48050
96.116	0.25	1	2	48058
96.132	0.25	1	2	48066
96.15	0.25	0	1	48075
96.166	0.25	0	1	48083
96.182	0.25	0	1	48091
96.2	0.25	0	1	48100
96.216	0.25	0	1	48108
96.232	0.25	0	1	48116
96.25	0.25	1	2	48125
96.266	0.25	1	2	48133
96.282	0.25	1	2	48141
96.3	0.25	1	2	48150
96.316	0.25	0	1	48158
96.332	0.25	0	1	48166
96.35	0.25	1	2	48175
96.366	0.25	1	2	48183
96.382	0.25	0	1	48191
96.4	0.25	0	1	48200
96.416	0.25	0	1	48208
96.432	0.25	0	1	48216
96.45	0.25	0	1	48225
96.466	0.25	0	1	48233
96.482	0.25	1	2	48241
96.5	0.25	1	2	48250
96.516	0.25	0	1	48258
96.532	0.25	0	1	48266
96.55	0.25	1	2	48275
96.566	0.25	1	2	48283
96.582	0.25	0	1	48291
96.6	0.25	0	1	48300
96.616	0.25	0	1	48308
96.632	0.25	0	1	48316
96.65	0.25	1	2	48325
99.45	0.25	1	2	49725
99.466	0.25	1	2	49733
99.482	0.25	1	2	49741
99.5	0.25	1	2	49750
99.516	0.25	1	2	49758
99.532	0.25	1	2	49766
99.55	0.25	1	2	49775
99.566	0.25	1	2	49783
99.582	0.25	1	2	49791
99.6	0.25	1	2	49800
99.616	0.25	1	2	49808
99.632	0.25	1	2	49816
99.65	0.25	1	2	49825
99.666	0.25	1	2	49833
99.682	0.25	0	1	49841
99.7	0.25	0	1	49850
99.716	0.25	0	1	49858
99.732	0.25	0	1	49866
99.75	0.25	1	2	49875
99.766	0.25	1	2	49883
99.782	0.25	1	2	49891
99.8	0.25	1	2	49900
99.816	0.25	0	1	49908
99.832	0.25	0	1	49916
99.85	0.25	0	1	49925
99.866	0.25	0	1	49933
99.882	0.25	1	2	49941
99.9	0.25	1	2	49950
99.916	0.25	1	2	49958
99.932	0.25	1	2	49966
99.95	0.25	0	1	49975
99.966	0.25	0	1	49983
99.982	0.25	0	1	49991
100.0	0.25	0	1	50000
100.016	0.25	1	2	50008
100.032	0.25	1	2	50016
100.05	0.25	0	1	50025
100.066	0.25	0	1	50033
100.082	0.25	1	2	50041
100.1	0.25	1	2	50050
100.116	0.25	1	2	50058
100.132	0.25	1	2	50066
100.15	0.25	0	1	50075
100.166	0.25	0	1	50083
100.182	0.25	1	2	50091
100.2	0.25	1	2	50100
100.216	0.25	0	1	50108
100.232	0.25	0	1	50116
100.25	0.25	0	1	50125
100.266	0.25	0	1	50133
100.282	0.25	1	2	50141
100.3	0.25	1	2	50150
100.316	0.25	0	1	50158
100.332	0.25	0	1	50166
100.35	0.25	1	2	50175
100.366	0.25	1	2	50183
100.382	0.25	1	2	50191
100.4	0.25	1	2	50200
100.416	0.25	1	2	50208
100.432	0.25	1	2	50216
100.45	0.25	0	1	50225
100.466	0.25	0	1	50233
100.482	0.25	0	1	50241
100.5	0.25	0	1	50250
100.516	0.25	0	1	50258
100.532	0.25	0	1	50266
100.55	0.25	1	2	50275
100.566	0.25	1	2	50283
100.582	0.25	0	1	50291
100.6	0.25	0	1	50300
100.616	0.25	1	2	50308
100.632	0.25	1	2	50316
100.65	0.25	1	2	50325
100.666	0.25	1	2	50333
100.682	0.25	1	2	50341
100.7	0.25	1	2	50350
100.716	0.25	0	1	50358
100.732	0.25	0	1	50366
100.75	0.25	0	1	50375
100.766	0.25	0	1	50383
100.782	0.25	1	2	50391
100.8	0.25	1	2	50400
100.816	0.25	0	1	50408
100.832	0.25	0	1	50416
100.85	0.25	1	2	50425
100.866	0.25	1	2	50433
100.882	0.25	0	1	50441
100.9	0.25	0	1	50450
100.916	0.25	0	1	50458
100.932	0.25	0	1	50466
100.95	0.25	0	1	50475
100.966	0.25	0	1	50483
100.982	0.25	1	2	50491
101.0	0.25	1	2	50500
101.016	0.25	1	2	50508
101.032	0.25	1	2	50516
101.05	0.25	0	1	50525
101.066	0.25	0	1	50533
101.082	0.25	1	2	50541
101.1	0.25	1	2	50550
101.116	0.25	0	1	50558
101.132	0.25	0	1	50566
101.15	0.25	0	1	50575
101.166	0.25	0	1	50583
101.182	0.25	0	1	50591
101.2	0.25	0	1	50600
101.216	0.25	1	2	50608
101.232	0.25	1	2	50616
101.25	0.25	0	1	50625
101.266	0.25	0	1	50633
101.282	0.25	1	2	50641
101.3	0.25	1	2	50650
101.316	0.25	0	1	50658
101.332	0.25	0	1	50666
101.35	0.25	0	1	50675
101.366	0.25	0	1	50683
101.382	0.25	1	2	50691
102.866	0.25	0	1	51433
102.882	0.25	0	1	51441
102.9	0.25	0	1	51450
102.916	0.25	0	1	51458
102.932	0.25	1	2	51466
102.95	0.25	1	2	51475
102.966	0.25	1	2	51483
102.982	0.25	1	2	51491
103.0	0.25	0	1	51500
103.016	0.25	0	1	51508
103.032	0.25	0	1	51516
103.05	0.25	0	1	51525
103.066	0.25	0	1	51533
103.082	0.25	0	1	51541
103.1	0.25	0	1	51550
103.116	0.25	0	1	51558
103.132	0.25	1	2	51566
103.15	0.25	1	2	51575
103.166	0.25	1	2	51583
103.182	0.25	1	2	51591
103.2	0.25	1	2	51600
103.216	0.25	1	2	51608
103.232	0.25	1	2	51616
103.25	0.25	1	2	51625
103.266	0.25	1	2	51633
103.282	0.25	1	2	51641
103.3	0.25	0	1	51650
103.316	0.25	0	1	51658
103.332	0.25	0	1	51666
103.35	0.25	0	1	51675
103.366	0.25	0	1	51683
103.382	0.25	0	1	51691
103.4	0.25	0	1	51700
103.416	0.25	0	1	51708
103.432	0.25	0	1	51716
103.45	0.25	0	1	51725
103.466	0.25	0	1	51733
103.482	0.25	0	1	51741
103.5	0.25	1	2	51750
103.516	0.25	1	2	51758
103.532	0.25	1	2	51766
103.55	0.25	1	2	51775
103.566	0.25	0	1	51783
103.582	0.25	0	1	51791
103.6	0.25	0	1	51800
103.616	0.25	0	1	51808
103.632	0.25	1	2	51816
103.65	0.25	1	2	51825
103.666	0.25	0	1	51833
103.682	0.25	0	1	51841
103.7	0.25	1	2	51850
103.716	0.25	1	2	51858
103.732	0.25	0	1	51866
103.75	0.25	0	1	51875
103.766	0.25	1	2	51883
103.782	0.25	1	2	51891
103.8	0.25	0	1	51900
103.816	0.25	0	1	51908
103.832	0.25	1	2	51916
103.85	0.25	1	2	51925
103.866	0.25	1	2	51933
103.882	0.25	1	2	51941
103.9	0.25	0	1	51950
103.916	0.25	0	1	51958
103.932	0.25	1	2	51966
103.95	0.25	1	2	51975
103.966	0.25	0	1	51983
103.982	0.25	0	1	51991
104.0	0.25	0	1	52000
104.016	0.25	0	1	52008
104.032	0.25	0	1	52016
104.05	0.25	0	1	52025
104.066	0.25	1	2	52033
104.082	0.25	1	2	52041
104.1	0.25	0	1	52050
104.116	0.25	0	1	52058
104.132	0.25	0	1	52066
104.15	0.25	0	1	52075
104.166	0.25	0	1	52083
104.182	0.25	0	1	52091
104.2	0.25	1	2	52100
104.216	0.25	1	2	52108
104.232	0.25	1	2	52116
104.25	0.25	1	2	52125
104.266	0.25	1	2	52133
104.282	0.25	1	2	52141
104.3	0.25	0	1	52150
104.316	0.25	0	1	52158
104.332	0.25	1	2	52166
104.35	0.25	1	2	52175
104.366	0.25	0	1	52183
104.382	0.25	0	1	52191
104.4	0.25	1	2	52200
104.416	0.25	1	2	52208
104.432	0.25	1	2	52216
104.45	0.25	1	2	52225
104.466	0.25	1	2	52233
104.482	0.25	1	2	52241
104.5	0.25	1	2	52250
104.516	0.25	1	2	52258
104.532	0.25	1	2	52266
104.55	0.25	1	2	52275
104.566	0.25	0	1	52283
104.582	0.25	0	1	52291
104.6	0.25	0	1	52300
104.616	0.25	0	1	52308
104.632	0.25	1	2	52316
104.65	0.25	1	2	52325
104.666	0.25	0	1	52333
104.682	0.25	0	1	52341
104.7	0.25	0	1	52350
104.716	0.25	0	1	52358
104.732	0.25	0	1	52366
104.75	0.25	0	1	52375
104.766	0.25	1	2	52383
104.782	0.25	1	2	52391
104.8	0.25	1	2	52400
106.282	0.25	1	2	53141
106.3	0.25	1	2	53150
106.316	0.25	1	2	53158
106.332	0.25	1	2	53166
106.35	0.25	0	1	53175
106.366	0.25	0	1	53183
106.382	0.25	1	2	53191
106.4	0.25	1	2	53200
106.416	0.25	1	2	53208
106.432	0.25	1	2	53216
106.45	0.25	0	1	53225
106.466	0.25	0	1	53233
106.482	0.25	1	2	53241
106.5	0.25	1	2	53250
106.516	0.25	1	2	53258
106.532	0.25	1	2	53266
106.55	0.25	0	1	53275
106.566	0.25	0	1	53283
106.582	0.25	1	2	53291
106.6	0.25	1	2	53300
106.616	0.25	1	2	53308
106.632	0.25	1	2	53316
106.65	0.25	0	1	53325
106.666	0.25	0	1	53333
106.682	0.25	0	1	53341
106.7	0.25	0	1	53350
106.716	0.25	0	1	53358
106.732	0.25	0	1	53366
106.75	0.25	1	2	53375
106.766	0.25	1	2	53383
106.782	0.25	1	2	53391
106.8	0.25	1	2	53400
106.816	0.25	1	2	53408
106.832	0.25	1	2	53416
106.85	0.25	0	1	53425
106.866	0.25	0	1	53433
106.882	0.25	0	1	53441
106.9	0.25	0	1	53450
106.916	0.25	0	1	53458
106.932	0.25	0	1	53466
106.95	0.25	1	2	53475
106.966	0.25	1	2	53483
106.982	0.25	1	2	53491
107.0	0.25	1	2	53500
107.016	0.25	1	2	53508
107.032	0.25	1	2	53516
107.05	0.25	1	2	53525
107.066	0.25	1	2	53533
107.082	0.25	1	2	53541
107.1	0.25	1	2	53550
107.116	0.25	0	1	53558
107.132	0.25	0	1	53566
107.15	0.25	0	1	53575
107.166	0.25	0	1	53583
107.182	0.25	1	2	53591
107.2	0.25	1	2	53600
107.216	0.25	0	1	53608
107.232	0.25	0	1	53616
107.25	0.25	1	2	53625
107.266	0.25	1	2	53633
107.282	0.25	0	1	53641
107.3	0.25	0	1	53650
107.316	0.25	0	1	53658
107.332	0.25	0	1	53666
107.35	0.25	1	2	53675
107.366	0.25	1	2	53683
107.382	0.25	1	2	53691
107.4	0.25	1	2	53700
107.416	0.25	0	1	53708
107.432	0.25	0	1	53716
107.45	0.25	0	1	53725
107.466	0.25	0	1	53733
107.482	0.25	0	1	53741
107.5	0.25	0	1	53750
107.516	0.25	0	1	53758
107.532	0.25	0	1	53766
107.55	0.25	1	2	53775
107.566	0.25	1	2	53783
107.582	0.25	0	1	53791
107.6	0.25	0	1	53800
107.616	0.25	0	1	53808
107.632	0.25	0	1	53816
107.65	0.25	0	1	53825
107.666	0.25	0	1	53833
107.682	0.25	0	1	53841
107.7	0.25	0	1	53850
107.716	0.25	1	2	53858
107.732	0.25	1	2	53866
107.75	0.25	1	2	53875
107.766	0.25	1	2	53883
107.782	0.25	1	2	53891
107.8	0.25	1	2	53900
107.816	0.25	1	2	53908
107.832	0.25	1	2	53916
107.85	0.25	1	2	53925
107.866	0.25	1	2	53933
107.882	0.25	1	2	53941
107.9	0.25	1	2	53950
107.916	0.25	0	1	53958
107.932	0.25	0	1	53966
107.95	0.25	1	2	53975
107.966	0.25	1	2	53983
107.982	0.25	0	1	53991
108.0	0.25	0	1	54000
108.016	0.25	1	2	54008
108.032	0.25	1	2	54016
108.05	0.25	0	1	54025
108.066	0.25	0	1	54033
108.082	0.25	0	1	54041
108.1	0.25	0	1	54050
108.116	0.25	1	2	54058
108.132	0.25	1	2	54066
108.15	0.25	1	2	54075
108.166	0.25	1	2	54083
108.182	0.25	0	1	54091
108.2	0.25	0	1	54100
108.216	0.25	0	1	54108
109.7	0.25	1	2	54850
109.716	0.25	1	2	54858
109.732	0.25	1	2	54866
109.75	0.25	1	2	54875
109.766	0.25	0	1	54883
109.782	0.25	0	1	54891
109.8	0.25	0	1	54900
109.816	0.25	0	1	54908
109.832	0.25	0	1	54916
109.85	0.25	0	1	54925
109.866	0.25	0	1	54933
109.882	0.25	0	1	54941
109.9	0.25	1	2	54950
109.916	0.25	1	2	54958
109.932	0.25	0	1	54966
109.95	0.25	0	1	54975
109.966	0.25	0	1	54983
109.982	0.25	0	1	54991
110.0	0.25	1	2	55000
110.016	0.25	1	2	55008
110.032	0.25	1	2	55016
110.05	0.25	1	2	55025
110.066	0.25	0	1	55033
110.082	0.25	0	1	55041
110.1	0.25	0	1	55050
110.116	0.25	0	1	55058
110.132	0.25	0	1	55066
110.15	0.25	0	1	55075
110.166	0.25	0	1	55083
110.182	0.25	0	1	55091
110.2	0.25	0	1	55100
110.216	0.25	0	1	55108
110.232	0.25	0	1	55116
110.25	0.25	0	1	55125
110.266	0.25	1	2	55133
110.282	0.25	1	2	55141
110.3	0.25	0	1	55150
110.316	0.25	0	1	55158
110.332	0.25	1	2	55166
110.35	0.25	1	2	55175
110.366	0.25	1	2	55183
110.382	0.25	1	2	55191
110.4	0.25	0	1	55200
110.416	0.25	0	1	55208
110.432	0.25	1	2	55216
110.45	0.25	1	2	55225
110.466	0.25	0	1	55233
110.482	0.25	0	1	55241
110.5	0.25	1	2	55250
110.516	0.25	1	2	55258
110.532	0.25	0	1	55266
110.55	0.25	0	1	55275
110.566	0.25	1	2	55283
110.582	0.25	1	2	55291
110.6	0.25	0	1	55300
110.616	0.25	0	1	55308
110.632	0.25	0	1	55316
110.65	0.25	0	1	55325
110.666	0.25	0	1	55333
110.682	0.25	0	1	55341
110.7	0.25	1	2	55350
110.716	0.25	1	2	55358
110.732	0.25	1	2	55366
110.75	0.25	1	2	55375
110.766	0.25	1	2	55383
110.782	0.25	1	2	55391
110.8	0.25	0	1	55400
110.816	0.25	0	1	55408
110.832	0.25	1	2	55416
110.85	0.25	1	2	55425
110.866	0.25	1	2	55433
110.882	0.25	1	2	55441
110.9	0.25	1	2	55450
110.916	0.25	1	2	55458
110.932	0.25	0	1	55466
110.95	0.25	0	1	55475
110.966	0.25	1	2	55483
110.982	0.25	1	2	55491
111.0	0.25	0	1	55500
111.016	0.25	0	1	55508
111.032	0.25	1	2	55516
111.05	0.25	1	2	55525
111.066	0.25	1	2	55533
111.082	0.25	1	2	55541
111.1	0.25	0	1	55550
111.116	0.25	0	1	55558
111.132	0.25	0	1	55566
111.15	0.25	0	1	55575
111.166	0.25	0	1	55583
111.182	0.25	0	1	55591
111.2	0.25	1	2	55600
111.216	0.25	1	2	55608
111.232	0.25	1	2	55616
111.25	0.25	1	2	55625
111.266	0.25	0	1	55633
111.282	0.25	0	1	55641
111.3	0.25	1	2	55650
111.316	0.25	1	2	55658
111.332	0.25	1	2	55666
111.35	0.25	1	2	55675
111.366	0.25	1	2	55683
111.382	0.25	1	2	55691
111.4	0.25	0	1	55700
111.416	0.25	0	1	55708
111.432	0.25	0	1	55716
111.45	0.25	0	1	55725
111.466	0.25	0	1	55733
111.482	0.25	0	1	55741
111.5	0.25	0	1	55750
111.516	0.25	0	1	55758
111.532	0.25	0	1	55766
111.55	0.25	0	1	55775
111.566	0.25	1	2	55783
111.582	0.25	1	2	55791
111.6	0.25	1	2	55800
111.616	0.25	1	2	55808
111.632	0.25	1	2	55816
114.682	0.25	1	2	57341
114.7	0.25	1	2	57350
114.716	0.25	1	2	57358
114.732	0.25	1	2	57366
114.75	0.25	0	1	57375
114.766	0.25	0	1	57383
114.782	0.25	0	1	57391
114.8	0.25	0	1	57400
114.816	0.25	0	1	57408
114.832	0.25	0	1	57416
114.85	0.25	0	1	57425
114.866	0.25	0	1	57433
114.882	0.25	1	2	57441
114.9	0.25	1	2	57450
114.916	0.25	0	1	57458
114.932	0.25	0	1	57466
114.95	0.25	0	1	57475
114.966	0.25	0	1	57483
114.982	0.25	1	2	57491
115.0	0.25	1	2	57500
115.016	0.25	1	2	57508
115.032	0.25	1	2	57516
115.05	0.25	0	1	57525
115.066	0.25	0	1	57533
115.082	0.25	0	1	57541
115.1	0.25	0	1	57550
115.116	0.25	0	1	57558
115.132	0.25	0	1	57566
115.15	0.25	0	1	57575
115.166	0.25	0	1	57583
115.182	0.25	0	1	57591
115.2	0.25	0	1	57600
115.216	0.25	0	1	57608
115.232	0.25	0	1	57616
115.25	0.25	1	2	57625
115.266	0.25	1	2	57633
115.282	0.25	0	1	57641
115.3	0.25	0	1	57650
115.316	0.25	1	2	57658
115.332	0.25	1	2	57666
115.35	0.25	1	2	57675
115.366	0.25	1	2	57683
115.382	0.25	0	1	57691
115.4	0.25	0	1	57700
115.416	0.25	1	2	57708
115.432	0.25	1	2	57716
115.45	0.25	0	1	57725
115.466	0.25	0	1	57733
115.482	0.25	1	2	57741
115.5	0.25	1	2	57750
115.516	0.25	0	1	57758
115.532	0.25	0	1	57766
115.55	0.25	1	2	57775
115.566	0.25	1	2	57783
115.582	0.25	0	1	57791
115.6	0.25	0	1	57800
115.616	0.25	0	1	57808
115.632	0.25	0	1	57816
115.65	0.25	0	1	57825
115.666	0.25	0	1	57833
115.682	0.25	1	2	57841
115.7	0.25	1	2	57850
115.716	0.25	1	2	57858
115.732	0.25	1	2	57866
115.75	0.25	1	2	57875
115.766	0.25	1	2	57883
115.782	0.25	0	1	57891
115.8	0.25	0	1	57900
115.816	0.25	1	2	57908
115.832	0.25	1	2	57916
115.85	0.25	1	2	57925
115.866	0.25	1	2	57933
115.882	0.25	1	2	57941
115.9	0.25	1	2	57950
115.916	0.25	0	1	57958
115.932	0.25	0	1	57966
115.95	0.25	1	2	57975
115.966	0.25	1	2	57983
115.982	0.25	0	1	57991
116.0	0.25	0	1	58000
116.016	0.25	1	2	58008
116.032	0.25	1	2	58016
116.05	0.25	1	2	58025
116.066	0.25	1	2	58033
116.082	0.25	0	1	58041
116.1	0.25	0	1	58050
116.116	0.25	0	1	58058
116.132	0.25	0	1	58066
116.15	0.25	0	1	58075
116.166	0.25	0	1	58083
116.182	0.25	1	2	58091
116.2	0.25	1	2	58100
116.216	0.25	1	2	58108
116.232	0.25	1	2	58116
116.25	0.25	0	1	58125
116.266	0.25	0	1	58133
116.282	0.25	1	2	58141
116.3	0.25	1	2	58150
116.316	0.25	1	2	58158
116.332	0.25	1	2	58166
116.35	0.25	1	2	58175
116.366	0.25	1	2	58183
116.382	0.25	0	1	58191
116.4	0.25	0	1	58200
116.416	0.25	0	1	58208
116.432	0.25	0	1	58216
116.45	0.25	0	1	58225
116.466	0.25	0	1	58233
116.482	0.25	0	1	58241
116.5	0.25	0	1	58250
116.516	0.25	0	1	58258
116.532	0.25	0	1	58266
116.55	0.25	1	2	58275
116.566	0.25	1	2	58283
116.582	0.25	1	2	58291
116.6	0.25	1	2	58300
116.616	0.25	1	2	58308
118.1	0.25	1	2	59050
118.116	0.25	1	2	59058
118.132	0.25	1	2	59066
118.15	0.25	1	2	59075
118.166	0.25	1	2	59083
118.182	0.25	1	2	59091
118.2	0.25	1	2	59100
118.216	0.25	1	2	59108
118.232	0.25	1	2	59116
118.25	0.25	1	2	59125
118.266	0.25	1	2	59133
118.282	0.25	1	2	59141
118.3	0.25	1	2	59150
118.316	0.25	1	2	59158
118.332	0.25	0	1	59166
118.35	0.25	0	1	59175
118.366	0.25	0	1	59183
118.382	0.25	0	1	59191
118.4	0.25	1	2	59200
118.416	0.25	1	2	59208
118.432	0.25	1	2	59216
118.45	0.25	1	2	59225
118.466	0.25	0	1	59233
118.482	0.25	0	1	59241
118.5	0.25	0	1	59250
118.516	0.25	0	1	59258
118.532	0.25	1	2	59266
118.55	0.25	1	2	59275
118.566	0.25	1	2	59283
118.582	0.25	1	2	59291
118.6	0.25	0	1	59300
118.616	0.25	0	1	59308
118.632	0.25	0	1	59316
118.65	0.25	0	1	59325
118.666	0.25	1	2	59333
118.682	0.25	1	2	59341
118.7	0.25	0	1	59350
118.716	0.25	0	1	59358
118.732	0.25	1	2	59366
118.75	0.25	1	2	59375
118.766	0.25	1	2	59383
118.782	0.25	1	2	59391
118.8	0.25	0	1	59400
118.816	0.25	0	1	59408
118.832	0.25	1	2	59416
118.85	0.25	1	2	59425
118.866	0.25	0	1	59433
118.882	0.25	0	1	59441
118.9	0.25	0	1	59450
118.916	0.25	0	1	59458
118.932	0.25	1	2	59466
118.95	0.25	1	2	59475
118.966	0.25	0	1	59483
118.982	0.25	0	1	59491
119.0	0.25	1	2	59500
119.016	0.25	1	2	59508
119.032	0.25	1	2	59516
119.05	0.25	1	2	59525
119.066	0.25	1	2	59533
119.082	0.25	1	2	59541
119.1	0.25	0	1	59550
119.116	0.25	0	1	59558
119.132	0.25	0	1	59566
119.15	0.25	0	1	59575
119.166	0.25	0	1	59583
119.182	0.25	0	1	59591
119.2	0.25	1	2	59600
119.216	0.25	1	2	59608
119.232	0.25	0	1	59616
119.25	0.25	0	1	59625
119.266	0.25	1	2	59633
119.282	0.25	1	2	59641
119.3	0.25	1	2	59650
119.316	0.25	1	2	59658
119.332	0.25	1	2	59666
119.35	0.25	1	2	59675
119.366	0.25	0	1	59683
119.382	0.25	0	1	59691
119.4	0.25	0	1	59700
119.416	0.25	0	1	59708
119.432	0.25	1	2	59716
119.45	0.25	1	2	59725
119.466	0.25	0	1	59733
119.482	0.25	0	1	59741
119.5	0.25	1	2	59750
119.516	0.25	1	2	59758
119.532	0.25	0	1	59766
119.55	0.25	0	1	59775
119.566	0.25	0	1	59783
119.582	0.25	0	1	59791
119.6	0.25	0	1	59800
119.616	0.25	0	1	59808
119.632	0.25	1	2	59816
119.65	0.25	1	2	59825
119.666	0.25	1	2	59833
119.682	0.25	1	2	59841
119.7	0.25	0	1	59850
119.716	0.25	0	1	59858
119.732	0.25	1	2	59866
119.75	0.25	1	2	59875
119.766	0.25	0	1	59883
119.782	0.25	0	1	59891
119.8	0.25	0	1	59900
119.816	0.25	0	1	59908
119.832	0.25	0	1	59916
119.85	0.25	0	1	59925
119.866	0.25	1	2	59933
119.882	0.25	1	2	59941
119.9	0.25	0	1	59950
119.916	0.25	0	1	59958
119.932	0.25	1	2	59966
119.95	0.25	1	2	59975
119.966	0.25	0	1	59983
119.982	0.25	0	1	59991
120.0	0.25	0	1	60000
120.016	0.25	0	1	60008
120.032	0.25	1	2	60016
121.516	0.25	1	2	60758
121.532	0.25	1	2	60766
121.55	0.25	1	2	60775
121.566	0.25	1	2	60783
121.582	0.25	0	1	60791
121.6	0.25	0	1	60800
121.616	0.25	1	2	60808
121.632	0.25	1	2	60816
121.65	0.25	1	2	60825
121.666	0.25	1	2	60833
121.682	0.25	0	1	60841
121.7	0.25	0	1	60850
121.716	0.25	1	2	60858
121.732	0.25	1	2	60866
121.75	0.25	1	2	60875
121.766	0.25	1	2	60883
121.782	0.25	0	1	60891
121.8	0.25	0	1	60900
121.816	0.25	1	2	60908
121.832	0.25	1	2	60916
121.85	0.25	1	2	60925
121.866	0.25	1	2	60933
121.882	0.25	0	1	60941
121.9	0.25	0	1	60950
121.916	0.25	0	1	60958
121.932	0.25	0	1	60966
121.95	0.25	0	1	60975
121.966	0.25	0	1	60983
121.982	0.25	1	2	60991
122.0	0.25	1	2	61000
122.016	0.25	1	2	61008
122.032	0.25	1	2	61016
122.05	0.25	1	2	61025
122.066	0.25	1	2	61033
122.082	0.25	0	1	61041
122.1	0.25	0	1	61050
122.116	0.25	0	1	61058
122.132	0.25	0	1	61066
122.15	0.25	0	1	61075
122.166	0.25	0	1	61083
122.182	0.25	1	2	61091
122.2	0.25	1	2	61100
122.216	0.25	1	2	61108
122.232	0.25	1	2	61116
122.25	0.25	1	2	61125
122.266	0.25	1	2	61133
122.282	0.25	1	2	61141
122.3	0.25	1	2	61150
122.316	0.25	1	2	61158
122.332	0.25	1	2	61166
122.35	0.25	0	1	61175
122.366	0.25	0	1	61183
122.382	0.25	0	1	61191
122.4	0.25	0	1	61200
122.416	0.25	1	2	61208
122.432	0.25	1	2	61216
122.45	0.25	0	1	61225
122.466	0.25	0	1	61233
122.482	0.25	1	2	61241
122.5	0.25	1	2	61250
122.516	0.25	0	1	61258
122.532	0.25	0	1	61266
122.55	0.25	0	1	61275
122.566	0.25	0	1	61283
122.582	0.25	1	2	61291
122.6	0.25	1	2	61300
122.616	0.25	1	2	61308
122.632	0.25	1	2	61316
122.65	0.25	0	1	61325
122.666	0.25	0	1	61333
122.682	0.25	0	1	61341
122.7	0.25	0	1	61350
122.716	0.25	0	1	61358
122.732	0.25	0	1	61366
122.75	0.25	0	1	61375
122.766	0.25	0	1	61383
122.782	0.25	1	2	61391
122.8	0.25	1	2	61400
122.816	0.25	0	1	61408
122.832	0.25	0	1	61416
122.85	0.25	0	1	61425
122.866	0.25	0	1	61433
122.882	0.25	0	1	61441
122.9	0.25	0	1	61450
122.916	0.25	0	1	61458
122.932	0.25	0	1	61466
122.95	0.25	1	2	61475
122.966	0.25	1	2	61483
122.982	0.25	1	2	61491
123.0	0.25	1	2	61500
123.016	0.25	1	2	61508
123.032	0.25	1	2	61516
123.05	0.25	1	2	61525
123.066	0.25	1	2	61533
123.082	0.25	1	2	61541
123.1	0.25	1	2	61550
123.116	0.25	1	2	61558
123.132	0.25	1	2	61566
123.15	0.25	0	1	61575
123.166	0.25	0	1	61583
123.182	0.25	1	2	61591
123.2	0.25	1	2	61600
123.216	0.25	0	1	61608
123.232	0.25	0	1	61616
123.25	0.25	1	2	61625
123.266	0.25	1	2	61633
123.282	0.25	0	1	61641
123.3	0.25	0	1	61650
123.316	0.25	0	1	61658
123.332	0.25	0	1	61666
123.35	0.25	1	2	61675
123.366	0.25	1	2	61683
123.382	0.25	1	2	61691
123.4	0.25	1	2	61700
123.416	0.25	0	1	61708
123.432	0.25	0	1	61716
123.45	0.25	0	1	61725
124.932	0.25	0	1	62466
124.95	0.25	0	1	62475
124.966	0.25	0	1	62483
124.982	0.25	0	1	62491
125.0	0.25	1	2	62500
125.016	0.25	1	2	62508
125.032	0.25	1	2	62516
125.05	0.25	1	2	62525
125.066	0.25	0	1	62533
125.082	0.25	0	1	62541
125.1	0.25	0	1	62550
125.116	0.25	0	1	62558
125.132	0.25	0	1	62566
125.15	0.25	0	1	62575
125.166	0.25	0	1	62583
125.182	0.25	0	1	62591
125.2	0.25	1	2	62600
125.216	0.25	1	2	62608
125.232	0.25	1	2	62616
125.25	0.25	1	2	62625
125.266	0.25	1	2	62633
125.282	0.25	1	2	62641
125.3	0.25	1	2	62650
125.316	0.25	1	2	62658
125.332	0.25	1	2	62666
125.35	0.25	1	2	62675
125.366	0.25	0	1	62683
125.382	0.25	0	1	62691
125.4	0.25	0	1	62700
125.416	0.25	0	1	62708
125.432	0.25	0	1	62716
125.45	0.25	0	1	62725
125.466	0.25	0	1	62733
125.482	0.25	0	1	62741
125.5	0.25	0	1	62750
125.516	0.25	0	1	62758
125.532	0.25	0	1	62766
125.55	0.25	0	1	62775
125.566	0.25	1	2	62783
125.582	0.25	1	2	62791
125.6	0.25	1	2	62800
125.616	0.25	1	2	62808
125.632	0.25	0	1	62816
125.65	0.25	0	1	62825
125.666	0.25	0	1	62833
125.682	0.25	0	1	62841
125.7	0.25	1	2	62850
125.716	0.25	1	2	62858
125.732	0.25	0	1	62866
125.75	0.25	0	1	62875
125.766	0.25	1	2	62883
125.782	0.25	1	2	62891
125.8	0.25	0	1	62900
125.816	0.25	0	1	62908
125.832	0.25	1	2	62916
125.85	0.25	1	2	62925
125.866	0.25	0	1	62933
125.882	0.25	0	1	62941
125.9	0.25	1	2	62950
125.916	0.25	1	2	62958
125.932	0.25	1	2	62966
125.95	0.25	1	2	62975
125.966	0.25	0	1	62983
125.982	0.25	0	1	62991
126.0	0.25	1	2	63000
126.016	0.25	1	2	63008
126.032	0.25	0	1	63016
126.05	0.25	0	1	63025
126.066	0.25	0	1	63033
126.082	0.25	0	1	63041
126.1	0.25	0	1	63050
126.116	0.25	0	1	63058
126.132	0.25	1	2	63066
126.15	0.25	1	2	63075
126.166	0.25	0	1	63083
126.182	0.25	0	1	63091
126.2	0.25	0	1	63100
126.216	0.25	0	1	63108
126.232	0.25	0	1	63116
126.25	0.25	0	1	63125
126.266	0.25	1	2	63133
126.282	0.25	1	2	63141
126.3	0.25	1	2	63150
126.316	0.25	1	2	63158
126.332	0.25	1	2	63166
126.35	0.25	1	2	63175
126.366	0.25	0	1	63183
126.382	0.25	0	1	63191
126.4	0.25	1	2	63200
126.416	0.25	1	2	63208
126.432	0.25	0	1	63216
126.45	0.25	0	1	63225
126.466	0.25	1	2	63233
126.482	0.25	1	2	63241
126.5	0.25	1	2	63250
126.516	0.25	1	2	63258
126.532	0.25	1	2	63266
126.55	0.25	1	2	63275
126.566	0.25	1	2	63283
126.582	0.25	1	2	63291
126.6	0.25	1	2	63300
126.616	0.25	1	2	63308
126.632	0.25	0	1	63316
126.65	0.25	0	1	63325
126.666	0.25	0	1	63333
126.682	0.25	0	1	63341
126.7	0.25	1	2	63350
126.716	0.25	1	2	63358
126.732	0.25	0	1	63366
126.75	0.25	0	1	63375
126.766	0.25	0	1	63383
126.782	0.25	0	1	63391
126.8	0.25	0	1	63400
126.816	0.25	0	1	63408
126.832	0.25	1	2	63416
126.85	0.25	1	2	63425
126.866	0.25	1	2	63433
129.716	0.25	0	1	64858
129.732	0.25	0	1	64866
129.75	0.25	0	1	64875
129.766	0.25	0	1	64883
129.782	0.25	1	2	64891
129.8	0.25	1	2	64900
129.816	0.25	1	2	64908
129.832	0.25	1	2	64916
129.85	0.25	0	1	64925
129.866	0.25	0	1	64933
129.882	0.25	0	1	64941
129.9	0.25	0	1	64950
129.916	0.25	0	1	64958
129.932	0.25	0	1	64966
129.948	0.25	0	1	64974
129.966	0.25	0	1	64983
129.982	0.25	1	2	64991
130.0	0.25	1	2	65000
130.016	0.25	1	2	65008
130.032	0.25	1	2	65016
130.05	0.25	1	2	65025
130.066	0.25	1	2	65033
130.082	0.25	1	2	65041
130.1	0.25	1	2	65050
130.116	0.25	1	2	65058
130.132	0.25	1	2	65066
130.15	0.25	0	1	65075
130.166	0.25	0	1	65083
130.182	0.25	0	1	65091
130.198	0.25	0	1	65099
130.216	0.25	0	1	65108
130.232	0.25	0	1	65116
130.25	0.25	0	1	65125
130.266	0.25	0	1	65133
130.282	0.25	0	1	65141
130.3	0.25	0	1	65150
130.316	0.25	0	1	65158
130.332	0.25	0	1	65166
130.35	0.25	1	2	65175
130.366	0.25	1	2	65183
130.382	0.25	1	2	65191
130.4	0.25	1	2	65200
130.416	0.25	0	1	65208
130.432	0.25	0	1	65216
130.448	0.25	0	1	65224
130.466	0.25	0	1	65233
130.482	0.25	1	2	65241
130.5	0.25	1	2	65250
130.516	0.25	0	1	65258
130.532	0.25	0	1	65266
130.55	0.25	1	2	65275
130.566	0.25	1	2	65283
130.582	0.25	0	1	65291
130.6	0.25	0	1	65300
130.616	0.25	1	2	65308
130.632	0.25	1	2	65316
130.65	0.25	0	1	65325
130.666	0.25	0	1	65333
130.682	0.25	1	2	65341
130.698	0.25	1	2	65349
130.716	0.25	1	2	65358
130.732	0.25	1	2	65366
130.75	0.25	0	1	65375
130.766	0.25	0	1	65383
130.782	0.25	1	2	65391
130.8	0.25	1	2	65400
130.816	0.25	0	1	65408
130.832	0.25	0	1	65416
130.85	0.25	0	1	65425
130.866	0.25	0	1	65433
130.882	0.25	0	1	65441
130.9	0.25	0	1	65450
130.916	0.25	1	2	65458
130.932	0.25	1	2	65466
130.948	0.25	0	1	65474
130.966	0.25	0	1	65483
130.982	0.25	0	1	65491
131.0	0.25	0	1	65500
131.016	0.25	0	1	65508
131.032	0.25	0	1	65516
131.05	0.25	1	2	65525
131.066	0.25	1	2	65533
131.082	0.25	1	2	65541
131.1	0.25	1	2	65550
131.116	0.25	1	2	65558
131.132	0.25	1	2	65566
131.15	0.25	0	1	65575
131.166	0.25	0	1	65583
131.182	0.25	1	2	65591
131.2	0.25	1	2	65600
131.216	0.25	0	1	65608
131.232	0.25	0	1	65616
131.25	0.25	1	2	65625
131.266	0.25	1	2	65633
131.282	0.25	1	2	65641
131.3	0.25	1	2	65650
131.316	0.25	1	2	65658
131.332	0.25	1	2	65666
131.35	0.25	1	2	65675
131.366	0.25	1	2	65683
131.382	0.25	1	2	65691
131.4	0.25	1	2	65700
131.416	0.25	0	1	65708
131.432	0.25	0	1	65716
131.45	0.25	0	1	65725
131.466	0.25	0	1	65733
131.482	0.25	1	2	65741
131.5	0.25	1	2	65750
131.516	0.25	0	1	65758
131.532	0.25	0	1	65766
131.55	0.25	0	1	65775
131.566	0.25	0	1	65783
131.582	0.25	0	1	65791
131.6	0.25	0	1	65800
131.616	0.25	1	2	65808
131.632	0.25	1	2	65816
131.65	0.25	1	2	65825
133.132	0.25	1	2	66566
133.15	0.25	1	2	66575
133.166	0.25	1	2	66583
133.182	0.25	1	2	66591
133.2	0.25	1	2	66600
133.216	0.25	1	2	66608
133.232	0.25	1	2	66616
133.25	0.25	1	2	66625
133.266	0.25	1	2	66633
133.282	0.25	1	2	66641
133.3	0.25	1	2	66650
133.316	0.25	1	2	66658
133.332	0.25	1	2	66666
133.35	0.25	1	2	66675
133.366	0.25	0	1	66683
133.382	0.25	0	1	66691
133.4	0.25	0	1	66700
133.416	0.25	0	1	66708
133.432	0.25	1	2	66716
133.45	0.25	1	2	66725
133.466	0.25	1	2	66733
133.482	0.25	1	2	66741
133.5	0.25	0	1	66750
133.516	0.25	0	1	66758
133.532	0.25	0	1	66766
133.55	0.25	0	1	66775
133.566	0.25	1	2	66783
133.582	0.25	1	2	66791
133.6	0.25	1	2	66800
133.616	0.25	1	2	66808
133.632	0.25	0	1	66816
133.65	0.25	0	1	66825
133.666	0.25	0	1	66833
133.682	0.25	0	1	66841
133.7	0.25	1	2	66850
133.716	0.25	1	2	66858
133.732	0.25	0	1	66866
133.75	0.25	0	1	66875
133.766	0.25	1	2	66883
133.782	0.25	1	2	66891
133.8	0.25	1	2	66900
133.816	0.25	1	2	66908
133.832	0.25	0	1	66916
133.85	0.25	0	1	66925
133.866	0.25	1	2	66933
133.882	0.25	1	2	66941
133.9	0.25	0	1	66950
133.916	0.25	0	1	66958
133.932	0.25	0	1	66966
133.95	0.25	0	1	66975
133.966	0.25	1	2	66983
133.982	0.25	1	2	66991
134.0	0.25	0	1	67000
134.016	0.25	0	1	67008
134.032	0.25	1	2	67016
134.05	0.25	1	2	67025
134.066	0.25	1	2	67033
134.082	0.25	1	2	67041
134.1	0.25	1	2	67050
134.116	0.25	1	2	67058
134.132	0.25	0	1	67066
134.15	0.25	0	1	67075
134.166	0.25	0	1	67083
134.182	0.25	0	1	67091
134.2	0.25	0	1	67100
134.216	0.25	0	1	67108
134.232	0.25	1	2	67116
134.25	0.25	1	2	67125
134.266	0.25	0	1	67133
134.282	0.25	0	1	67141
134.3	0.25	1	2	67150
134.316	0.25	1	2	67158
134.332	0.25	1	2	67166
134.35	0.25	1	2	67175
134.366	0.25	1	2	67183
134.382	0.25	1	2	67191
134.4	0.25	0	1	67200
134.416	0.25	0	1	67208
134.432	0.25	0	1	67216
134.45	0.25	0	1	67225
134.466	0.25	1	2	67233
134.482	0.25	1	2	67241
134.5	0.25	0	1	67250
134.516	0.25	0	1	67258
134.532	0.25	1	2	67266
134.55	0.25	1	2	67275
134.566	0.25	0	1	67283
134.582	0.25	0	1	67291
134.6	0.25	0	1	67300
134.616	0.25	0	1	67308
134.632	0.25	0	1	67316
134.65	0.25	0	1	67325
134.666	0.25	1	2	67333
134.682	0.25	1	2	67341
134.7	0.25	1	2	67350
134.716	0.25	1	2	67358
134.732	0.25	0	1	67366
134.75	0.25	0	1	67375
134.766	0.25	1	2	67383
134.782	0.25	1	2	67391
134.8	0.25	0	1	67400
134.816	0.25	0	1	67408
134.832	0.25	0	1	67416
134.85	0.25	0	1	67425
134.866	0.25	0	1	67433
134.882	0.25	0	1	67441
134.9	0.25	1	2	67450
134.916	0.25	1	2	67458
134.932	0.25	0	1	67466
134.95	0.25	0	1	67475
134.966	0.25	1	2	67483
134.982	0.25	1	2	67491
135.0	0.25	0	1	67500
135.016	0.25	0	1	67508
135.032	0.25	0	1	67516
135.05	0.25	0	1	67525
135.066	0.25	1	2	67533
136.55	0.25	1	2	68275
136.566	0.25	1	2	68283
136.582	0.25	1	2	68291
136.6	0.25	1	2	68300
136.616	0.25	0	1	68308
136.632	0.25	0	1	68316
136.65	0.25	1	2	68325
136.666	0.25	1	2	68333
136.682	0.25	1	2	68341
136.7	0.25	1	2	68350
136.716	0.25	0	1	68358
136.732	0.25	0	1	68366
136.75	0.25	1	2	68375
136.766	0.25	1	2	68383
136.782	0.25	1	2	68391
136.8	0.25	1	2	68400
136.816	0.25	0	1	68408
136.832	0.25	0	1	68416
136.85	0.25	1	2	68425
136.866	0.25	1	2	68433
136.882	0.25	1	2	68441
136.9	0.25	1	2	68450
136.916	0.25	0	1	68458
136.932	0.25	0	1	68466
136.95	0.25	0	1	68475
136.966	0.25	0	1	68483
136.982	0.25	0	1	68491
137.0	0.25	0	1	68500
137.016	0.25	1	2	68508
137.032	0.25	1	2	68516
137.05	0.25	1	2	68525
137.066	0.25	1	2	68533
137.082	0.25	1	2	68541
137.1	0.25	1	2	68550
137.116	0.25	0	1	68558
137.132	0.25	0	1	68566
137.15	0.25	0	1	68575
137.166	0.25	0	1	68583
137.182	0.25	0	1	68591
137.2	0.25	0	1	68600
137.216	0.25	1	2	68608
137.232	0.25	1	2	68616
137.25	0.25	1	2	68625
137.266	0.25	1	2	68633
137.282	0.25	1	2	68641
137.3	0.25	1	2	68650
137.316	0.25	1	2	68658
137.332	0.25	1	2	68666
137.35	0.25	1	2	68675
137.366	0.25	1	2	68683
137.382	0.25	0	1	68691
137.4	0.25	0	1	68700
137.416	0.25	0	1	68708
137.432	0.25	0	1	68716
137.45	0.25	1	2	68725
137.466	0.25	1	2	68733
137.482	0.25	0	1	68741
137.5	0.25	0	1	68750
137.516	0.25	1	2	68758
137.532	0.25	1	2	68766
137.55	0.25	0	1	68775
137.566	0.25	0	1	68783
137.582	0.25	0	1	68791
137.6	0.25	0	1	68800
137.616	0.25	1	2	68808
137.632	0.25	1	2	68816
137.65	0.25	1	2	68825
137.666	0.25	1	2	68833
137.682	0.25	0	1	68841
137.7	0.25	0	1	68850
137.716	0.25	0	1	68858
137.732	0.25	0	1	68866
137.75	0.25	0	1	68875
137.766	0.25	0	1	68883
137.782	0.25	0	1	68891
137.8	0.25	0	1	68900
137.816	0.25	1	2	68908
137.832	0.25	1	2	68916
137.85	0.25	0	1	68925
137.866	0.25	0	1	68933
137.882	0.25	0	1	68941
137.9	0.25	0	1	68950
137.916	0.25	0	1	68958
137.932	0.25	0	1	68966
137.95	0.25	0	1	68975
137.966	0.25	0	1	68983
137.982	0.25	1	2	68991
138.0	0.25	1	2	69000
138.016	0.25	1	2	69008
138.032	0.25	1	2	69016
138.05	0.25	1	2	69025
138.066	0.25	1	2	69033
138.082	0.25	1	2	69041
138.1	0.25	1	2	69050
138.116	0.25	1	2	69058
138.132	0.25	1	2	69066
138.15	0.25	1	2	69075
138.166	0.25	1	2	69083
138.182	0.25	0	1	69091
138.2	0.25	0	1	69100
138.216	0.25	1	2	69108
138.232	0.25	1	2	69116
138.25	0.25	0	1	69125
138.266	0.25	0	1	69133
138.282	0.25	1	2	69141
138.3	0.25	1	2	69150
138.316	0.25	0	1	69158
138.332	0.25	0	1	69166
138.35	0.25	0	1	69175
138.366	0.25	0	1	69183
138.382	0.25	1	2	69191
138.4	0.25	1	2	69200
138.416	0.25	1	2	69208
138.432	0.25	1	2	69216
138.45	0.25	0	1	69225
138.466	0.25	0	1	69233
138.482	0.25	0	1	69241
139.966	0.25	1	2	69983
139.982	0.25	1	2	69991
140.0	0.25	1	2	70000
140.016	0.25	1	2	70008
140.032	0.25	0	1	70016
140.05	0.25	0	1	70025
140.066	0.25	0	1	70033
140.082	0.25	0	1	70041
140.1	0.25	0	1	70050
140.116	0.25	0	1	70058
140.132	0.25	0	1	70066
140.15	0.25	0	1	70075
140.166	0.25	1	2	70083
140.182	0.25	1	2	70091
140.2	0.25	0	1	70100
140.216	0.25	0	1	70108
140.232	0.25	0	1	70116
140.25	0.25	0	1	70125
140.266	0.25	1	2	70133
140.282	0.25	1	2	70141
140.3	0.25	1	2	70150
140.316	0.25	1	2	70158
140.332	0.25	0	1	70166
140.35	0.25	0	1	70175
140.366	0.25	0	1	70183
140.382	0.25	0	1	70191
140.4	0.25	0	1	70200
140.416	0.25	0	1	70208
140.432	0.25	0	1	70216
140.45	0.25	0	1	70225
140.466	0.25	0	1	70233
140.482	0.25	0	1	70241
140.5	0.25	0	1	70250
140.516	0.25	0	1	70258
140.532	0.25	1	2	70266
140.55	0.25	1	2	70275
140.566	0.25	0	1	70283
140.582	0.25	0	1	70291
140.6	0.25	1	2	70300
140.616	0.25	1	2	70308
140.632	0.25	1	2	70316
140.65	0.25	1	2	70325
140.666	0.25	0	1	70333
140.682	0.25	0	1	70341
140.7	0.25	1	2	70350
140.716	0.25	1	2	70358
140.732	0.25	0	1	70366
140.75	0.25	0	1	70375
140.766	0.25	1	2	70383
140.782	0.25	1	2	70391
140.8	0.25	0	1	70400
140.816	0.25	0	1	70408
140.832	0.25	1	2	70416
140.85	0.25	1	2	70425
140.866	0.25	0	1	70433
140.882	0.25	0	1	70441
140.9	0.25	0	1	70450
140.916	0.25	0	1	70458
140.932	0.25	0	1	70466
140.95	0.25	0	1	70475
140.966	0.25	1	2	70483
140.982	0.25	1	2	70491
141.0	0.25	1	2	70500
141.016	0.25	1	2	70508
141.032	0.25	1	2	70516
141.05	0.25	1	2	70525
141.066	0.25	0	1	70533
141.082	0.25	0	1	70541
141.1	0.25	1	2	70550
141.116	0.25	1	2	70558
141.132	0.25	1	2	70566
141.15	0.25	1	2	70575
141.166	0.25	1	2	70583
141.182	0.25	1	2	70591
141.2	0.25	0	1	70600
141.216	0.25	0	1	70608
141.232	0.25	1	2	70616
141.25	0.25	1	2	70625
141.266	0.25	0	1	70633
141.282	0.25	0	1	70641
141.3	0.25	1	2	70650
141.316	0.25	1	2	70658
141.332	0.25	1	2	70666
141.35	0.25	1	2	70675
141.366	0.25	0	1	70683
141.382	0.25	0	1	70691
141.4	0.25	0	1	70700
141.416	0.25	0	1	70708
141.432	0.25	0	1	70716
141.45	0.25	0	1	70725
141.466	0.25	1	2	70733
141.482	0.25	1	2	70741
141.5	0.25	1	2	70750
141.516	0.25	1	2	70758
141.532	0.25	0	1	70766
141.55	0.25	0	1	70775
141.566	0.25	1	2	70783
141.582	0.25	1	2	70791
141.6	0.25	1	2	70800
141.616	0.25	1	2	70808
141.632	0.25	1	2	70816
141.65	0.25	1	2	70825
141.666	0.25	0	1	70833
141.682	0.25	0	1	70841
141.7	0.25	0	1	70850
141.716	0.25	0	1	70858
141.732	0.25	0	1	70866
141.75	0.25	0	1	70875
141.766	0.25	0	1	70883
141.782	0.25	0	1	70891
141.8	0.25	0	1	70900
141.816	0.25	0	1	70908
141.832	0.25	1	2	70916
141.85	0.25	1	2	70925
141.866	0.25	1	2	70933
141.882	0.25	1	2	70941
141.9	0.25	1	2	70950
144.716	0.25	1	2	72358
144.732	0.25	1	2	72366
144.75	0.25	1	2	72375
144.766	0.25	1	2	72383
144.782	0.25	0	1	72391
144.8	0.25	0	1	72400
144.816	0.25	1	2	72408
144.832	0.25	1	2	72416
144.85	0.25	1	2	72425
144.866	0.25	1	2	72433
144.882	0.25	0	1	72441
144.9	0.25	0	1	72450
144.916	0.25	1	2	72458
144.932	0.25	1	2	72466
144.95	0.25	1	2	72475
144.966	0.25	1	2	72483
144.982	0.25	0	1	72491
145.0	0.25	0	1	72500
145.016	0.25	1	2	72508
145.032	0.25	1	2	72516
145.05	0.25	1	2	72525
145.066	0.25	1	2	72533
145.082	0.25	0	1	72541
145.1	0.25	0	1	72550
145.116	0.25	0	1	72558
145.132	0.25	0	1	72566
145.15	0.25	0	1	72575
145.166	0.25	0	1	72583
145.182	0.25	1	2	72591
145.2	0.25	1	2	72600
145.216	0.25	1	2	72608
145.232	0.25	1	2	72616
145.25	0.25	1	2	72625
145.266	0.25	1	2	72633
145.282	0.25	0	1	72641
145.3	0.25	0	1	72650
145.316	0.25	0	1	72658
145.332	0.25	0	1	72666
145.35	0.25	0	1	72675
145.366	0.25	0	1	72683
145.382	0.25	1	2	72691
145.4	0.25	1	2	72700
145.416	0.25	1	2	72708
145.432	0.25	1	2	72716
145.45	0.25	1	2	72725
145.466	0.25	1	2	72733
145.482	0.25	1	2	72741
145.5	0.25	1	2	72750
145.516	0.25	1	2	72758
145.532	0.25	1	2	72766
145.55	0.25	0	1	72775
145.566	0.25	0	1	72783
145.582	0.25	0	1	72791
145.6	0.25	0	1	72800
145.616	0.25	1	2	72808
145.632	0.25	1	2	72816
145.65	0.25	0	1	72825
145.666	0.25	0	1	72833
145.682	0.25	1	2	72841
145.7	0.25	1	2	72850
145.716	0.25	0	1	72858
145.732	0.25	0	1	72866
145.75	0.25	0	1	72875
145.766	0.25	0	1	72883
145.782	0.25	1	2	72891
145.8	0.25	1	2	72900
145.816	0.25	1	2	72908
145.832	0.25	1	2	72916
145.85	0.25	0	1	72925
145.866	0.25	0	1	72933
145.882	0.25	0	1	72941
145.9	0.25	0	1	72950
145.916	0.25	0	1	72958
145.932	0.25	0	1	72966
145.95	0.25	0	1	72975
145.966	0.25	0	1	72983
145.982	0.25	1	2	72991
146.0	0.25	1	2	73000
146.016	0.25	0	1	73008
146.032	0.25	0	1	73016
146.05	0.25	0	1	73025
146.066	0.25	0	1	73033
146.082	0.25	0	1	73041
146.1	0.25	0	1	73050
146.116	0.25	0	1	73058
146.132	0.25	0	1	73066
146.15	0.25	1	2	73075
146.166	0.25	1	2	73083
146.182	0.25	1	2	73091
146.2	0.25	1	2	73100
146.216	0.25	1	2	73108
146.232	0.25	1	2	73116
146.25	0.25	1	2	73125
146.266	0.25	1	2	73133
146.282	0.25	1	2	73141
146.3	0.25	1	2	73150
146.316	0.25	1	2	73158
146.332	0.25	1	2	73166
146.35	0.25	0	1	73175
146.366	0.25	0	1	73183
146.382	0.25	1	2	73191
146.4	0.25	1	2	73200
146.416	0.25	0	1	73208
146.432	0.25	0	1	73216
146.45	0.25	1	2	73225
146.466	0.25	1	2	73233
146.482	0.25	0	1	73241
146.5	0.25	0	1	73250
146.516	0.25	0	1	73258
146.532	0.25	0	1	73266
146.55	0.25	1	2	73275
146.566	0.25	1	2	73283
146.582	0.25	1	2	73291
146.6	0.25	1	2	73300
146.616	0.25	0	1	73308
146.632	0.25	0	1	73316
146.65	0.25	0	1	73325
148.132	0.25	1	2	74066
148.15	0.25	1	2	74075
148.166	0.25	1	2	74083
148.182	0.25	1	2	74091
148.2	0.25	1	2	74100
148.216	0.25	1	2	74108
148.232	0.25	1	2	74116
148.25	0.25	1	2	74125
148.266	0.25	1	2	74133
148.282	0.25	1	2	74141
148.3	0.25	1	2	74150
148.316	0.25	1	2	74158
148.332	0.25	1	2	74166
148.35	0.25	1	2	74175
148.366	0.25	0	1	74183
148.382	0.25	0	1	74191
148.4	0.25	0	1	74200
148.416	0.25	0	1	74208
148.432	0.25	1	2	74216
148.45	0.25	1	2	74225
148.466	0.25	1	2	74233
148.482	0.25	1	2	74241
148.5	0.25	0	1	74250
148.516	0.25	0	1	74258
148.532	0.25	0	1	74266
148.55	0.25	0	1	74275
148.566	0.25	1	2	74283
148.582	0.25	1	2	74291
148.6	0.25	1	2	74300
148.616	0.25	1	2	74308
148.632	0.25	0	1	74316
148.65	0.25	0	1	74325
148.666	0.25	0	1	74333
148.682	0.25	0	1	74341
148.7	0.25	1	2	74350
148.716	0.25	1	2	74358
148.732	0.25	0	1	74366
148.75	0.25	0	1	74375
148.766	0.25	1	2	74383
148.782	0.25	1	2	74391
148.8	0.25	1	2	74400
148.816	0.25	1	2	74408
148.832	0.25	0	1	74416
148.85	0.25	0	1	74425
148.866	0.25	1	2	74433
148.882	0.25	1	2	74441
148.9	0.25	0	1	74450
148.916	0.25	0	1	74458
148.932	0.25	0	1	74466
148.95	0.25	0	1	74475
148.966	0.25	1	2	74483
148.982	0.25	1	2	74491
149.0	0.25	0	1	74500
149.016	0.25	0	1	74508
149.032	0.25	1	2	74516
149.05	0.25	1	2	74525
149.066	0.25	1	2	74533
149.082	0.25	1	2	74541
149.1	0.25	1	2	74550
149.116	0.25	1	2	74558
149.132	0.25	0	1	74566
149.15	0.25	0	1	74575
149.166	0.25	0	1	74583
149.182	0.25	0	1	74591
149.2	0.25	0	1	74600
149.216	0.25	0	1	74608
149.232	0.25	1	2	74616
149.25	0.25	1	2	74625
149.266	0.25	0	1	74633
149.282	0.25	0	1	74641
149.3	0.25	1	2	74650
149.316	0.25	1	2	74658
149.332	0.25	1	2	74666
149.35	0.25	1	2	74675
149.366	0.25	1	2	74683
149.382	0.25	1	2	74691
149.4	0.25	0	1	74700
149.416	0.25	0	1	74708
149.432	0.25	0	1	74716
149.45	0.25	0	1	74725
149.466	0.25	1	2	74733
149.482	0.25	1	2	74741
149.5	0.25	0	1	74750
149.516	0.25	0	1	74758
149.532	0.25	1	2	74766
149.55	0.25	1	2	74775
149.566	0.25	0	1	74783
149.582	0.25	0	1	74791
149.6	0.25	0	1	74800
149.616	0.25	0	1	74808
149.632	0.25	0	1	74816
149.65	0.25	0	1	74825
149.666	0.25	1	2	74833
149.682	0.25	1	2	74841
149.7	0.25	1	2	74850
149.716	0.25	1	2	74858
149.732	0.25	0	1	74866
149.75	0.25	0	1	74875
149.766	0.25	1	2	74883
149.782	0.25	1	2	74891
149.8	0.25	0	1	74900
149.816	0.25	0	1	74908
149.832	0.25	0	1	74916
149.85	0.25	0	1	74925
149.866	0.25	0	1	74933
149.882	0.25	0	1	74941
149.9	0.25	1	2	74950
149.916	0.25	1	2	74958
149.932	0.25	0	1	74966
149.95	0.25	0	1	74975
149.966	0.25	1	2	74983
149.982	0.25	1	2	74991
150.0	0.25	0	1	75000
150.016	0.25	0	1	75008
150.032	0.25	0	1	75016
150.05	0.25	0	1	75025
150.066	0.25	1	2	75033
151.55	0.25	0	1	75775
151.566	0.25	0	1	75783
151.582	0.25	0	1	75791
151.6	0.25	0	1	75800
151.616	0.25	1	2	75808
151.632	0.25	1	2	75816
151.65	0.25	1	2	75825
151.666	0.25	1	2	75833
151.682	0.25	0	1	75841
151.7	0.25	0	1	75850
151.716	0.25	0	1	75858
151.732	0.25	0	1	75866
151.75	0.25	0	1	75875
151.766	0.25	0	1	75883
151.782	0.25	0	1	75891
151.8	0.25	0	1	75900
151.816	0.25	1	2	75908
151.832	0.25	1	2	75916
151.85	0.25	1	2	75925
151.866	0.25	1	2	75933
151.882	0.25	1	2	75941
151.9	0.25	1	2	75950
151.916	0.25	1	2	75958
151.932	0.25	1	2	75966
151.95	0.25	1	2	75975
151.966	0.25	1	2	75983
151.982	0.25	0	1	75991
152.0	0.25	0	1	76000
152.016	0.25	0	1	76008
152.032	0.25	0	1	76016
152.05	0.25	0	1	76025
152.066	0.25	0	1	76033
152.082	0.25	0	1	76041
152.1	0.25	0	1	76050
152.116	0.25	0	1	76058
152.132	0.25	0	1	76066
152.15	0.25	0	1	76075
152.166	0.25	0	1	76083
152.182	0.25	1	2	76091
152.2	0.25	1	2	76100
152.216	0.25	1	2	76108
152.232	0.25	1	2	76116
152.25	0.25	0	1	76125
152.266	0.25	0	1	76133
152.282	0.25	0	1	76141
152.3	0.25	0	1	76150
152.316	0.25	1	2	76158
152.332	0.25	1	2	76166
152.35	0.25	0	1	76175
152.366	0.25	0	1	76183
152.382	0.25	1	2	76191
152.4	0.25	1	2	76200
152.416	0.25	0	1	76208
152.432	0.25	0	1	76216
152.45	0.25	1	2	76225
152.466	0.25	1	2	76233
152.482	0.25	0	1	76241
152.5	0.25	0	1	76250
152.516	0.25	1	2	76258
152.532	0.25	1	2	76266
152.55	0.25	1	2	76275
152.566	0.25	1	2	76283
152.582	0.25	0	1	76291
152.6	0.25	0	1	76300
152.616	0.25	1	2	76308
152.632	0.25	1	2	76316
152.65	0.25	0	1	76325
152.666	0.25	0	1	76333
152.682	0.25	0	1	76341
152.7	0.25	0	1	76350
152.716	0.25	0	1	76358
152.732	0.25	0	1	76366
152.75	0.25	1	2	76375
152.766	0.25	1	2	76383
152.782	0.25	0	1	76391
152.8	0.25	0	1	76400
152.816	0.25	0	1	76408
152.832	0.25	0	1	76416
152.85	0.25	0	1	76425
152.866	0.25	0	1	76433
152.882	0.25	1	2	76441
152.9	0.25	1	2	76450
152.916	0.25	1	2	76458
152.932	0.25	1	2	76466
152.95	0.25	1	2	76475
152.966	0.25	1	2	76483
152.982	0.25	0	1	76491
153.0	0.25	0	1	76500
153.016	0.25	1	2	76508
153.032	0.25	1	2	76516
153.05	0.25	0	1	76525
153.066	0.25	0	1	76533
153.082	0.25	1	2	76541
153.1	0.25	1	2	76550
153.116	0.25	1	2	76558
153.132	0.25	1	2	76566
153.15	0.25	1	2	76575
153.166	0.25	1	2	76583
153.182	0.25	1	2	76591
153.2	0.25	1	2	76600
153.216	0.25	1	2	76608
153.232	0.25	1	2	76616
153.25	0.25	0	1	76625
153.266	0.25	0	1	76633
153.282	0.25	0	1	76641
153.3	0.25	0	1	76650
153.316	0.25	1	2	76658
153.332	0.25	1	2	76666
153.35	0.25	0	1	76675
153.366	0.25	0	1	76683
153.382	0.25	0	1	76691
153.4	0.25	0	1	76700
153.416	0.25	0	1	76708
153.432	0.25	0	1	76716
153.45	0.25	1	2	76725
153.466	0.25	1	2	76733
153.482	0.25	1	2	76741
154.966	0.25	1	2	77483
154.982	0.25	1	2	77491
155.0	0.25	1	2	77500
155.016	0.25	1	2	77508
155.032	0.25	0	1	77516
155.05	0.25	0	1	77525
155.066	0.25	0	1	77533
155.082	0.25	0	1	77541
155.1	0.25	0	1	77550
155.116	0.25	0	1	77558
155.132	0.25	0	1	77566
155.15	0.25	0	1	77575
155.166	0.25	1	2	77583
155.182	0.25	1	2	77591
155.2	0.25	0	1	77600
155.216	0.25	0	1	77608
155.232	0.25	0	1	77616
155.25	0.25	0	1	77625
155.266	0.25	1	2	77633
155.282	0.25	1	2	77641
155.3	0.25	1	2	77650
155.316	0.25	1	2	77658
155.332	0.25	0	1	77666
155.35	0.25	0	1	77675
155.366	0.25	0	1	77683
155.382	0.25	0	1	77691
155.4	0.25	0	1	77700
155.416	0.25	0	1	77708
155.432	0.25	0	1	77716
155.45	0.25	0	1	77725
155.466	0.25	0	1	77733
155.482	0.25	0	1	77741
155.5	0.25	0	1	77750
155.516	0.25	0	1	77758
155.532	0.25	1	2	77766
155.55	0.25	1	2	77775
155.566	0.25	0	1	77783
155.582	0.25	0	1	77791
155.6	0.25	1	2	77800
155.616	0.25	1	2	77808
155.632	0.25	1	2	77816
155.65	0.25	1	2	77825
155.666	0.25	0	1	77833
155.682	0.25	0	1	77841
155.7	0.25	1	2	77850
155.716	0.25	1	2	77858
155.732	0.25	0	1	77866
155.75	0.25	0	1	77875
155.766	0.25	1	2	77883
155.782	0.25	1	2	77891
155.8	0.25	0	1	77900
155.816	0.25	0	1	77908
155.832	0.25	1	2	77916
155.85	0.25	1	2	77925
155.866	0.25	0	1	77933
155.882	0.25	0	1	77941
155.9	0.25	0	1	77950
155.916	0.25	0	1	77958
155.932	0.25	0	1	77966
155.95	0.25	0	1	77975
155.966	0.25	1	2	77983
155.982	0.25	1	2	77991
156.0	0.25	1	2	78000
156.016	0.25	1	2	78008
156.032	0.25	1	2	78016
156.05	0.25	1	2	78025
156.066	0.25	0	1	78033
156.082	0.25	0	1	78041
156.1	0.25	1	2	78050
156.116	0.25	1	2	78058
156.132	0.25	1	2	78066
156.15	0.25	1	2	78075
156.166	0.25	1	2	78083
156.182	0.25	1	2	78091
156.2	0.25	0	1	78100
156.216	0.25	0	1	78108
156.232	0.25	1	2	78116
156.25	0.25	1	2	78125
156.266	0.25	0	1	78133
156.282	0.25	0	1	78141
156.3	0.25	1	2	78150
156.316	0.25	1	2	78158
156.332	0.25	1	2	78166
156.35	0.25	1	2	78175
156.366	0.25	0	1	78183
156.382	0.25	0	1	78191
156.4	0.25	0	1	78200
156.416	0.25	0	1	78208
156.432	0.25	0	1	78216
156.45	0.25	0	1	78225
156.466	0.25	1	2	78233
156.482	0.25	1	2	78241
156.5	0.25	1	2	78250
156.516	0.25	1	2	78258
156.532	0.25	0	1	78266
156.55	0.25	0	1	78275
156.566	0.25	1	2	78283
156.582	0.25	1	2	78291
156.6	0.25	1	2	78300
156.616	0.25	1	2	78308
156.632	0.25	1	2	78316
156.65	0.25	1	2	78325
156.666	0.25	0	1	78333
156.682	0.25	0	1	78341
156.7	0.25	0	1	78350
156.716	0.25	0	1	78358
156.732	0.25	0	1	78366
156.75	0.25	0	1	78375
156.766	0.25	0	1	78383
156.782	0.25	0	1	78391
156.8	0.25	0	1	78400
156.816	0.25	0	1	78408
156.832	0.25	1	2	78416
156.85	0.25	1	2	78425
156.866	0.25	1	2	78433
156.882	0.25	1	2	78441
156.9	0.25	1	2	78450
159.516	0.25	0	1	79758
159.532	0.25	0	1	79766
159.55	0.25	0	1	79775
159.566	0.25	0	1	79783
159.582	0.25	1	2	79791
159.6	0.25	1	2	79800
159.616	0.25	1	2	79808
159.632	0.25	1	2	79816
159.65	0.25	0	1	79825
159.666	0.25	0	1	79833
159.682	0.25	0	1	79841
159.7	0.25	0	1	79850
159.716	0.25	0	1	79858
159.732	0.25	0	1	79866
159.75	0.25	0	1	79875
159.766	0.25	0	1	79883
159.782	0.25	1	2	79891
159.8	0.25	1	2	79900
159.816	0.25	1	2	79908
159.832	0.25	1	2	79916
159.85	0.25	1	2	79925
159.866	0.25	1	2	79933
159.882	0.25	1	2	79941
159.9	0.25	1	2	79950
159.916	0.25	1	2	79958
159.932	0.25	1	2	79966
159.95	0.25	0	1	79975
159.966	0.25	0	1	79983
159.982	0.25	0	1	79991
160.0	0.25	0	1	80000
160.016	0.25	0	1	80008
160.032	0.25	0	1	80016
160.05	0.25	0	1	80025
160.066	0.25	0	1	80033
160.082	0.25	0	1	80041
160.1	0.25	0	1	80050
160.116	0.25	0	1	80058
160.132	0.25	0	1	80066
160.15	0.25	1	2	80075
160.166	0.25	1	2	80083
160.182	0.25	1	2	80091
160.2	0.25	1	2	80100
160.216	0.25	0	1	80108
160.232	0.25	0	1	80116
160.25	0.25	0	1	80125
160.266	0.25	0	1	80133
160.282	0.25	1	2	80141
160.3	0.25	1	2	80150
160.316	0.25	0	1	80158
160.332	0.25	0	1	80166
160.35	0.25	1	2	80175
160.366	0.25	1	2	80183
160.382	0.25	0	1	80191
160.4	0.25	0	1	80200
160.416	0.25	1	2	80208
160.432	0.25	1	2	80216
160.45	0.25	0	1	80225
160.466	0.25	0	1	80233
160.482	0.25	1	2	80241
160.5	0.25	1	2	80250
160.516	0.25	1	2	80258
160.532	0.25	1	2	80266
160.55	0.25	0	1	80275
160.566	0.25	0	1	80283
160.582	0.25	1	2	80291
160.6	0.25	1	2	80300
160.616	0.25	0	1	80308
160.632	0.25	0	1	80316
160.65	0.25	0	1	80325
160.666	0.25	0	1	80333
160.682	0.25	0	1	80341
160.7	0.25	0	1	80350
160.716	0.25	1	2	80358
160.732	0.25	1	2	80366
160.75	0.25	0	1	80375
160.766	0.25	0	1	80383
160.782	0.25	0	1	80391
160.8	0.25	0	1	80400
160.816	0.25	0	1	80408
160.832	0.25	0	1	80416
160.85	0.25	1	2	80425
160.866	0.25	1	2	80433
160.882	0.25	1	2	80441
160.9	0.25	1	2	80450
160.916	0.25	1	2	80458
160.932	0.25	1	2	80466
160.95	0.25	0	1	80475
160.966	0.25	0	1	80483
160.982	0.25	1	2	80491
161.0	0.25	1	2	80500
161.016	0.25	0	1	80508
161.032	0.25	0	1	80516
161.05	0.25	1	2	80525
161.066	0.25	1	2	80533
161.082	0.25	1	2	80541
161.1	0.25	1	2	80550
161.116	0.25	1	2	80558
161.132	0.25	1	2	80566
161.15	0.25	1	2	80575
161.166	0.25	1	2	80583
161.182	0.25	1	2	80591
161.2	0.25	1	2	80600
161.216	0.25	0	1	80608
161.232	0.25	0	1	80616
161.25	0.25	0	1	80625
161.266	0.25	0	1	80633
161.282	0.25	1	2	80641
161.3	0.25	1	2	80650
161.316	0.25	0	1	80658
161.332	0.25	0	1	80666
161.35	0.25	0	1	80675
161.366	0.25	0	1	80683
161.382	0.25	0	1	80691
161.4	0.25	0	1	80700
161.416	0.25	1	2	80708
161.432	0.25	1	2	80716
161.45	0.25	1	2	80725
162.932	0.25	1	2	81466
162.95	0.25	1	2	81475
162.966	0.25	1	2	81483
162.982	0.25	1	2	81491
163.0	0.25	0	1	81500
163.016	0.25	0	1	81508
163.032	0.25	0	1	81516
163.05	0.25	0	1	81525
163.066	0.25	0	1	81533
163.082	0.25	0	1	81541
163.1	0.25	0	1	81550
163.116	0.25	0	1	81558
163.132	0.25	1	2	81566
163.15	0.25	1	2	81575
163.166	0.25	0	1	81583
163.182	0.25	0	1	81591
163.2	0.25	0	1	81600
163.216	0.25	0	1	81608
163.232	0.25	1	2	81616
163.25	0.25	1	2	81625
163.266	0.25	1	2	81633
163.282	0.25	1	2	81641
163.3	0.25	0	1	81650
163.316	0.25	0	1	81658
163.332	0.25	0	1	81666
163.35	0.25	0	1	81675
163.366	0.25	0	1	81683
163.382	0.25	0	1	81691
163.4	0.25	0	1	81700
163.416	0.25	0	1	81708
163.432	0.25	0	1	81716
163.45	0.25	0	1	81725
163.466	0.25	0	1	81733
163.482	0.25	0	1	81741
163.5	0.25	1	2	81750
163.516	0.25	1	2	81758
163.532	0.25	0	1	81766
163.55	0.25	0	1	81775
163.566	0.25	1	2	81783
163.582	0.25	1	2	81791
163.6	0.25	1	2	81800
163.616	0.25	1	2	81808
163.632	0.25	0	1	81816
163.65	0.25	0	1	81825
163.666	0.25	1	2	81833
163.682	0.25	1	2	81841
163.7	0.25	0	1	81850
163.716	0.25	0	1	81858
163.732	0.25	1	2	81866
163.75	0.25	1	2	81875
163.766	0.25	0	1	81883
163.782	0.25	0	1	81891
163.8	0.25	1	2	81900
163.816	0.25	1	2	81908
163.832	0.25	0	1	81916
163.85	0.25	0	1	81925
163.866	0.25	0	1	81933
163.882	0.25	0	1	81941
163.9	0.25	0	1	81950
163.916	0.25	0	1	81958
163.932	0.25	1	2	81966
163.95	0.25	1	2	81975
163.966	0.25	1	2	81983
163.982	0.25	1	2	81991
164.0	0.25	1	2	82000
164.016	0.25	1	2	82008
164.032	0.25	0	1	82016
164.05	0.25	0	1	82025
164.066	0.25	1	2	82033
164.082	0.25	1	2	82041
164.1	0.25	1	2	82050
164.116	0.25	1	2	82058
164.132	0.25	1	2	82066
164.15	0.25	1	2	82075
164.166	0.25	0	1	82083
164.182	0.25	0	1	82091
164.2	0.25	1	2	82100
164.216	0.25	1	2	82108
164.232	0.25	0	1	82116
164.25	0.25	0	1	82125
164.266	0.25	1	2	82133
164.282	0.25	1	2	82141
164.3	0.25	1	2	82150
164.316	0.25	1	2	82158
164.332	0.25	0	1	82166
164.35	0.25	0	1	82175
164.366	0.25	0	1	82183
164.382	0.25	0	1	82191
164.4	0.25	0	1	82200
164.416	0.25	0	1	82208
164.432	0.25	1	2	82216
164.45	0.25	1	2	82225
164.466	0.25	1	2	82233
164.482	0.25	1	2	82241
164.5	0.25	0	1	82250
164.516	0.25	0	1	82258
164.532	0.25	1	2	82266
164.55	0.25	1	2	82275
164.566	0.25	1	2	82283
164.582	0.25	1	2	82291
164.6	0.25	1	2	82300
164.616	0.25	1	2	82308
164.632	0.25	0	1	82316
164.65	0.25	0	1	82325
164.666	0.25	0	1	82333
164.682	0.25	0	1	82341
164.7	0.25	0	1	82350
164.716	0.25	0	1	82358
164.732	0.25	0	1	82366
164.75	0.25	0	1	82375
164.766	0.25	0	1	82383
164.782	0.25	0	1	82391
164.8	0.25	1	2	82400
164.816	0.25	1	2	82408
164.832	0.25	1	2	82416
164.85	0.25	1	2	82425
164.866	0.25	1	2	82433
166.35	0.25	1	2	83175
166.366	0.25	1	2	83183
166.382	0.25	1	2	83191
166.4	0.25	1	2	83200
166.416	0.25	0	1	83208
166.432	0.25	0	1	83216
166.45	0.25	1	2	83225
166.466	0.25	1	2	83233
166.482	0.25	1	2	83241
166.5	0.25	1	2	83250
166.516	0.25	0	1	83258
166.532	0.25	0	1	83266
166.55	0.25	1	2	83275
166.566	0.25	1	2	83283
166.582	0.25	1	2	83291
166.6	0.25	1	2	83300
166.616	0.25	0	1	83308
166.632	0.25	0	1	83316
166.65	0.25	1	2	83325
166.666	0.25	1	2	83333
166.682	0.25	1	2	83341
166.7	0.25	1	2	83350
166.716	0.25	0	1	83358
166.732	0.25	0	1	83366
166.75	0.25	0	1	83375
166.766	0.25	0	1	83383
166.782	0.25	0	1	83391
166.8	0.25	0	1	83400
166.816	0.25	1	2	83408
166.832	0.25	1	2	83416
166.85	0.25	1	2	83425
166.866	0.25	1	2	83433
166.882	0.25	1	2	83441
166.9	0.25	1	2	83450
166.916	0.25	0	1	83458
166.932	0.25	0	1	83466
166.95	0.25	0	1	83475
166.966	0.25	0	1	83483
166.982	0.25	0	1	83491
167.0	0.25	0	1	83500
167.016	0.25	1	2	83508
167.032	0.25	1	2	83516
167.05	0.25	1	2	83525
167.066	0.25	1	2	83533
167.082	0.25	1	2	83541
167.1	0.25	1	2	83550
167.116	0.25	1	2	83558
167.132	0.25	1	2	83566
167.15	0.25	1	2	83575
167.166	0.25	1	2	83583
167.182	0.25	0	1	83591
167.2	0.25	0	1	83600
167.216	0.25	0	1	83608
167.232	0.25	0	1	83616
167.25	0.25	1	2	83625
167.266	0.25	1	2	83633
167.282	0.25	0	1	83641
167.3	0.25	0	1	83650
167.316	0.25	1	2	83658
167.332	0.25	1	2	83666
167.35	0.25	0	1	83675
167.366	0.25	0	1	83683
167.382	0.25	0	1	83691
167.4	0.25	0	1	83700
167.416	0.25	1	2	83708
167.432	0.25	1	2	83716
167.45	0.25	1	2	83725
167.466	0.25	1	2	83733
167.482	0.25	0	1	83741
167.5	0.25	0	1	83750
167.516	0.25	0	1	83758
167.532	0.25	0	1	83766
167.55	0.25	0	1	83775
167.566	0.25	0	1	83783
167.582	0.25	0	1	83791
167.6	0.25	0	1	83800
167.616	0.25	1	2	83808
167.632	0.25	1	2	83816
167.65	0.25	0	1	83825
167.666	0.25	0	1	83833
167.682	0.25	0	1	83841
167.7	0.25	0	1	83850
167.716	0.25	0	1	83858
167.732	0.25	0	1	83866
167.75	0.25	0	1	83875
167.766	0.25	0	1	83883
167.782	0.25	1	2	83891
167.8	0.25	1	2	83900
167.816	0.25	1	2	83908
167.832	0.25	1	2	83916
167.85	0.25	1	2	83925
167.866	0.25	1	2	83933
167.882	0.25	1	2	83941
167.9	0.25	1	2	83950
167.916	0.25	1	2	83958
167.932	0.25	1	2	83966
167.95	0.25	1	2	83975
167.966	0.25	1	2	83983
167.982	0.25	0	1	83991
168.0	0.25	0	1	84000
168.016	0.25	1	2	84008
168.032	0.25	1	2	84016
168.05	0.25	0	1	84025
168.066	0.25	0	1	84033
168.082	0.25	1	2	84041
168.1	0.25	1	2	84050
168.116	0.25	0	1	84058
168.132	0.25	0	1	84066
168.15	0.25	0	1	84075
168.166	0.25	0	1	84083
168.182	0.25	1	2	84091
168.2	0.25	1	2	84100
168.216	0.25	1	2	84108
168.232	0.25	1	2	84116
168.25	0.25	0	1	84125
168.266	0.25	0	1	84133
168.282	0.25	0	1	84141
169.766	0.25	1	2	84883
169.782	0.25	1	2	84891
169.8	0.25	1	2	84900
169.816	0.25	1	2	84908
169.832	0.25	1	2	84916
169.85	0.25	1	2	84925
169.866	0.25	1	2	84933
169.882	0.25	1	2	84941
169.9	0.25	1	2	84950
169.916	0.25	1	2	84958
169.932	0.25	1	2	84966
169.95	0.25	1	2	84975
169.966	0.25	1	2	84983
169.982	0.25	1	2	84991
170.0	0.25	0	1	85000
170.016	0.25	0	1	85008
170.032	0.25	0	1	85016
170.05	0.25	0	1	85025
170.066	0.25	1	2	85033
170.082	0.25	1	2	85041
170.1	0.25	1	2	85050
170.116	0.25	1	2	85058
170.132	0.25	0	1	85066
170.15	0.25	0	1	85075
170.166	0.25	0	1	85083
170.182	0.25	0	1	85091
170.2	0.25	1	2	85100
170.216	0.25	1	2	85108
170.232	0.25	1	2	85116
170.25	0.25	1	2	85125
170.266	0.25	0	1	85133
170.282	0.25	0	1	85141
170.3	0.25	0	1	85150
170.316	0.25	0	1	85158
170.332	0.25	1	2	85166
170.35	0.25	1	2	85175
170.366	0.25	0	1	85183
170.382	0.25	0	1	85191
170.4	0.25	1	2	85200
170.416	0.25	1	2	85208
170.432	0.25	1	2	85216
170.45	0.25	1	2	85225
170.466	0.25	0	1	85233
170.482	0.25	0	1	85241
170.5	0.25	1	2	85250
170.516	0.25	1	2	85258
170.532	0.25	0	1	85266
170.55	0.25	0	1	85275
170.566	0.25	0	1	85283
170.582	0.25	0	1	85291
170.6	0.25	1	2	85300
170.616	0.25	1	2	85308
170.632	0.25	0	1	85316
170.65	0.25	0	1	85325
170.666	0.25	1	2	85333
170.682	0.25	1	2	85341
170.7	0.25	1	2	85350
170.716	0.25	1	2	85358
170.732	0.25	1	2	85366
170.75	0.25	1	2	85375
170.766	0.25	0	1	85383
170.782	0.25	0	1	85391
170.8	0.25	0	1	85400
170.816	0.25	0	1	85408
170.832	0.25	0	1	85416
170.85	0.25	0	1	85425
170.866	0.25	1	2	85433
170.882	0.25	1	2	85441
170.9	0.25	0	1	85450
170.916	0.25	0	1	85458
170.932	0.25	1	2	85466
170.95	0.25	1	2	85475
170.966	0.25	1	2	85483
170.982	0.25	1	2	85491
171.0	0.25	1	2	85500
171.016	0.25	1	2	85508
171.032	0.25	0	1	85516
171.05	0.25	0	1	85525
171.066	0.25	0	1	85533
171.082	0.25	0	1	85541
171.1	0.25	1	2	85550
171.116	0.25	1	2	85558
171.132	0.25	0	1	85566
171.15	0.25	0	1	85575
171.166	0.25	1	2	85583
171.182	0.25	1	2	85591
171.2	0.25	0	1	85600
171.216	0.25	0	1	85608
171.232	0.25	0	1	85616
171.25	0.25	0	1	85625
171.266	0.25	0	1	85633
171.282	0.25	0	1	85641
171.3	0.25	1	2	85650
171.316	0.25	1	2	85658
171.332	0.25	1	2	85666
171.35	0.25	1	2	85675
171.366	0.25	0	1	85683
171.382	0.25	0	1	85691
171.4	0.25	1	2	85700
171.416	0.25	1	2	85708
171.432	0.25	0	1	85716
171.45	0.25	0	1	85725
171.466	0.25	0	1	85733
171.482	0.25	0	1	85741
171.5	0.25	0	1	85750
171.516	0.25	0	1	85758
171.532	0.25	1	2	85766
171.55	0.25	1	2	85775
171.566	0.25	0	1	85783
171.582	0.25	0	1	85791
171.6	0.25	1	2	85800
171.616	0.25	1	2	85808
171.632	0.25	0	1	85816
171.65	0.25	0	1	85825
171.666	0.25	0	1	85833
171.682	0.25	0	1	85841
171.7	0.25	1	2	85850
174.45	0.25	1	2	87225
174.466	0.25	1	2	87233
174.482	0.25	1	2	87241
174.5	0.25	1	2	87250
174.516	0.25	0	1	87258
174.532	0.25	0	1	87266
174.55	0.25	0	1	87275
174.566	0.25	0	1	87283
174.582	0.25	0	1	87291
174.6	0.25	0	1	87300
174.616	0.25	0	1	87308
174.632	0.25	0	1	87316
174.65	0.25	1	2	87325
174.666	0.25	1	2	87333
174.682	0.25	0	1	87341
174.7	0.25	0	1	87350
174.716	0.25	0	1	87358
174.732	0.25	0	1	87366
174.75	0.25	1	2	87375
174.766	0.25	1	2	87383
174.782	0.25	1	2	87391
174.8	0.25	1	2	87400
174.816	0.25	0	1	87408
174.832	0.25	0	1	87416
174.85	0.25	0	1	87425
174.866	0.25	0	1	87433
174.882	0.25	0	1	87441
174.9	0.25	0	1	87450
174.916	0.25	0	1	87458
174.932	0.25	0	1	87466
174.95	0.25	0	1	87475
174.966	0.25	0	1	87483
174.982	0.25	0	1	87491
175.0	0.25	0	1	87500
175.016	0.25	1	2	87508
175.032	0.25	1	2	87516
175.05	0.25	0	1	87525
175.066	0.25	0	1	87533
175.082	0.25	1	2	87541
175.1	0.25	1	2	87550
175.116	0.25	1	2	87558
175.132	0.25	1	2	87566
175.15	0.25	0	1	87575
175.166	0.25	0	1	87583
175.182	0.25	1	2	87591
175.2	0.25	1	2	87600
175.216	0.25	0	1	87608
175.232	0.25	0	1	87616
175.25	0.25	1	2	87625
175.266	0.25	1	2	87633
175.282	0.25	0	1	87641
175.3	0.25	0	1	87650
175.316	0.25	1	2	87658
175.332	0.25	1	2	87666
175.35	0.25	0	1	87675
175.366	0.25	0	1	87683
175.382	0.25	0	1	87691
175.4	0.25	0	1	87700
175.416	0.25	0	1	87708
175.432	0.25	0	1	87716
175.45	0.25	1	2	87725
175.466	0.25	1	2	87733
175.482	0.25	1	2	87741
175.5	0.25	1	2	87750
175.516	0.25	1	2	87758
175.532	0.25	1	2	87766
175.55	0.25	0	1	87775
175.566	0.25	0	1	87783
175.582	0.25	1	2	87791
175.6	0.25	1	2	87800
175.616	0.25	1	2	87808
175.632	0.25	1	2	87816
175.65	0.25	1	2	87825
175.666	0.25	1	2	87833
175.682	0.25	0	1	87841
175.7	0.25	0	1	87850
175.716	0.25	1	2	87858
175.732	0.25	1	2	87866
175.75	0.25	0	1	87875
175.766	0.25	0	1	87883
175.782	0.25	1	2	87891
175.8	0.25	1	2	87900
175.816	0.25	1	2	87908
175.832	0.25	1	2	87916
175.85	0.25	0	1	87925
175.866	0.25	0	1	87933
175.882	0.25	0	1	87941
175.9	0.25	0	1	87950
175.916	0.25	0	1	87958
175.932	0.25	0	1	87966
175.95	0.25	1	2	87975
175.966	0.25	1	2	87983
175.982	0.25	1	2	87991
176.0	0.25	1	2	88000
176.016	0.25	0	1	88008
176.032	0.25	0	1	88016
176.05	0.25	1	2	88025
176.066	0.25	1	2	88033
176.082	0.25	1	2	88041
176.1	0.25	1	2	88050
176.116	0.25	1	2	88058
176.132	0.25	1	2	88066
176.15	0.25	0	1	88075
176.166	0.25	0	1	88083
176.182	0.25	0	1	88091
176.2	0.25	0	1	88100
176.216	0.25	0	1	88108
176.232	0.25	0	1	88116
176.25	0.25	0	1	88125
176.266	0.25	0	1	88133
176.282	0.25	0	1	88141
176.3	0.25	0	1	88150
176.316	0.25	1	2	88158
176.332	0.25	1	2	88166
176.35	0.25	1	2	88175
176.366	0.25	1	2	88183
176.382	0.25	1	2	88191
177.866	0.25	0	1	88933
177.882	0.25	0	1	88941
177.9	0.25	0	1	88950
177.916	0.25	0	1	88958
177.932	0.25	1	2	88966
177.95	0.25	1	2	88975
177.966	0.25	1	2	88983
177.982	0.25	1	2	88991
178.0	0.25	0	1	89000
178.016	0.25	0	1	89008
178.032	0.25	0	1	89016
178.05	0.25	0	1	89025
178.066	0.25	0	1	89033
178.082	0.25	0	1	89041
178.1	0.25	0	1	89050
178.116	0.25	0	1	89058
178.132	0.25	1	2	89066
178.15	0.25	1	2	89075
178.166	0.25	1	2	89083
178.182	0.25	1	2	89091
178.2	0.25	1	2	89100
178.216	0.25	1	2	89108
178.232	0.25	1	2	89116
178.25	0.25	1	2	89125
178.266	0.25	1	2	89133
178.282	0.25	1	2	89141
178.3	0.25	0	1	89150
178.316	0.25	0	1	89158
178.332	0.25	0	1	89166
178.35	0.25	0	1	89175
178.366	0.25	0	1	89183
178.382	0.25	0	1	89191
178.4	0.25	0	1	89200
178.416	0.25	0	1	89208
178.432	0.25	0	1	89216
178.45	0.25	0	1	89225
178.466	0.25	0	1	89233
178.482	0.25	0	1	89241
178.5	0.25	1	2	89250
178.516	0.25	1	2	89258
178.532	0.25	1	2	89266
178.55	0.25	1	2	89275
178.566	0.25	0	1	89283
178.582	0.25	0	1	89291
178.6	0.25	0	1	89300
178.616	0.25	0	1	89308
178.632	0.25	1	2	89316
178.65	0.25	1	2	89325
178.666	0.25	0	1	89333
178.682	0.25	0	1	89341
178.7	0.25	1	2	89350
178.716	0.25	1	2	89358
178.732	0.25	0	1	89366
178.75	0.25	0	1	89375
178.766	0.25	1	2	89383
178.782	0.25	1	2	89391
178.8	0.25	0	1	89400
178.816	0.25	0	1	89408
178.832	0.25	1	2	89416
178.85	0.25	1	2	89425
178.866	0.25	1	2	89433
178.882	0.25	1	2	89441
178.9	0.25	0	1	89450
178.916	0.25	0	1	89458
178.932	0.25	1	2	89466
178.95	0.25	1	2	89475
178.966	0.25	0	1	89483
178.982	0.25	0	1	89491
179.0	0.25	0	1	89500
179.016	0.25	0	1	89508
179.032	0.25	0	1	89516
179.05	0.25	0	1	89525
179.066	0.25	1	2	89533
179.082	0.25	1	2	89541
179.1	0.25	0	1	89550
179.116	0.25	0	1	89558
179.132	0.25	0	1	89566
179.15	0.25	0	1	89575
179.166	0.25	0	1	89583
179.182	0.25	0	1	89591
179.2	0.25	1	2	89600
179.216	0.25	1	2	89608
179.232	0.25	1	2	89616
179.25	0.25	1	2	89625
179.266	0.25	1	2	89633
179.282	0.25	1	2	89641
179.3	0.25	0	1	89650
179.316	0.25	0	1	89658
179.332	0.25	1	2	89666
179.35	0.25	1	2	89675
179.366	0.25	0	1	89683
179.382	0.25	0	1	89691
179.4	0.25	1	2	89700
179.416	0.25	1	2	89708
179.432	0.25	1	2	89716
179.45	0.25	1	2	89725
179.466	0.25	1	2	89733
179.482	0.25	1	2	89741
179.5	0.25	1	2	89750
179.516	0.25	1	2	89758
179.532	0.25	1	2	89766
179.55	0.25	1	2	89775
179.566	0.25	0	1	89783
179.582	0.25	0	1	89791
179.6	0.25	0	1	89800
179.616	0.25	0	1	89808
179.632	0.25	1	2	89816
179.65	0.25	1	2	89825
179.666	0.25	0	1	89833
179.682	0.25	0	1	89841
179.7	0.25	0	1	89850
179.716	0.25	0	1	89858
179.732	0.25	0	1	89866
179.75	0.25	0	1	89875
179.766	0.25	1	2	89883
179.782	0.25	1	2	89891
179.8	0.25	1	2	89900
181.282	0.25	1	2	90641
181.3	0.25	1	2	90650
181.316	0.25	1	2	90658
181.332	0.25	1	2	90666
181.35	0.25	1	2	90675
181.366	0.25	1	2	90683
181.382	0.25	1	2	90691
181.4	0.25	1	2	90700
181.416	0.25	1	2	90708
181.432	0.25	1	2	90716
181.45	0.25	1	2	90725
181.466	0.25	1	2	90733
181.482	0.25	1	2	90741
181.5	0.25	1	2	90750
181.516	0.25	0	1	90758
181.532	0.25	0	1	90766
181.55	0.25	0	1	90775
181.566	0.25	0	1	90783
181.582	0.25	1	2	90791
181.6	0.25	1	2	90800
181.616	0.25	1	2	90808
181.632	0.25	1	2	90816
181.65	0.25	0	1	90825
181.666	0.25	0	1	90833
181.682	0.25	0	1	90841
181.7	0.25	0	1	90850
181.716	0.25	1	2	90858
181.732	0.25	1	2	90866
181.75	0.25	1	2	90875
181.766	0.25	1	2	90883
181.782	0.25	0	1	90891
181.8	0.25	0	1	90900
181.816	0.25	0	1	90908
181.832	0.25	0	1	90916
181.85	0.25	1	2	90925
181.866	0.25	1	2	90933
181.882	0.25	0	1	90941
181.9	0.25	0	1	90950
181.916	0.25	1	2	90958
181.932	0.25	1	2	90966
181.95	0.25	1	2	90975
181.966	0.25	1	2	90983
181.982	0.25	0	1	90991
182.0	0.25	0	1	91000
182.016	0.25	1	2	91008
182.032	0.25	1	2	91016
182.05	0.25	0	1	91025
182.066	0.25	0	1	91033
182.082	0.25	0	1	91041
182.1	0.25	0	1	91050
182.116	0.25	1	2	91058
182.132	0.25	1	2	91066
182.15	0.25	0	1	91075
182.166	0.25	0	1	91083
182.182	0.25	1	2	91091
182.2	0.25	1	2	91100
182.216	0.25	1	2	91108
182.232	0.25	1	2	91116
182.25	0.25	1	2	91125
182.266	0.25	1	2	91133
182.282	0.25	0	1	91141
182.3	0.25	0	1	91150
182.316	0.25	0	1	91158
182.332	0.25	0	1	91166
182.35	0.25	0	1	91175
182.366	0.25	0	1	91183
182.382	0.25	1	2	91191
182.4	0.25	1	2	91200
182.416	0.25	0	1	91208
182.432	0.25	0	1	91216
182.45	0.25	1	2	91225
182.466	0.25	1	2	91233
182.482	0.25	1	2	91241
182.5	0.25	1	2	91250
182.516	0.25	1	2	91258
182.532	0.25	1	2	91266
182.55	0.25	0	1	91275
182.566	0.25	0	1	91283
182.582	0.25	0	1	91291
182.6	0.25	0	1	91300
182.616	0.25	1	2	91308
182.632	0.25	1	2	91316
182.65	0.25	0	1	91325
182.666	0.25	0	1	91333
182.682	0.25	1	2	91341
182.7	0.25	1	2	91350
182.716	0.25	0	1	91358
182.732	0.25	0	1	91366
182.75	0.25	0	1	91375
182.766	0.25	0	1	91383
182.782	0.25	0	1	91391
182.8	0.25	0	1	91400
182.816	0.25	1	2	91408
182.832	0.25	1	2	91416
182.85	0.25	1	2	91425
182.866	0.25	1	2	91433
182.882	0.25	0	1	91441
182.9	0.25	0	1	91450
182.916	0.25	1	2	91458
182.932	0.25	1	2	91466
182.95	0.25	0	1	91475
182.966	0.25	0	1	91483
182.982	0.25	0	1	91491
183.0	0.25	0	1	91500
183.016	0.25	0	1	91508
183.032	0.25	0	1	91516
183.05	0.25	1	2	91525
183.066	0.25	1	2	91533
183.082	0.25	0	1	91541
183.1	0.25	0	1	91550
183.116	0.25	1	2	91558
183.132	0.25	1	2	91566
183.15	0.25	0	1	91575
183.166	0.25	0	1	91583
183.182	0.25	0	1	91591
183.2	0.25	0	1	91600
183.216	0.25	1	2	91608
184.7	0.25	1	2	92350
184.716	0.25	1	2	92358
184.732	0.25	1	2	92366
184.75	0.25	1	2	92375
184.766	0.25	0	1	92383
184.782	0.25	0	1	92391
184.8	0.25	1	2	92400
184.816	0.25	1	2	92408
184.832	0.25	1	2	92416
184.85	0.25	1	2	92425
184.866	0.25	0	1	92433
184.882	0.25	0	1	92441
184.9	0.25	1	2	92450
184.916	0.25	1	2	92458
184.932	0.25	1	2	92466
184.95	0.25	1	2	92475
184.966	0.25	0	1	92483
184.982	0.25	0	1	92491
185.0	0.25	1	2	92500
185.016	0.25	1	2	92508
185.032	0.25	1	2	92516
185.05	0.25	1	2	92525
185.066	0.25	0	1	92533
185.082	0.25	0	1	92541
185.1	0.25	0	1	92550
185.116	0.25	0	1	92558
185.132	0.25	0	1	92566
185.15	0.25	0	1	92575
185.166	0.25	1	2	92583
185.182	0.25	1	2	92591
185.2	0.25	1	2	92600
185.216	0.25	1	2	92608
185.232	0.25	1	2	92616
185.25	0.25	1	2	92625
185.266	0.25	0	1	92633
185.282	0.25	0	1	92641
185.3	0.25	0	1	92650
185.316	0.25	0	1	92658
185.332	0.25	0	1	92666
185.35	0.25	0	1	92675
185.366	0.25	1	2	92683
185.382	0.25	1	2	92691
185.4	0.25	1	2	92700
185.416	0.25	1	2	92708
185.432	0.25	1	2	92716
185.45	0.25	1	2	92725
185.466	0.25	1	2	92733
185.482	0.25	1	2	92741
185.5	0.25	1	2	92750
185.516	0.25	1	2	92758
185.532	0.25	0	1	92766
185.55	0.25	0	1	92775
185.566	0.25	0	1	92783
185.582	0.25	0	1	92791
185.6	0.25	1	2	92800
185.616	0.25	1	2	92808
185.632	0.25	0	1	92816
185.65	0.25	0	1	92825
185.666	0.25	1	2	92833
185.682	0.25	1	2	92841
185.7	0.25	0	1	92850
185.716	0.25	0	1	92858
185.732	0.25	0	1	92866
185.75	0.25	0	1	92875
185.766	0.25	1	2	92883
185.782	0.25	1	2	92891
185.8	0.25	1	2	92900
185.816	0.25	1	2	92908
185.832	0.25	0	1	92916
185.85	0.25	0	1	92925
185.866	0.25	0	1	92933
185.882	0.25	0	1	92941
185.9	0.25	0	1	92950
185.916	0.25	0	1	92958
185.932	0.25	0	1	92966
185.95	0.25	0	1	92975
185.966	0.25	1	2	92983
185.982	0.25	1	2	92991
186.0	0.25	0	1	93000
186.016	0.25	0	1	93008
186.032	0.25	0	1	93016
186.05	0.25	0	1	93025
186.066	0.25	0	1	93033
186.082	0.25	0	1	93041
186.1	0.25	0	1	93050
186.116	0.25	0	1	93058
186.132	0.25	1	2	93066
186.15	0.25	1	2	93075
186.166	0.25	1	2	93083
186.182	0.25	1	2	93091
186.2	0.25	1	2	93100
186.216	0.25	1	2	93108
186.232	0.25	1	2	93116
186.25	0.25	1	2	93125
186.266	0.25	1	2	93133
186.282	0.25	1	2	93141
186.3	0.25	1	2	93150
186.316	0.25	1	2	93158
186.332	0.25	0	1	93166
186.35	0.25	0	1	93175
186.366	0.25	1	2	93183
186.382	0.25	1	2	93191
186.4	0.25	0	1	93200
186.416	0.25	0	1	93208
186.432	0.25	1	2	93216
186.45	0.25	1	2	93225
186.466	0.25	0	1	93233
186.482	0.25	0	1	93241
186.5	0.25	0	1	93250
186.516	0.25	0	1	93258
186.532	0.25	1	2	93266
186.55	0.25	1	2	93275
186.566	0.25	1	2	93283
186.582	0.25	1	2	93291
186.6	0.25	0	1	93300
186.616	0.25	0	1	93308
186.632	0.25	0	1	93316
189.316	0.25	1	2	94658
189.332	0.25	1	2	94666
189.35	0.25	1	2	94675
189.366	0.25	1	2	94683
189.382	0.25	0	1	94691
189.4	0.25	0	1	94700
189.416	0.25	1	2	94708
189.432	0.25	1	2	94716
189.45	0.25	1	2	94725
189.466	0.25	1	2	94733
189.482	0.25	0	1	94741
189.5	0.25	0	1	94750
189.516	0.25	1	2	94758
189.532	0.25	1	2	94766
189.55	0.25	1	2	94775
189.566	0.25	1	2	94783
189.582	0.25	0	1	94791
189.6	0.25	0	1	94800
189.616	0.25	1	2	94808
189.632	0.25	1	2	94816
189.65	0.25	1	2	94825
189.666	0.25	1	2	94833
189.682	0.25	0	1	94841
189.7	0.25	0	1	94850
189.716	0.25	0	1	94858
189.732	0.25	0	1	94866
189.75	0.25	0	1	94875
189.766	0.25	0	1	94883
189.782	0.25	1	2	94891
189.8	0.25	1	2	94900
189.816	0.25	1	2	94908
189.832	0.25	1	2	94916
189.85	0.25	1	2	94925
189.866	0.25	1	2	94933
189.882	0.25	0	1	94941
189.9	0.25	0	1	94950
189.916	0.25	0	1	94958
189.932	0.25	0	1	94966
189.95	0.25	0	1	94975
189.966	0.25	0	1	94983
189.982	0.25	1	2	94991
190.0	0.25	1	2	95000
190.016	0.25	1	2	95008
190.032	0.25	1	2	95016
190.05	0.25	1	2	95025
190.066	0.25	1	2	95033
190.082	0.25	1	2	95041
190.1	0.25	1	2	95050
190.116	0.25	1	2	95058
190.132	0.25	1	2	95066
190.15	0.25	0	1	95075
190.166	0.25	0	1	95083
190.182	0.25	0	1	95091
190.2	0.25	0	1	95100
190.216	0.25	1	2	95108
190.232	0.25	1	2	95116
190.25	0.25	0	1	95125
190.266	0.25	0	1	95133
190.282	0.25	1	2	95141
190.3	0.25	1	2	95150
190.316	0.25	0	1	95158
190.332	0.25	0	1	95166
190.35	0.25	0	1	95175
190.366	0.25	0	1	95183
190.382	0.25	1	2	95191
190.4	0.25	1	2	95200
190.416	0.25	1	2	95208
190.432	0.25	1	2	95216
190.45	0.25	0	1	95225
190.466	0.25	0	1	95233
190.482	0.25	0	1	95241
190.5	0.25	0	1	95250
190.516	0.25	0	1	95258
190.532	0.25	0	1	95266
190.55	0.25	0	1	95275
190.566	0.25	0	1	95283
190.582	0.25	1	2	95291
190.6	0.25	1	2	95300
190.616	0.25	0	1	95308
190.632	0.25	0	1	95316
190.65	0.25	0	1	95325
190.666	0.25	0	1	95333
190.682	0.25	0	1	95341
190.7	0.25	0	1	95350
190.716	0.25	0	1	95358
190.732	0.25	0	1	95366
190.75	0.25	1	2	95375
190.766	0.25	1	2	95383
190.782	0.25	1	2	95391
190.8	0.25	1	2	95400
190.816	0.25	1	2	95408
190.832	0.25	1	2	95416
190.85	0.25	1	2	95425
190.866	0.25	1	2	95433
190.882	0.25	1	2	95441
190.9	0.25	1	2	95450
190.916	0.25	1	2	95458
190.932	0.25	1	2	95466
190.95	0.25	0	1	95475
190.966	0.25	0	1	95483
190.982	0.25	1	2	95491
191.0	0.25	1	2	95500
191.016	0.25	0	1	95508
191.032	0.25	0	1	95516
191.05	0.25	1	2	95525
191.066	0.25	1	2	95533
191.082	0.25	0	1	95541
191.1	0.25	0	1	95550
191.116	0.25	0	1	95558
191.132	0.25	0	1	95566
191.15	0.25	1	2	95575
191.166	0.25	1	2	95583
191.182	0.25	1	2	95591
191.2	0.25	1	2	95600
191.216	0.25	0	1	95608
191.232	0.25	0	1	95616
191.25	0.25	0	1	95625
192.732	0.25	1	2	96366
192.75	0.25	1	2	96375
192.766	0.25	1	2	96383
192.782	0.25	1	2	96391
192.8	0.25	1	2	96400
192.816	0.25	1	2	96408
192.832	0.25	1	2	96416
192.85	0.25	1	2	96425
192.866	0.25	1	2	96433
192.882	0.25	1	2	96441
192.9	0.25	1	2	96450
192.916	0.25	1	2	96458
192.932	0.25	1	2	96466
192.95	0.25	1	2	96475
192.966	0.25	0	1	96483
192.982	0.25	0	1	96491
193.0	0.25	0	1	96500
193.016	0.25	0	1	96508
193.032	0.25	1	2	96516
193.05	0.25	1	2	96525
193.066	0.25	1	2	96533
193.082	0.25	1	2	96541
193.1	0.25	0	1	96550
193.116	0.25	0	1	96558
193.132	0.25	0	1	96566
193.15	0.25	0	1	96575
193.166	0.25	1	2	96583
193.182	0.25	1	2	96591
193.2	0.25	1	2	96600
193.216	0.25	1	2	96608
193.232	0.25	0	1	96616
193.25	0.25	0	1	96625
193.266	0.25	0	1	96633
193.282	0.25	0	1	96641
193.3	0.25	1	2	96650
193.316	0.25	1	2	96658
193.332	0.25	0	1	96666
193.35	0.25	0	1	96675
193.366	0.25	1	2	96683
193.382	0.25	1	2	96691
193.4	0.25	1	2	96700
193.416	0.25	1	2	96708
193.432	0.25	0	1	96716
193.45	0.25	0	1	96725
193.466	0.25	1	2	96733
193.482	0.25	1	2	96741
193.5	0.25	0	1	96750
193.516	0.25	0	1	96758
193.532	0.25	0	1	96766
193.55	0.25	0	1	96775
193.566	0.25	1	2	96783
193.582	0.25	1	2	96791
193.6	0.25	0	1	96800
193.616	0.25	0	1	96808
193.632	0.25	1	2	96816
193.65	0.25	1	2	96825
193.666	0.25	1	2	96833
193.682	0.25	1	2	96841
193.7	0.25	1	2	96850
193.716	0.25	1	2	96858
193.732	0.25	0	1	96866
193.75	0.25	0	1	96875
193.766	0.25	0	1	96883
193.782	0.25	0	1	96891
193.8	0.25	0	1	96900
193.816	0.25	0	1	96908
193.832	0.25	1	2	96916
193.85	0.25	1	2	96925
193.866	0.25	0	1	96933
193.882	0.25	0	1	96941
193.9	0.25	1	2	96950
193.916	0.25	1	2	96958
193.932	0.25	1	2	96966
193.95	0.25	1	2	96975
193.966	0.25	1	2	96983
193.982	0.25	1	2	96991
194.0	0.25	0	1	97000
194.016	0.25	0	1	97008
194.032	0.25	0	1	97016
194.05	0.25	0	1	97025
194.066	0.25	1	2	97033
194.082	0.25	1	2	97041
194.1	0.25	0	1	97050
194.116	0.25	0	1	97058
194.132	0.25	1	2	97066
194.15	0.25	1	2	97075
194.166	0.25	0	1	97083
194.182	0.25	0	1	97091
194.2	0.25	0	1	97100
194.216	0.25	0	1	97108
194.232	0.25	0	1	97116
194.25	0.25	0	1	97125
194.266	0.25	1	2	97133
194.282	0.25	1	2	97141
194.3	0.25	1	2	97150
194.316	0.25	1	2	97158
194.332	0.25	0	1	97166
194.35	0.25	0	1	97175
194.366	0.25	1	2	97183
194.382	0.25	1	2	97191
194.4	0.25	0	1	97200
194.416	0.25	0	1	97208
194.432	0.25	0	1	97216
194.45	0.25	0	1	97225
194.466	0.25	0	1	97233
194.482	0.25	0	1	97241
194.5	0.25	1	2	97250
194.516	0.25	1	2	97258
194.532	0.25	0	1	97266
194.55	0.25	0	1	97275
194.566	0.25	1	2	97283
194.582	0.25	1	2	97291
194.6	0.25	0	1	97300
194.616	0.25	0	1	97308
194.632	0.25	0	1	97316
194.65	0.25	0	1	97325
194.666	0.25	1	2	97333
196.15	0.25	1	2	98075
196.166	0.25	1	2	98083
196.182	0.25	1	2	98091
196.2	0.25	1	2	98100
196.216	0.25	0	1	98108
196.232	0.25	0	1	98116
196.25	0.25	0	1	98125
196.266	0.25	0	1	98133
196.282	0.25	0	1	98141
196.3	0.25	0	1	98150
196.316	0.25	0	1	98158
196.332	0.25	0	1	98166
196.35	0.25	1	2	98175
196.366	0.25	1	2	98183
196.382	0.25	0	1	98191
196.4	0.25	0	1	98200
196.416	0.25	0	1	98208
196.432	0.25	0	1	98216
196.45	0.25	1	2	98225
196.466	0.25	1	2	98233
196.482	0.25	1	2	98241
196.5	0.25	1	2	98250
196.516	0.25	0	1	98258
196.532	0.25	0	1	98266
196.55	0.25	0	1	98275
196.566	0.25	0	1	98283
196.582	0.25	0	1	98291
196.6	0.25	0	1	98300
196.616	0.25	0	1	98308
196.632	0.25	0	1	98316
196.65	0.25	0	1	98325
196.666	0.25	0	1	98333
196.682	0.25	0	1	98341
196.7	0.25	0	1	98350
196.716	0.25	1	2	98358
196.732	0.25	1	2	98366
196.75	0.25	0	1	98375
196.766	0.25	0	1	98383
196.782	0.25	1	2	98391
196.8	0.25	1	2	98400
196.816	0.25	1	2	98408
196.832	0.25	1	2	98416
196.85	0.25	0	1	98425
196.866	0.25	0	1	98433
196.882	0.25	1	2	98441
196.9	0.25	1	2	98450
196.916	0.25	0	1	98458
196.932	0.25	0	1	98466
196.95	0.25	1	2	98475
196.966	0.25	1	2	98483
196.982	0.25	0	1	98491
197.0	0.25	0	1	98500
197.016	0.25	1	2	98508
197.032	0.25	1	2	98516
197.05	0.25	0	1	98525
197.066	0.25	0	1	98533
197.082	0.25	0	1	98541
197.1	0.25	0	1	98550
197.116	0.25	0	1	98558
197.132	0.25	0	1	98566
197.15	0.25	1	2	98575
197.166	0.25	1	2	98583
197.182	0.25	1	2	98591
197.2	0.25	1	2	98600
197.216	0.25	1	2	98608
197.232	0.25	1	2	98616
197.25	0.25	0	1	98625
197.266	0.25	0	1	98633
197.282	0.25	1	2	98641
197.3	0.25	1	2	98650
197.316	0.25	1	2	98658
197.332	0.25	1	2	98666
197.35	0.25	1	2	98675
197.366	0.25	1	2	98683
197.382	0.25	0	1	98691
197.4	0.25	0	1	98700
197.416	0.25	1	2	98708
197.432	0.25	1	2	98716
197.45	0.25	0	1	98725
197.466	0.25	0	1	98733
197.482	0.25	1	2	98741
197.5	0.25	1	2	98750
197.516	0.25	1	2	98758
197.532	0.25	1	2	98766
197.55	0.25	0	1	98775
197.566	0.25	0	1	98783
197.582	0.25	0	1	98791
197.6	0.25	0	1	98800
197.616	0.25	0	1	98808
197.632	0.25	0	1	98816
197.65	0.25	1	2	98825
197.666	0.25	1	2	98833
197.682	0.25	1	2	98841
197.7	0.25	1	2	98850
197.716	0.25	0	1	98858
197.732	0.25	0	1	98866
197.75	0.25	1	2	98875
197.766	0.25	1	2	98883
197.782	0.25	1	2	98891
197.8	0.25	1	2	98900
197.816	0.25	1	2	98908
197.832	0.25	1	2	98916
197.85	0.25	0	1	98925
197.866	0.25	0	1	98933
197.882	0.25	0	1	98941
197.9	0.25	0	1	98950
197.916	0.25	0	1	98958
197.932	0.25	0	1	98966
197.95	0.25	0	1	98975
197.966	0.25	0	1	98983
197.982	0.25	0	1	98991
198.0	0.25	0	1	99000
198.016	0.25	1	2	99008
198.032	0.25	1	2	99016
198.05	0.25	1	2	99025
198.066	0.25	1	2	99033
198.082	0.25	1	2	99041
199.566	0.25	0	1	99783
199.582	0.25	0	1	99791
199.6	0.25	0	1	99800
199.616	0.25	0	1	99808
199.632	0.25	1	2	99816
199.65	0.25	1	2	99825
199.666	0.25	1	2	99833
199.682	0.25	1	2	99841
199.7	0.25	0	1	99850
199.716	0.25	0	1	99858
199.732	0.25	0	1	99866
199.75	0.25	0	1	99875
199.766	0.25	0	1	99883
199.782	0.25	0	1	99891
199.8	0.25	0	1	99900
199.816	0.25	0	1	99908
199.832	0.25	1	2	99916
199.85	0.25	1	2	99925
199.866	0.25	1	2	99933
199.882	0.25	1	2	99941
199.9	0.25	1	2	99950
199.916	0.25	1	2	99958
199.932	0.25	1	2	99966
199.95	0.25	1	2	99975
199.966	0.25	1	2	99983
199.982	0.25	1	2	99991
200.0	0.25	0	1	100000
200.016	0.25	0	1	100008
200.032	0.25	0	1	100016
200.05	0.25	0	1	100025
200.066	0.25	0	1	100033
200.082	0.25	0	1	100041
200.1	0.25	0	1	100050
200.116	0.25	0	1	100058
200.132	0.25	0	1	100066
200.15	0.25	0	1	100075
200.166	0.25	0	1	100083
200.182	0.25	0	1	100091
200.2	0.25	1	2	100100
200.216	0.25	1	2	100108
200.232	0.25	1	2	100116
200.25	0.25	1	2	100125
200.266	0.25	0	1	100133
200.282	0.25	0	1	100141
200.3	0.25	0	1	100150
200.316	0.25	0	1	100158
200.332	0.25	1	2	100166
200.35	0.25	1	2	100175
200.366	0.25	0	1	100183
200.382	0.25	0	1	100191
200.4	0.25	1	2	100200
200.416	0.25	1	2	100208
200.432	0.25	0	1	100216
200.45	0.25	0	1	100225
200.466	0.25	1	2	100233
200.482	0.25	1	2	100241
200.5	0.25	0	1	100250
200.516	0.25	0	1	100258
200.532	0.25	1	2	100266
200.55	0.25	1	2	100275
200.566	0.25	1	2	100283
200.582	0.25	1	2	100291
200.6	0.25	0	1	100300
200.616	0.25	0	1	100308
200.632	0.25	1	2	100316
200.65	0.25	1	2	100325
200.666	0.25	0	1	100333
200.682	0.25	0	1	100341
200.7	0.25	0	1	100350
200.716	0.25	0	1	100358
200.732	0.25	0	1	100366
200.75	0.25	0	1	100375
200.766	0.25	1	2	100383
200.782	0.25	1	2	100391
200.8	0.25	0	1	100400
200.816	0.25	0	1	100408
200.832	0.25	0	1	100416
200.85	0.25	0	1	100425
200.866	0.25	0	1	100433
200.882	0.25	0	1	100441
200.9	0.25	1	2	100450
200.916	0.25	1	2	100458
200.932	0.25	1	2	100466
200.95	0.25	1	2	100475
200.966	0.25	1	2	100483
200.982	0.25	1	2	100491
201.0	0.25	0	1	100500
201.016	0.25	0	1	100508
201.032	0.25	1	2	100516
201.05	0.25	1	2	100525
201.066	0.25	0	1	100533
201.082	0.25	0	1	100541
201.1	0.25	1	2	100550
201.116	0.25	1	2	100558
201.132	0.25	1	2	100566
201.15	0.25	1	2	100575
201.166	0.25	1	2	100583
201.182	0.25	1	2	100591
201.2	0.25	1	2	100600
201.216	0.25	1	2	100608
201.232	0.25	1	2	100616
201.25	0.25	1	2	100625
201.266	0.25	0	1	100633
201.282	0.25	0	1	100641
201.3	0.25	0	1	100650
201.316	0.25	0	1	100658
201.332	0.25	1	2	100666
201.35	0.25	1	2	100675
201.366	0.25	0	1	100683
201.382	0.25	0	1	100691
201.4	0.25	0	1	100700
201.416	0.25	0	1	100708
201.432	0.25	0	1	100716
201.45	0.25	0	1	100725
201.466	0.25	1	2	100733
201.482	0.25	1	2	100741
201.5	0.25	1	2	100750
204.45	0.25	1	2	102225
204.466	0.25	1	2	102233
204.482	0.25	1	2	102241
204.5	0.25	1	2	102250
204.516	0.25	0	1	102258
204.532	0.25	0	1	102266
204.55	0.25	0	1	102275
204.566	0.25	0	1	102283
204.582	0.25	0	1	102291
204.6	0.25	0	1	102300
204.616	0.25	0	1	102308
204.632	0.25	0	1	102316
204.65	0.25	1	2	102325
204.666	0.25	1	2	102333
204.682	0.25	0	1	102341
204.7	0.25	0	1	102350
204.716	0.25	0	1	102358
204.732	0.25	0	1	102366
204.75	0.25	1	2	102375
204.766	0.25	1	2	102383
204.782	0.25	1	2	102391
204.8	0.25	1	2	102400
204.816	0.25	0	1	102408
204.832	0.25	0	1	102416
204.85	0.25	0	1	102425
204.866	0.25	0	1	102433
204.882	0.25	0	1	102441
204.9	0.25	0	1	102450
204.916	0.25	0	1	102458
204.932	0.25	0	1	102466
204.95	0.25	0	1	102475
204.966	0.25	0	1	102483
204.982	0.25	0	1	102491
205.0	0.25	0	1	102500
205.016	0.25	1	2	102508
205.032	0.25	1	2	102516
205.05	0.25	0	1	102525
205.066	0.25	0	1	102533
205.082	0.25	1	2	102541
205.1	0.25	1	2	102550
205.116	0.25	1	2	102558
205.132	0.25	1	2	102566
205.15	0.25	0	1	102575
205.166	0.25	0	1	102583
205.182	0.25	1	2	102591
205.2	0.25	1	2	102600
205.216	0.25	0	1	102608
205.232	0.25	0	1	102616
205.25	0.25	1	2	102625
205.266	0.25	1	2	102633
205.282	0.25	0	1	102641
205.3	0.25	0	1	102650
205.316	0.25	1	2	102658
205.332	0.25	1	2	102666
205.35	0.25	0	1	102675
205.366	0.25	0	1	102683
205.382	0.25	0	1	102691
205.4	0.25	0	1	102700
205.416	0.25	0	1	102708
205.432	0.25	0	1	102716
205.45	0.25	1	2	102725
205.466	0.25	1	2	102733
205.482	0.25	1	2	102741
205.5	0.25	1	2	102750
205.516	0.25	1	2	102758
205.532	0.25	1	2	102766
205.55	0.25	0	1	102775
205.566	0.25	0	1	102783
205.582	0.25	1	2	102791
205.6	0.25	1	2	102800
205.616	0.25	1	2	102808
205.632	0.25	1	2	102816
205.65	0.25	1	2	102825
205.666	0.25	1	2	102833
205.682	0.25	0	1	102841
205.7	0.25	0	1	102850
205.716	0.25	1	2	102858
205.732	0.25	1	2	102866
205.75	0.25	0	1	102875
205.766	0.25	0	1	102883
205.782	0.25	1	2	102891
205.8	0.25	1	2	102900
205.816	0.25	1	2	102908
205.832	0.25	1	2	102916
205.85	0.25	0	1	102925
205.866	0.25	0	1	102933
205.882	0.25	0	1	102941
205.9	0.25	0	1	102950
205.916	0.25	0	1	102958
205.932	0.25	0	1	102966
205.95	0.25	1	2	102975
205.966	0.25	1	2	102983
205.982	0.25	1	2	102991
206.0	0.25	1	2	103000
206.016	0.25	0	1	103008
206.032	0.25	0	1	103016
206.05	0.25	1	2	103025
206.066	0.25	1	2	103033
206.082	0.25	1	2	103041
206.1	0.25	1	2	103050
206.116	0.25	1	2	103058
206.132	0.25	1	2	103066
206.15	0.25	0	1	103075
206.166	0.25	0	1	103083
206.182	0.25	0	1	103091
206.2	0.25	0	1	103100
206.216	0.25	0	1	103108
206.232	0.25	0	1	103116
206.25	0.25	0	1	103125
206.266	0.25	0	1	103133
206.282	0.25	0	1	103141
206.3	0.25	0	1	103150
206.316	0.25	1	2	103158
206.332	0.25	1	2	103166
206.35	0.25	1	2	103175
206.366	0.25	1	2	103183
206.382	0.25	1	2	103191
207.866	0.25	1	2	103933
207.882	0.25	1	2	103941
207.9	0.25	1	2	103950
207.916	0.25	1	2	103958
207.932	0.25	1	2	103966
207.95	0.25	1	2	103975
207.966	0.25	1	2	103983
207.982	0.25	1	2	103991
208.0	0.25	1	2	104000
208.016	0.25	1	2	104008
208.032	0.25	1	2	104016
208.05	0.25	1	2	104025
208.066	0.25	1	2	104033
208.082	0.25	1	2	104041
208.1	0.25	0	1	104050
208.116	0.25	0	1	104058
208.132	0.25	0	1	104066
208.15	0.25	0	1	104075
208.166	0.25	1	2	104083
208.182	0.25	1	2	104091
208.2	0.25	1	2	104100
208.216	0.25	1	2	104108
208.232	0.25	0	1	104116
208.25	0.25	0	1	104125
208.266	0.25	0	1	104133
208.282	0.25	0	1	104141
208.3	0.25	1	2	104150
208.316	0.25	1	2	104158
208.332	0.25	1	2	104166
208.35	0.25	1	2	104175
208.366	0.25	0	1	104183
208.382	0.25	0	1	104191
208.4	0.25	0	1	104200
208.416	0.25	0	1	104208
208.432	0.25	1	2	104216
208.45	0.25	1	2	104225
208.466	0.25	0	1	104233
208.482	0.25	0	1	104241
208.5	0.25	1	2	104250
208.516	0.25	1	2	104258
208.532	0.25	1	2	104266
208.55	0.25	1	2	104275
208.566	0.25	0	1	104283
208.582	0.25	0	1	104291
208.6	0.25	1	2	104300
208.616	0.25	1	2	104308
208.632	0.25	0	1	104316
208.65	0.25	0	1	104325
208.666	0.25	0	1	104333
208.682	0.25	0	1	104341
208.7	0.25	1	2	104350
208.716	0.25	1	2	104358
208.732	0.25	0	1	104366
208.75	0.25	0	1	104375
208.766	0.25	1	2	104383
208.782	0.25	1	2	104391
208.8	0.25	1	2	104400
208.816	0.25	1	2	104408
208.832	0.25	1	2	104416
208.85	0.25	1	2	104425
208.866	0.25	0	1	104433
208.882	0.25	0	1	104441
208.9	0.25	0	1	104450
208.916	0.25	0	1	104458
208.932	0.25	0	1	104466
208.95	0.25	0	1	104475
208.966	0.25	1	2	104483
208.982	0.25	1	2	104491
209.0	0.25	0	1	104500
209.016	0.25	0	1	104508
209.032	0.25	1	2	104516
209.05	0.25	1	2	104525
209.066	0.25	1	2	104533
209.082	0.25	1	2	104541
209.1	0.25	1	2	104550
209.116	0.25	1	2	104558
209.132	0.25	0	1	104566
209.15	0.25	0	1	104575
209.166	0.25	0	1	104583
209.182	0.25	0	1	104591
209.2	0.25	1	2	104600
209.216	0.25	1	2	104608
209.232	0.25	0	1	104616
209.25	0.25	0	1	104625
209.266	0.25	1	2	104633
209.282	0.25	1	2	104641
209.3	0.25	0	1	104650
209.316	0.25	0	1	104658
209.332	0.25	0	1	104666
209.35	0.25	0	1	104675
209.366	0.25	0	1	104683
209.382	0.25	0	1	104691
209.4	0.25	1	2	104700
209.416	0.25	1	2	104708
209.432	0.25	1	2	104716
209.45	0.25	1	2	104725
209.466	0.25	0	1	104733
209.482	0.25	0	1	104741
209.5	0.25	1	2	104750
209.516	0.25	1	2	104758
209.532	0.25	0	1	104766
209.55	0.25	0	1	104775
209.566	0.25	0	1	104783
209.582	0.25	0	1	104791
209.6	0.25	0	1	104800
209.616	0.25	0	1	104808
209.632	0.25	1	2	104816
209.65	0.25	1	2	104825
209.666	0.25	0	1	104833
209.682	0.25	0	1	104841
209.7	0.25	1	2	104850
209.716	0.25	1	2	104858
209.732	0.25	0	1	104866
209.75	0.25	0	1	104875
209.766	0.25	0	1	104883
209.782	0.25	0	1	104891
209.8	0.25	1	2	104900
211.282	0.25	1	2	105641
211.3	0.25	1	2	105650
211.316	0.25	1	2	105658
211.332	0.25	1	2	105666
211.35	0.25	0	1	105675
211.366	0.25	0	1	105683
211.382	0.25	1	2	105691
211.4	0.25	1	2	105700
211.416	0.25	1	2	105708
211.432	0.25	1	2	105716
211.45	0.25	0	1	105725
211.466	0.25	0	1	105733
211.482	0.25	1	2	105741
211.5	0.25	1	2	105750
211.516	0.25	1	2	105758
211.532	0.25	1	2	105766
211.55	0.25	0	1	105775
211.566	0.25	0	1	105783
211.582	0.25	1	2	105791
211.6	0.25	1	2	105800
211.616	0.25	1	2	105808
211.632	0.25	1	2	105816
211.65	0.25	0	1	105825
211.666	0.25	0	1	105833
211.682	0.25	0	1	105841
211.7	0.25	0	1	105850
211.716	0.25	0	1	105858
211.732	0.25	0	1	105866
211.75	0.25	1	2	105875
211.766	0.25	1	2	105883
211.782	0.25	1	2	105891
211.8	0.25	1	2	105900
211.816	0.25	1	2	105908
211.832	0.25	1	2	105916
211.85	0.25	0	1	105925
211.866	0.25	0	1	105933
211.882	0.25	0	1	105941
211.9	0.25	0	1	105950
211.916	0.25	0	1	105958
211.932	0.25	0	1	105966
211.95	0.25	1	2	105975
211.966	0.25	1	2	105983
211.982	0.25	1	2	105991
212.0	0.25	1	2	106000
212.016	0.25	1	2	106008
212.032	0.25	1	2	106016
212.05	0.25	1	2	106025
212.066	0.25	1	2	106033
212.082	0.25	1	2	106041
212.1	0.25	1	2	106050
212.116	0.25	0	1	106058
212.132	0.25	0	1	106066
212.15	0.25	0	1	106075
212.166	0.25	0	1	106083
212.182	0.25	1	2	106091
212.2	0.25	1	2	106100
212.216	0.25	0	1	106108
212.232	0.25	0	1	106116
212.25	0.25	1	2	106125
212.266	0.25	1	2	106133
212.282	0.25	0	1	106141
212.3	0.25	0	1	106150
212.316	0.25	0	1	106158
212.332	0.25	0	1	106166
212.35	0.25	1	2	106175
212.366	0.25	1	2	106183
212.382	0.25	1	2	106191
212.4	0.25	1	2	106200
212.416	0.25	0	1	106208
212.432	0.25	0	1	106216
212.45	0.25	0	1	106225
212.466	0.25	0	1	106233
212.482	0.25	0	1	106241
212.5	0.25	0	1	106250
212.516	0.25	0	1	106258
212.532	0.25	0	1	106266
212.55	0.25	1	2	106275
212.566	0.25	1	2	106283
212.582	0.25	0	1	106291
212.6	0.25	0	1	106300
212.616	0.25	0	1	106308
212.632	0.25	0	1	106316
212.65	0.25	0	1	106325
212.666	0.25	0	1	106333
212.682	0.25	0	1	106341
212.7	0.25	0	1	106350
212.716	0.25	1	2	106358
212.732	0.25	1	2	106366
212.75	0.25	1	2	106375
212.766	0.25	1	2	106383
212.782	0.25	1	2	106391
212.8	0.25	1	2	106400
212.816	0.25	1	2	106408
212.832	0.25	1	2	106416
212.85	0.25	1	2	106425
212.866	0.25	1	2	106433
212.882	0.25	1	2	106441
212.9	0.25	1	2	106450
212.916	0.25	0	1	106458
212.932	0.25	0	1	106466
212.95	0.25	1	2	106475
212.966	0.25	1	2	106483
212.982	0.25	0	1	106491
213.0	0.25	0	1	106500
213.016	0.25	1	2	106508
213.032	0.25	1	2	106516
213.05	0.25	0	1	106525
213.066	0.25	0	1	106533
213.082	0.25	0	1	106541
213.1	0.25	0	1	106550
213.116	0.25	1	2	106558
213.132	0.25	1	2	106566
213.15	0.25	1	2	106575
213.166	0.25	1	2	106583
213.182	0.25	0	1	106591
213.2	0.25	0	1	106600
213.216	0.25	0	1	106608
214.7	0.25	0	1	107350
214.716	0.25	0	1	107358
214.732	0.25	0	1	107366
214.75	0.25	0	1	107375
214.766	0.25	1	2	107383
214.782	0.25	1	2	107391
214.8	0.25	1	2	107400
214.816	0.25	1	2	107408
214.832	0.25	0	1	107416
214.85	0.25	0	1	107425
214.866	0.25	0	1	107433
214.882	0.25	0	1	107441
214.9	0.25	0	1	107450
214.916	0.25	0	1	107458
214.932	0.25	0	1	107466
214.95	0.25	0	1	107475
214.966	0.25	1	2	107483
214.982	0.25	1	2	107491
215.0	0.25	1	2	107500
215.016	0.25	1	2	107508
215.032	0.25	1	2	107516
215.05	0.25	1	2	107525
215.066	0.25	1	2	107533
215.082	0.25	1	2	107541
215.1	0.25	1	2	107550
215.116	0.25	1	2	107558
215.132	0.25	0	1	107566
215.15	0.25	0	1	107575
215.166	0.25	0	1	107583
215.182	0.25	0	1	107591
215.2	0.25	0	1	107600
215.216	0.25	0	1	107608
215.232	0.25	0	1	107616
215.25	0.25	0	1	107625
215.266	0.25	0	1	107633
215.282	0.25	0	1	107641
215.3	0.25	0	1	107650
215.316	0.25	0	1	107658
215.332	0.25	1	2	107666
215.35	0.25	1	2	107675
215.366	0.25	1	2	107683
215.382	0.25	1	2	107691
215.4	0.25	0	1	107700
215.416	0.25	0	1	107708
215.432	0.25	0	1	107716
215.45	0.25	0	1	107725
215.466	0.25	1	2	107733
215.482	0.25	1	2	107741
215.5	0.25	0	1	107750
215.516	0.25	0	1	107758
215.532	0.25	1	2	107766
215.55	0.25	1	2	107775
215.566	0.25	0	1	107783
215.582	0.25	0	1	107791
215.6	0.25	1	2	107800
215.616	0.25	1	2	107808
215.632	0.25	0	1	107816
215.65	0.25	0	1	107825
215.666	0.25	1	2	107833
215.682	0.25	1	2	107841
215.7	0.25	1	2	107850
215.716	0.25	1	2	107858
215.732	0.25	0	1	107866
215.75	0.25	0	1	107875
215.766	0.25	1	2	107883
215.782	0.25	1	2	107891
215.8	0.25	0	1	107900
215.816	0.25	0	1	107908
215.832	0.25	0	1	107916
215.85	0.25	0	1	107925
215.866	0.25	0	1	107933
215.882	0.25	0	1	107941
215.9	0.25	1	2	107950
215.916	0.25	1	2	107958
215.932	0.25	0	1	107966
215.95	0.25	0	1	107975
215.966	0.25	0	1	107983
215.982	0.25	0	1	107991
216.0	0.25	0	1	108000
216.016	0.25	0	1	108008
216.032	0.25	1	2	108016
216.05	0.25	1	2	108025
216.066	0.25	1	2	108033
216.082	0.25	1	2	108041
216.1	0.25	1	2	108050
216.116	0.25	1	2	108058
216.132	0.25	0	1	108066
216.15	0.25	0	1	108075
216.166	0.25	1	2	108083
216.182	0.25	1	2	108091
216.2	0.25	0	1	108100
216.216	0.25	0	1	108108
216.232	0.25	1	2	108116
216.25	0.25	1	2	108125
216.266	0.25	1	2	108133
216.282	0.25	1	2	108141
216.3	0.25	1	2	108150
216.316	0.25	1	2	108158
216.332	0.25	1	2	108166
216.35	0.25	1	2	108175
216.366	0.25	1	2	108183
216.382	0.25	1	2	108191
216.4	0.25	0	1	108200
216.416	0.25	0	1	108208
216.432	0.25	0	1	108216
216.45	0.25	0	1	108225
216.466	0.25	1	2	108233
216.482	0.25	1	2	108241
216.5	0.25	0	1	108250
216.516	0.25	0	1	108258
216.532	0.25	0	1	108266
216.55	0.25	0	1	108275
216.566	0.25	0	1	108283
216.582	0.25	0	1	108291
216.6	0.25	1	2	108300
216.616	0.25	1	2	108308
216.632	0.25	1	2	108316
219.5	0.25	1	2	109750
219.516	0.25	1	2	109758
219.532	0.25	1	2	109766
219.55	0.25	1	2	109775
219.566	0.25	1	2	109783
219.582	0.25	1	2	109791
219.6	0.25	1	2	109800
219.616	0.25	1	2	109808
219.632	0.25	1	2	109816
219.65	0.25	1	2	109825
219.666	0.25	1	2	109833
219.682	0.25	1	2	109841
219.7	0.25	1	2	109850
219.716	0.25	1	2	109858
219.732	0.25	0	1	109866
219.75	0.25	0	1	109875
219.766	0.25	0	1	109883
219.782	0.25	0	1	109891
219.8	0.25	1	2	109900
219.816	0.25	1	2	109908
219.832	0.25	1	2	109916
219.85	0.25	1	2	109925
219.866	0.25	0	1	109933
219.882	0.25	0	1	109941
219.9	0.25	0	1	109950
219.916	0.25	0	1	109958
219.932	0.25	1	2	109966
219.95	0.25	1	2	109975
219.966	0.25	1	2	109983
219.982	0.25	1	2	109991
220.0	0.25	0	1	110000
220.016	0.25	0	1	110008
220.032	0.25	0	1	110016
220.05	0.25	0	1	110025
220.066	0.25	1	2	110033
220.082	0.25	1	2	110041
220.1	0.25	0	1	110050
220.116	0.25	0	1	110058
220.132	0.25	1	2	110066
220.15	0.25	1	2	110075
220.166	0.25	1	2	110083
220.182	0.25	1	2	110091
220.2	0.25	0	1	110100
220.216	0.25	0	1	110108
220.232	0.25	1	2	110116
220.25	0.25	1	2	110125
220.266	0.25	0	1	110133
220.282	0.25	0	1	110141
220.3	0.25	0	1	110150
220.316	0.25	0	1	110158
220.332	0.25	1	2	110166
220.35	0.25	1	2	110175
220.366	0.25	0	1	110183
220.382	0.25	0	1	110191
220.4	0.25	1	2	110200
220.416	0.25	1	2	110208
220.432	0.25	1	2	110216
220.45	0.25	1	2	110225
220.466	0.25	1	2	110233
220.482	0.25	1	2	110241
220.5	0.25	0	1	110250
220.516	0.25	0	1	110258
220.532	0.25	0	1	110266
220.55	0.25	0	1	110275
220.566	0.25	0	1	110283
220.582	0.25	0	1	110291
220.6	0.25	1	2	110300
220.616	0.25	1	2	110308
220.632	0.25	0	1	110316
220.65	0.25	0	1	110325
220.666	0.25	1	2	110333
220.682	0.25	1	2	110341
220.7	0.25	1	2	110350
220.716	0.25	1	2	110358
220.732	0.25	1	2	110366
220.75	0.25	1	2	110375
220.766	0.25	0	1	110383
220.782	0.25	0	1	110391
220.8	0.25	0	1	110400
220.816	0.25	0	1	110408
220.832	0.25	1	2	110416
220.85	0.25	1	2	110425
220.866	0.25	0	1	110433
220.882	0.25	0	1	110441
220.9	0.25	1	2	110450
220.916	0.25	1	2	110458
220.932	0.25	0	1	110466
220.95	0.25	0	1	110475
220.966	0.25	0	1	110483
220.982	0.25	0	1	110491
221.0	0.25	0	1	110500
221.016	0.25	0	1	110508
221.032	0.25	1	2	110516
221.05	0.25	1	2	110525
221.066	0.25	1	2	110533
221.082	0.25	1	2	110541
221.1	0.25	0	1	110550
221.116	0.25	0	1	110558
221.132	0.25	1	2	110566
221.15	0.25	1	2	110575
221.166	0.25	0	1	110583
221.182	0.25	0	1	110591
221.2	0.25	0	1	110600
221.216	0.25	0	1	110608
221.232	0.25	0	1	110616
221.25	0.25	0	1	110625
221.266	0.25	1	2	110633
221.282	0.25	1	2	110641
221.3	0.25	0	1	110650
221.316	0.25	0	1	110658
221.332	0.25	1	2	110666
221.35	0.25	1	2	110675
221.366	0.25	0	1	110683
221.382	0.25	0	1	110691
221.4	0.25	0	1	110700
221.416	0.25	0	1	110708
221.432	0.25	1	2	110716
222.916	0.25	1	2	111458
222.932	0.25	1	2	111466
222.95	0.25	1	2	111475
222.966	0.25	1	2	111483
222.982	0.25	0	1	111491
223.0	0.25	0	1	111500
223.016	0.25	0	1	111508
223.032	0.25	0	1	111516
223.05	0.25	0	1	111525
223.066	0.25	0	1	111533
223.082	0.25	0	1	111541
223.1	0.25	0	1	111550
223.116	0.25	1	2	111558
223.132	0.25	1	2	111566
223.15	0.25	0	1	111575
223.166	0.25	0	1	111583
223.182	0.25	0	1	111591
223.2	0.25	0	1	111600
223.216	0.25	1	2	111608
223.232	0.25	1	2	111616
223.25	0.25	1	2	111625
223.266	0.25	1	2	111633
223.282	0.25	0	1	111641
223.3	0.25	0	1	111650
223.316	0.25	0	1	111658
223.332	0.25	0	1	111666
223.35	0.25	0	1	111675
223.366	0.25	0	1	111683
223.382	0.25	0	1	111691
223.4	0.25	0	1	111700
223.416	0.25	0	1	111708
223.432	0.25	0	1	111716
223.45	0.25	0	1	111725
223.466	0.25	0	1	111733
223.482	0.25	1	2	111741
223.5	0.25	1	2	111750
223.516	0.25	0	1	111758
223.532	0.25	0	1	111766
223.55	0.25	1	2	111775
223.566	0.25	1	2	111783
223.582	0.25	1	2	111791
223.6	0.25	1	2	111800
223.616	0.25	0	1	111808
223.632	0.25	0	1	111816
223.65	0.25	1	2	111825
223.666	0.25	1	2	111833
223.682	0.25	0	1	111841
223.7	0.25	0	1	111850
223.716	0.25	1	2	111858
223.732	0.25	1	2	111866
223.75	0.25	0	1	111875
223.766	0.25	0	1	111883
223.782	0.25	1	2	111891
223.8	0.25	1	2	111900
223.816	0.25	0	1	111908
223.832	0.25	0	1	111916
223.85	0.25	0	1	111925
223.866	0.25	0	1	111933
223.882	0.25	0	1	111941
223.9	0.25	0	1	111950
223.916	0.25	1	2	111958
223.932	0.25	1	2	111966
223.95	0.25	1	2	111975
223.966	0.25	1	2	111983
223.982	0.25	1	2	111991
224.0	0.25	1	2	112000
224.016	0.25	0	1	112008
224.032	0.25	0	1	112016
224.05	0.25	1	2	112025
224.066	0.25	1	2	112033
224.082	0.25	1	2	112041
224.1	0.25	1	2	112050
224.116	0.25	1	2	112058
224.132	0.25	1	2	112066
224.15	0.25	0	1	112075
224.166	0.25	0	1	112083
224.182	0.25	1	2	112091
224.2	0.25	1	2	112100
224.216	0.25	0	1	112108
224.232	0.25	0	1	112116
224.25	0.25	1	2	112125
224.266	0.25	1	2	112133
224.282	0.25	1	2	112141
224.3	0.25	1	2	112150
224.316	0.25	0	1	112158
224.332	0.25	0	1	112166
224.35	0.25	0	1	112175
224.366	0.25	0	1	112183
224.382	0.25	0	1	112191
224.4	0.25	0	1	112200
224.416	0.25	1	2	112208
224.432	0.25	1	2	112216
224.45	0.25	1	2	112225
224.466	0.25	1	2	112233
224.482	0.25	0	1	112241
224.5	0.25	0	1	112250
224.516	0.25	1	2	112258
224.532	0.25	1	2	112266
224.55	0.25	1	2	112275
224.566	0.25	1	2	112283
224.582	0.25	1	2	112291
224.6	0.25	1	2	112300
224.616	0.25	0	1	112308
224.632	0.25	0	1	112316
224.65	0.25	0	1	112325
224.666	0.25	0	1	112333
224.682	0.25	0	1	112341
224.7	0.25	0	1	112350
224.716	0.25	0	1	112358
224.732	0.25	0	1	112366
224.75	0.25	0	1	112375
224.766	0.25	0	1	112383
224.782	0.25	1	2	112391
224.8	0.25	1	2	112400
224.816	0.25	1	2	112408
224.832	0.25	1	2	112416
224.85	0.25	1	2	112425
226.332	0.25	0	1	113166
226.35	0.25	0	1	113175
226.366	0.25	0	1	113183
226.382	0.25	0	1	113191
226.4	0.25	1	2	113200
226.416	0.25	1	2	113208
226.432	0.25	1	2	113216
226.45	0.25	1	2	113225
226.466	0.25	0	1	113233
226.482	0.25	0	1	113241
226.5	0.25	0	1	113250
226.516	0.25	0	1	113258
226.532	0.25	0	1	113266
226.55	0.25	0	1	113275
226.566	0.25	0	1	113283
226.582	0.25	0	1	113291
226.6	0.25	1	2	113300
226.616	0.25	1	2	113308
226.632	0.25	1	2	113316
226.65	0.25	1	2	113325
226.666	0.25	1	2	113333
226.682	0.25	1	2	113341
226.7	0.25	1	2	113350
226.716	0.25	1	2	113358
226.732	0.25	1	2	113366
226.75	0.25	1	2	113375
226.766	0.25	0	1	113383
226.782	0.25	0	1	113391
226.8	0.25	0	1	113400
226.816	0.25	0	1	113408
226.832	0.25	0	1	113416
226.85	0.25	0	1	113425
226.866	0.25	0	1	113433
226.882	0.25	0	1	113441
226.9	0.25	0	1	113450
226.916	0.25	0	1	113458
226.932	0.25	0	1	113466
226.95	0.25	0	1	113475
226.966	0.25	1	2	113483
226.982	0.25	1	2	113491
227.0	0.25	1	2	113500
227.016	0.25	1	2	113508
227.032	0.25	0	1	113516
227.05	0.25	0	1	113525
227.066	0.25	0	1	113533
227.082	0.25	0	1	113541
227.1	0.25	1	2	113550
227.116	0.25	1	2	113558
227.132	0.25	0	1	113566
227.15	0.25	0	1	113575
227.166	0.25	1	2	113583
227.182	0.25	1	2	113591
227.2	0.25	0	1	113600
227.216	0.25	0	1	113608
227.232	0.25	1	2	113616
227.25	0.25	1	2	113625
227.266	0.25	0	1	113633
227.282	0.25	0	1	113641
227.3	0.25	1	2	113650
227.316	0.25	1	2	113658
227.332	0.25	1	2	113666
227.35	0.25	1	2	113675
227.366	0.25	0	1	113683
227.382	0.25	0	1	113691
227.4	0.25	1	2	113700
227.416	0.25	1	2	113708
227.432	0.25	0	1	113716
227.45	0.25	0	1	113725
227.466	0.25	0	1	113733
227.482	0.25	0	1	113741
227.5	0.25	0	1	113750
227.516	0.25	0	1	113758
227.532	0.25	1	2	113766
227.55	0.25	1	2	113775
227.566	0.25	0	1	113783
227.582	0.25	0	1	113791
227.6	0.25	0	1	113800
227.616	0.25	0	1	113808
227.632	0.25	0	1	113816
227.65	0.25	0	1	113825
227.666	0.25	1	2	113833
227.682	0.25	1	2	113841
227.7	0.25	1	2	113850
227.716	0.25	1	2	113858
227.732	0.25	1	2	113866
227.75	0.25	1	2	113875
227.766	0.25	0	1	113883
227.782	0.25	0	1	113891
227.8	0.25	1	2	113900
227.816	0.25	1	2	113908
227.832	0.25	0	1	113916
227.85	0.25	0	1	113925
227.866	0.25	1	2	113933
227.882	0.25	1	2	113941
227.9	0.25	1	2	113950
227.916	0.25	1	2	113958
227.932	0.25	1	2	113966
227.95	0.25	1	2	113975
227.966	0.25	1	2	113983
227.982	0.25	1	2	113991
228.0	0.25	1	2	114000
228.016	0.25	1	2	114008
228.032	0.25	0	1	114016
228.05	0.25	0	1	114025
228.066	0.25	0	1	114033
228.082	0.25	0	1	114041
228.1	0.25	1	2	114050
228.116	0.25	1	2	114058
228.132	0.25	0	1	114066
228.15	0.25	0	1	114075
228.166	0.25	0	1	114083
228.182	0.25	0	1	114091
228.2	0.25	0	1	114100
228.216	0.25	0	1	114108
228.232	0.25	1	2	114116
228.25	0.25	1	2	114125
228.266	0.25	1	2	114133
229.75	0.25	1	2	114875
229.766	0.25	1	2	114883
229.782	0.25	1	2	114891
229.8	0.25	1	2	114900
229.816	0.25	0	1	114908
229.832	0.25	0	1	114916
229.85	0.25	1	2	114925
229.866	0.25	1	2	114933
229.882	0.25	1	2	114941
229.9	0.25	1	2	114950
229.916	0.25	0	1	114958
229.932	0.25	0	1	114966
229.95	0.25	1	2	114975
229.966	0.25	1	2	114983
229.982	0.25	1	2	114991
230.0	0.25	1	2	115000
230.016	0.25	0	1	115008
230.032	0.25	0	1	115016
230.05	0.25	1	2	115025
230.066	0.25	1	2	115033
230.082	0.25	1	2	115041
230.1	0.25	1	2	115050
230.116	0.25	0	1	115058
230.132	0.25	0	1	115066
230.15	0.25	0	1	115075
230.166	0.25	0	1	115083
230.182	0.25	0	1	115091
230.2	0.25	0	1	115100
230.216	0.25	1	2	115108
230.232	0.25	1	2	115116
230.25	0.25	1	2	115125
230.266	0.25	1	2	115133
230.282	0.25	1	2	115141
230.3	0.25	1	2	115150
230.316	0.25	0	1	115158
230.332	0.25	0	1	115166
230.35	0.25	0	1	115175
230.366	0.25	0	1	115183
230.382	0.25	0	1	115191
230.4	0.25	0	1	115200
230.416	0.25	1	2	115208
230.432	0.25	1	2	115216
230.45	0.25	1	2	115225
230.466	0.25	1	2	115233
230.482	0.25	1	2	115241
230.5	0.25	1	2	115250
230.516	0.25	1	2	115258
230.532	0.25	1	2	115266
230.55	0.25	1	2	115275
230.566	0.25	1	2	115283
230.582	0.25	0	1	115291
230.6	0.25	0	1	115300
230.616	0.25	0	1	115308
230.632	0.25	0	1	115316
230.65	0.25	1	2	115325
230.666	0.25	1	2	115333
230.682	0.25	0	1	115341
230.7	0.25	0	1	115350
230.716	0.25	1	2	115358
230.732	0.25	1	2	115366
230.75	0.25	0	1	115375
230.766	0.25	0	1	115383
230.782	0.25	0	1	115391
230.8	0.25	0	1	115400
230.816	0.25	1	2	115408
230.832	0.25	1	2	115416
230.85	0.25	1	2	115425
230.866	0.25	1	2	115433
230.882	0.25	0	1	115441
230.9	0.25	0	1	115450
230.916	0.25	0	1	115458
230.932	0.25	0	1	115466
230.95	0.25	0	1	115475
230.966	0.25	0	1	115483
230.982	0.25	0	1	115491
231.0	0.25	0	1	115500
231.016	0.25	1	2	115508
231.032	0.25	1	2	115516
231.05	0.25	0	1	115525
231.066	0.25	0	1	115533
231.082	0.25	0	1	115541
231.1	0.25	0	1	115550
231.116	0.25	0	1	115558
231.132	0.25	0	1	115566
231.15	0.25	0	1	115575
231.166	0.25	0	1	115583
231.182	0.25	1	2	115591
231.2	0.25	1	2	115600
231.216	0.25	1	2	115608
231.232	0.25	1	2	115616
231.25	0.25	1	2	115625
231.266	0.25	1	2	115633
231.282	0.25	1	2	115641
231.3	0.25	1	2	115650
231.316	0.25	1	2	115658
231.332	0.25	1	2	115666
231.35	0.25	1	2	115675
231.366	0.25	1	2	115683
231.382	0.25	0	1	115691
231.4	0.25	0	1	115700
231.416	0.25	1	2	115708
231.432	0.25	1	2	115716
231.45	0.25	0	1	115725
231.466	0.25	0	1	115733
231.482	0.25	1	2	115741
231.5	0.25	1	2	115750
231.516	0.25	0	1	115758
231.532	0.25	0	1	115766
231.55	0.25	0	1	115775
231.566	0.25	0	1	115783
231.582	0.25	1	2	115791
231.6	0.25	1	2	115800
231.616	0.25	1	2	115808
231.632	0.25	1	2	115816
231.65	0.25	0	1	115825
231.666	0.25	0	1	115833
231.682	0.25	0	1	115841
234.632	0.25	1	2	117316
234.65	0.25	1	2	117325
234.666	0.25	1	2	117333
234.682	0.25	1	2	117341
234.7	0.25	0	1	117350
234.716	0.25	0	1	117358
234.732	0.25	0	1	117366
234.75	0.25	0	1	117375
234.766	0.25	0	1	117383
234.782	0.25	0	1	117391
234.8	0.25	0	1	117400
234.816	0.25	0	1	117408
234.832	0.25	1	2	117416
234.85	0.25	1	2	117425
234.866	0.25	0	1	117433
234.882	0.25	0	1	117441
234.9	0.25	0	1	117450
234.916	0.25	0	1	117458
234.932	0.25	1	2	117466
234.95	0.25	1	2	117475
234.966	0.25	1	2	117483
234.982	0.25	1	2	117491
235.0	0.25	0	1	117500
235.016	0.25	0	1	117508
235.032	0.25	0	1	117516
235.05	0.25	0	1	117525
235.066	0.25	0	1	117533
235.082	0.25	0	1	117541
235.1	0.25	0	1	117550
235.116	0.25	0	1	117558
235.132	0.25	0	1	117566
235.15	0.25	0	1	117575
235.166	0.25	0	1	117583
235.182	0.25	0	1	117591
235.2	0.25	1	2	117600
235.216	0.25	1	2	117608
235.232	0.25	0	1	117616
235.25	0.25	0	1	117625
235.266	0.25	1	2	117633
235.282	0.25	1	2	117641
235.3	0.25	1	2	117650
235.316	0.25	1	2	117658
235.332	0.25	0	1	117666
235.35	0.25	0	1	117675
235.366	0.25	1	2	117683
235.382	0.25	1	2	117691
235.4	0.25	0	1	117700
235.416	0.25	0	1	117708
235.432	0.25	1	2	117716
235.45	0.25	1	2	117725
235.466	0.25	0	1	117733
235.482	0.25	0	1	117741
235.5	0.25	1	2	117750
235.516	0.25	1	2	117758
235.532	0.25	0	1	117766
235.55	0.25	0	1	117775
235.566	0.25	0	1	117783
235.582	0.25	0	1	117791
235.6	0.25	0	1	117800
235.616	0.25	0	1	117808
235.632	0.25	1	2	117816
235.65	0.25	1	2	117825
235.666	0.25	1	2	117833
235.682	0.25	1	2	117841
235.7	0.25	1	2	117850
235.716	0.25	1	2	117858
235.732	0.25	0	1	117866
235.75	0.25	0	1	117875
235.766	0.25	1	2	117883
235.782	0.25	1	2	117891
235.8	0.25	1	2	117900
235.816	0.25	1	2	117908
235.832	0.25	1	2	117916
235.85	0.25	1	2	117925
235.866	0.25	0	1	117933
235.882	0.25	0	1	117941
235.9	0.25	1	2	117950
235.916	0.25	1	2	117958
235.932	0.25	0	1	117966
235.95	0.25	0	1	117975
235.966	0.25	1	2	117983
235.982	0.25	1	2	117991
236.0	0.25	1	2	118000
236.016	0.25	1	2	118008
236.032	0.25	0	1	118016
236.05	0.25	0	1	118025
236.066	0.25	0	1	118033
236.082	0.25	0	1	118041
236.1	0.25	0	1	118050
236.116	0.25	0	1	118058
236.132	0.25	1	2	118066
236.15	0.25	1	2	118075
236.166	0.25	1	2	118083
236.182	0.25	1	2	118091
236.2	0.25	0	1	118100
236.216	0.25	0	1	118108
236.232	0.25	1	2	118116
236.25	0.25	1	2	118125
236.266	0.25	1	2	118133
236.282	0.25	1	2	118141
236.3	0.25	1	2	118150
236.316	0.25	1	2	118158
236.332	0.25	0	1	118166
236.35	0.25	0	1	118175
236.366	0.25	0	1	118183
236.382	0.25	0	1	118191
236.4	0.25	0	1	118200
236.416	0.25	0	1	118208
236.432	0.25	0	1	118216
236.45	0.25	0	1	118225
236.466	0.25	0	1	118233
236.482	0.25	0	1	118241
236.5	0.25	1	2	118250
236.516	0.25	1	2	118258
236.532	0.25	1	2	118266
236.55	0.25	1	2	118275
236.566	0.25	1	2	118283
238.05	0.25	1	2	119025
238.066	0.25	1	2	119033
238.082	0.25	1	2	119041
238.1	0.25	1	2	119050
238.116	0.25	0	1	119058
238.132	0.25	0	1	119066
238.15	0.25	1	2	119075
238.166	0.25	1	2	119083
238.182	0.25	1	2	119091
238.2	0.25	1	2	119100
238.216	0.25	0	1	119108
238.232	0.25	0	1	119116
238.25	0.25	1	2	119125
238.266	0.25	1	2	119133
238.282	0.25	1	2	119141
238.3	0.25	1	2	119150
238.316	0.25	0	1	119158
238.332	0.25	0	1	119166
238.35	0.25	1	2	119175
238.366	0.25	1	2	119183
238.382	0.25	1	2	119191
238.4	0.25	1	2	119200
238.416	0.25	0	1	119208
238.432	0.25	0	1	119216
238.45	0.25	0	1	119225
238.466	0.25	0	1	119233
238.482	0.25	0	1	119241
238.5	0.25	0	1	119250
238.516	0.25	1	2	119258
238.532	0.25	1	2	119266
238.55	0.25	1	2	119275
238.566	0.25	1	2	119283
238.582	0.25	1	2	119291
238.6	0.25	1	2	119300
238.616	0.25	0	1	119308
238.632	0.25	0	1	119316
238.65	0.25	0	1	119325
238.666	0.25	0	1	119333
238.682	0.25	0	1	119341
238.7	0.25	0	1	119350
238.716	0.25	1	2	119358
238.732	0.25	1	2	119366
238.75	0.25	1	2	119375
238.766	0.25	1	2	119383
238.782	0.25	1	2	119391
238.8	0.25	1	2	119400
238.816	0.25	1	2	119408
238.832	0.25	1	2	119416
238.85	0.25	1	2	119425
238.866	0.25	1	2	119433
238.882	0.25	0	1	119441
238.9	0.25	0	1	119450
238.916	0.25	0	1	119458
238.932	0.25	0	1	119466
238.95	0.25	1	2	119475
238.966	0.25	1	2	119483
238.982	0.25	0	1	119491
239.0	0.25	0	1	119500
239.016	0.25	1	2	119508
239.032	0.25	1	2	119516
239.05	0.25	0	1	119525
239.066	0.25	0	1	119533
239.082	0.25	0	1	119541
239.1	0.25	0	1	119550
239.116	0.25	1	2	119558
239.132	0.25	1	2	119566
239.15	0.25	1	2	119575
239.166	0.25	1	2	119583
239.182	0.25	0	1	119591
239.2	0.25	0	1	119600
239.216	0.25	0	1	119608
239.232	0.25	0	1	119616
239.25	0.25	0	1	119625
239.266	0.25	0	1	119633
239.282	0.25	0	1	119641
239.3	0.25	0	1	119650
239.316	0.25	1	2	119658
239.332	0.25	1	2	119666
239.35	0.25	0	1	119675
239.366	0.25	0	1	119683
239.382	0.25	0	1	119691
239.4	0.25	0	1	119700
239.416	0.25	0	1	119708
239.432	0.25	0	1	119716
239.45	0.25	0	1	119725
239.466	0.25	0	1	119733
239.482	0.25	1	2	119741
239.5	0.25	1	2	119750
239.516	0.25	1	2	119758
239.532	0.25	1	2	119766
239.55	0.25	1	2	119775
239.566	0.25	1	2	119783
239.582	0.25	1	2	119791
239.6	0.25	1	2	119800
239.616	0.25	1	2	119808
239.632	0.25	1	2	119816
239.65	0.25	1	2	119825
239.666	0.25	1	2	119833
239.682	0.25	0	1	119841
239.7	0.25	0	1	119850
239.716	0.25	1	2	119858
239.732	0.25	1	2	119866
239.75	0.25	0	1	119875
239.766	0.25	0	1	119883
239.782	0.25	1	2	119891
239.8	0.25	1	2	119900
239.816	0.25	0	1	119908
239.832	0.25	0	1	119916
239.85	0.25	0	1	119925
239.866	0.25	0	1	119933
239.882	0.25	1	2	119941
239.9	0.25	1	2	119950
239.916	0.25	1	2	119958
239.932	0.25	1	2	119966
239.95	0.25	0	1	119975
239.966	0.25	0	1	119983
239.982	0.25	0	1	119991
241.466	0.25	1	2	120733
241.482	0.25	1	2	120741
241.5	0.25	1	2	120750
241.516	0.25	1	2	120758
241.532	0.25	1	2	120766
241.55	0.25	1	2	120775
241.566	0.25	1	2	120783
241.582	0.25	1	2	120791
241.6	0.25	1	2	120800
241.616	0.25	1	2	120808
241.632	0.25	1	2	120816
241.65	0.25	1	2	120825
241.666	0.25	1	2	120833
241.682	0.25	1	2	120841
241.7	0.25	0	1	120850
241.716	0.25	0	1	120858
241.732	0.25	0	1	120866
241.75	0.25	0	1	120875
241.766	0.25	1	2	120883
241.782	0.25	1	2	120891
241.8	0.25	1	2	120900
241.816	0.25	1	2	120908
241.832	0.25	0	1	120916
241.85	0.25	0	1	120925
241.866	0.25	0	1	120933
241.882	0.25	0	1	120941
241.9	0.25	1	2	120950
241.916	0.25	1	2	120958
241.932	0.25	1	2	120966
241.95	0.25	1	2	120975
241.966	0.25	0	1	120983
241.982	0.25	0	1	120991
242.0	0.25	0	1	121000
242.016	0.25	0	1	121008
242.032	0.25	1	2	121016
242.05	0.25	1	2	121025
242.066	0.25	0	1	121033
242.082	0.25	0	1	121041
242.1	0.25	1	2	121050
242.116	0.25	1	2	121058
242.132	0.25	1	2	121066
242.15	0.25	1	2	121075
242.166	0.25	0	1	121083
242.182	0.25	0	1	121091
242.2	0.25	1	2	121100
242.216	0.25	1	2	121108
242.232	0.25	0	1	121116
242.25	0.25	0	1	121125
242.266	0.25	0	1	121133
242.282	0.25	0	1	121141
242.3	0.25	1	2	121150
242.316	0.25	1	2	121158
242.332	0.25	0	1	121166
242.35	0.25	0	1	121175
242.366	0.25	1	2	121183
242.382	0.25	1	2	121191
242.4	0.25	1	2	121200
242.416	0.25	1	2	121208
242.432	0.25	1	2	121216
242.45	0.25	1	2	121225
242.466	0.25	0	1	121233
242.482	0.25	0	1	121241
242.5	0.25	0	1	121250
242.516	0.25	0	1	121258
242.532	0.25	0	1	121266
242.55	0.25	0	1	121275
242.566	0.25	1	2	121283
242.582	0.25	1	2	121291
242.6	0.25	0	1	121300
242.616	0.25	0	1	121308
242.632	0.25	1	2	121316
242.65	0.25	1	2	121325
242.666	0.25	1	2	121333
242.682	0.25	1	2	121341
242.7	0.25	1	2	121350
242.716	0.25	1	2	121358
242.732	0.25	0	1	121366
242.75	0.25	0	1	121375
242.766	0.25	0	1	121383
242.782	0.25	0	1	121391
242.8	0.25	1	2	121400
242.816	0.25	1	2	121408
242.832	0.25	0	1	121416
242.85	0.25	0	1	121425
242.866	0.25	1	2	121433
242.882	0.25	1	2	121441
242.9	0.25	0	1	121450
242.916	0.25	0	1	121458
242.932	0.25	0	1	121466
242.95	0.25	0	1	121475
242.966	0.25	0	1	121483
242.982	0.25	0	1	121491
243.0	0.25	1	2	121500
243.016	0.25	1	2	121508
243.032	0.25	1	2	121516
243.05	0.25	1	2	121525
243.066	0.25	0	1	121533
243.082	0.25	0	1	121541
243.1	0.25	1	2	121550
243.116	0.25	1	2	121558
243.132	0.25	0	1	121566
243.15	0.25	0	1	121575
243.166	0.25	0	1	121583
243.182	0.25	0	1	121591
243.2	0.25	0	1	121600
243.216	0.25	0	1	121608
243.232	0.25	1	2	121616
243.25	0.25	1	2	121625
243.266	0.25	0	1	121633
243.282	0.25	0	1	121641
243.3	0.25	1	2	121650
243.316	0.25	1	2	121658
243.332	0.25	0	1	121666
243.35	0.25	0	1	121675
243.366	0.25	0	1	121683
243.382	0.25	0	1	121691
243.4	0.25	1	2	121700
244.882	0.25	0	1	122441
244.9	0.25	0	1	122450
244.916	0.25	0	1	122458
244.932	0.25	0	1	122466
244.95	0.25	1	2	122475
244.966	0.25	1	2	122483
244.982	0.25	1	2	122491
245.0	0.25	1	2	122500
245.016	0.25	0	1	122508
245.032	0.25	0	1	122516
245.05	0.25	0	1	122525
245.066	0.25	0	1	122533
245.082	0.25	0	1	122541
245.1	0.25	0	1	122550
245.116	0.25	0	1	122558
245.132	0.25	0	1	122566
245.15	0.25	1	2	122575
245.166	0.25	1	2	122583
245.182	0.25	1	2	122591
245.2	0.25	1	2	122600
245.216	0.25	1	2	122608
245.232	0.25	1	2	122616
245.25	0.25	1	2	122625
245.266	0.25	1	2	122633
245.282	0.25	1	2	122641
245.3	0.25	1	2	122650
245.316	0.25	0	1	122658
245.332	0.25	0	1	122666
245.35	0.25	0	1	122675
245.366	0.25	0	1	122683
245.382	0.25	0	1	122691
245.4	0.25	0	1	122700
245.416	0.25	0	1	122708
245.432	0.25	0	1	122716
245.45	0.25	0	1	122725
245.466	0.25	0	1	122733
245.482	0.25	0	1	122741
245.5	0.25	0	1	122750
245.516	0.25	1	2	122758
245.532	0.25	1	2	122766
245.55	0.25	1	2	122775
245.566	0.25	1	2	122783
245.582	0.25	0	1	122791
245.6	0.25	0	1	122800
245.616	0.25	0	1	122808
245.632	0.25	0	1	122816
245.65	0.25	1	2	122825
245.666	0.25	1	2	122833
245.682	0.25	0	1	122841
245.7	0.25	0	1	122850
245.716	0.25	1	2	122858
245.732	0.25	1	2	122866
245.75	0.25	0	1	122875
245.766	0.25	0	1	122883
245.782	0.25	1	2	122891
245.8	0.25	1	2	122900
245.816	0.25	0	1	122908
245.832	0.25	0	1	122916
245.85	0.25	1	2	122925
245.866	0.25	1	2	122933
245.882	0.25	1	2	122941
245.9	0.25	1	2	122950
245.916	0.25	0	1	122958
245.932	0.25	0	1	122966
245.95	0.25	1	2	122975
245.966	0.25	1	2	122983
245.982	0.25	0	1	122991
246.0	0.25	0	1	123000
246.016	0.25	0	1	123008
246.032	0.25	0	1	123016
246.05	0.25	0	1	123025
246.066	0.25	0	1	123033
246.082	0.25	1	2	123041
246.1	0.25	1	2	123050
246.116	0.25	0	1	123058
246.132	0.25	0	1	123066
246.15	0.25	0	1	123075
246.166	0.25	0	1	123083
246.182	0.25	0	1	123091
246.2	0.25	0	1	123100
246.216	0.25	1	2	123108
246.232	0.25	1	2	123116
246.25	0.25	1	2	123125
246.266	0.25	1	2	123133
246.282	0.25	1	2	123141
246.3	0.25	1	2	123150
246.316	0.25	0	1	123158
246.332	0.25	0	1	123166
246.35	0.25	1	2	123175
246.366	0.25	1	2	123183
246.382	0.25	0	1	123191
246.4	0.25	0	1	123200
246.416	0.25	1	2	123208
246.432	0.25	1	2	123216
246.45	0.25	1	2	123225
246.466	0.25	1	2	123233
246.482	0.25	1	2	123241
246.5	0.25	1	2	123250
246.516	0.25	1	2	123258
246.532	0.25	1	2	123266
246.55	0.25	1	2	123275
246.566	0.25	1	2	123283
246.582	0.25	0	1	123291
246.6	0.25	0	1	123300
246.616	0.25	0	1	123308
246.632	0.25	0	1	123316
246.65	0.25	1	2	123325
246.666	0.25	1	2	123333
246.682	0.25	0	1	123341
246.7	0.25	0	1	123350
246.716	0.25	0	1	123358
246.732	0.25	0	1	123366
246.75	0.25	0	1	123375
246.766	0.25	0	1	123383
246.782	0.25	1	2	123391
246.8	0.25	1	2	123400
246.816	0.25	1	2	123408
