onset	duration	trial_type	value	sample
11.782	0.25	1	2	5891
11.8	0.25	1	2	5900
11.816	0.25	1	2	5908
11.832	0.25	1	2	5916
11.85	0.25	1	2	5925
11.866	0.25	1	2	5933
11.882	0.25	1	2	5941
11.9	0.25	1	2	5950
11.916	0.25	1	2	5958
11.932	0.25	1	2	5966
11.95	0.25	1	2	5975
11.966	0.25	1	2	5983
11.982	0.25	1	2	5991
12.0	0.25	1	2	6000
12.016	0.25	0	1	6008
12.032	0.25	0	1	6016
12.05	0.25	0	1	6025
12.066	0.25	0	1	6033
12.082	0.25	1	2	6041
12.1	0.25	1	2	6050
12.116	0.25	1	2	6058
12.132	0.25	1	2	6066
12.15	0.25	0	1	6075
12.166	0.25	0	1	6083
12.182	0.25	0	1	6091
12.2	0.25	0	1	6100
12.216	0.25	1	2	6108
12.232	0.25	1	2	6116
12.25	0.25	1	2	6125
12.266	0.25	1	2	6133
12.282	0.25	0	1	6141
12.3	0.25	0	1	6150
12.316	0.25	0	1	6158
12.332	0.25	0	1	6166
12.35	0.25	1	2	6175
12.366	0.25	1	2	6183
12.382	0.25	0	1	6191
12.4	0.25	0	1	6200
12.416	0.25	1	2	6208
12.432	0.25	1	2	6216
12.45	0.25	1	2	6225
12.466	0.25	1	2	6233
12.482	0.25	0	1	6241
12.5	0.25	0	1	6250
12.516	0.25	1	2	6258
12.532	0.25	1	2	6266
12.55	0.25	0	1	6275
12.566	0.25	0	1	6283
12.582	0.25	0	1	6291
12.6	0.25	0	1	6300
12.616	0.25	1	2	6308
12.632	0.25	1	2	6316
12.65	0.25	0	1	6325
12.666	0.25	0	1	6333
12.682	0.25	1	2	6341
12.7	0.25	1	2	6350
12.716	0.25	1	2	6358
12.732	0.25	1	2	6366
12.75	0.25	1	2	6375
12.766	0.25	1	2	6383
12.782	0.25	0	1	6391
12.8	0.25	0	1	6400
12.816	0.25	0	1	6408
12.832	0.25	0	1	6416
12.85	0.25	0	1	6425
12.866	0.25	0	1	6433
12.882	0.25	1	2	6441
12.9	0.25	1	2	6450
12.916	0.25	0	1	6458
12.932	0.25	0	1	6466
12.95	0.25	1	2	6475
12.966	0.25	1	2	6483
12.982	0.25	1	2	6491
13.0	0.25	1	2	6500
13.016	0.25	1	2	6508
13.032	0.25	1	2	6516
13.05	0.25	0	1	6525
13.066	0.25	0	1	6533
13.082	0.25	0	1	6541
13.1	0.25	0	1	6550
13.116	0.25	1	2	6558
13.132	0.25	1	2	6566
13.15	0.25	0	1	6575
13.166	0.25	0	1	6583
13.182	0.25	1	2	6591
13.2	0.25	1	2	6600
13.216	0.25	0	1	6608
13.232	0.25	0	1	6616
13.25	0.25	0	1	6625
13.266	0.25	0	1	6633
13.282	0.25	0	1	6641
13.3	0.25	0	1	6650
13.316	0.25	1	2	6658
13.332	0.25	1	2	6666
13.35	0.25	1	2	6675
13.366	0.25	1	2	6683
13.382	0.25	0	1	6691
13.4	0.25	0	1	6700
13.416	0.25	1	2	6708
13.432	0.25	1	2	6716
13.45	0.25	0	1	6725
13.466	0.25	0	1	6733
13.482	0.25	0	1	6741
13.5	0.25	0	1	6750
13.516	0.25	0	1	6758
13.532	0.25	0	1	6766
13.55	0.25	1	2	6775
13.566	0.25	1	2	6783
13.582	0.25	0	1	6791
13.6	0.25	0	1	6800
13.616	0.25	1	2	6808
13.632	0.25	1	2	6816
13.65	0.25	0	1	6825
13.666	0.25	0	1	6833
13.682	0.25	0	1	6841
13.7	0.25	0	1	6850
13.716	0.25	1	2	6858
15.2	0.25	1	2	7600
15.216	0.25	1	2	7608
15.232	0.25	1	2	7616
15.25	0.25	1	2	7625
15.266	0.25	0	1	7633
15.282	0.25	0	1	7641
15.3	0.25	1	2	7650
15.316	0.25	1	2	7658
15.332	0.25	1	2	7666
15.35	0.25	1	2	7675
15.366	0.25	0	1	7683
15.382	0.25	0	1	7691
15.4	0.25	1	2	7700
15.416	0.25	1	2	7708
15.432	0.25	1	2	7716
15.45	0.25	1	2	7725
15.466	0.25	0	1	7733
15.482	0.25	0	1	7741
15.5	0.25	1	2	7750
15.516	0.25	1	2	7758
15.532	0.25	1	2	7766
15.55	0.25	1	2	7775
15.566	0.25	0	1	7783
15.582	0.25	0	1	7791
15.6	0.25	0	1	7800
15.616	0.25	0	1	7808
15.632	0.25	0	1	7816
15.65	0.25	0	1	7825
15.666	0.25	1	2	7833
15.682	0.25	1	2	7841
15.7	0.25	1	2	7850
15.716	0.25	1	2	7858
15.732	0.25	1	2	7866
15.75	0.25	1	2	7875
15.766	0.25	0	1	7883
15.782	0.25	0	1	7891
15.8	0.25	0	1	7900
15.816	0.25	0	1	7908
15.832	0.25	0	1	7916
15.85	0.25	0	1	7925
15.866	0.25	1	2	7933
15.882	0.25	1	2	7941
15.9	0.25	1	2	7950
15.916	0.25	1	2	7958
15.932	0.25	1	2	7966
15.95	0.25	1	2	7975
15.966	0.25	1	2	7983
15.982	0.25	1	2	7991
16.0	0.25	1	2	8000
16.016	0.25	1	2	8008
16.032	0.25	0	1	8016
16.05	0.25	0	1	8025
16.066	0.25	0	1	8033
16.082	0.25	0	1	8041
16.1	0.25	1	2	8050
16.116	0.25	1	2	8058
16.132	0.25	0	1	8066
16.148	0.25	0	1	8074
16.166	0.25	1	2	8083
16.182	0.25	1	2	8091
16.2	0.25	0	1	8100
16.216	0.25	0	1	8108
16.232	0.25	0	1	8116
16.25	0.25	0	1	8125
16.266	0.25	1	2	8133
16.282	0.25	1	2	8141
16.3	0.25	1	2	8150
16.316	0.25	1	2	8158
16.332	0.25	0	1	8166
16.35	0.25	0	1	8175
16.366	0.25	0	1	8183
16.382	0.25	0	1	8191
16.4	0.25	0	1	8200
16.416	0.25	0	1	8208
16.432	0.25	0	1	8216
16.45	0.25	0	1	8225
16.466	0.25	1	2	8233
16.482	0.25	1	2	8241
16.5	0.25	0	1	8250
16.516	0.25	0	1	8258
16.532	0.25	0	1	8266
16.55	0.25	0	1	8275
16.566	0.25	0	1	8283
16.582	0.25	0	1	8291
16.6	0.25	0	1	8300
16.616	0.25	0	1	8308
16.632	0.25	1	2	8316
16.65	0.25	1	2	8325
16.666	0.25	1	2	8333
16.682	0.25	1	2	8341
16.7	0.25	1	2	8350
16.716	0.25	1	2	8358
16.732	0.25	1	2	8366
16.75	0.25	1	2	8375
16.766	0.25	1	2	8383
16.782	0.25	1	2	8391
16.8	0.25	1	2	8400
16.816	0.25	1	2	8408
16.832	0.25	0	1	8416
16.85	0.25	0	1	8425
16.866	0.25	1	2	8433
16.882	0.25	1	2	8441
16.9	0.25	0	1	8450
16.916	0.25	0	1	8458
16.932	0.25	1	2	8466
16.95	0.25	1	2	8475
16.966	0.25	0	1	8483
16.982	0.25	0	1	8491
17.0	0.25	0	1	8500
17.016	0.25	0	1	8508
17.032	0.25	1	2	8516
17.05	0.25	1	2	8525
17.066	0.25	1	2	8533
17.082	0.25	1	2	8541
17.1	0.25	0	1	8550
17.116	0.25	0	1	8558
17.132	0.25	0	1	8566
18.616	0.25	0	1	9308
18.632	0.25	0	1	9316
18.65	0.25	0	1	9325
18.666	0.25	0	1	9333
18.682	0.25	1	2	9341
18.7	0.25	1	2	9350
18.716	0.25	1	2	9358
18.732	0.25	1	2	9366
18.75	0.25	0	1	9375
18.766	0.25	0	1	9383
18.782	0.25	0	1	9391
18.8	0.25	0	1	9400
18.816	0.25	0	1	9408
18.832	0.25	0	1	9416
18.85	0.25	0	1	9425
18.866	0.25	0	1	9433
18.882	0.25	1	2	9441
18.9	0.25	1	2	9450
18.916	0.25	1	2	9458
18.932	0.25	1	2	9466
18.95	0.25	1	2	9475
18.966	0.25	1	2	9483
18.982	0.25	1	2	9491
19.0	0.25	1	2	9500
19.016	0.25	1	2	9508
19.032	0.25	1	2	9516
19.05	0.25	0	1	9525
19.066	0.25	0	1	9533
19.082	0.25	0	1	9541
19.1	0.25	0	1	9550
19.116	0.25	0	1	9558
19.132	0.25	0	1	9566
19.15	0.25	0	1	9575
19.166	0.25	0	1	9583
19.182	0.25	0	1	9591
19.2	0.25	0	1	9600
19.216	0.25	0	1	9608
19.232	0.25	0	1	9616
19.25	0.25	1	2	9625
19.266	0.25	1	2	9633
19.282	0.25	1	2	9641
19.3	0.25	1	2	9650
19.316	0.25	0	1	9658
19.332	0.25	0	1	9666
19.35	0.25	0	1	9675
19.366	0.25	0	1	9683
19.382	0.25	1	2	9691
19.4	0.25	1	2	9700
19.416	0.25	0	1	9708
19.432	0.25	0	1	9716
19.45	0.25	1	2	9725
19.466	0.25	1	2	9733
19.482	0.25	0	1	9741
19.5	0.25	0	1	9750
19.516	0.25	1	2	9758
19.532	0.25	1	2	9766
19.55	0.25	0	1	9775
19.566	0.25	0	1	9783
19.582	0.25	1	2	9791
19.6	0.25	1	2	9800
19.616	0.25	1	2	9808
19.632	0.25	1	2	9816
19.65	0.25	0	1	9825
19.666	0.25	0	1	9833
19.682	0.25	1	2	9841
19.7	0.25	1	2	9850
19.716	0.25	0	1	9858
19.732	0.25	0	1	9866
19.75	0.25	0	1	9875
19.766	0.25	0	1	9883
19.782	0.25	0	1	9891
19.8	0.25	0	1	9900
19.816	0.25	1	2	9908
19.832	0.25	1	2	9916
19.85	0.25	0	1	9925
19.866	0.25	0	1	9933
19.882	0.25	0	1	9941
19.9	0.25	0	1	9950
19.916	0.25	0	1	9958
19.932	0.25	0	1	9966
19.95	0.25	1	2	9975
19.966	0.25	1	2	9983
19.982	0.25	1	2	9991
20.0	0.25	1	2	10000
20.016	0.25	1	2	10008
20.032	0.25	1	2	10016
20.05	0.25	0	1	10025
20.066	0.25	0	1	10033
20.082	0.25	1	2	10041
20.1	0.25	1	2	10050
20.116	0.25	0	1	10058
20.132	0.25	0	1	10066
20.15	0.25	1	2	10075
20.166	0.25	1	2	10083
20.182	0.25	1	2	10091
20.2	0.25	1	2	10100
20.216	0.25	1	2	10108
20.232	0.25	1	2	10116
20.25	0.25	1	2	10125
20.266	0.25	1	2	10133
20.282	0.25	1	2	10141
20.3	0.25	1	2	10150
20.316	0.25	0	1	10158
20.332	0.25	0	1	10166
20.35	0.25	0	1	10175
20.366	0.25	0	1	10183
20.382	0.25	1	2	10191
20.4	0.25	1	2	10200
20.416	0.25	0	1	10208
20.432	0.25	0	1	10216
20.45	0.25	0	1	10225
20.466	0.25	0	1	10233
20.482	0.25	0	1	10241
20.5	0.25	0	1	10250
20.516	0.25	1	2	10258
20.532	0.25	1	2	10266
20.55	0.25	1	2	10275
22.032	0.25	1	2	11016
22.05	0.25	1	2	11025
22.066	0.25	1	2	11033
22.082	0.25	1	2	11041
22.1	0.25	0	1	11050
22.116	0.25	0	1	11058
22.132	0.25	0	1	11066
22.15	0.25	0	1	11075
22.166	0.25	0	1	11083
22.182	0.25	0	1	11091
22.2	0.25	0	1	11100
22.216	0.25	0	1	11108
22.232	0.25	1	2	11116
22.25	0.25	1	2	11125
22.266	0.25	0	1	11133
22.282	0.25	0	1	11141
22.3	0.25	0	1	11150
22.316	0.25	0	1	11158
22.332	0.25	1	2	11166
22.35	0.25	1	2	11175
22.366	0.25	1	2	11183
22.382	0.25	1	2	11191
22.4	0.25	0	1	11200
22.416	0.25	0	1	11208
22.432	0.25	0	1	11216
22.45	0.25	0	1	11225
22.466	0.25	0	1	11233
22.482	0.25	0	1	11241
22.5	0.25	0	1	11250
22.516	0.25	0	1	11258
22.532	0.25	0	1	11266
22.55	0.25	0	1	11275
22.566	0.25	0	1	11283
22.582	0.25	0	1	11291
22.6	0.25	1	2	11300
22.616	0.25	1	2	11308
22.632	0.25	0	1	11316
22.65	0.25	0	1	11325
22.666	0.25	1	2	11333
22.682	0.25	1	2	11341
22.7	0.25	1	2	11350
22.716	0.25	1	2	11358
22.732	0.25	0	1	11366
22.75	0.25	0	1	11375
22.766	0.25	1	2	11383
22.782	0.25	1	2	11391
22.8	0.25	0	1	11400
22.816	0.25	0	1	11408
22.832	0.25	1	2	11416
22.85	0.25	1	2	11425
22.866	0.25	0	1	11433
22.882	0.25	0	1	11441
22.9	0.25	1	2	11450
22.916	0.25	1	2	11458
22.932	0.25	0	1	11466
22.95	0.25	0	1	11475
22.966	0.25	0	1	11483
22.982	0.25	0	1	11491
23.0	0.25	0	1	11500
23.016	0.25	0	1	11508
23.032	0.25	1	2	11516
23.05	0.25	1	2	11525
23.066	0.25	1	2	11533
23.082	0.25	1	2	11541
23.1	0.25	1	2	11550
23.116	0.25	1	2	11558
23.132	0.25	0	1	11566
23.15	0.25	0	1	11575
23.166	0.25	1	2	11583
23.182	0.25	1	2	11591
23.2	0.25	1	2	11600
23.216	0.25	1	2	11608
23.232	0.25	1	2	11616
23.25	0.25	1	2	11625
23.266	0.25	0	1	11633
23.282	0.25	0	1	11641
23.3	0.25	1	2	11650
23.316	0.25	1	2	11658
23.332	0.25	0	1	11666
23.35	0.25	0	1	11675
23.366	0.25	1	2	11683
23.382	0.25	1	2	11691
23.4	0.25	1	2	11700
23.416	0.25	1	2	11708
23.432	0.25	0	1	11716
23.45	0.25	0	1	11725
23.466	0.25	0	1	11733
23.482	0.25	0	1	11741
23.5	0.25	0	1	11750
23.516	0.25	0	1	11758
23.532	0.25	1	2	11766
23.55	0.25	1	2	11775
23.566	0.25	1	2	11783
23.582	0.25	1	2	11791
23.6	0.25	0	1	11800
23.616	0.25	0	1	11808
23.632	0.25	1	2	11816
23.65	0.25	1	2	11825
23.666	0.25	1	2	11833
23.682	0.25	1	2	11841
23.7	0.25	1	2	11850
23.716	0.25	1	2	11858
23.732	0.25	0	1	11866
23.75	0.25	0	1	11875
23.766	0.25	0	1	11883
23.782	0.25	0	1	11891
23.8	0.25	0	1	11900
23.816	0.25	0	1	11908
23.832	0.25	0	1	11916
23.85	0.25	0	1	11925
23.866	0.25	0	1	11933
23.882	0.25	0	1	11941
23.9	0.25	1	2	11950
23.916	0.25	1	2	11958
23.932	0.25	1	2	11966
23.95	0.25	1	2	11975
23.966	0.25	1	2	11983
26.9	0.25	1	2	13450
26.916	0.25	1	2	13458
26.932	0.25	1	2	13466
26.95	0.25	1	2	13475
26.966	0.25	1	2	13483
26.982	0.25	1	2	13491
27.0	0.25	1	2	13500
27.016	0.25	1	2	13508
27.032	0.25	1	2	13516
27.05	0.25	1	2	13525
27.066	0.25	1	2	13533
27.082	0.25	1	2	13541
27.1	0.25	1	2	13550
27.116	0.25	1	2	13558
27.132	0.25	0	1	13566
27.15	0.25	0	1	13575
27.166	0.25	0	1	13583
27.182	0.25	0	1	13591
27.2	0.25	1	2	13600
27.216	0.25	1	2	13608
27.232	0.25	1	2	13616
27.25	0.25	1	2	13625
27.266	0.25	0	1	13633
27.282	0.25	0	1	13641
27.3	0.25	0	1	13650
27.316	0.25	0	1	13658
27.332	0.25	1	2	13666
27.35	0.25	1	2	13675
27.366	0.25	1	2	13683
27.382	0.25	1	2	13691
27.4	0.25	0	1	13700
27.416	0.25	0	1	13708
27.432	0.25	0	1	13716
27.45	0.25	0	1	13725
27.466	0.25	1	2	13733
27.482	0.25	1	2	13741
27.5	0.25	0	1	13750
27.516	0.25	0	1	13758
27.532	0.25	1	2	13766
27.55	0.25	1	2	13775
27.566	0.25	1	2	13783
27.582	0.25	1	2	13791
27.6	0.25	0	1	13800
27.616	0.25	0	1	13808
27.632	0.25	1	2	13816
27.65	0.25	1	2	13825
27.666	0.25	0	1	13833
27.682	0.25	0	1	13841
27.7	0.25	0	1	13850
27.716	0.25	0	1	13858
27.732	0.25	1	2	13866
27.75	0.25	1	2	13875
27.766	0.25	0	1	13883
27.782	0.25	0	1	13891
27.8	0.25	1	2	13900
27.816	0.25	1	2	13908
27.832	0.25	1	2	13916
27.85	0.25	1	2	13925
27.866	0.25	1	2	13933
27.882	0.25	1	2	13941
27.9	0.25	0	1	13950
27.916	0.25	0	1	13958
27.932	0.25	0	1	13966
27.95	0.25	0	1	13975
27.966	0.25	0	1	13983
27.982	0.25	0	1	13991
28.0	0.25	1	2	14000
28.016	0.25	1	2	14008
28.032	0.25	0	1	14016
28.05	0.25	0	1	14025
28.066	0.25	1	2	14033
28.082	0.25	1	2	14041
28.1	0.25	1	2	14050
28.116	0.25	1	2	14058
28.132	0.25	1	2	14066
28.15	0.25	1	2	14075
28.166	0.25	0	1	14083
28.182	0.25	0	1	14091
28.2	0.25	0	1	14100
28.216	0.25	0	1	14108
28.232	0.25	1	2	14116
28.25	0.25	1	2	14125
28.266	0.25	0	1	14133
28.282	0.25	0	1	14141
28.3	0.25	1	2	14150
28.316	0.25	1	2	14158
28.332	0.25	0	1	14166
28.35	0.25	0	1	14175
28.366	0.25	0	1	14183
28.382	0.25	0	1	14191
28.4	0.25	0	1	14200
28.416	0.25	0	1	14208
28.432	0.25	1	2	14216
28.45	0.25	1	2	14225
28.466	0.25	1	2	14233
28.482	0.25	1	2	14241
28.5	0.25	0	1	14250
28.516	0.25	0	1	14258
28.532	0.25	1	2	14266
28.55	0.25	1	2	14275
28.566	0.25	0	1	14283
28.582	0.25	0	1	14291
28.6	0.25	0	1	14300
28.616	0.25	0	1	14308
28.632	0.25	0	1	14316
28.65	0.25	0	1	14325
28.666	0.25	1	2	14333
28.682	0.25	1	2	14341
28.7	0.25	0	1	14350
28.716	0.25	0	1	14358
28.732	0.25	1	2	14366
28.75	0.25	1	2	14375
28.766	0.25	0	1	14383
28.782	0.25	0	1	14391
28.8	0.25	0	1	14400
28.816	0.25	0	1	14408
28.832	0.25	1	2	14416
30.316	0.25	1	2	15158
30.332	0.25	1	2	15166
30.35	0.25	1	2	15175
30.366	0.25	1	2	15183
30.382	0.25	0	1	15191
30.4	0.25	0	1	15200
30.416	0.25	0	1	15208
30.432	0.25	0	1	15216
30.45	0.25	0	1	15225
30.466	0.25	0	1	15233
30.482	0.25	0	1	15241
30.5	0.25	0	1	15250
30.516	0.25	1	2	15258
30.532	0.25	1	2	15266
30.55	0.25	0	1	15275
30.566	0.25	0	1	15283
30.582	0.25	0	1	15291
30.6	0.25	0	1	15300
30.616	0.25	1	2	15308
30.632	0.25	1	2	15316
30.65	0.25	1	2	15325
30.666	0.25	1	2	15333
30.682	0.25	0	1	15341
30.7	0.25	0	1	15350
30.716	0.25	0	1	15358
30.732	0.25	0	1	15366
30.75	0.25	0	1	15375
30.766	0.25	0	1	15383
30.782	0.25	0	1	15391
30.8	0.25	0	1	15400
30.816	0.25	0	1	15408
30.832	0.25	0	1	15416
30.85	0.25	0	1	15425
30.866	0.25	0	1	15433
30.882	0.25	1	2	15441
30.9	0.25	1	2	15450
30.916	0.25	0	1	15458
30.932	0.25	0	1	15466
30.95	0.25	1	2	15475
30.966	0.25	1	2	15483
30.982	0.25	1	2	15491
31.0	0.25	1	2	15500
31.016	0.25	0	1	15508
31.032	0.25	0	1	15516
31.05	0.25	1	2	15525
31.066	0.25	1	2	15533
31.082	0.25	0	1	15541
31.1	0.25	0	1	15550
31.116	0.25	1	2	15558
31.132	0.25	1	2	15566
31.15	0.25	0	1	15575
31.166	0.25	0	1	15583
31.182	0.25	1	2	15591
31.2	0.25	1	2	15600
31.216	0.25	0	1	15608
31.232	0.25	0	1	15616
31.25	0.25	0	1	15625
31.266	0.25	0	1	15633
31.282	0.25	0	1	15641
31.3	0.25	0	1	15650
31.316	0.25	1	2	15658
31.332	0.25	1	2	15666
31.35	0.25	1	2	15675
31.366	0.25	1	2	15683
31.382	0.25	1	2	15691
31.4	0.25	1	2	15700
31.416	0.25	0	1	15708
31.432	0.25	0	1	15716
31.45	0.25	1	2	15725
31.466	0.25	1	2	15733
31.482	0.25	1	2	15741
31.5	0.25	1	2	15750
31.516	0.25	1	2	15758
31.532	0.25	1	2	15766
31.55	0.25	0	1	15775
31.566	0.25	0	1	15783
31.582	0.25	1	2	15791
31.6	0.25	1	2	15800
31.616	0.25	0	1	15808
31.632	0.25	0	1	15816
31.65	0.25	1	2	15825
31.666	0.25	1	2	15833
31.682	0.25	1	2	15841
31.7	0.25	1	2	15850
31.716	0.25	0	1	15858
31.732	0.25	0	1	15866
31.75	0.25	0	1	15875
31.766	0.25	0	1	15883
31.782	0.25	0	1	15891
31.8	0.25	0	1	15900
31.816	0.25	1	2	15908
31.832	0.25	1	2	15916
31.85	0.25	1	2	15925
31.866	0.25	1	2	15933
31.882	0.25	0	1	15941
31.9	0.25	0	1	15950
31.916	0.25	1	2	15958
31.932	0.25	1	2	15966
31.95	0.25	1	2	15975
31.966	0.25	1	2	15983
31.982	0.25	1	2	15991
32.0	0.25	1	2	16000
32.016	0.25	0	1	16008
32.032	0.25	0	1	16016
32.048	0.25	0	1	16024
32.066	0.25	0	1	16033
32.082	0.25	0	1	16041
32.1	0.25	0	1	16050
32.116	0.25	0	1	16058
32.132	0.25	0	1	16066
32.15	0.25	0	1	16075
32.166	0.25	0	1	16083
32.182	0.25	1	2	16091
32.2	0.25	1	2	16100
32.216	0.25	1	2	16108
32.232	0.25	1	2	16116
32.25	0.25	1	2	16125
33.732	0.25	1	2	16866
33.75	0.25	1	2	16875
33.766	0.25	1	2	16883
33.782	0.25	1	2	16891
33.8	0.25	0	1	16900
33.816	0.25	0	1	16908
33.832	0.25	1	2	16916
33.85	0.25	1	2	16925
33.866	0.25	1	2	16933
33.882	0.25	1	2	16941
33.9	0.25	0	1	16950
33.916	0.25	0	1	16958
33.932	0.25	1	2	16966
33.95	0.25	1	2	16975
33.966	0.25	1	2	16983
33.982	0.25	1	2	16991
34.0	0.25	0	1	17000
34.016	0.25	0	1	17008
34.032	0.25	1	2	17016
34.05	0.25	1	2	17025
34.066	0.25	1	2	17033
34.082	0.25	1	2	17041
34.1	0.25	0	1	17050
34.116	0.25	0	1	17058
34.132	0.25	0	1	17066
34.15	0.25	0	1	17075
34.166	0.25	0	1	17083
34.182	0.25	0	1	17091
34.2	0.25	1	2	17100
34.216	0.25	1	2	17108
34.232	0.25	1	2	17116
34.25	0.25	1	2	17125
34.266	0.25	1	2	17133
34.282	0.25	1	2	17141
34.3	0.25	0	1	17150
34.316	0.25	0	1	17158
34.332	0.25	0	1	17166
34.35	0.25	0	1	17175
34.366	0.25	0	1	17183
34.382	0.25	0	1	17191
34.4	0.25	1	2	17200
34.416	0.25	1	2	17208
34.432	0.25	1	2	17216
34.45	0.25	1	2	17225
34.466	0.25	1	2	17233
34.482	0.25	1	2	17241
34.5	0.25	1	2	17250
34.516	0.25	1	2	17258
34.532	0.25	1	2	17266
34.55	0.25	1	2	17275
34.566	0.25	0	1	17283
34.582	0.25	0	1	17291
34.6	0.25	0	1	17300
34.616	0.25	0	1	17308
34.632	0.25	1	2	17316
34.65	0.25	1	2	17325
34.666	0.25	0	1	17333
34.682	0.25	0	1	17341
34.7	0.25	1	2	17350
34.716	0.25	1	2	17358
34.732	0.25	0	1	17366
34.75	0.25	0	1	17375
34.766	0.25	0	1	17383
34.782	0.25	0	1	17391
34.8	0.25	1	2	17400
34.816	0.25	1	2	17408
34.832	0.25	1	2	17416
34.85	0.25	1	2	17425
34.866	0.25	0	1	17433
34.882	0.25	0	1	17441
34.9	0.25	0	1	17450
34.916	0.25	0	1	17458
34.932	0.25	0	1	17466
34.95	0.25	0	1	17475
34.966	0.25	0	1	17483
34.982	0.25	0	1	17491
35.0	0.25	1	2	17500
35.016	0.25	1	2	17508
35.032	0.25	0	1	17516
35.05	0.25	0	1	17525
35.066	0.25	0	1	17533
35.082	0.25	0	1	17541
35.1	0.25	0	1	17550
35.116	0.25	0	1	17558
35.132	0.25	0	1	17566
35.15	0.25	0	1	17575
35.166	0.25	1	2	17583
35.182	0.25	1	2	17591
35.2	0.25	1	2	17600
35.216	0.25	1	2	17608
35.232	0.25	1	2	17616
35.25	0.25	1	2	17625
35.266	0.25	1	2	17633
35.282	0.25	1	2	17641
35.3	0.25	1	2	17650
35.316	0.25	1	2	17658
35.332	0.25	1	2	17666
35.35	0.25	1	2	17675
35.366	0.25	0	1	17683
35.382	0.25	0	1	17691
35.4	0.25	1	2	17700
35.416	0.25	1	2	17708
35.432	0.25	0	1	17716
35.45	0.25	0	1	17725
35.466	0.25	1	2	17733
35.482	0.25	1	2	17741
35.5	0.25	0	1	17750
35.516	0.25	0	1	17758
35.532	0.25	0	1	17766
35.55	0.25	0	1	17775
35.566	0.25	1	2	17783
35.582	0.25	1	2	17791
35.6	0.25	1	2	17800
35.616	0.25	1	2	17808
35.632	0.25	0	1	17816
35.65	0.25	0	1	17825
35.666	0.25	0	1	17833
37.15	0.25	0	1	18575
37.166	0.25	0	1	18583
37.182	0.25	0	1	18591
37.2	0.25	0	1	18600
37.216	0.25	1	2	18608
37.232	0.25	1	2	18616
37.25	0.25	1	2	18625
37.266	0.25	1	2	18633
37.282	0.25	0	1	18641
37.3	0.25	0	1	18650
37.316	0.25	0	1	18658
37.332	0.25	0	1	18666
37.35	0.25	0	1	18675
37.366	0.25	0	1	18683
37.382	0.25	0	1	18691
37.4	0.25	0	1	18700
37.416	0.25	1	2	18708
37.432	0.25	1	2	18716
37.45	0.25	1	2	18725
37.466	0.25	1	2	18733
37.482	0.25	1	2	18741
37.5	0.25	1	2	18750
37.516	0.25	1	2	18758
37.532	0.25	1	2	18766
37.55	0.25	1	2	18775
37.566	0.25	1	2	18783
37.582	0.25	0	1	18791
37.6	0.25	0	1	18800
37.616	0.25	0	1	18808
37.632	0.25	0	1	18816
37.65	0.25	0	1	18825
37.666	0.25	0	1	18833
37.682	0.25	0	1	18841
37.7	0.25	0	1	18850
37.716	0.25	0	1	18858
37.732	0.25	0	1	18866
37.75	0.25	0	1	18875
37.766	0.25	0	1	18883
37.782	0.25	1	2	18891
37.8	0.25	1	2	18900
37.816	0.25	1	2	18908
37.832	0.25	1	2	18916
37.85	0.25	0	1	18925
37.866	0.25	0	1	18933
37.882	0.25	0	1	18941
37.9	0.25	0	1	18950
37.916	0.25	1	2	18958
37.932	0.25	1	2	18966
37.95	0.25	0	1	18975
37.966	0.25	0	1	18983
37.982	0.25	1	2	18991
38.0	0.25	1	2	19000
38.016	0.25	0	1	19008
38.032	0.25	0	1	19016
38.05	0.25	1	2	19025
38.066	0.25	1	2	19033
38.082	0.25	0	1	19041
38.1	0.25	0	1	19050
38.116	0.25	1	2	19058
38.132	0.25	1	2	19066
38.15	0.25	1	2	19075
38.166	0.25	1	2	19083
38.182	0.25	0	1	19091
38.2	0.25	0	1	19100
38.216	0.25	1	2	19108
38.232	0.25	1	2	19116
38.25	0.25	0	1	19125
38.266	0.25	0	1	19133
38.282	0.25	0	1	19141
38.3	0.25	0	1	19150
38.316	0.25	0	1	19158
38.332	0.25	0	1	19166
38.35	0.25	1	2	19175
38.366	0.25	1	2	19183
38.382	0.25	0	1	19191
38.4	0.25	0	1	19200
38.416	0.25	0	1	19208
38.432	0.25	0	1	19216
38.45	0.25	0	1	19225
38.466	0.25	0	1	19233
38.482	0.25	1	2	19241
38.5	0.25	1	2	19250
38.516	0.25	1	2	19258
38.532	0.25	1	2	19266
38.55	0.25	1	2	19275
38.566	0.25	1	2	19283
38.582	0.25	0	1	19291
38.6	0.25	0	1	19300
38.616	0.25	1	2	19308
38.632	0.25	1	2	19316
38.65	0.25	0	1	19325
38.666	0.25	0	1	19333
38.682	0.25	1	2	19341
38.7	0.25	1	2	19350
38.716	0.25	1	2	19358
38.732	0.25	1	2	19366
38.75	0.25	1	2	19375
38.766	0.25	1	2	19383
38.782	0.25	1	2	19391
38.8	0.25	1	2	19400
38.816	0.25	1	2	19408
38.832	0.25	1	2	19416
38.85	0.25	0	1	19425
38.866	0.25	0	1	19433
38.882	0.25	0	1	19441
38.9	0.25	0	1	19450
38.916	0.25	1	2	19458
38.932	0.25	1	2	19466
38.95	0.25	0	1	19475
38.966	0.25	0	1	19483
38.982	0.25	0	1	19491
39.0	0.25	0	1	19500
39.016	0.25	0	1	19508
39.032	0.25	0	1	19516
39.05	0.25	1	2	19525
39.066	0.25	1	2	19533
39.082	0.25	1	2	19541
41.716	0.25	1	2	20858
41.732	0.25	1	2	20866
41.75	0.25	1	2	20875
41.766	0.25	1	2	20883
41.782	0.25	1	2	20891
41.8	0.25	1	2	20900
41.816	0.25	1	2	20908
41.832	0.25	1	2	20916
41.85	0.25	1	2	20925
41.866	0.25	1	2	20933
41.882	0.25	1	2	20941
41.9	0.25	1	2	20950
41.916	0.25	1	2	20958
41.932	0.25	1	2	20966
41.95	0.25	0	1	20975
41.966	0.25	0	1	20983
41.982	0.25	0	1	20991
42.0	0.25	0	1	21000
42.016	0.25	1	2	21008
42.032	0.25	1	2	21016
42.05	0.25	1	2	21025
42.066	0.25	1	2	21033
42.082	0.25	0	1	21041
42.1	0.25	0	1	21050
42.116	0.25	0	1	21058
42.132	0.25	0	1	21066
42.15	0.25	1	2	21075
42.166	0.25	1	2	21083
42.182	0.25	1	2	21091
42.2	0.25	1	2	21100
42.216	0.25	0	1	21108
42.232	0.25	0	1	21116
42.25	0.25	0	1	21125
42.266	0.25	0	1	21133
42.282	0.25	1	2	21141
42.3	0.25	1	2	21150
42.316	0.25	0	1	21158
42.332	0.25	0	1	21166
42.35	0.25	1	2	21175
42.366	0.25	1	2	21183
42.382	0.25	1	2	21191
42.4	0.25	1	2	21200
42.416	0.25	0	1	21208
42.432	0.25	0	1	21216
42.45	0.25	1	2	21225
42.466	0.25	1	2	21233
42.482	0.25	0	1	21241
42.5	0.25	0	1	21250
42.516	0.25	0	1	21258
42.532	0.25	0	1	21266
42.55	0.25	1	2	21275
42.566	0.25	1	2	21283
42.582	0.25	0	1	21291
42.6	0.25	0	1	21300
42.616	0.25	1	2	21308
42.632	0.25	1	2	21316
42.65	0.25	1	2	21325
42.666	0.25	1	2	21333
42.682	0.25	1	2	21341
42.7	0.25	1	2	21350
42.716	0.25	0	1	21358
42.732	0.25	0	1	21366
42.75	0.25	0	1	21375
42.766	0.25	0	1	21383
42.782	0.25	0	1	21391
42.8	0.25	0	1	21400
42.816	0.25	1	2	21408
42.832	0.25	1	2	21416
42.85	0.25	0	1	21425
42.866	0.25	0	1	21433
42.882	0.25	1	2	21441
42.9	0.25	1	2	21450
42.916	0.25	1	2	21458
42.932	0.25	1	2	21466
42.95	0.25	1	2	21475
42.966	0.25	1	2	21483
42.982	0.25	0	1	21491
43.0	0.25	0	1	21500
43.016	0.25	0	1	21508
43.032	0.25	0	1	21516
43.05	0.25	1	2	21525
43.066	0.25	1	2	21533
43.082	0.25	0	1	21541
43.1	0.25	0	1	21550
43.116	0.25	1	2	21558
43.132	0.25	1	2	21566
43.15	0.25	0	1	21575
43.166	0.25	0	1	21583
43.182	0.25	0	1	21591
43.2	0.25	0	1	21600
43.216	0.25	0	1	21608
43.232	0.25	0	1	21616
43.25	0.25	1	2	21625
43.266	0.25	1	2	21633
43.282	0.25	1	2	21641
43.3	0.25	1	2	21650
43.316	0.25	0	1	21658
43.332	0.25	0	1	21666
43.35	0.25	1	2	21675
43.366	0.25	1	2	21683
43.382	0.25	0	1	21691
43.4	0.25	0	1	21700
43.416	0.25	0	1	21708
43.432	0.25	0	1	21716
43.45	0.25	0	1	21725
43.466	0.25	0	1	21733
43.482	0.25	1	2	21741
43.5	0.25	1	2	21750
43.516	0.25	0	1	21758
43.532	0.25	0	1	21766
43.55	0.25	1	2	21775
43.566	0.25	1	2	21783
43.582	0.25	0	1	21791
43.6	0.25	0	1	21800
43.616	0.25	0	1	21808
43.632	0.25	0	1	21816
43.65	0.25	1	2	21825
45.132	0.25	0	1	22566
45.15	0.25	0	1	22575
45.166	0.25	0	1	22583
45.182	0.25	0	1	22591
45.2	0.25	1	2	22600
45.216	0.25	1	2	22608
45.232	0.25	1	2	22616
45.25	0.25	1	2	22625
45.266	0.25	0	1	22633
45.282	0.25	0	1	22641
45.3	0.25	0	1	22650
45.316	0.25	0	1	22658
45.332	0.25	0	1	22666
45.35	0.25	0	1	22675
45.366	0.25	0	1	22683
45.382	0.25	0	1	22691
45.4	0.25	1	2	22700
45.416	0.25	1	2	22708
45.432	0.25	1	2	22716
45.45	0.25	1	2	22725
45.466	0.25	1	2	22733
45.482	0.25	1	2	22741
45.5	0.25	1	2	22750
45.516	0.25	1	2	22758
45.532	0.25	1	2	22766
45.55	0.25	1	2	22775
45.566	0.25	0	1	22783
45.582	0.25	0	1	22791
45.6	0.25	0	1	22800
45.616	0.25	0	1	22808
45.632	0.25	0	1	22816
45.65	0.25	0	1	22825
45.666	0.25	0	1	22833
45.682	0.25	0	1	22841
45.7	0.25	0	1	22850
45.716	0.25	0	1	22858
45.732	0.25	0	1	22866
45.75	0.25	0	1	22875
45.766	0.25	1	2	22883
45.782	0.25	1	2	22891
45.8	0.25	1	2	22900
45.816	0.25	1	2	22908
45.832	0.25	0	1	22916
45.85	0.25	0	1	22925
45.866	0.25	0	1	22933
45.882	0.25	0	1	22941
45.9	0.25	1	2	22950
45.916	0.25	1	2	22958
45.932	0.25	0	1	22966
45.95	0.25	0	1	22975
45.966	0.25	1	2	22983
45.982	0.25	1	2	22991
46.0	0.25	0	1	23000
46.016	0.25	0	1	23008
46.032	0.25	1	2	23016
46.05	0.25	1	2	23025
46.066	0.25	0	1	23033
46.082	0.25	0	1	23041
46.1	0.25	1	2	23050
46.116	0.25	1	2	23058
46.132	0.25	1	2	23066
46.15	0.25	1	2	23075
46.166	0.25	0	1	23083
46.182	0.25	0	1	23091
46.2	0.25	1	2	23100
46.216	0.25	1	2	23108
46.232	0.25	0	1	23116
46.25	0.25	0	1	23125
46.266	0.25	0	1	23133
46.282	0.25	0	1	23141
46.3	0.25	0	1	23150
46.316	0.25	0	1	23158
46.332	0.25	1	2	23166
46.35	0.25	1	2	23175
46.366	0.25	0	1	23183
46.382	0.25	0	1	23191
46.4	0.25	0	1	23200
46.416	0.25	0	1	23208
46.432	0.25	0	1	23216
46.45	0.25	0	1	23225
46.466	0.25	1	2	23233
46.482	0.25	1	2	23241
46.5	0.25	1	2	23250
46.516	0.25	1	2	23258
46.532	0.25	1	2	23266
46.55	0.25	1	2	23275
46.566	0.25	0	1	23283
46.582	0.25	0	1	23291
46.6	0.25	1	2	23300
46.616	0.25	1	2	23308
46.632	0.25	0	1	23316
46.65	0.25	0	1	23325
46.666	0.25	1	2	23333
46.682	0.25	1	2	23341
46.7	0.25	1	2	23350
46.716	0.25	1	2	23358
46.732	0.25	1	2	23366
46.75	0.25	1	2	23375
46.766	0.25	1	2	23383
46.782	0.25	1	2	23391
46.8	0.25	1	2	23400
46.816	0.25	1	2	23408
46.832	0.25	0	1	23416
46.85	0.25	0	1	23425
46.866	0.25	0	1	23433
46.882	0.25	0	1	23441
46.9	0.25	1	2	23450
46.916	0.25	1	2	23458
46.932	0.25	0	1	23466
46.95	0.25	0	1	23475
46.966	0.25	0	1	23483
46.982	0.25	0	1	23491
47.0	0.25	0	1	23500
47.016	0.25	0	1	23508
47.032	0.25	1	2	23516
47.05	0.25	1	2	23525
47.066	0.25	1	2	23533
48.55	0.25	1	2	24275
48.566	0.25	1	2	24283
48.582	0.25	1	2	24291
48.6	0.25	1	2	24300
48.616	0.25	0	1	24308
48.632	0.25	0	1	24316
48.65	0.25	0	1	24325
48.666	0.25	0	1	24333
48.682	0.25	0	1	24341
48.7	0.25	0	1	24350
48.716	0.25	0	1	24358
48.732	0.25	0	1	24366
48.75	0.25	1	2	24375
48.766	0.25	1	2	24383
48.782	0.25	0	1	24391
48.8	0.25	0	1	24400
48.816	0.25	0	1	24408
48.832	0.25	0	1	24416
48.85	0.25	1	2	24425
48.866	0.25	1	2	24433
48.882	0.25	1	2	24441
48.9	0.25	1	2	24450
48.916	0.25	0	1	24458
48.932	0.25	0	1	24466
48.95	0.25	0	1	24475
48.966	0.25	0	1	24483
48.982	0.25	0	1	24491
49.0	0.25	0	1	24500
49.016	0.25	0	1	24508
49.032	0.25	0	1	24516
49.05	0.25	0	1	24525
49.066	0.25	0	1	24533
49.082	0.25	0	1	24541
49.1	0.25	0	1	24550
49.116	0.25	1	2	24558
49.132	0.25	1	2	24566
49.15	0.25	0	1	24575
49.166	0.25	0	1	24583
49.182	0.25	1	2	24591
49.2	0.25	1	2	24600
49.216	0.25	1	2	24608
49.232	0.25	1	2	24616
49.25	0.25	0	1	24625
49.266	0.25	0	1	24633
49.282	0.25	1	2	24641
49.3	0.25	1	2	24650
49.316	0.25	0	1	24658
49.332	0.25	0	1	24666
49.35	0.25	1	2	24675
49.366	0.25	1	2	24683
49.382	0.25	0	1	24691
49.4	0.25	0	1	24700
49.416	0.25	1	2	24708
49.432	0.25	1	2	24716
49.45	0.25	0	1	24725
49.466	0.25	0	1	24733
49.482	0.25	0	1	24741
49.5	0.25	0	1	24750
49.516	0.25	0	1	24758
49.532	0.25	0	1	24766
49.55	0.25	1	2	24775
49.566	0.25	1	2	24783
49.582	0.25	1	2	24791
49.6	0.25	1	2	24800
49.616	0.25	1	2	24808
49.632	0.25	1	2	24816
49.65	0.25	0	1	24825
49.666	0.25	0	1	24833
49.682	0.25	1	2	24841
49.7	0.25	1	2	24850
49.716	0.25	1	2	24858
49.732	0.25	1	2	24866
49.75	0.25	1	2	24875
49.766	0.25	1	2	24883
49.782	0.25	0	1	24891
49.8	0.25	0	1	24900
49.816	0.25	1	2	24908
49.832	0.25	1	2	24916
49.85	0.25	0	1	24925
49.866	0.25	0	1	24933
49.882	0.25	1	2	24941
49.9	0.25	1	2	24950
49.916	0.25	1	2	24958
49.932	0.25	1	2	24966
49.95	0.25	0	1	24975
49.966	0.25	0	1	24983
49.982	0.25	0	1	24991
50.0	0.25	0	1	25000
50.016	0.25	0	1	25008
50.032	0.25	0	1	25016
50.05	0.25	1	2	25025
50.066	0.25	1	2	25033
50.082	0.25	1	2	25041
50.1	0.25	1	2	25050
50.116	0.25	0	1	25058
50.132	0.25	0	1	25066
50.15	0.25	1	2	25075
50.166	0.25	1	2	25083
50.182	0.25	1	2	25091
50.2	0.25	1	2	25100
50.216	0.25	1	2	25108
50.232	0.25	1	2	25116
50.25	0.25	0	1	25125
50.266	0.25	0	1	25133
50.282	0.25	0	1	25141
50.3	0.25	0	1	25150
50.316	0.25	0	1	25158
50.332	0.25	0	1	25166
50.35	0.25	0	1	25175
50.366	0.25	0	1	25183
50.382	0.25	0	1	25191
50.4	0.25	0	1	25200
50.416	0.25	1	2	25208
50.432	0.25	1	2	25216
50.45	0.25	1	2	25225
50.466	0.25	1	2	25233
50.482	0.25	1	2	25241
51.966	0.25	1	2	25983
51.982	0.25	1	2	25991
52.0	0.25	1	2	26000
52.016	0.25	1	2	26008
52.032	0.25	0	1	26016
52.05	0.25	0	1	26025
52.066	0.25	1	2	26033
52.082	0.25	1	2	26041
52.1	0.25	1	2	26050
52.116	0.25	1	2	26058
52.132	0.25	0	1	26066
52.15	0.25	0	1	26075
52.166	0.25	1	2	26083
52.182	0.25	1	2	26091
52.2	0.25	1	2	26100
52.216	0.25	1	2	26108
52.232	0.25	0	1	26116
52.25	0.25	0	1	26125
52.266	0.25	1	2	26133
52.282	0.25	1	2	26141
52.3	0.25	1	2	26150
52.316	0.25	1	2	26158
52.332	0.25	0	1	26166
52.35	0.25	0	1	26175
52.366	0.25	0	1	26183
52.382	0.25	0	1	26191
52.4	0.25	0	1	26200
52.416	0.25	0	1	26208
52.432	0.25	1	2	26216
52.45	0.25	1	2	26225
52.466	0.25	1	2	26233
52.482	0.25	1	2	26241
52.5	0.25	1	2	26250
52.516	0.25	1	2	26258
52.532	0.25	0	1	26266
52.55	0.25	0	1	26275
52.566	0.25	0	1	26283
52.582	0.25	0	1	26291
52.6	0.25	0	1	26300
52.616	0.25	0	1	26308
52.632	0.25	1	2	26316
52.65	0.25	1	2	26325
52.666	0.25	1	2	26333
52.682	0.25	1	2	26341
52.7	0.25	1	2	26350
52.716	0.25	1	2	26358
52.732	0.25	1	2	26366
52.75	0.25	1	2	26375
52.766	0.25	1	2	26383
52.782	0.25	1	2	26391
52.8	0.25	0	1	26400
52.816	0.25	0	1	26408
52.832	0.25	0	1	26416
52.85	0.25	0	1	26425
52.866	0.25	1	2	26433
52.882	0.25	1	2	26441
52.9	0.25	0	1	26450
52.916	0.25	0	1	26458
52.932	0.25	1	2	26466
52.95	0.25	1	2	26475
52.966	0.25	0	1	26483
52.982	0.25	0	1	26491
53.0	0.25	0	1	26500
53.016	0.25	0	1	26508
53.032	0.25	1	2	26516
53.05	0.25	1	2	26525
53.066	0.25	1	2	26533
53.082	0.25	1	2	26541
53.1	0.25	0	1	26550
53.116	0.25	0	1	26558
53.132	0.25	0	1	26566
53.15	0.25	0	1	26575
53.166	0.25	0	1	26583
53.182	0.25	0	1	26591
53.2	0.25	0	1	26600
53.216	0.25	0	1	26608
53.232	0.25	1	2	26616
53.25	0.25	1	2	26625
53.266	0.25	0	1	26633
53.282	0.25	0	1	26641
53.3	0.25	0	1	26650
53.316	0.25	0	1	26658
53.332	0.25	0	1	26666
53.35	0.25	0	1	26675
53.366	0.25	0	1	26683
53.382	0.25	0	1	26691
53.4	0.25	1	2	26700
53.416	0.25	1	2	26708
53.432	0.25	1	2	26716
53.45	0.25	1	2	26725
53.466	0.25	1	2	26733
53.482	0.25	1	2	26741
53.5	0.25	1	2	26750
53.516	0.25	1	2	26758
53.532	0.25	1	2	26766
53.55	0.25	1	2	26775
53.566	0.25	1	2	26783
53.582	0.25	1	2	26791
53.6	0.25	0	1	26800
53.616	0.25	0	1	26808
53.632	0.25	1	2	26816
53.65	0.25	1	2	26825
53.666	0.25	0	1	26833
53.682	0.25	0	1	26841
53.7	0.25	1	2	26850
53.716	0.25	1	2	26858
53.732	0.25	0	1	26866
53.75	0.25	0	1	26875
53.766	0.25	0	1	26883
53.782	0.25	0	1	26891
53.8	0.25	1	2	26900
53.816	0.25	1	2	26908
53.832	0.25	1	2	26916
53.85	0.25	1	2	26925
53.866	0.25	0	1	26933
53.882	0.25	0	1	26941
53.9	0.25	0	1	26950
56.532	0.25	1	2	28266
56.55	0.25	1	2	28275
56.566	0.25	1	2	28283
56.582	0.25	1	2	28291
56.6	0.25	0	1	28300
56.616	0.25	0	1	28308
56.632	0.25	1	2	28316
56.65	0.25	1	2	28325
56.666	0.25	1	2	28333
56.682	0.25	1	2	28341
56.7	0.25	0	1	28350
56.716	0.25	0	1	28358
56.732	0.25	1	2	28366
56.75	0.25	1	2	28375
56.766	0.25	1	2	28383
56.782	0.25	1	2	28391
56.8	0.25	0	1	28400
56.816	0.25	0	1	28408
56.832	0.25	1	2	28416
56.85	0.25	1	2	28425
56.866	0.25	1	2	28433
56.882	0.25	1	2	28441
56.9	0.25	0	1	28450
56.916	0.25	0	1	28458
56.932	0.25	0	1	28466
56.95	0.25	0	1	28475
56.966	0.25	0	1	28483
56.982	0.25	0	1	28491
57.0	0.25	1	2	28500
57.016	0.25	1	2	28508
57.032	0.25	1	2	28516
57.05	0.25	1	2	28525
57.066	0.25	1	2	28533
57.082	0.25	1	2	28541
57.1	0.25	0	1	28550
57.116	0.25	0	1	28558
57.132	0.25	0	1	28566
57.15	0.25	0	1	28575
57.166	0.25	0	1	28583
57.182	0.25	0	1	28591
57.2	0.25	1	2	28600
57.216	0.25	1	2	28608
57.232	0.25	1	2	28616
57.25	0.25	1	2	28625
57.266	0.25	1	2	28633
57.282	0.25	1	2	28641
57.3	0.25	1	2	28650
57.316	0.25	1	2	28658
57.332	0.25	1	2	28666
57.35	0.25	1	2	28675
57.366	0.25	0	1	28683
57.382	0.25	0	1	28691
57.4	0.25	0	1	28700
57.416	0.25	0	1	28708
57.432	0.25	1	2	28716
57.45	0.25	1	2	28725
57.466	0.25	0	1	28733
57.482	0.25	0	1	28741
57.5	0.25	1	2	28750
57.516	0.25	1	2	28758
57.532	0.25	0	1	28766
57.55	0.25	0	1	28775
57.566	0.25	0	1	28783
57.582	0.25	0	1	28791
57.6	0.25	1	2	28800
57.616	0.25	1	2	28808
57.632	0.25	1	2	28816
57.65	0.25	1	2	28825
57.666	0.25	0	1	28833
57.682	0.25	0	1	28841
57.7	0.25	0	1	28850
57.716	0.25	0	1	28858
57.732	0.25	0	1	28866
57.75	0.25	0	1	28875
57.766	0.25	0	1	28883
57.782	0.25	0	1	28891
57.8	0.25	1	2	28900
57.816	0.25	1	2	28908
57.832	0.25	0	1	28916
57.85	0.25	0	1	28925
57.866	0.25	0	1	28933
57.882	0.25	0	1	28941
57.9	0.25	0	1	28950
57.916	0.25	0	1	28958
57.932	0.25	0	1	28966
57.95	0.25	0	1	28975
57.966	0.25	1	2	28983
57.982	0.25	1	2	28991
58.0	0.25	1	2	29000
58.016	0.25	1	2	29008
58.032	0.25	1	2	29016
58.05	0.25	1	2	29025
58.066	0.25	1	2	29033
58.082	0.25	1	2	29041
58.1	0.25	1	2	29050
58.116	0.25	1	2	29058
58.132	0.25	1	2	29066
58.15	0.25	1	2	29075
58.166	0.25	0	1	29083
58.182	0.25	0	1	29091
58.2	0.25	1	2	29100
58.216	0.25	1	2	29108
58.232	0.25	0	1	29116
58.25	0.25	0	1	29125
58.266	0.25	1	2	29133
58.282	0.25	1	2	29141
58.3	0.25	0	1	29150
58.316	0.25	0	1	29158
58.332	0.25	0	1	29166
58.35	0.25	0	1	29175
58.366	0.25	1	2	29183
58.382	0.25	1	2	29191
58.4	0.25	1	2	29200
58.416	0.25	1	2	29208
58.432	0.25	0	1	29216
58.45	0.25	0	1	29225
58.466	0.25	0	1	29233
59.95	0.25	0	1	29975
59.966	0.25	0	1	29983
59.982	0.25	0	1	29991
60.0	0.25	0	1	30000
60.016	0.25	1	2	30008
60.032	0.25	1	2	30016
60.05	0.25	1	2	30025
60.066	0.25	1	2	30033
60.082	0.25	0	1	30041
60.1	0.25	0	1	30050
60.116	0.25	0	1	30058
60.132	0.25	0	1	30066
60.15	0.25	0	1	30075
60.166	0.25	0	1	30083
60.182	0.25	0	1	30091
60.2	0.25	0	1	30100
60.216	0.25	1	2	30108
60.232	0.25	1	2	30116
60.25	0.25	1	2	30125
60.266	0.25	1	2	30133
60.282	0.25	1	2	30141
60.3	0.25	1	2	30150
60.316	0.25	1	2	30158
60.332	0.25	1	2	30166
60.35	0.25	1	2	30175
60.366	0.25	1	2	30183
60.382	0.25	0	1	30191
60.4	0.25	0	1	30200
60.416	0.25	0	1	30208
60.432	0.25	0	1	30216
60.45	0.25	0	1	30225
60.466	0.25	0	1	30233
60.482	0.25	0	1	30241
60.5	0.25	0	1	30250
60.516	0.25	0	1	30258
60.532	0.25	0	1	30266
60.55	0.25	0	1	30275
60.566	0.25	0	1	30283
60.582	0.25	1	2	30291
60.6	0.25	1	2	30300
60.616	0.25	1	2	30308
60.632	0.25	1	2	30316
60.65	0.25	0	1	30325
60.666	0.25	0	1	30333
60.682	0.25	0	1	30341
60.7	0.25	0	1	30350
60.716	0.25	1	2	30358
60.732	0.25	1	2	30366
60.75	0.25	0	1	30375
60.766	0.25	0	1	30383
60.782	0.25	1	2	30391
60.8	0.25	1	2	30400
60.816	0.25	0	1	30408
60.832	0.25	0	1	30416
60.85	0.25	1	2	30425
60.866	0.25	1	2	30433
60.882	0.25	0	1	30441
60.9	0.25	0	1	30450
60.916	0.25	1	2	30458
60.932	0.25	1	2	30466
60.95	0.25	1	2	30475
60.966	0.25	1	2	30483
60.982	0.25	0	1	30491
61.0	0.25	0	1	30500
61.016	0.25	1	2	30508
61.032	0.25	1	2	30516
61.05	0.25	0	1	30525
61.066	0.25	0	1	30533
61.082	0.25	0	1	30541
61.1	0.25	0	1	30550
61.116	0.25	0	1	30558
61.132	0.25	0	1	30566
61.15	0.25	1	2	30575
61.166	0.25	1	2	30583
61.182	0.25	0	1	30591
61.2	0.25	0	1	30600
61.216	0.25	0	1	30608
61.232	0.25	0	1	30616
61.25	0.25	0	1	30625
61.266	0.25	0	1	30633
61.282	0.25	1	2	30641
61.3	0.25	1	2	30650
61.316	0.25	1	2	30658
61.332	0.25	1	2	30666
61.35	0.25	1	2	30675
61.366	0.25	1	2	30683
61.382	0.25	0	1	30691
61.4	0.25	0	1	30700
61.416	0.25	1	2	30708
61.432	0.25	1	2	30716
61.45	0.25	0	1	30725
61.466	0.25	0	1	30733
61.482	0.25	1	2	30741
61.5	0.25	1	2	30750
61.516	0.25	1	2	30758
61.532	0.25	1	2	30766
61.55	0.25	1	2	30775
61.566	0.25	1	2	30783
61.582	0.25	1	2	30791
61.6	0.25	1	2	30800
61.616	0.25	1	2	30808
61.632	0.25	1	2	30816
61.65	0.25	0	1	30825
61.666	0.25	0	1	30833
61.682	0.25	0	1	30841
61.7	0.25	0	1	30850
61.716	0.25	1	2	30858
61.732	0.25	1	2	30866
61.75	0.25	0	1	30875
61.766	0.25	0	1	30883
61.782	0.25	0	1	30891
61.8	0.25	0	1	30900
61.816	0.25	0	1	30908
61.832	0.25	0	1	30916
61.85	0.25	1	2	30925
61.866	0.25	1	2	30933
61.882	0.25	1	2	30941
63.366	0.25	1	2	31683
63.382	0.25	1	2	31691
63.4	0.25	1	2	31700
63.416	0.25	1	2	31708
63.432	0.25	0	1	31716
63.45	0.25	0	1	31725
63.466	0.25	0	1	31733
63.482	0.25	0	1	31741
63.5	0.25	0	1	31750
63.516	0.25	0	1	31758
63.532	0.25	0	1	31766
63.55	0.25	0	1	31775
63.566	0.25	1	2	31783
63.582	0.25	1	2	31791
63.6	0.25	0	1	31800
63.616	0.25	0	1	31808
63.632	0.25	0	1	31816
63.65	0.25	0	1	31825
63.666	0.25	1	2	31833
63.682	0.25	1	2	31841
63.7	0.25	1	2	31850
63.716	0.25	1	2	31858
63.732	0.25	0	1	31866
63.75	0.25	0	1	31875
63.766	0.25	0	1	31883
63.782	0.25	0	1	31891
63.8	0.25	0	1	31900
63.816	0.25	0	1	31908
63.832	0.25	0	1	31916
63.85	0.25	0	1	31925
63.866	0.25	0	1	31933
63.882	0.25	0	1	31941
63.9	0.25	0	1	31950
63.916	0.25	0	1	31958
63.932	0.25	1	2	31966
63.95	0.25	1	2	31975
63.966	0.25	0	1	31983
63.982	0.25	0	1	31991
64.0	0.25	1	2	32000
64.016	0.25	1	2	32008
64.032	0.25	1	2	32016
64.05	0.25	1	2	32025
64.066	0.25	0	1	32033
64.082	0.25	0	1	32041
64.098	0.25	1	2	32049
64.116	0.25	1	2	32058
64.132	0.25	0	1	32066
64.15	0.25	0	1	32075
64.166	0.25	1	2	32083
64.182	0.25	1	2	32091
64.2	0.25	0	1	32100
64.216	0.25	0	1	32108
64.232	0.25	1	2	32116
64.25	0.25	1	2	32125
64.266	0.25	0	1	32133
64.282	0.25	0	1	32141
64.3	0.25	0	1	32150
64.316	0.25	0	1	32158
64.332	0.25	0	1	32166
64.348	0.25	0	1	32174
64.366	0.25	1	2	32183
64.382	0.25	1	2	32191
64.4	0.25	1	2	32200
64.416	0.25	1	2	32208
64.432	0.25	1	2	32216
64.45	0.25	1	2	32225
64.466	0.25	0	1	32233
64.482	0.25	0	1	32241
64.5	0.25	1	2	32250
64.516	0.25	1	2	32258
64.532	0.25	1	2	32266
64.55	0.25	1	2	32275
64.566	0.25	1	2	32283
64.582	0.25	1	2	32291
64.598	0.25	0	1	32299
64.616	0.25	0	1	32308
64.632	0.25	1	2	32316
64.65	0.25	1	2	32325
64.666	0.25	0	1	32333
64.682	0.25	0	1	32341
64.7	0.25	1	2	32350
64.716	0.25	1	2	32358
64.732	0.25	1	2	32366
64.75	0.25	1	2	32375
64.766	0.25	0	1	32383
64.782	0.25	0	1	32391
64.8	0.25	0	1	32400
64.816	0.25	0	1	32408
64.832	0.25	0	1	32416
64.848	0.25	0	1	32424
64.866	0.25	1	2	32433
64.882	0.25	1	2	32441
64.9	0.25	1	2	32450
64.916	0.25	1	2	32458
64.932	0.25	0	1	32466
64.95	0.25	0	1	32475
64.966	0.25	1	2	32483
64.982	0.25	1	2	32491
65.0	0.25	1	2	32500
65.016	0.25	1	2	32508
65.032	0.25	1	2	32516
65.05	0.25	1	2	32525
65.066	0.25	0	1	32533
65.082	0.25	0	1	32541
65.098	0.25	0	1	32549
65.116	0.25	0	1	32558
65.132	0.25	0	1	32566
65.15	0.25	0	1	32575
65.166	0.25	0	1	32583
65.182	0.25	0	1	32591
65.2	0.25	0	1	32600
65.216	0.25	0	1	32608
65.232	0.25	1	2	32616
65.25	0.25	1	2	32625
65.266	0.25	1	2	32633
65.282	0.25	1	2	32641
65.3	0.25	1	2	32650
66.782	0.25	1	2	33391
66.8	0.25	1	2	33400
66.816	0.25	1	2	33408
66.832	0.25	1	2	33416
66.85	0.25	1	2	33425
66.866	0.25	1	2	33433
66.882	0.25	1	2	33441
66.9	0.25	1	2	33450
66.916	0.25	1	2	33458
66.932	0.25	1	2	33466
66.95	0.25	1	2	33475
66.966	0.25	1	2	33483
66.982	0.25	1	2	33491
67.0	0.25	1	2	33500
67.016	0.25	0	1	33508
67.032	0.25	0	1	33516
67.05	0.25	0	1	33525
67.066	0.25	0	1	33533
67.082	0.25	1	2	33541
67.1	0.25	1	2	33550
67.116	0.25	1	2	33558
67.132	0.25	1	2	33566
67.15	0.25	0	1	33575
67.166	0.25	0	1	33583
67.182	0.25	0	1	33591
67.2	0.25	0	1	33600
67.216	0.25	1	2	33608
67.232	0.25	1	2	33616
67.25	0.25	1	2	33625
67.266	0.25	1	2	33633
67.282	0.25	0	1	33641
67.3	0.25	0	1	33650
67.316	0.25	0	1	33658
67.332	0.25	0	1	33666
67.35	0.25	1	2	33675
67.366	0.25	1	2	33683
67.382	0.25	0	1	33691
67.4	0.25	0	1	33700
67.416	0.25	1	2	33708
67.432	0.25	1	2	33716
67.45	0.25	1	2	33725
67.466	0.25	1	2	33733
67.482	0.25	0	1	33741
67.5	0.25	0	1	33750
67.516	0.25	1	2	33758
67.532	0.25	1	2	33766
67.55	0.25	0	1	33775
67.566	0.25	0	1	33783
67.582	0.25	0	1	33791
67.6	0.25	0	1	33800
67.616	0.25	1	2	33808
67.632	0.25	1	2	33816
67.65	0.25	0	1	33825
67.666	0.25	0	1	33833
67.682	0.25	1	2	33841
67.7	0.25	1	2	33850
67.716	0.25	1	2	33858
67.732	0.25	1	2	33866
67.75	0.25	1	2	33875
67.766	0.25	1	2	33883
67.782	0.25	0	1	33891
67.8	0.25	0	1	33900
67.816	0.25	0	1	33908
67.832	0.25	0	1	33916
67.85	0.25	0	1	33925
67.866	0.25	0	1	33933
67.882	0.25	1	2	33941
67.9	0.25	1	2	33950
67.916	0.25	0	1	33958
67.932	0.25	0	1	33966
67.95	0.25	1	2	33975
67.966	0.25	1	2	33983
67.982	0.25	1	2	33991
68.0	0.25	1	2	34000
68.016	0.25	1	2	34008
68.032	0.25	1	2	34016
68.05	0.25	0	1	34025
68.066	0.25	0	1	34033
68.082	0.25	0	1	34041
68.1	0.25	0	1	34050
68.116	0.25	1	2	34058
68.132	0.25	1	2	34066
68.15	0.25	0	1	34075
68.166	0.25	0	1	34083
68.182	0.25	1	2	34091
68.2	0.25	1	2	34100
68.216	0.25	0	1	34108
68.232	0.25	0	1	34116
68.25	0.25	0	1	34125
68.266	0.25	0	1	34133
68.282	0.25	0	1	34141
68.3	0.25	0	1	34150
68.316	0.25	1	2	34158
68.332	0.25	1	2	34166
68.35	0.25	1	2	34175
68.366	0.25	1	2	34183
68.382	0.25	0	1	34191
68.4	0.25	0	1	34200
68.416	0.25	1	2	34208
68.432	0.25	1	2	34216
68.45	0.25	0	1	34225
68.466	0.25	0	1	34233
68.482	0.25	0	1	34241
68.5	0.25	0	1	34250
68.516	0.25	0	1	34258
68.532	0.25	0	1	34266
68.55	0.25	1	2	34275
68.566	0.25	1	2	34283
68.582	0.25	0	1	34291
68.6	0.25	0	1	34300
68.616	0.25	1	2	34308
68.632	0.25	1	2	34316
68.65	0.25	0	1	34325
68.666	0.25	0	1	34333
68.682	0.25	0	1	34341
68.7	0.25	0	1	34350
68.716	0.25	1	2	34358
71.482	0.25	0	1	35741
71.5	0.25	0	1	35750
71.516	0.25	0	1	35758
71.532	0.25	0	1	35766
71.55	0.25	1	2	35775
71.566	0.25	1	2	35783
71.582	0.25	1	2	35791
71.6	0.25	1	2	35800
71.616	0.25	0	1	35808
71.632	0.25	0	1	35816
71.65	0.25	0	1	35825
71.666	0.25	0	1	35833
71.682	0.25	0	1	35841
71.7	0.25	0	1	35850
71.716	0.25	0	1	35858
71.732	0.25	0	1	35866
71.75	0.25	1	2	35875
71.766	0.25	1	2	35883
71.782	0.25	1	2	35891
71.8	0.25	1	2	35900
71.816	0.25	1	2	35908
71.832	0.25	1	2	35916
71.85	0.25	1	2	35925
71.866	0.25	1	2	35933
71.882	0.25	1	2	35941
71.9	0.25	1	2	35950
71.916	0.25	0	1	35958
71.932	0.25	0	1	35966
71.95	0.25	0	1	35975
71.966	0.25	0	1	35983
71.982	0.25	0	1	35991
72.0	0.25	0	1	36000
72.016	0.25	0	1	36008
72.032	0.25	0	1	36016
72.05	0.25	0	1	36025
72.066	0.25	0	1	36033
72.082	0.25	0	1	36041
72.1	0.25	0	1	36050
72.116	0.25	1	2	36058
72.132	0.25	1	2	36066
72.15	0.25	1	2	36075
72.166	0.25	1	2	36083
72.182	0.25	0	1	36091
72.2	0.25	0	1	36100
72.216	0.25	0	1	36108
72.232	0.25	0	1	36116
72.25	0.25	1	2	36125
72.266	0.25	1	2	36133
72.282	0.25	0	1	36141
72.3	0.25	0	1	36150
72.316	0.25	1	2	36158
72.332	0.25	1	2	36166
72.35	0.25	0	1	36175
72.366	0.25	0	1	36183
72.382	0.25	1	2	36191
72.4	0.25	1	2	36200
72.416	0.25	0	1	36208
72.432	0.25	0	1	36216
72.45	0.25	1	2	36225
72.466	0.25	1	2	36233
72.482	0.25	1	2	36241
72.5	0.25	1	2	36250
72.516	0.25	0	1	36258
72.532	0.25	0	1	36266
72.55	0.25	1	2	36275
72.566	0.25	1	2	36283
72.582	0.25	0	1	36291
72.6	0.25	0	1	36300
72.616	0.25	0	1	36308
72.632	0.25	0	1	36316
72.65	0.25	0	1	36325
72.666	0.25	0	1	36333
72.682	0.25	1	2	36341
72.7	0.25	1	2	36350
72.716	0.25	0	1	36358
72.732	0.25	0	1	36366
72.75	0.25	0	1	36375
72.766	0.25	0	1	36383
72.782	0.25	0	1	36391
72.8	0.25	0	1	36400
72.816	0.25	1	2	36408
72.832	0.25	1	2	36416
72.85	0.25	1	2	36425
72.866	0.25	1	2	36433
72.882	0.25	1	2	36441
72.9	0.25	1	2	36450
72.916	0.25	0	1	36458
72.932	0.25	0	1	36466
72.95	0.25	1	2	36475
72.966	0.25	1	2	36483
72.982	0.25	0	1	36491
73.0	0.25	0	1	36500
73.016	0.25	1	2	36508
73.032	0.25	1	2	36516
73.05	0.25	1	2	36525
73.066	0.25	1	2	36533
73.082	0.25	1	2	36541
73.1	0.25	1	2	36550
73.116	0.25	1	2	36558
73.132	0.25	1	2	36566
73.15	0.25	1	2	36575
73.166	0.25	1	2	36583
73.182	0.25	0	1	36591
73.2	0.25	0	1	36600
73.216	0.25	0	1	36608
73.232	0.25	0	1	36616
73.25	0.25	1	2	36625
73.266	0.25	1	2	36633
73.282	0.25	0	1	36641
73.3	0.25	0	1	36650
73.316	0.25	0	1	36658
73.332	0.25	0	1	36666
73.35	0.25	0	1	36675
73.366	0.25	0	1	36683
73.382	0.25	1	2	36691
73.4	0.25	1	2	36700
73.416	0.25	1	2	36708
74.9	0.25	1	2	37450
74.916	0.25	1	2	37458
74.932	0.25	1	2	37466
74.95	0.25	1	2	37475
74.966	0.25	0	1	37483
74.982	0.25	0	1	37491
75.0	0.25	0	1	37500
75.016	0.25	0	1	37508
75.032	0.25	0	1	37516
75.05	0.25	0	1	37525
75.066	0.25	0	1	37533
75.082	0.25	0	1	37541
75.1	0.25	1	2	37550
75.116	0.25	1	2	37558
75.132	0.25	0	1	37566
75.15	0.25	0	1	37575
75.166	0.25	0	1	37583
75.182	0.25	0	1	37591
75.2	0.25	1	2	37600
75.216	0.25	1	2	37608
75.232	0.25	1	2	37616
75.25	0.25	1	2	37625
75.266	0.25	0	1	37633
75.282	0.25	0	1	37641
75.3	0.25	0	1	37650
75.316	0.25	0	1	37658
75.332	0.25	0	1	37666
75.35	0.25	0	1	37675
75.366	0.25	0	1	37683
75.382	0.25	0	1	37691
75.4	0.25	0	1	37700
75.416	0.25	0	1	37708
75.432	0.25	0	1	37716
75.45	0.25	0	1	37725
75.466	0.25	1	2	37733
75.482	0.25	1	2	37741
75.5	0.25	0	1	37750
75.516	0.25	0	1	37758
75.532	0.25	1	2	37766
75.55	0.25	1	2	37775
75.566	0.25	1	2	37783
75.582	0.25	1	2	37791
75.6	0.25	0	1	37800
75.616	0.25	0	1	37808
75.632	0.25	1	2	37816
75.65	0.25	1	2	37825
75.666	0.25	0	1	37833
75.682	0.25	0	1	37841
75.7	0.25	1	2	37850
75.716	0.25	1	2	37858
75.732	0.25	0	1	37866
75.75	0.25	0	1	37875
75.766	0.25	1	2	37883
75.782	0.25	1	2	37891
75.8	0.25	0	1	37900
75.816	0.25	0	1	37908
75.832	0.25	0	1	37916
75.85	0.25	0	1	37925
75.866	0.25	0	1	37933
75.882	0.25	0	1	37941
75.9	0.25	1	2	37950
75.916	0.25	1	2	37958
75.932	0.25	1	2	37966
75.95	0.25	1	2	37975
75.966	0.25	1	2	37983
75.982	0.25	1	2	37991
76.0	0.25	0	1	38000
76.016	0.25	0	1	38008
76.032	0.25	1	2	38016
76.05	0.25	1	2	38025
76.066	0.25	1	2	38033
76.082	0.25	1	2	38041
76.1	0.25	1	2	38050
76.116	0.25	1	2	38058
76.132	0.25	0	1	38066
76.15	0.25	0	1	38075
76.166	0.25	1	2	38083
76.182	0.25	1	2	38091
76.2	0.25	0	1	38100
76.216	0.25	0	1	38108
76.232	0.25	1	2	38116
76.25	0.25	1	2	38125
76.266	0.25	1	2	38133
76.282	0.25	1	2	38141
76.3	0.25	0	1	38150
76.316	0.25	0	1	38158
76.332	0.25	0	1	38166
76.35	0.25	0	1	38175
76.366	0.25	0	1	38183
76.382	0.25	0	1	38191
76.4	0.25	1	2	38200
76.416	0.25	1	2	38208
76.432	0.25	1	2	38216
76.45	0.25	1	2	38225
76.466	0.25	0	1	38233
76.482	0.25	0	1	38241
76.5	0.25	1	2	38250
76.516	0.25	1	2	38258
76.532	0.25	1	2	38266
76.55	0.25	1	2	38275
76.566	0.25	1	2	38283
76.582	0.25	1	2	38291
76.6	0.25	0	1	38300
76.616	0.25	0	1	38308
76.632	0.25	0	1	38316
76.65	0.25	0	1	38325
76.666	0.25	0	1	38333
76.682	0.25	0	1	38341
76.7	0.25	0	1	38350
76.716	0.25	0	1	38358
76.732	0.25	0	1	38366
76.75	0.25	0	1	38375
76.766	0.25	1	2	38383
76.782	0.25	1	2	38391
76.8	0.25	1	2	38400
76.816	0.25	1	2	38408
76.832	0.25	1	2	38416
78.316	0.25	1	2	39158
78.332	0.25	1	2	39166
78.35	0.25	1	2	39175
78.366	0.25	1	2	39183
78.382	0.25	1	2	39191
78.4	0.25	1	2	39200
78.416	0.25	1	2	39208
78.432	0.25	1	2	39216
78.45	0.25	1	2	39225
78.466	0.25	1	2	39233
78.482	0.25	1	2	39241
78.5	0.25	1	2	39250
78.516	0.25	1	2	39258
78.532	0.25	1	2	39266
78.55	0.25	0	1	39275
78.566	0.25	0	1	39283
78.582	0.25	0	1	39291
78.6	0.25	0	1	39300
78.616	0.25	1	2	39308
78.632	0.25	1	2	39316
78.65	0.25	1	2	39325
78.666	0.25	1	2	39333
78.682	0.25	0	1	39341
78.7	0.25	0	1	39350
78.716	0.25	0	1	39358
78.732	0.25	0	1	39366
78.75	0.25	1	2	39375
78.766	0.25	1	2	39383
78.782	0.25	1	2	39391
78.8	0.25	1	2	39400
78.816	0.25	0	1	39408
78.832	0.25	0	1	39416
78.85	0.25	0	1	39425
78.866	0.25	0	1	39433
78.882	0.25	1	2	39441
78.9	0.25	1	2	39450
78.916	0.25	0	1	39458
78.932	0.25	0	1	39466
78.95	0.25	1	2	39475
78.966	0.25	1	2	39483
78.982	0.25	1	2	39491
79.0	0.25	1	2	39500
79.016	0.25	0	1	39508
79.032	0.25	0	1	39516
79.05	0.25	1	2	39525
79.066	0.25	1	2	39533
79.082	0.25	0	1	39541
79.1	0.25	0	1	39550
79.116	0.25	0	1	39558
79.132	0.25	0	1	39566
79.15	0.25	1	2	39575
79.166	0.25	1	2	39583
79.182	0.25	0	1	39591
79.2	0.25	0	1	39600
79.216	0.25	1	2	39608
79.232	0.25	1	2	39616
79.25	0.25	1	2	39625
79.266	0.25	1	2	39633
79.282	0.25	1	2	39641
79.3	0.25	1	2	39650
79.316	0.25	0	1	39658
79.332	0.25	0	1	39666
79.35	0.25	0	1	39675
79.366	0.25	0	1	39683
79.382	0.25	0	1	39691
79.4	0.25	0	1	39700
79.416	0.25	1	2	39708
79.432	0.25	1	2	39716
79.45	0.25	0	1	39725
79.466	0.25	0	1	39733
79.482	0.25	1	2	39741
79.5	0.25	1	2	39750
79.516	0.25	1	2	39758
79.532	0.25	1	2	39766
79.55	0.25	1	2	39775
79.566	0.25	1	2	39783
79.582	0.25	0	1	39791
79.6	0.25	0	1	39800
79.616	0.25	0	1	39808
79.632	0.25	0	1	39816
79.65	0.25	1	2	39825
79.666	0.25	1	2	39833
79.682	0.25	0	1	39841
79.7	0.25	0	1	39850
79.716	0.25	1	2	39858
79.732	0.25	1	2	39866
79.75	0.25	0	1	39875
79.766	0.25	0	1	39883
79.782	0.25	0	1	39891
79.8	0.25	0	1	39900
79.816	0.25	0	1	39908
79.832	0.25	0	1	39916
79.85	0.25	1	2	39925
79.866	0.25	1	2	39933
79.882	0.25	1	2	39941
79.9	0.25	1	2	39950
79.916	0.25	0	1	39958
79.932	0.25	0	1	39966
79.95	0.25	1	2	39975
79.966	0.25	1	2	39983
79.982	0.25	0	1	39991
80.0	0.25	0	1	40000
80.016	0.25	0	1	40008
80.032	0.25	0	1	40016
80.05	0.25	0	1	40025
80.066	0.25	0	1	40033
80.082	0.25	1	2	40041
80.1	0.25	1	2	40050
80.116	0.25	0	1	40058
80.132	0.25	0	1	40066
80.15	0.25	1	2	40075
80.166	0.25	1	2	40083
80.182	0.25	0	1	40091
80.2	0.25	0	1	40100
80.216	0.25	0	1	40108
80.232	0.25	0	1	40116
80.25	0.25	1	2	40125
81.732	0.25	1	2	40866
81.75	0.25	1	2	40875
81.766	0.25	1	2	40883
81.782	0.25	1	2	40891
81.8	0.25	0	1	40900
81.816	0.25	0	1	40908
81.832	0.25	1	2	40916
81.85	0.25	1	2	40925
81.866	0.25	1	2	40933
81.882	0.25	1	2	40941
81.9	0.25	0	1	40950
81.916	0.25	0	1	40958
81.932	0.25	1	2	40966
81.95	0.25	1	2	40975
81.966	0.25	1	2	40983
81.982	0.25	1	2	40991
82.0	0.25	0	1	41000
82.016	0.25	0	1	41008
82.032	0.25	1	2	41016
82.05	0.25	1	2	41025
82.066	0.25	1	2	41033
82.082	0.25	1	2	41041
82.1	0.25	0	1	41050
82.116	0.25	0	1	41058
82.132	0.25	0	1	41066
82.15	0.25	0	1	41075
82.166	0.25	0	1	41083
82.182	0.25	0	1	41091
82.2	0.25	1	2	41100
82.216	0.25	1	2	41108
82.232	0.25	1	2	41116
82.25	0.25	1	2	41125
82.266	0.25	1	2	41133
82.282	0.25	1	2	41141
82.3	0.25	0	1	41150
82.316	0.25	0	1	41158
82.332	0.25	0	1	41166
82.35	0.25	0	1	41175
82.366	0.25	0	1	41183
82.382	0.25	0	1	41191
82.4	0.25	1	2	41200
82.416	0.25	1	2	41208
82.432	0.25	1	2	41216
82.45	0.25	1	2	41225
82.466	0.25	1	2	41233
82.482	0.25	1	2	41241
82.5	0.25	1	2	41250
82.516	0.25	1	2	41258
82.532	0.25	1	2	41266
82.55	0.25	1	2	41275
82.566	0.25	0	1	41283
82.582	0.25	0	1	41291
82.6	0.25	0	1	41300
82.616	0.25	0	1	41308
82.632	0.25	1	2	41316
82.65	0.25	1	2	41325
82.666	0.25	0	1	41333
82.682	0.25	0	1	41341
82.7	0.25	1	2	41350
82.716	0.25	1	2	41358
82.732	0.25	0	1	41366
82.75	0.25	0	1	41375
82.766	0.25	0	1	41383
82.782	0.25	0	1	41391
82.8	0.25	1	2	41400
82.816	0.25	1	2	41408
82.832	0.25	1	2	41416
82.85	0.25	1	2	41425
82.866	0.25	0	1	41433
82.882	0.25	0	1	41441
82.9	0.25	0	1	41450
82.916	0.25	0	1	41458
82.932	0.25	0	1	41466
82.95	0.25	0	1	41475
82.966	0.25	0	1	41483
82.982	0.25	0	1	41491
83.0	0.25	1	2	41500
83.016	0.25	1	2	41508
83.032	0.25	0	1	41516
83.05	0.25	0	1	41525
83.066	0.25	0	1	41533
83.082	0.25	0	1	41541
83.1	0.25	0	1	41550
83.116	0.25	0	1	41558
83.132	0.25	0	1	41566
83.15	0.25	0	1	41575
83.166	0.25	1	2	41583
83.182	0.25	1	2	41591
83.2	0.25	1	2	41600
83.216	0.25	1	2	41608
83.232	0.25	1	2	41616
83.25	0.25	1	2	41625
83.266	0.25	1	2	41633
83.282	0.25	1	2	41641
83.3	0.25	1	2	41650
83.316	0.25	1	2	41658
83.332	0.25	1	2	41666
83.35	0.25	1	2	41675
83.366	0.25	0	1	41683
83.382	0.25	0	1	41691
83.4	0.25	1	2	41700
83.416	0.25	1	2	41708
83.432	0.25	0	1	41716
83.45	0.25	0	1	41725
83.466	0.25	1	2	41733
83.482	0.25	1	2	41741
83.5	0.25	0	1	41750
83.516	0.25	0	1	41758
83.532	0.25	0	1	41766
83.55	0.25	0	1	41775
83.566	0.25	1	2	41783
83.582	0.25	1	2	41791
83.6	0.25	1	2	41800
83.616	0.25	1	2	41808
83.632	0.25	0	1	41816
83.65	0.25	0	1	41825
83.666	0.25	0	1	41833
88.55	0.25	0	1	44275
88.566	0.25	0	1	44283
88.582	0.25	0	1	44291
88.6	0.25	0	1	44300
88.616	0.25	1	2	44308
88.632	0.25	1	2	44316
88.65	0.25	1	2	44325
88.666	0.25	1	2	44333
88.682	0.25	0	1	44341
88.7	0.25	0	1	44350
88.716	0.25	0	1	44358
88.732	0.25	0	1	44366
88.75	0.25	0	1	44375
88.766	0.25	0	1	44383
88.782	0.25	0	1	44391
88.8	0.25	0	1	44400
88.816	0.25	1	2	44408
88.832	0.25	1	2	44416
88.85	0.25	1	2	44425
88.866	0.25	1	2	44433
88.882	0.25	1	2	44441
88.9	0.25	1	2	44450
88.916	0.25	1	2	44458
88.932	0.25	1	2	44466
88.95	0.25	1	2	44475
88.966	0.25	1	2	44483
88.982	0.25	0	1	44491
89.0	0.25	0	1	44500
89.016	0.25	0	1	44508
89.032	0.25	0	1	44516
89.05	0.25	0	1	44525
89.066	0.25	0	1	44533
89.082	0.25	0	1	44541
89.1	0.25	0	1	44550
89.116	0.25	0	1	44558
89.132	0.25	0	1	44566
89.15	0.25	0	1	44575
89.166	0.25	0	1	44583
89.182	0.25	1	2	44591
89.2	0.25	1	2	44600
89.216	0.25	1	2	44608
89.232	0.25	1	2	44616
89.25	0.25	0	1	44625
89.266	0.25	0	1	44633
89.282	0.25	0	1	44641
89.3	0.25	0	1	44650
89.316	0.25	1	2	44658
89.332	0.25	1	2	44666
89.35	0.25	0	1	44675
89.366	0.25	0	1	44683
89.382	0.25	1	2	44691
89.4	0.25	1	2	44700
89.416	0.25	0	1	44708
89.432	0.25	0	1	44716
89.45	0.25	1	2	44725
89.466	0.25	1	2	44733
89.482	0.25	0	1	44741
89.5	0.25	0	1	44750
89.516	0.25	1	2	44758
89.532	0.25	1	2	44766
89.55	0.25	1	2	44775
89.566	0.25	1	2	44783
89.582	0.25	0	1	44791
89.6	0.25	0	1	44800
89.616	0.25	1	2	44808
89.632	0.25	1	2	44816
89.65	0.25	0	1	44825
89.666	0.25	0	1	44833
89.682	0.25	0	1	44841
89.7	0.25	0	1	44850
89.716	0.25	0	1	44858
89.732	0.25	0	1	44866
89.75	0.25	1	2	44875
89.766	0.25	1	2	44883
89.782	0.25	0	1	44891
89.8	0.25	0	1	44900
89.816	0.25	0	1	44908
89.832	0.25	0	1	44916
89.85	0.25	0	1	44925
89.866	0.25	0	1	44933
89.882	0.25	1	2	44941
89.9	0.25	1	2	44950
89.916	0.25	1	2	44958
89.932	0.25	1	2	44966
89.95	0.25	1	2	44975
89.966	0.25	1	2	44983
89.982	0.25	0	1	44991
90.0	0.25	0	1	45000
90.016	0.25	1	2	45008
90.032	0.25	1	2	45016
90.05	0.25	0	1	45025
90.066	0.25	0	1	45033
90.082	0.25	1	2	45041
90.1	0.25	1	2	45050
90.116	0.25	1	2	45058
90.132	0.25	1	2	45066
90.15	0.25	1	2	45075
90.166	0.25	1	2	45083
90.182	0.25	1	2	45091
90.2	0.25	1	2	45100
90.216	0.25	1	2	45108
90.232	0.25	1	2	45116
90.25	0.25	0	1	45125
90.266	0.25	0	1	45133
90.282	0.25	0	1	45141
90.3	0.25	0	1	45150
90.316	0.25	1	2	45158
90.332	0.25	1	2	45166
90.35	0.25	0	1	45175
90.366	0.25	0	1	45183
90.382	0.25	0	1	45191
90.4	0.25	0	1	45200
90.416	0.25	0	1	45208
90.432	0.25	0	1	45216
90.45	0.25	1	2	45225
90.466	0.25	1	2	45233
90.482	0.25	1	2	45241
91.966	0.25	1	2	45983
91.982	0.25	1	2	45991
92.0	0.25	1	2	46000
92.016	0.25	1	2	46008
92.032	0.25	0	1	46016
92.05	0.25	0	1	46025
92.066	0.25	0	1	46033
92.082	0.25	0	1	46041
92.1	0.25	0	1	46050
92.116	0.25	0	1	46058
92.132	0.25	0	1	46066
92.15	0.25	0	1	46075
92.166	0.25	1	2	46083
92.182	0.25	1	2	46091
92.2	0.25	0	1	46100
92.216	0.25	0	1	46108
92.232	0.25	0	1	46116
92.25	0.25	0	1	46125
92.266	0.25	1	2	46133
92.282	0.25	1	2	46141
92.3	0.25	1	2	46150
92.316	0.25	1	2	46158
92.332	0.25	0	1	46166
92.35	0.25	0	1	46175
92.366	0.25	0	1	46183
92.382	0.25	0	1	46191
92.4	0.25	0	1	46200
92.416	0.25	0	1	46208
92.432	0.25	0	1	46216
92.45	0.25	0	1	46225
92.466	0.25	0	1	46233
92.482	0.25	0	1	46241
92.5	0.25	0	1	46250
92.516	0.25	0	1	46258
92.532	0.25	1	2	46266
92.55	0.25	1	2	46275
92.566	0.25	0	1	46283
92.582	0.25	0	1	46291
92.6	0.25	1	2	46300
92.616	0.25	1	2	46308
92.632	0.25	1	2	46316
92.65	0.25	1	2	46325
92.666	0.25	0	1	46333
92.682	0.25	0	1	46341
92.7	0.25	1	2	46350
92.716	0.25	1	2	46358
92.732	0.25	0	1	46366
92.75	0.25	0	1	46375
92.766	0.25	1	2	46383
92.782	0.25	1	2	46391
92.8	0.25	0	1	46400
92.816	0.25	0	1	46408
92.832	0.25	1	2	46416
92.85	0.25	1	2	46425
92.866	0.25	0	1	46433
92.882	0.25	0	1	46441
92.9	0.25	0	1	46450
92.916	0.25	0	1	46458
92.932	0.25	0	1	46466
92.95	0.25	0	1	46475
92.966	0.25	1	2	46483
92.982	0.25	1	2	46491
93.0	0.25	1	2	46500
93.016	0.25	1	2	46508
93.032	0.25	1	2	46516
93.05	0.25	1	2	46525
93.066	0.25	0	1	46533
93.082	0.25	0	1	46541
93.1	0.25	1	2	46550
93.116	0.25	1	2	46558
93.132	0.25	1	2	46566
93.15	0.25	1	2	46575
93.166	0.25	1	2	46583
93.182	0.25	1	2	46591
93.2	0.25	0	1	46600
93.216	0.25	0	1	46608
93.232	0.25	1	2	46616
93.25	0.25	1	2	46625
93.266	0.25	0	1	46633
93.282	0.25	0	1	46641
93.3	0.25	1	2	46650
93.316	0.25	1	2	46658
93.332	0.25	1	2	46666
93.35	0.25	1	2	46675
93.366	0.25	0	1	46683
93.382	0.25	0	1	46691
93.4	0.25	0	1	46700
93.416	0.25	0	1	46708
93.432	0.25	0	1	46716
93.45	0.25	0	1	46725
93.466	0.25	1	2	46733
93.482	0.25	1	2	46741
93.5	0.25	1	2	46750
93.516	0.25	1	2	46758
93.532	0.25	0	1	46766
93.55	0.25	0	1	46775
93.566	0.25	1	2	46783
93.582	0.25	1	2	46791
93.6	0.25	1	2	46800
93.616	0.25	1	2	46808
93.632	0.25	1	2	46816
93.65	0.25	1	2	46825
93.666	0.25	0	1	46833
93.682	0.25	0	1	46841
93.7	0.25	0	1	46850
93.716	0.25	0	1	46858
93.732	0.25	0	1	46866
93.75	0.25	0	1	46875
93.766	0.25	0	1	46883
93.782	0.25	0	1	46891
93.8	0.25	0	1	46900
93.816	0.25	0	1	46908
93.832	0.25	1	2	46916
93.85	0.25	1	2	46925
93.866	0.25	1	2	46933
93.882	0.25	1	2	46941
93.9	0.25	1	2	46950
95.382	0.25	1	2	47691
95.4	0.25	1	2	47700
95.416	0.25	1	2	47708
95.432	0.25	1	2	47716
95.45	0.25	0	1	47725
95.466	0.25	0	1	47733
95.482	0.25	1	2	47741
95.5	0.25	1	2	47750
95.516	0.25	1	2	47758
95.532	0.25	1	2	47766
95.55	0.25	0	1	47775
95.566	0.25	0	1	47783
95.582	0.25	1	2	47791
95.6	0.25	1	2	47800
95.616	0.25	1	2	47808
95.632	0.25	1	2	47816
95.65	0.25	0	1	47825
95.666	0.25	0	1	47833
95.682	0.25	1	2	47841
95.7	0.25	1	2	47850
95.716	0.25	1	2	47858
95.732	0.25	1	2	47866
95.75	0.25	0	1	47875
95.766	0.25	0	1	47883
95.782	0.25	0	1	47891
95.8	0.25	0	1	47900
95.816	0.25	0	1	47908
95.832	0.25	0	1	47916
95.85	0.25	1	2	47925
95.866	0.25	1	2	47933
95.882	0.25	1	2	47941
95.9	0.25	1	2	47950
95.916	0.25	1	2	47958
95.932	0.25	1	2	47966
95.95	0.25	0	1	47975
95.966	0.25	0	1	47983
95.982	0.25	0	1	47991
96.0	0.25	0	1	48000
96.016	0.25	0	1	48008
96.032	0.25	0	1	48016
96.05	0.25	1	2	48025
96.066	0.25	1	2	48033
96.082	0.25	1	2	48041
96.1	0.25	1	2	48050
96.116	0.25	1	2	48058
96.132	0.25	1	2	48066
96.15	0.25	1	2	48075
96.166	0.25	1	2	48083
96.182	0.25	1	2	48091
96.2	0.25	1	2	48100
96.216	0.25	0	1	48108
96.232	0.25	0	1	48116
96.25	0.25	0	1	48125
96.266	0.25	0	1	48133
96.282	0.25	1	2	48141
96.3	0.25	1	2	48150
96.316	0.25	0	1	48158
96.332	0.25	0	1	48166
96.35	0.25	1	2	48175
96.366	0.25	1	2	48183
96.382	0.25	0	1	48191
96.4	0.25	0	1	48200
96.416	0.25	0	1	48208
96.432	0.25	0	1	48216
96.45	0.25	1	2	48225
96.466	0.25	1	2	48233
96.482	0.25	1	2	48241
96.5	0.25	1	2	48250
96.516	0.25	0	1	48258
96.532	0.25	0	1	48266
96.55	0.25	0	1	48275
96.566	0.25	0	1	48283
96.582	0.25	0	1	48291
96.6	0.25	0	1	48300
96.616	0.25	0	1	48308
96.632	0.25	0	1	48316
96.65	0.25	1	2	48325
96.666	0.25	1	2	48333
96.682	0.25	0	1	48341
96.7	0.25	0	1	48350
96.716	0.25	0	1	48358
96.732	0.25	0	1	48366
96.75	0.25	0	1	48375
96.766	0.25	0	1	48383
96.782	0.25	0	1	48391
96.8	0.25	0	1	48400
96.816	0.25	1	2	48408
96.832	0.25	1	2	48416
96.85	0.25	1	2	48425
96.866	0.25	1	2	48433
96.882	0.25	1	2	48441
96.9	0.25	1	2	48450
96.916	0.25	1	2	48458
96.932	0.25	1	2	48466
96.95	0.25	1	2	48475
96.966	0.25	1	2	48483
96.982	0.25	1	2	48491
97.0	0.25	1	2	48500
97.016	0.25	0	1	48508
97.032	0.25	0	1	48516
97.05	0.25	1	2	48525
97.066	0.25	1	2	48533
97.082	0.25	0	1	48541
97.1	0.25	0	1	48550
97.116	0.25	1	2	48558
97.132	0.25	1	2	48566
97.15	0.25	0	1	48575
97.166	0.25	0	1	48583
97.182	0.25	0	1	48591
97.2	0.25	0	1	48600
97.216	0.25	1	2	48608
97.232	0.25	1	2	48616
97.25	0.25	1	2	48625
97.266	0.25	1	2	48633
97.282	0.25	0	1	48641
97.3	0.25	0	1	48650
97.316	0.25	0	1	48658
98.8	0.25	1	2	49400
98.816	0.25	1	2	49408
98.832	0.25	1	2	49416
98.85	0.25	1	2	49425
98.866	0.25	1	2	49433
98.882	0.25	1	2	49441
98.9	0.25	1	2	49450
98.916	0.25	1	2	49458
98.932	0.25	1	2	49466
98.95	0.25	1	2	49475
98.966	0.25	1	2	49483
98.982	0.25	1	2	49491
99.0	0.25	1	2	49500
99.016	0.25	1	2	49508
99.032	0.25	0	1	49516
99.05	0.25	0	1	49525
99.066	0.25	0	1	49533
99.082	0.25	0	1	49541
99.1	0.25	1	2	49550
99.116	0.25	1	2	49558
99.132	0.25	1	2	49566
99.15	0.25	1	2	49575
99.166	0.25	0	1	49583
99.182	0.25	0	1	49591
99.2	0.25	0	1	49600
99.216	0.25	0	1	49608
99.232	0.25	1	2	49616
99.25	0.25	1	2	49625
99.266	0.25	1	2	49633
99.282	0.25	1	2	49641
99.3	0.25	0	1	49650
99.316	0.25	0	1	49658
99.332	0.25	0	1	49666
99.35	0.25	0	1	49675
99.366	0.25	1	2	49683
99.382	0.25	1	2	49691
99.4	0.25	0	1	49700
99.416	0.25	0	1	49708
99.432	0.25	1	2	49716
99.45	0.25	1	2	49725
99.466	0.25	1	2	49733
99.482	0.25	1	2	49741
99.5	0.25	0	1	49750
99.516	0.25	0	1	49758
99.532	0.25	1	2	49766
99.55	0.25	1	2	49775
99.566	0.25	0	1	49783
99.582	0.25	0	1	49791
99.6	0.25	0	1	49800
99.616	0.25	0	1	49808
99.632	0.25	1	2	49816
99.65	0.25	1	2	49825
99.666	0.25	0	1	49833
99.682	0.25	0	1	49841
99.7	0.25	1	2	49850
99.716	0.25	1	2	49858
99.732	0.25	1	2	49866
99.75	0.25	1	2	49875
99.766	0.25	1	2	49883
99.782	0.25	1	2	49891
99.8	0.25	0	1	49900
99.816	0.25	0	1	49908
99.832	0.25	0	1	49916
99.85	0.25	0	1	49925
99.866	0.25	0	1	49933
99.882	0.25	0	1	49941
99.9	0.25	1	2	49950
99.916	0.25	1	2	49958
99.932	0.25	0	1	49966
99.95	0.25	0	1	49975
99.966	0.25	1	2	49983
99.982	0.25	1	2	49991
100.0	0.25	1	2	50000
100.016	0.25	1	2	50008
100.032	0.25	1	2	50016
100.05	0.25	1	2	50025
100.066	0.25	0	1	50033
100.082	0.25	0	1	50041
100.1	0.25	0	1	50050
100.116	0.25	0	1	50058
100.132	0.25	1	2	50066
100.15	0.25	1	2	50075
100.166	0.25	0	1	50083
100.182	0.25	0	1	50091
100.2	0.25	1	2	50100
100.216	0.25	1	2	50108
100.232	0.25	0	1	50116
100.25	0.25	0	1	50125
100.266	0.25	0	1	50133
100.282	0.25	0	1	50141
100.3	0.25	0	1	50150
100.316	0.25	0	1	50158
100.332	0.25	1	2	50166
100.35	0.25	1	2	50175
100.366	0.25	1	2	50183
100.382	0.25	1	2	50191
100.4	0.25	0	1	50200
100.416	0.25	0	1	50208
100.432	0.25	1	2	50216
100.45	0.25	1	2	50225
100.466	0.25	0	1	50233
100.482	0.25	0	1	50241
100.5	0.25	0	1	50250
100.516	0.25	0	1	50258
100.532	0.25	0	1	50266
100.55	0.25	0	1	50275
100.566	0.25	1	2	50283
100.582	0.25	1	2	50291
100.6	0.25	0	1	50300
100.616	0.25	0	1	50308
100.632	0.25	1	2	50316
100.65	0.25	1	2	50325
100.666	0.25	0	1	50333
100.682	0.25	0	1	50341
100.7	0.25	0	1	50350
100.716	0.25	0	1	50358
100.732	0.25	1	2	50366
103.55	0.25	0	1	51775
103.566	0.25	0	1	51783
103.582	0.25	0	1	51791
103.6	0.25	0	1	51800
103.616	0.25	1	2	51808
103.632	0.25	1	2	51816
103.65	0.25	1	2	51825
103.666	0.25	1	2	51833
103.682	0.25	0	1	51841
103.7	0.25	0	1	51850
103.716	0.25	0	1	51858
103.732	0.25	0	1	51866
103.75	0.25	0	1	51875
103.766	0.25	0	1	51883
103.782	0.25	0	1	51891
103.8	0.25	0	1	51900
103.816	0.25	1	2	51908
103.832	0.25	1	2	51916
103.85	0.25	1	2	51925
103.866	0.25	1	2	51933
103.882	0.25	1	2	51941
103.9	0.25	1	2	51950
103.916	0.25	1	2	51958
103.932	0.25	1	2	51966
103.95	0.25	1	2	51975
103.966	0.25	1	2	51983
103.982	0.25	0	1	51991
104.0	0.25	0	1	52000
104.016	0.25	0	1	52008
104.032	0.25	0	1	52016
104.05	0.25	0	1	52025
104.066	0.25	0	1	52033
104.082	0.25	0	1	52041
104.1	0.25	0	1	52050
104.116	0.25	0	1	52058
104.132	0.25	0	1	52066
104.15	0.25	0	1	52075
104.166	0.25	0	1	52083
104.182	0.25	1	2	52091
104.2	0.25	1	2	52100
104.216	0.25	1	2	52108
104.232	0.25	1	2	52116
104.25	0.25	0	1	52125
104.266	0.25	0	1	52133
104.282	0.25	0	1	52141
104.3	0.25	0	1	52150
104.316	0.25	1	2	52158
104.332	0.25	1	2	52166
104.35	0.25	0	1	52175
104.366	0.25	0	1	52183
104.382	0.25	1	2	52191
104.4	0.25	1	2	52200
104.416	0.25	0	1	52208
104.432	0.25	0	1	52216
104.45	0.25	1	2	52225
104.466	0.25	1	2	52233
104.482	0.25	0	1	52241
104.5	0.25	0	1	52250
104.516	0.25	1	2	52258
104.532	0.25	1	2	52266
104.55	0.25	1	2	52275
104.566	0.25	1	2	52283
104.582	0.25	0	1	52291
104.6	0.25	0	1	52300
104.616	0.25	1	2	52308
104.632	0.25	1	2	52316
104.65	0.25	0	1	52325
104.666	0.25	0	1	52333
104.682	0.25	0	1	52341
104.7	0.25	0	1	52350
104.716	0.25	0	1	52358
104.732	0.25	0	1	52366
104.75	0.25	1	2	52375
104.766	0.25	1	2	52383
104.782	0.25	0	1	52391
104.8	0.25	0	1	52400
104.816	0.25	0	1	52408
104.832	0.25	0	1	52416
104.85	0.25	0	1	52425
104.866	0.25	0	1	52433
104.882	0.25	1	2	52441
104.9	0.25	1	2	52450
104.916	0.25	1	2	52458
104.932	0.25	1	2	52466
104.95	0.25	1	2	52475
104.966	0.25	1	2	52483
104.982	0.25	0	1	52491
105.0	0.25	0	1	52500
105.016	0.25	1	2	52508
105.032	0.25	1	2	52516
105.05	0.25	0	1	52525
105.066	0.25	0	1	52533
105.082	0.25	1	2	52541
105.1	0.25	1	2	52550
105.116	0.25	1	2	52558
105.132	0.25	1	2	52566
105.15	0.25	1	2	52575
105.166	0.25	1	2	52583
105.182	0.25	1	2	52591
105.2	0.25	1	2	52600
105.216	0.25	1	2	52608
105.232	0.25	1	2	52616
105.25	0.25	0	1	52625
105.266	0.25	0	1	52633
105.282	0.25	0	1	52641
105.3	0.25	0	1	52650
105.316	0.25	1	2	52658
105.332	0.25	1	2	52666
105.35	0.25	0	1	52675
105.366	0.25	0	1	52683
105.382	0.25	0	1	52691
105.4	0.25	0	1	52700
105.416	0.25	0	1	52708
105.432	0.25	0	1	52716
105.45	0.25	1	2	52725
105.466	0.25	1	2	52733
105.482	0.25	1	2	52741
106.966	0.25	1	2	53483
106.982	0.25	1	2	53491
107.0	0.25	1	2	53500
107.016	0.25	1	2	53508
107.032	0.25	0	1	53516
107.05	0.25	0	1	53525
107.066	0.25	1	2	53533
107.082	0.25	1	2	53541
107.1	0.25	1	2	53550
107.116	0.25	1	2	53558
107.132	0.25	0	1	53566
107.15	0.25	0	1	53575
107.166	0.25	1	2	53583
107.182	0.25	1	2	53591
107.2	0.25	1	2	53600
107.216	0.25	1	2	53608
107.232	0.25	0	1	53616
107.25	0.25	0	1	53625
107.266	0.25	1	2	53633
107.282	0.25	1	2	53641
107.3	0.25	1	2	53650
107.316	0.25	1	2	53658
107.332	0.25	0	1	53666
107.35	0.25	0	1	53675
107.366	0.25	0	1	53683
107.382	0.25	0	1	53691
107.4	0.25	0	1	53700
107.416	0.25	0	1	53708
107.432	0.25	1	2	53716
107.45	0.25	1	2	53725
107.466	0.25	1	2	53733
107.482	0.25	1	2	53741
107.5	0.25	1	2	53750
107.516	0.25	1	2	53758
107.532	0.25	0	1	53766
107.55	0.25	0	1	53775
107.566	0.25	0	1	53783
107.582	0.25	0	1	53791
107.6	0.25	0	1	53800
107.616	0.25	0	1	53808
107.632	0.25	1	2	53816
107.65	0.25	1	2	53825
107.666	0.25	1	2	53833
107.682	0.25	1	2	53841
107.7	0.25	1	2	53850
107.716	0.25	1	2	53858
107.732	0.25	1	2	53866
107.75	0.25	1	2	53875
107.766	0.25	1	2	53883
107.782	0.25	1	2	53891
107.8	0.25	0	1	53900
107.816	0.25	0	1	53908
107.832	0.25	0	1	53916
107.85	0.25	0	1	53925
107.866	0.25	1	2	53933
107.882	0.25	1	2	53941
107.9	0.25	0	1	53950
107.916	0.25	0	1	53958
107.932	0.25	1	2	53966
107.95	0.25	1	2	53975
107.966	0.25	0	1	53983
107.982	0.25	0	1	53991
108.0	0.25	0	1	54000
108.016	0.25	0	1	54008
108.032	0.25	1	2	54016
108.05	0.25	1	2	54025
108.066	0.25	1	2	54033
108.082	0.25	1	2	54041
108.1	0.25	0	1	54050
108.116	0.25	0	1	54058
108.132	0.25	0	1	54066
108.15	0.25	0	1	54075
108.166	0.25	0	1	54083
108.182	0.25	0	1	54091
108.2	0.25	0	1	54100
108.216	0.25	0	1	54108
108.232	0.25	1	2	54116
108.25	0.25	1	2	54125
108.266	0.25	0	1	54133
108.282	0.25	0	1	54141
108.3	0.25	0	1	54150
108.316	0.25	0	1	54158
108.332	0.25	0	1	54166
108.35	0.25	0	1	54175
108.366	0.25	0	1	54183
108.382	0.25	0	1	54191
108.4	0.25	1	2	54200
108.416	0.25	1	2	54208
108.432	0.25	1	2	54216
108.45	0.25	1	2	54225
108.466	0.25	1	2	54233
108.482	0.25	1	2	54241
108.5	0.25	1	2	54250
108.516	0.25	1	2	54258
108.532	0.25	1	2	54266
108.55	0.25	1	2	54275
108.566	0.25	1	2	54283
108.582	0.25	1	2	54291
108.6	0.25	0	1	54300
108.616	0.25	0	1	54308
108.632	0.25	1	2	54316
108.65	0.25	1	2	54325
108.666	0.25	0	1	54333
108.682	0.25	0	1	54341
108.7	0.25	1	2	54350
108.716	0.25	1	2	54358
108.732	0.25	0	1	54366
108.75	0.25	0	1	54375
108.766	0.25	0	1	54383
108.782	0.25	0	1	54391
108.8	0.25	1	2	54400
108.816	0.25	1	2	54408
108.832	0.25	1	2	54416
108.85	0.25	1	2	54425
108.866	0.25	0	1	54433
108.882	0.25	0	1	54441
108.9	0.25	0	1	54450
110.382	0.25	1	2	55191
110.4	0.25	1	2	55200
110.416	0.25	1	2	55208
110.432	0.25	1	2	55216
110.45	0.25	0	1	55225
110.466	0.25	0	1	55233
110.482	0.25	0	1	55241
110.5	0.25	0	1	55250
110.516	0.25	0	1	55258
110.532	0.25	0	1	55266
110.55	0.25	0	1	55275
110.566	0.25	0	1	55283
110.582	0.25	1	2	55291
110.6	0.25	1	2	55300
110.616	0.25	0	1	55308
110.632	0.25	0	1	55316
110.65	0.25	0	1	55325
110.666	0.25	0	1	55333
110.682	0.25	1	2	55341
110.7	0.25	1	2	55350
110.716	0.25	1	2	55358
110.732	0.25	1	2	55366
110.75	0.25	0	1	55375
110.766	0.25	0	1	55383
110.782	0.25	0	1	55391
110.8	0.25	0	1	55400
110.816	0.25	0	1	55408
110.832	0.25	0	1	55416
110.85	0.25	0	1	55425
110.866	0.25	0	1	55433
110.882	0.25	0	1	55441
110.9	0.25	0	1	55450
110.916	0.25	0	1	55458
110.932	0.25	0	1	55466
110.95	0.25	1	2	55475
110.966	0.25	1	2	55483
110.982	0.25	0	1	55491
111.0	0.25	0	1	55500
111.016	0.25	1	2	55508
111.032	0.25	1	2	55516
111.05	0.25	1	2	55525
111.066	0.25	1	2	55533
111.082	0.25	0	1	55541
111.1	0.25	0	1	55550
111.116	0.25	1	2	55558
111.132	0.25	1	2	55566
111.15	0.25	0	1	55575
111.166	0.25	0	1	55583
111.182	0.25	1	2	55591
111.2	0.25	1	2	55600
111.216	0.25	0	1	55608
111.232	0.25	0	1	55616
111.25	0.25	1	2	55625
111.266	0.25	1	2	55633
111.282	0.25	0	1	55641
111.3	0.25	0	1	55650
111.316	0.25	0	1	55658
111.332	0.25	0	1	55666
111.35	0.25	0	1	55675
111.366	0.25	0	1	55683
111.382	0.25	1	2	55691
111.4	0.25	1	2	55700
111.416	0.25	1	2	55708
111.432	0.25	1	2	55716
111.45	0.25	1	2	55725
111.466	0.25	1	2	55733
111.482	0.25	0	1	55741
111.5	0.25	0	1	55750
111.516	0.25	1	2	55758
111.532	0.25	1	2	55766
111.55	0.25	1	2	55775
111.566	0.25	1	2	55783
111.582	0.25	1	2	55791
111.6	0.25	1	2	55800
111.616	0.25	0	1	55808
111.632	0.25	0	1	55816
111.65	0.25	1	2	55825
111.666	0.25	1	2	55833
111.682	0.25	0	1	55841
111.7	0.25	0	1	55850
111.716	0.25	1	2	55858
111.732	0.25	1	2	55866
111.75	0.25	1	2	55875
111.766	0.25	1	2	55883
111.782	0.25	0	1	55891
111.8	0.25	0	1	55900
111.816	0.25	0	1	55908
111.832	0.25	0	1	55916
111.85	0.25	0	1	55925
111.866	0.25	0	1	55933
111.882	0.25	1	2	55941
111.9	0.25	1	2	55950
111.916	0.25	1	2	55958
111.932	0.25	1	2	55966
111.95	0.25	0	1	55975
111.966	0.25	0	1	55983
111.982	0.25	1	2	55991
112.0	0.25	1	2	56000
112.016	0.25	1	2	56008
112.032	0.25	1	2	56016
112.05	0.25	1	2	56025
112.066	0.25	1	2	56033
112.082	0.25	0	1	56041
112.1	0.25	0	1	56050
112.116	0.25	0	1	56058
112.132	0.25	0	1	56066
112.15	0.25	0	1	56075
112.166	0.25	0	1	56083
112.182	0.25	0	1	56091
112.2	0.25	0	1	56100
112.216	0.25	0	1	56108
112.232	0.25	0	1	56116
112.25	0.25	1	2	56125
112.266	0.25	1	2	56133
112.282	0.25	1	2	56141
112.3	0.25	1	2	56150
112.316	0.25	1	2	56158
113.8	0.25	1	2	56900
113.816	0.25	1	2	56908
113.832	0.25	1	2	56916
113.85	0.25	1	2	56925
113.866	0.25	1	2	56933
113.882	0.25	1	2	56941
113.9	0.25	1	2	56950
113.916	0.25	1	2	56958
113.932	0.25	1	2	56966
113.95	0.25	1	2	56975
113.966	0.25	1	2	56983
113.982	0.25	1	2	56991
114.0	0.25	1	2	57000
114.016	0.25	1	2	57008
114.032	0.25	0	1	57016
114.05	0.25	0	1	57025
114.066	0.25	0	1	57033
114.082	0.25	0	1	57041
114.1	0.25	1	2	57050
114.116	0.25	1	2	57058
114.132	0.25	1	2	57066
114.15	0.25	1	2	57075
114.166	0.25	0	1	57083
114.182	0.25	0	1	57091
114.2	0.25	0	1	57100
114.216	0.25	0	1	57108
114.232	0.25	1	2	57116
114.25	0.25	1	2	57125
114.266	0.25	1	2	57133
114.282	0.25	1	2	57141
114.3	0.25	0	1	57150
114.316	0.25	0	1	57158
114.332	0.25	0	1	57166
114.35	0.25	0	1	57175
114.366	0.25	1	2	57183
114.382	0.25	1	2	57191
114.4	0.25	0	1	57200
114.416	0.25	0	1	57208
114.432	0.25	1	2	57216
114.45	0.25	1	2	57225
114.466	0.25	1	2	57233
114.482	0.25	1	2	57241
114.5	0.25	0	1	57250
114.516	0.25	0	1	57258
114.532	0.25	1	2	57266
114.55	0.25	1	2	57275
114.566	0.25	0	1	57283
114.582	0.25	0	1	57291
114.6	0.25	0	1	57300
114.616	0.25	0	1	57308
114.632	0.25	1	2	57316
114.65	0.25	1	2	57325
114.666	0.25	0	1	57333
114.682	0.25	0	1	57341
114.7	0.25	1	2	57350
114.716	0.25	1	2	57358
114.732	0.25	1	2	57366
114.75	0.25	1	2	57375
114.766	0.25	1	2	57383
114.782	0.25	1	2	57391
114.8	0.25	0	1	57400
114.816	0.25	0	1	57408
114.832	0.25	0	1	57416
114.85	0.25	0	1	57425
114.866	0.25	0	1	57433
114.882	0.25	0	1	57441
114.9	0.25	1	2	57450
114.916	0.25	1	2	57458
114.932	0.25	0	1	57466
114.95	0.25	0	1	57475
114.966	0.25	1	2	57483
114.982	0.25	1	2	57491
115.0	0.25	1	2	57500
115.016	0.25	1	2	57508
115.032	0.25	1	2	57516
115.05	0.25	1	2	57525
115.066	0.25	0	1	57533
115.082	0.25	0	1	57541
115.1	0.25	0	1	57550
115.116	0.25	0	1	57558
115.132	0.25	1	2	57566
115.15	0.25	1	2	57575
115.166	0.25	0	1	57583
115.182	0.25	0	1	57591
115.2	0.25	1	2	57600
115.216	0.25	1	2	57608
115.232	0.25	0	1	57616
115.25	0.25	0	1	57625
115.266	0.25	0	1	57633
115.282	0.25	0	1	57641
115.3	0.25	0	1	57650
115.316	0.25	0	1	57658
115.332	0.25	1	2	57666
115.35	0.25	1	2	57675
115.366	0.25	1	2	57683
115.382	0.25	1	2	57691
115.4	0.25	0	1	57700
115.416	0.25	0	1	57708
115.432	0.25	1	2	57716
115.45	0.25	1	2	57725
115.466	0.25	0	1	57733
115.482	0.25	0	1	57741
115.5	0.25	0	1	57750
115.516	0.25	0	1	57758
115.532	0.25	0	1	57766
115.55	0.25	0	1	57775
115.566	0.25	1	2	57783
115.582	0.25	1	2	57791
115.6	0.25	0	1	57800
115.616	0.25	0	1	57808
115.632	0.25	1	2	57816
115.65	0.25	1	2	57825
115.666	0.25	0	1	57833
115.682	0.25	0	1	57841
115.7	0.25	0	1	57850
115.716	0.25	0	1	57858
115.732	0.25	1	2	57866
118.416	0.25	1	2	59208
118.432	0.25	1	2	59216
118.45	0.25	1	2	59225
118.466	0.25	1	2	59233
118.482	0.25	1	2	59241
118.5	0.25	1	2	59250
118.516	0.25	1	2	59258
118.532	0.25	1	2	59266
118.55	0.25	1	2	59275
118.566	0.25	1	2	59283
118.582	0.25	1	2	59291
118.6	0.25	1	2	59300
118.616	0.25	1	2	59308
118.632	0.25	1	2	59316
118.65	0.25	0	1	59325
118.666	0.25	0	1	59333
118.682	0.25	0	1	59341
118.7	0.25	0	1	59350
118.716	0.25	1	2	59358
118.732	0.25	1	2	59366
118.75	0.25	1	2	59375
118.766	0.25	1	2	59383
118.782	0.25	0	1	59391
118.8	0.25	0	1	59400
118.816	0.25	0	1	59408
118.832	0.25	0	1	59416
118.85	0.25	1	2	59425
118.866	0.25	1	2	59433
118.882	0.25	1	2	59441
118.9	0.25	1	2	59450
118.916	0.25	0	1	59458
118.932	0.25	0	1	59466
118.95	0.25	0	1	59475
118.966	0.25	0	1	59483
118.982	0.25	1	2	59491
119.0	0.25	1	2	59500
119.016	0.25	0	1	59508
119.032	0.25	0	1	59516
119.05	0.25	1	2	59525
119.066	0.25	1	2	59533
119.082	0.25	1	2	59541
119.1	0.25	1	2	59550
119.116	0.25	0	1	59558
119.132	0.25	0	1	59566
119.15	0.25	1	2	59575
119.166	0.25	1	2	59583
119.182	0.25	0	1	59591
119.2	0.25	0	1	59600
119.216	0.25	0	1	59608
119.232	0.25	0	1	59616
119.25	0.25	1	2	59625
119.266	0.25	1	2	59633
119.282	0.25	0	1	59641
119.3	0.25	0	1	59650
119.316	0.25	1	2	59658
119.332	0.25	1	2	59666
119.35	0.25	1	2	59675
119.366	0.25	1	2	59683
119.382	0.25	1	2	59691
119.4	0.25	1	2	59700
119.416	0.25	0	1	59708
119.432	0.25	0	1	59716
119.45	0.25	0	1	59725
119.466	0.25	0	1	59733
119.482	0.25	0	1	59741
119.5	0.25	0	1	59750
119.516	0.25	1	2	59758
119.532	0.25	1	2	59766
119.55	0.25	0	1	59775
119.566	0.25	0	1	59783
119.582	0.25	1	2	59791
119.6	0.25	1	2	59800
119.616	0.25	1	2	59808
119.632	0.25	1	2	59816
119.65	0.25	1	2	59825
119.666	0.25	1	2	59833
119.682	0.25	0	1	59841
119.7	0.25	0	1	59850
119.716	0.25	0	1	59858
119.732	0.25	0	1	59866
119.75	0.25	1	2	59875
119.766	0.25	1	2	59883
119.782	0.25	0	1	59891
119.8	0.25	0	1	59900
119.816	0.25	1	2	59908
119.832	0.25	1	2	59916
119.85	0.25	0	1	59925
119.866	0.25	0	1	59933
119.882	0.25	0	1	59941
119.9	0.25	0	1	59950
119.916	0.25	0	1	59958
119.932	0.25	0	1	59966
119.95	0.25	1	2	59975
119.966	0.25	1	2	59983
119.982	0.25	1	2	59991
120.0	0.25	1	2	60000
120.016	0.25	0	1	60008
120.032	0.25	0	1	60016
120.05	0.25	1	2	60025
120.066	0.25	1	2	60033
120.082	0.25	0	1	60041
120.1	0.25	0	1	60050
120.116	0.25	0	1	60058
120.132	0.25	0	1	60066
120.15	0.25	0	1	60075
120.166	0.25	0	1	60083
120.182	0.25	1	2	60091
120.2	0.25	1	2	60100
120.216	0.25	0	1	60108
120.232	0.25	0	1	60116
120.25	0.25	1	2	60125
120.266	0.25	1	2	60133
120.282	0.25	0	1	60141
120.3	0.25	0	1	60150
120.316	0.25	0	1	60158
120.332	0.25	0	1	60166
120.35	0.25	1	2	60175
121.832	0.25	0	1	60916
121.85	0.25	0	1	60925
121.866	0.25	0	1	60933
121.882	0.25	0	1	60941
121.9	0.25	1	2	60950
121.916	0.25	1	2	60958
121.932	0.25	1	2	60966
121.95	0.25	1	2	60975
121.966	0.25	0	1	60983
121.982	0.25	0	1	60991
122.0	0.25	0	1	61000
122.016	0.25	0	1	61008
122.032	0.25	0	1	61016
122.05	0.25	0	1	61025
122.066	0.25	0	1	61033
122.082	0.25	0	1	61041
122.1	0.25	1	2	61050
122.116	0.25	1	2	61058
122.132	0.25	1	2	61066
122.15	0.25	1	2	61075
122.166	0.25	1	2	61083
122.182	0.25	1	2	61091
122.2	0.25	1	2	61100
122.216	0.25	1	2	61108
122.232	0.25	1	2	61116
122.25	0.25	1	2	61125
122.266	0.25	0	1	61133
122.282	0.25	0	1	61141
122.3	0.25	0	1	61150
122.316	0.25	0	1	61158
122.332	0.25	0	1	61166
122.35	0.25	0	1	61175
122.366	0.25	0	1	61183
122.382	0.25	0	1	61191
122.4	0.25	0	1	61200
122.416	0.25	0	1	61208
122.432	0.25	0	1	61216
122.45	0.25	0	1	61225
122.466	0.25	1	2	61233
122.482	0.25	1	2	61241
122.5	0.25	1	2	61250
122.516	0.25	1	2	61258
122.532	0.25	0	1	61266
122.55	0.25	0	1	61275
122.566	0.25	0	1	61283
122.582	0.25	0	1	61291
122.6	0.25	1	2	61300
122.616	0.25	1	2	61308
122.632	0.25	0	1	61316
122.65	0.25	0	1	61325
122.666	0.25	1	2	61333
122.682	0.25	1	2	61341
122.7	0.25	0	1	61350
122.716	0.25	0	1	61358
122.732	0.25	1	2	61366
122.75	0.25	1	2	61375
122.766	0.25	0	1	61383
122.782	0.25	0	1	61391
122.8	0.25	1	2	61400
122.816	0.25	1	2	61408
122.832	0.25	1	2	61416
122.85	0.25	1	2	61425
122.866	0.25	0	1	61433
122.882	0.25	0	1	61441
122.9	0.25	1	2	61450
122.916	0.25	1	2	61458
122.932	0.25	0	1	61466
122.95	0.25	0	1	61475
122.966	0.25	0	1	61483
122.982	0.25	0	1	61491
123.0	0.25	0	1	61500
123.016	0.25	0	1	61508
123.032	0.25	1	2	61516
123.05	0.25	1	2	61525
123.066	0.25	0	1	61533
123.082	0.25	0	1	61541
123.1	0.25	0	1	61550
123.116	0.25	0	1	61558
123.132	0.25	0	1	61566
123.15	0.25	0	1	61575
123.166	0.25	1	2	61583
123.182	0.25	1	2	61591
123.2	0.25	1	2	61600
123.216	0.25	1	2	61608
123.232	0.25	1	2	61616
123.25	0.25	1	2	61625
123.266	0.25	0	1	61633
123.282	0.25	0	1	61641
123.3	0.25	1	2	61650
123.316	0.25	1	2	61658
123.332	0.25	0	1	61666
123.35	0.25	0	1	61675
123.366	0.25	1	2	61683
123.382	0.25	1	2	61691
123.4	0.25	1	2	61700
123.416	0.25	1	2	61708
123.432	0.25	1	2	61716
123.45	0.25	1	2	61725
123.466	0.25	1	2	61733
123.482	0.25	1	2	61741
123.5	0.25	1	2	61750
123.516	0.25	1	2	61758
123.532	0.25	0	1	61766
123.55	0.25	0	1	61775
123.566	0.25	0	1	61783
123.582	0.25	0	1	61791
123.6	0.25	1	2	61800
123.616	0.25	1	2	61808
123.632	0.25	0	1	61816
123.65	0.25	0	1	61825
123.666	0.25	0	1	61833
123.682	0.25	0	1	61841
123.7	0.25	0	1	61850
123.716	0.25	0	1	61858
123.732	0.25	1	2	61866
123.75	0.25	1	2	61875
123.766	0.25	1	2	61883
125.25	0.25	1	2	62625
125.266	0.25	1	2	62633
125.282	0.25	1	2	62641
125.3	0.25	1	2	62650
125.316	0.25	0	1	62658
125.332	0.25	0	1	62666
125.35	0.25	0	1	62675
125.366	0.25	0	1	62683
125.382	0.25	0	1	62691
125.4	0.25	0	1	62700
125.416	0.25	0	1	62708
125.432	0.25	0	1	62716
125.45	0.25	1	2	62725
125.466	0.25	1	2	62733
125.482	0.25	0	1	62741
125.5	0.25	0	1	62750
125.516	0.25	0	1	62758
125.532	0.25	0	1	62766
125.55	0.25	1	2	62775
125.566	0.25	1	2	62783
125.582	0.25	1	2	62791
125.6	0.25	1	2	62800
125.616	0.25	0	1	62808
125.632	0.25	0	1	62816
125.65	0.25	0	1	62825
125.666	0.25	0	1	62833
125.682	0.25	0	1	62841
125.7	0.25	0	1	62850
125.716	0.25	0	1	62858
125.732	0.25	0	1	62866
125.75	0.25	0	1	62875
125.766	0.25	0	1	62883
125.782	0.25	0	1	62891
125.8	0.25	0	1	62900
125.816	0.25	1	2	62908
125.832	0.25	1	2	62916
125.85	0.25	0	1	62925
125.866	0.25	0	1	62933
125.882	0.25	1	2	62941
125.9	0.25	1	2	62950
125.916	0.25	1	2	62958
125.932	0.25	1	2	62966
125.95	0.25	0	1	62975
125.966	0.25	0	1	62983
125.982	0.25	1	2	62991
126.0	0.25	1	2	63000
126.016	0.25	0	1	63008
126.032	0.25	0	1	63016
126.05	0.25	1	2	63025
126.066	0.25	1	2	63033
126.082	0.25	0	1	63041
126.1	0.25	0	1	63050
126.116	0.25	1	2	63058
126.132	0.25	1	2	63066
126.15	0.25	0	1	63075
126.166	0.25	0	1	63083
126.182	0.25	0	1	63091
126.2	0.25	0	1	63100
126.216	0.25	0	1	63108
126.232	0.25	0	1	63116
126.25	0.25	1	2	63125
126.266	0.25	1	2	63133
126.282	0.25	1	2	63141
126.3	0.25	1	2	63150
126.316	0.25	1	2	63158
126.332	0.25	1	2	63166
126.35	0.25	0	1	63175
126.366	0.25	0	1	63183
126.382	0.25	1	2	63191
126.4	0.25	1	2	63200
126.416	0.25	1	2	63208
126.432	0.25	1	2	63216
126.45	0.25	1	2	63225
126.466	0.25	1	2	63233
126.482	0.25	0	1	63241
126.5	0.25	0	1	63250
126.516	0.25	1	2	63258
126.532	0.25	1	2	63266
126.55	0.25	0	1	63275
126.566	0.25	0	1	63283
126.582	0.25	1	2	63291
126.6	0.25	1	2	63300
126.616	0.25	1	2	63308
126.632	0.25	1	2	63316
126.65	0.25	0	1	63325
126.666	0.25	0	1	63333
126.682	0.25	0	1	63341
126.7	0.25	0	1	63350
126.716	0.25	0	1	63358
126.732	0.25	0	1	63366
126.75	0.25	1	2	63375
126.766	0.25	1	2	63383
126.782	0.25	1	2	63391
126.8	0.25	1	2	63400
126.816	0.25	0	1	63408
126.832	0.25	0	1	63416
126.85	0.25	1	2	63425
126.866	0.25	1	2	63433
126.882	0.25	1	2	63441
126.9	0.25	1	2	63450
126.916	0.25	1	2	63458
126.932	0.25	1	2	63466
126.95	0.25	0	1	63475
126.966	0.25	0	1	63483
126.982	0.25	0	1	63491
127.0	0.25	0	1	63500
127.016	0.25	0	1	63508
127.032	0.25	0	1	63516
127.05	0.25	0	1	63525
127.066	0.25	0	1	63533
127.082	0.25	0	1	63541
127.1	0.25	0	1	63550
127.116	0.25	1	2	63558
127.132	0.25	1	2	63566
127.15	0.25	1	2	63575
127.166	0.25	1	2	63583
127.182	0.25	1	2	63591
128.666	0.25	1	2	64333
128.682	0.25	1	2	64341
128.698	0.25	1	2	64349
128.716	0.25	1	2	64358
128.732	0.25	0	1	64366
128.75	0.25	0	1	64375
128.766	0.25	1	2	64383
128.782	0.25	1	2	64391
128.8	0.25	1	2	64400
128.816	0.25	1	2	64408
128.832	0.25	0	1	64416
128.85	0.25	0	1	64425
128.866	0.25	1	2	64433
128.882	0.25	1	2	64441
128.9	0.25	1	2	64450
128.916	0.25	1	2	64458
128.932	0.25	0	1	64466
128.948	0.25	0	1	64474
128.966	0.25	1	2	64483
128.982	0.25	1	2	64491
129.0	0.25	1	2	64500
129.016	0.25	1	2	64508
129.032	0.25	0	1	64516
129.05	0.25	0	1	64525
129.066	0.25	0	1	64533
129.082	0.25	0	1	64541
129.1	0.25	0	1	64550
129.116	0.25	0	1	64558
129.132	0.25	1	2	64566
129.15	0.25	1	2	64575
129.166	0.25	1	2	64583
129.182	0.25	1	2	64591
129.198	0.25	1	2	64599
129.216	0.25	1	2	64608
129.232	0.25	0	1	64616
129.25	0.25	0	1	64625
129.266	0.25	0	1	64633
129.282	0.25	0	1	64641
129.3	0.25	0	1	64650
129.316	0.25	0	1	64658
129.332	0.25	1	2	64666
129.35	0.25	1	2	64675
129.366	0.25	1	2	64683
129.382	0.25	1	2	64691
129.4	0.25	1	2	64700
129.416	0.25	1	2	64708
129.432	0.25	1	2	64716
129.448	0.25	1	2	64724
129.466	0.25	1	2	64733
129.482	0.25	1	2	64741
129.5	0.25	0	1	64750
129.516	0.25	0	1	64758
129.532	0.25	0	1	64766
129.55	0.25	0	1	64775
129.566	0.25	1	2	64783
129.582	0.25	1	2	64791
129.6	0.25	0	1	64800
129.616	0.25	0	1	64808
129.632	0.25	1	2	64816
129.65	0.25	1	2	64825
129.666	0.25	0	1	64833
129.682	0.25	0	1	64841
129.698	0.25	0	1	64849
129.716	0.25	0	1	64858
129.732	0.25	1	2	64866
129.75	0.25	1	2	64875
129.766	0.25	1	2	64883
129.782	0.25	1	2	64891
129.8	0.25	0	1	64900
129.816	0.25	0	1	64908
129.832	0.25	0	1	64916
129.85	0.25	0	1	64925
129.866	0.25	0	1	64933
129.882	0.25	0	1	64941
129.9	0.25	0	1	64950
129.916	0.25	0	1	64958
129.932	0.25	1	2	64966
129.948	0.25	1	2	64974
129.966	0.25	0	1	64983
129.982	0.25	0	1	64991
130.0	0.25	0	1	65000
130.016	0.25	0	1	65008
130.032	0.25	0	1	65016
130.05	0.25	0	1	65025
130.066	0.25	0	1	65033
130.082	0.25	0	1	65041
130.1	0.25	1	2	65050
130.116	0.25	1	2	65058
130.132	0.25	1	2	65066
130.15	0.25	1	2	65075
130.166	0.25	1	2	65083
130.182	0.25	1	2	65091
130.198	0.25	1	2	65099
130.216	0.25	1	2	65108
130.232	0.25	1	2	65116
130.25	0.25	1	2	65125
130.266	0.25	1	2	65133
130.282	0.25	1	2	65141
130.3	0.25	0	1	65150
130.316	0.25	0	1	65158
130.332	0.25	1	2	65166
130.35	0.25	1	2	65175
130.366	0.25	0	1	65183
130.382	0.25	0	1	65191
130.4	0.25	1	2	65200
130.416	0.25	1	2	65208
130.432	0.25	0	1	65216
130.448	0.25	0	1	65224
130.466	0.25	0	1	65233
130.482	0.25	0	1	65241
130.5	0.25	1	2	65250
130.516	0.25	1	2	65258
130.532	0.25	1	2	65266
130.55	0.25	1	2	65275
130.566	0.25	0	1	65283
130.582	0.25	0	1	65291
130.6	0.25	0	1	65300
133.2	0.25	1	2	66600
133.216	0.25	1	2	66608
133.232	0.25	1	2	66616
133.25	0.25	1	2	66625
133.266	0.25	0	1	66633
133.282	0.25	0	1	66641
133.3	0.25	0	1	66650
133.316	0.25	0	1	66658
133.332	0.25	0	1	66666
133.35	0.25	0	1	66675
133.366	0.25	0	1	66683
133.382	0.25	0	1	66691
133.4	0.25	1	2	66700
133.416	0.25	1	2	66708
133.432	0.25	0	1	66716
133.45	0.25	0	1	66725
133.466	0.25	0	1	66733
133.482	0.25	0	1	66741
133.5	0.25	1	2	66750
133.516	0.25	1	2	66758
133.532	0.25	1	2	66766
133.55	0.25	1	2	66775
133.566	0.25	0	1	66783
133.582	0.25	0	1	66791
133.6	0.25	0	1	66800
133.616	0.25	0	1	66808
133.632	0.25	0	1	66816
133.65	0.25	0	1	66825
133.666	0.25	0	1	66833
133.682	0.25	0	1	66841
133.7	0.25	0	1	66850
133.716	0.25	0	1	66858
133.732	0.25	0	1	66866
133.75	0.25	0	1	66875
133.766	0.25	1	2	66883
133.782	0.25	1	2	66891
133.8	0.25	0	1	66900
133.816	0.25	0	1	66908
133.832	0.25	1	2	66916
133.85	0.25	1	2	66925
133.866	0.25	1	2	66933
133.882	0.25	1	2	66941
133.9	0.25	0	1	66950
133.916	0.25	0	1	66958
133.932	0.25	1	2	66966
133.95	0.25	1	2	66975
133.966	0.25	0	1	66983
133.982	0.25	0	1	66991
134.0	0.25	1	2	67000
134.016	0.25	1	2	67008
134.032	0.25	0	1	67016
134.05	0.25	0	1	67025
134.066	0.25	1	2	67033
134.082	0.25	1	2	67041
134.1	0.25	0	1	67050
134.116	0.25	0	1	67058
134.132	0.25	0	1	67066
134.15	0.25	0	1	67075
134.166	0.25	0	1	67083
134.182	0.25	0	1	67091
134.2	0.25	1	2	67100
134.216	0.25	1	2	67108
134.232	0.25	1	2	67116
134.25	0.25	1	2	67125
134.266	0.25	1	2	67133
134.282	0.25	1	2	67141
134.3	0.25	0	1	67150
134.316	0.25	0	1	67158
134.332	0.25	1	2	67166
134.35	0.25	1	2	67175
134.366	0.25	1	2	67183
134.382	0.25	1	2	67191
134.4	0.25	1	2	67200
134.416	0.25	1	2	67208
134.432	0.25	0	1	67216
134.45	0.25	0	1	67225
134.466	0.25	1	2	67233
134.482	0.25	1	2	67241
134.5	0.25	0	1	67250
134.516	0.25	0	1	67258
134.532	0.25	1	2	67266
134.55	0.25	1	2	67275
134.566	0.25	1	2	67283
134.582	0.25	1	2	67291
134.6	0.25	0	1	67300
134.616	0.25	0	1	67308
134.632	0.25	0	1	67316
134.65	0.25	0	1	67325
134.666	0.25	0	1	67333
134.682	0.25	0	1	67341
134.7	0.25	1	2	67350
134.716	0.25	1	2	67358
134.732	0.25	1	2	67366
134.75	0.25	1	2	67375
134.766	0.25	0	1	67383
134.782	0.25	0	1	67391
134.8	0.25	1	2	67400
134.816	0.25	1	2	67408
134.832	0.25	1	2	67416
134.85	0.25	1	2	67425
134.866	0.25	1	2	67433
134.882	0.25	1	2	67441
134.9	0.25	0	1	67450
134.916	0.25	0	1	67458
134.932	0.25	0	1	67466
134.95	0.25	0	1	67475
134.966	0.25	0	1	67483
134.982	0.25	0	1	67491
135.0	0.25	0	1	67500
135.016	0.25	0	1	67508
135.032	0.25	0	1	67516
135.05	0.25	0	1	67525
135.066	0.25	1	2	67533
135.082	0.25	1	2	67541
135.1	0.25	1	2	67550
135.116	0.25	1	2	67558
135.132	0.25	1	2	67566
136.616	0.25	1	2	68308
136.632	0.25	1	2	68316
136.65	0.25	1	2	68325
136.666	0.25	1	2	68333
136.682	0.25	1	2	68341
136.7	0.25	1	2	68350
136.716	0.25	1	2	68358
136.732	0.25	1	2	68366
136.75	0.25	1	2	68375
136.766	0.25	1	2	68383
136.782	0.25	1	2	68391
136.8	0.25	1	2	68400
136.816	0.25	1	2	68408
136.832	0.25	1	2	68416
136.85	0.25	0	1	68425
136.866	0.25	0	1	68433
136.882	0.25	0	1	68441
136.9	0.25	0	1	68450
136.916	0.25	1	2	68458
136.932	0.25	1	2	68466
136.95	0.25	1	2	68475
136.966	0.25	1	2	68483
136.982	0.25	0	1	68491
137.0	0.25	0	1	68500
137.016	0.25	0	1	68508
137.032	0.25	0	1	68516
137.05	0.25	1	2	68525
137.066	0.25	1	2	68533
137.082	0.25	1	2	68541
137.1	0.25	1	2	68550
137.116	0.25	0	1	68558
137.132	0.25	0	1	68566
137.15	0.25	0	1	68575
137.166	0.25	0	1	68583
137.182	0.25	1	2	68591
137.2	0.25	1	2	68600
137.216	0.25	0	1	68608
137.232	0.25	0	1	68616
137.25	0.25	1	2	68625
137.266	0.25	1	2	68633
137.282	0.25	1	2	68641
137.3	0.25	1	2	68650
137.316	0.25	0	1	68658
137.332	0.25	0	1	68666
137.35	0.25	1	2	68675
137.366	0.25	1	2	68683
137.382	0.25	0	1	68691
137.4	0.25	0	1	68700
137.416	0.25	0	1	68708
137.432	0.25	0	1	68716
137.45	0.25	1	2	68725
137.466	0.25	1	2	68733
137.482	0.25	0	1	68741
137.5	0.25	0	1	68750
137.516	0.25	1	2	68758
137.532	0.25	1	2	68766
137.55	0.25	1	2	68775
137.566	0.25	1	2	68783
137.582	0.25	1	2	68791
137.6	0.25	1	2	68800
137.616	0.25	0	1	68808
137.632	0.25	0	1	68816
137.65	0.25	0	1	68825
137.666	0.25	0	1	68833
137.682	0.25	0	1	68841
137.7	0.25	0	1	68850
137.716	0.25	1	2	68858
137.732	0.25	1	2	68866
137.75	0.25	0	1	68875
137.766	0.25	0	1	68883
137.782	0.25	1	2	68891
137.8	0.25	1	2	68900
137.816	0.25	1	2	68908
137.832	0.25	1	2	68916
137.85	0.25	1	2	68925
137.866	0.25	1	2	68933
137.882	0.25	0	1	68941
137.9	0.25	0	1	68950
137.916	0.25	0	1	68958
137.932	0.25	0	1	68966
137.95	0.25	1	2	68975
137.966	0.25	1	2	68983
137.982	0.25	0	1	68991
138.0	0.25	0	1	69000
138.016	0.25	1	2	69008
138.032	0.25	1	2	69016
138.05	0.25	0	1	69025
138.066	0.25	0	1	69033
138.082	0.25	0	1	69041
138.1	0.25	0	1	69050
138.116	0.25	0	1	69058
138.132	0.25	0	1	69066
138.15	0.25	1	2	69075
138.166	0.25	1	2	69083
138.182	0.25	1	2	69091
138.2	0.25	1	2	69100
138.216	0.25	0	1	69108
138.232	0.25	0	1	69116
138.25	0.25	1	2	69125
138.266	0.25	1	2	69133
138.282	0.25	0	1	69141
138.3	0.25	0	1	69150
138.316	0.25	0	1	69158
138.332	0.25	0	1	69166
138.35	0.25	0	1	69175
138.366	0.25	0	1	69183
138.382	0.25	1	2	69191
138.4	0.25	1	2	69200
138.416	0.25	0	1	69208
138.432	0.25	0	1	69216
138.45	0.25	1	2	69225
138.466	0.25	1	2	69233
138.482	0.25	0	1	69241
138.5	0.25	0	1	69250
138.516	0.25	0	1	69258
138.532	0.25	0	1	69266
138.55	0.25	1	2	69275
140.032	0.25	0	1	70016
140.05	0.25	0	1	70025
140.066	0.25	0	1	70033
140.082	0.25	0	1	70041
140.1	0.25	1	2	70050
140.116	0.25	1	2	70058
140.132	0.25	1	2	70066
140.15	0.25	1	2	70075
140.166	0.25	0	1	70083
140.182	0.25	0	1	70091
140.2	0.25	0	1	70100
140.216	0.25	0	1	70108
140.232	0.25	0	1	70116
140.25	0.25	0	1	70125
140.266	0.25	0	1	70133
140.282	0.25	0	1	70141
140.3	0.25	1	2	70150
140.316	0.25	1	2	70158
140.332	0.25	1	2	70166
140.35	0.25	1	2	70175
140.366	0.25	1	2	70183
140.382	0.25	1	2	70191
140.4	0.25	1	2	70200
140.416	0.25	1	2	70208
140.432	0.25	1	2	70216
140.45	0.25	1	2	70225
140.466	0.25	0	1	70233
140.482	0.25	0	1	70241
140.5	0.25	0	1	70250
140.516	0.25	0	1	70258
140.532	0.25	0	1	70266
140.55	0.25	0	1	70275
140.566	0.25	0	1	70283
140.582	0.25	0	1	70291
140.6	0.25	0	1	70300
140.616	0.25	0	1	70308
140.632	0.25	0	1	70316
140.65	0.25	0	1	70325
140.666	0.25	1	2	70333
140.682	0.25	1	2	70341
140.7	0.25	1	2	70350
140.716	0.25	1	2	70358
140.732	0.25	0	1	70366
140.75	0.25	0	1	70375
140.766	0.25	0	1	70383
140.782	0.25	0	1	70391
140.8	0.25	1	2	70400
140.816	0.25	1	2	70408
140.832	0.25	0	1	70416
140.85	0.25	0	1	70425
140.866	0.25	1	2	70433
140.882	0.25	1	2	70441
140.9	0.25	0	1	70450
140.916	0.25	0	1	70458
140.932	0.25	1	2	70466
140.95	0.25	1	2	70475
140.966	0.25	0	1	70483
140.982	0.25	0	1	70491
141.0	0.25	1	2	70500
141.016	0.25	1	2	70508
141.032	0.25	1	2	70516
141.05	0.25	1	2	70525
141.066	0.25	0	1	70533
141.082	0.25	0	1	70541
141.1	0.25	1	2	70550
141.116	0.25	1	2	70558
141.132	0.25	0	1	70566
141.15	0.25	0	1	70575
141.166	0.25	0	1	70583
141.182	0.25	0	1	70591
141.2	0.25	0	1	70600
141.216	0.25	0	1	70608
141.232	0.25	1	2	70616
141.25	0.25	1	2	70625
141.266	0.25	0	1	70633
141.282	0.25	0	1	70641
141.3	0.25	0	1	70650
141.316	0.25	0	1	70658
141.332	0.25	0	1	70666
141.35	0.25	0	1	70675
141.366	0.25	1	2	70683
141.382	0.25	1	2	70691
141.4	0.25	1	2	70700
141.416	0.25	1	2	70708
141.432	0.25	1	2	70716
141.45	0.25	1	2	70725
141.466	0.25	0	1	70733
141.482	0.25	0	1	70741
141.5	0.25	1	2	70750
141.516	0.25	1	2	70758
141.532	0.25	0	1	70766
141.55	0.25	0	1	70775
141.566	0.25	1	2	70783
141.582	0.25	1	2	70791
141.6	0.25	1	2	70800
141.616	0.25	1	2	70808
141.632	0.25	1	2	70816
141.65	0.25	1	2	70825
141.666	0.25	1	2	70833
141.682	0.25	1	2	70841
141.7	0.25	1	2	70850
141.716	0.25	1	2	70858
141.732	0.25	0	1	70866
141.75	0.25	0	1	70875
141.766	0.25	0	1	70883
141.782	0.25	0	1	70891
141.8	0.25	1	2	70900
141.816	0.25	1	2	70908
141.832	0.25	0	1	70916
141.85	0.25	0	1	70925
141.866	0.25	0	1	70933
141.882	0.25	0	1	70941
141.9	0.25	0	1	70950
141.916	0.25	0	1	70958
141.932	0.25	1	2	70966
141.95	0.25	1	2	70975
141.966	0.25	1	2	70983
143.45	0.25	1	2	71725
143.466	0.25	1	2	71733
143.482	0.25	1	2	71741
143.5	0.25	1	2	71750
143.516	0.25	0	1	71758
143.532	0.25	0	1	71766
143.55	0.25	1	2	71775
143.566	0.25	1	2	71783
143.582	0.25	1	2	71791
143.6	0.25	1	2	71800
143.616	0.25	0	1	71808
143.632	0.25	0	1	71816
143.65	0.25	1	2	71825
143.666	0.25	1	2	71833
143.682	0.25	1	2	71841
143.7	0.25	1	2	71850
143.716	0.25	0	1	71858
143.732	0.25	0	1	71866
143.75	0.25	1	2	71875
143.766	0.25	1	2	71883
143.782	0.25	1	2	71891
143.8	0.25	1	2	71900
143.816	0.25	0	1	71908
143.832	0.25	0	1	71916
143.85	0.25	0	1	71925
143.866	0.25	0	1	71933
143.882	0.25	0	1	71941
143.9	0.25	0	1	71950
143.916	0.25	1	2	71958
143.932	0.25	1	2	71966
143.95	0.25	1	2	71975
143.966	0.25	1	2	71983
143.982	0.25	1	2	71991
144.0	0.25	1	2	72000
144.016	0.25	0	1	72008
144.032	0.25	0	1	72016
144.05	0.25	0	1	72025
144.066	0.25	0	1	72033
144.082	0.25	0	1	72041
144.1	0.25	0	1	72050
144.116	0.25	1	2	72058
144.132	0.25	1	2	72066
144.15	0.25	1	2	72075
144.166	0.25	1	2	72083
144.182	0.25	1	2	72091
144.2	0.25	1	2	72100
144.216	0.25	1	2	72108
144.232	0.25	1	2	72116
144.25	0.25	1	2	72125
144.266	0.25	1	2	72133
144.282	0.25	0	1	72141
144.3	0.25	0	1	72150
144.316	0.25	0	1	72158
144.332	0.25	0	1	72166
144.35	0.25	1	2	72175
144.366	0.25	1	2	72183
144.382	0.25	0	1	72191
144.4	0.25	0	1	72200
144.416	0.25	1	2	72208
144.432	0.25	1	2	72216
144.45	0.25	0	1	72225
144.466	0.25	0	1	72233
144.482	0.25	0	1	72241
144.5	0.25	0	1	72250
144.516	0.25	1	2	72258
144.532	0.25	1	2	72266
144.55	0.25	1	2	72275
144.566	0.25	1	2	72283
144.582	0.25	0	1	72291
144.6	0.25	0	1	72300
144.616	0.25	0	1	72308
144.632	0.25	0	1	72316
144.65	0.25	0	1	72325
144.666	0.25	0	1	72333
144.682	0.25	0	1	72341
144.7	0.25	0	1	72350
144.716	0.25	1	2	72358
144.732	0.25	1	2	72366
144.75	0.25	0	1	72375
144.766	0.25	0	1	72383
144.782	0.25	0	1	72391
144.8	0.25	0	1	72400
144.816	0.25	0	1	72408
144.832	0.25	0	1	72416
144.85	0.25	0	1	72425
144.866	0.25	0	1	72433
144.882	0.25	1	2	72441
144.9	0.25	1	2	72450
144.916	0.25	1	2	72458
144.932	0.25	1	2	72466
144.95	0.25	1	2	72475
144.966	0.25	1	2	72483
144.982	0.25	1	2	72491
145.0	0.25	1	2	72500
145.016	0.25	1	2	72508
145.032	0.25	1	2	72516
145.05	0.25	1	2	72525
145.066	0.25	1	2	72533
145.082	0.25	0	1	72541
145.1	0.25	0	1	72550
145.116	0.25	1	2	72558
145.132	0.25	1	2	72566
145.15	0.25	0	1	72575
145.166	0.25	0	1	72583
145.182	0.25	1	2	72591
145.2	0.25	1	2	72600
145.216	0.25	0	1	72608
145.232	0.25	0	1	72616
145.25	0.25	0	1	72625
145.266	0.25	0	1	72633
145.282	0.25	1	2	72641
145.3	0.25	1	2	72650
145.316	0.25	1	2	72658
145.332	0.25	1	2	72666
145.35	0.25	0	1	72675
145.366	0.25	0	1	72683
145.382	0.25	0	1	72691
148.066	0.25	1	2	74033
148.082	0.25	1	2	74041
148.1	0.25	1	2	74050
148.116	0.25	1	2	74058
148.132	0.25	0	1	74066
148.15	0.25	0	1	74075
148.166	0.25	1	2	74083
148.182	0.25	1	2	74091
148.2	0.25	1	2	74100
148.216	0.25	1	2	74108
148.232	0.25	0	1	74116
148.25	0.25	0	1	74125
148.266	0.25	1	2	74133
148.282	0.25	1	2	74141
148.3	0.25	1	2	74150
148.316	0.25	1	2	74158
148.332	0.25	0	1	74166
148.35	0.25	0	1	74175
148.366	0.25	1	2	74183
148.382	0.25	1	2	74191
148.4	0.25	1	2	74200
148.416	0.25	1	2	74208
148.432	0.25	0	1	74216
148.45	0.25	0	1	74225
148.466	0.25	0	1	74233
148.482	0.25	0	1	74241
148.5	0.25	0	1	74250
148.516	0.25	0	1	74258
148.532	0.25	1	2	74266
148.55	0.25	1	2	74275
148.566	0.25	1	2	74283
148.582	0.25	1	2	74291
148.6	0.25	1	2	74300
148.616	0.25	1	2	74308
148.632	0.25	0	1	74316
148.65	0.25	0	1	74325
148.666	0.25	0	1	74333
148.682	0.25	0	1	74341
148.7	0.25	0	1	74350
148.716	0.25	0	1	74358
148.732	0.25	1	2	74366
148.75	0.25	1	2	74375
148.766	0.25	1	2	74383
148.782	0.25	1	2	74391
148.8	0.25	1	2	74400
148.816	0.25	1	2	74408
148.832	0.25	1	2	74416
148.85	0.25	1	2	74425
148.866	0.25	1	2	74433
148.882	0.25	1	2	74441
148.9	0.25	0	1	74450
148.916	0.25	0	1	74458
148.932	0.25	0	1	74466
148.95	0.25	0	1	74475
148.966	0.25	1	2	74483
148.982	0.25	1	2	74491
149.0	0.25	0	1	74500
149.016	0.25	0	1	74508
149.032	0.25	1	2	74516
149.05	0.25	1	2	74525
149.066	0.25	0	1	74533
149.082	0.25	0	1	74541
149.1	0.25	0	1	74550
149.116	0.25	0	1	74558
149.132	0.25	1	2	74566
149.15	0.25	1	2	74575
149.166	0.25	1	2	74583
149.182	0.25	1	2	74591
149.2	0.25	0	1	74600
149.216	0.25	0	1	74608
149.232	0.25	0	1	74616
149.25	0.25	0	1	74625
149.266	0.25	0	1	74633
149.282	0.25	0	1	74641
149.3	0.25	0	1	74650
149.316	0.25	0	1	74658
149.332	0.25	1	2	74666
149.35	0.25	1	2	74675
149.366	0.25	0	1	74683
149.382	0.25	0	1	74691
149.4	0.25	0	1	74700
149.416	0.25	0	1	74708
149.432	0.25	0	1	74716
149.45	0.25	0	1	74725
149.466	0.25	0	1	74733
149.482	0.25	0	1	74741
149.5	0.25	1	2	74750
149.516	0.25	1	2	74758
149.532	0.25	1	2	74766
149.55	0.25	1	2	74775
149.566	0.25	1	2	74783
149.582	0.25	1	2	74791
149.6	0.25	1	2	74800
149.616	0.25	1	2	74808
149.632	0.25	1	2	74816
149.65	0.25	1	2	74825
149.666	0.25	1	2	74833
149.682	0.25	1	2	74841
149.7	0.25	0	1	74850
149.716	0.25	0	1	74858
149.732	0.25	1	2	74866
149.75	0.25	1	2	74875
149.766	0.25	0	1	74883
149.782	0.25	0	1	74891
149.8	0.25	1	2	74900
149.816	0.25	1	2	74908
149.832	0.25	0	1	74916
149.85	0.25	0	1	74925
149.866	0.25	0	1	74933
149.882	0.25	0	1	74941
149.9	0.25	1	2	74950
149.916	0.25	1	2	74958
149.932	0.25	1	2	74966
149.95	0.25	1	2	74975
149.966	0.25	0	1	74983
149.982	0.25	0	1	74991
150.0	0.25	0	1	75000
151.482	0.25	1	2	75741
151.5	0.25	1	2	75750
151.516	0.25	1	2	75758
151.532	0.25	1	2	75766
151.55	0.25	0	1	75775
151.566	0.25	0	1	75783
151.582	0.25	0	1	75791
151.6	0.25	0	1	75800
151.616	0.25	0	1	75808
151.632	0.25	0	1	75816
151.65	0.25	0	1	75825
151.666	0.25	0	1	75833
151.682	0.25	1	2	75841
151.7	0.25	1	2	75850
151.716	0.25	0	1	75858
151.732	0.25	0	1	75866
151.75	0.25	0	1	75875
151.766	0.25	0	1	75883
151.782	0.25	1	2	75891
151.8	0.25	1	2	75900
151.816	0.25	1	2	75908
151.832	0.25	1	2	75916
151.85	0.25	0	1	75925
151.866	0.25	0	1	75933
151.882	0.25	0	1	75941
151.9	0.25	0	1	75950
151.916	0.25	0	1	75958
151.932	0.25	0	1	75966
151.95	0.25	0	1	75975
151.966	0.25	0	1	75983
151.982	0.25	0	1	75991
152.0	0.25	0	1	76000
152.016	0.25	0	1	76008
152.032	0.25	0	1	76016
152.05	0.25	1	2	76025
152.066	0.25	1	2	76033
152.082	0.25	0	1	76041
152.1	0.25	0	1	76050
152.116	0.25	1	2	76058
152.132	0.25	1	2	76066
152.15	0.25	1	2	76075
152.166	0.25	1	2	76083
152.182	0.25	0	1	76091
152.2	0.25	0	1	76100
152.216	0.25	1	2	76108
152.232	0.25	1	2	76116
152.25	0.25	0	1	76125
152.266	0.25	0	1	76133
152.282	0.25	1	2	76141
152.3	0.25	1	2	76150
152.316	0.25	0	1	76158
152.332	0.25	0	1	76166
152.35	0.25	1	2	76175
152.366	0.25	1	2	76183
152.382	0.25	0	1	76191
152.4	0.25	0	1	76200
152.416	0.25	0	1	76208
152.432	0.25	0	1	76216
152.45	0.25	0	1	76225
152.466	0.25	0	1	76233
152.482	0.25	1	2	76241
152.5	0.25	1	2	76250
152.516	0.25	1	2	76258
152.532	0.25	1	2	76266
152.55	0.25	1	2	76275
152.566	0.25	1	2	76283
152.582	0.25	0	1	76291
152.6	0.25	0	1	76300
152.616	0.25	1	2	76308
152.632	0.25	1	2	76316
152.65	0.25	1	2	76325
152.666	0.25	1	2	76333
152.682	0.25	1	2	76341
152.7	0.25	1	2	76350
152.716	0.25	0	1	76358
152.732	0.25	0	1	76366
152.75	0.25	1	2	76375
152.766	0.25	1	2	76383
152.782	0.25	0	1	76391
152.8	0.25	0	1	76400
152.816	0.25	1	2	76408
152.832	0.25	1	2	76416
152.85	0.25	1	2	76425
152.866	0.25	1	2	76433
152.882	0.25	0	1	76441
152.9	0.25	0	1	76450
152.916	0.25	0	1	76458
152.932	0.25	0	1	76466
152.95	0.25	0	1	76475
152.966	0.25	0	1	76483
152.982	0.25	1	2	76491
153.0	0.25	1	2	76500
153.016	0.25	1	2	76508
153.032	0.25	1	2	76516
153.05	0.25	0	1	76525
153.066	0.25	0	1	76533
153.082	0.25	1	2	76541
153.1	0.25	1	2	76550
153.116	0.25	1	2	76558
153.132	0.25	1	2	76566
153.15	0.25	1	2	76575
153.166	0.25	1	2	76583
153.182	0.25	0	1	76591
153.2	0.25	0	1	76600
153.216	0.25	0	1	76608
153.232	0.25	0	1	76616
153.25	0.25	0	1	76625
153.266	0.25	0	1	76633
153.282	0.25	0	1	76641
153.3	0.25	0	1	76650
153.316	0.25	0	1	76658
153.332	0.25	0	1	76666
153.35	0.25	1	2	76675
153.366	0.25	1	2	76683
153.382	0.25	1	2	76691
153.4	0.25	1	2	76700
153.416	0.25	1	2	76708
154.9	0.25	0	1	77450
154.916	0.25	0	1	77458
154.932	0.25	0	1	77466
154.95	0.25	0	1	77475
154.966	0.25	1	2	77483
154.982	0.25	1	2	77491
155.0	0.25	1	2	77500
155.016	0.25	1	2	77508
155.032	0.25	0	1	77516
155.05	0.25	0	1	77525
155.066	0.25	0	1	77533
155.082	0.25	0	1	77541
155.1	0.25	0	1	77550
155.116	0.25	0	1	77558
155.132	0.25	0	1	77566
155.15	0.25	0	1	77575
155.166	0.25	1	2	77583
155.182	0.25	1	2	77591
155.2	0.25	1	2	77600
155.216	0.25	1	2	77608
155.232	0.25	1	2	77616
155.25	0.25	1	2	77625
155.266	0.25	1	2	77633
155.282	0.25	1	2	77641
155.3	0.25	1	2	77650
155.316	0.25	1	2	77658
155.332	0.25	0	1	77666
155.35	0.25	0	1	77675
155.366	0.25	0	1	77683
155.382	0.25	0	1	77691
155.4	0.25	0	1	77700
155.416	0.25	0	1	77708
155.432	0.25	0	1	77716
155.45	0.25	0	1	77725
155.466	0.25	0	1	77733
155.482	0.25	0	1	77741
155.5	0.25	0	1	77750
155.516	0.25	0	1	77758
155.532	0.25	1	2	77766
155.55	0.25	1	2	77775
155.566	0.25	1	2	77783
155.582	0.25	1	2	77791
155.6	0.25	0	1	77800
155.616	0.25	0	1	77808
155.632	0.25	0	1	77816
155.65	0.25	0	1	77825
155.666	0.25	1	2	77833
155.682	0.25	1	2	77841
155.7	0.25	0	1	77850
155.716	0.25	0	1	77858
155.732	0.25	1	2	77866
155.75	0.25	1	2	77875
155.766	0.25	0	1	77883
155.782	0.25	0	1	77891
155.8	0.25	1	2	77900
155.816	0.25	1	2	77908
155.832	0.25	0	1	77916
155.85	0.25	0	1	77925
155.866	0.25	1	2	77933
155.882	0.25	1	2	77941
155.9	0.25	1	2	77950
155.916	0.25	1	2	77958
155.932	0.25	0	1	77966
155.95	0.25	0	1	77975
155.966	0.25	1	2	77983
155.982	0.25	1	2	77991
156.0	0.25	0	1	78000
156.016	0.25	0	1	78008
156.032	0.25	0	1	78016
156.05	0.25	0	1	78025
156.066	0.25	0	1	78033
156.082	0.25	0	1	78041
156.1	0.25	1	2	78050
156.116	0.25	1	2	78058
156.132	0.25	0	1	78066
156.15	0.25	0	1	78075
156.166	0.25	0	1	78083
156.182	0.25	0	1	78091
156.2	0.25	0	1	78100
156.216	0.25	0	1	78108
156.232	0.25	1	2	78116
156.25	0.25	1	2	78125
156.266	0.25	1	2	78133
156.282	0.25	1	2	78141
156.3	0.25	1	2	78150
156.316	0.25	1	2	78158
156.332	0.25	0	1	78166
156.35	0.25	0	1	78175
156.366	0.25	1	2	78183
156.382	0.25	1	2	78191
156.4	0.25	0	1	78200
156.416	0.25	0	1	78208
156.432	0.25	1	2	78216
156.45	0.25	1	2	78225
156.466	0.25	1	2	78233
156.482	0.25	1	2	78241
156.5	0.25	1	2	78250
156.516	0.25	1	2	78258
156.532	0.25	1	2	78266
156.55	0.25	1	2	78275
156.566	0.25	1	2	78283
156.582	0.25	1	2	78291
156.6	0.25	0	1	78300
156.616	0.25	0	1	78308
156.632	0.25	0	1	78316
156.65	0.25	0	1	78325
156.666	0.25	1	2	78333
156.682	0.25	1	2	78341
156.7	0.25	0	1	78350
156.716	0.25	0	1	78358
156.732	0.25	0	1	78366
156.75	0.25	0	1	78375
156.766	0.25	0	1	78383
156.782	0.25	0	1	78391
156.8	0.25	1	2	78400
156.816	0.25	1	2	78408
156.832	0.25	1	2	78416
158.316	0.25	1	2	79158
158.332	0.25	1	2	79166
158.35	0.25	1	2	79175
158.366	0.25	1	2	79183
158.382	0.25	1	2	79191
158.4	0.25	1	2	79200
158.416	0.25	1	2	79208
158.432	0.25	1	2	79216
158.45	0.25	1	2	79225
158.466	0.25	1	2	79233
158.482	0.25	1	2	79241
158.5	0.25	1	2	79250
158.516	0.25	1	2	79258
158.532	0.25	1	2	79266
158.55	0.25	0	1	79275
158.566	0.25	0	1	79283
158.582	0.25	0	1	79291
158.6	0.25	0	1	79300
158.616	0.25	1	2	79308
158.632	0.25	1	2	79316
158.65	0.25	1	2	79325
158.666	0.25	1	2	79333
158.682	0.25	0	1	79341
158.7	0.25	0	1	79350
158.716	0.25	0	1	79358
158.732	0.25	0	1	79366
158.75	0.25	1	2	79375
158.766	0.25	1	2	79383
158.782	0.25	1	2	79391
158.8	0.25	1	2	79400
158.816	0.25	0	1	79408
158.832	0.25	0	1	79416
158.85	0.25	0	1	79425
158.866	0.25	0	1	79433
158.882	0.25	1	2	79441
158.9	0.25	1	2	79450
158.916	0.25	0	1	79458
158.932	0.25	0	1	79466
158.95	0.25	1	2	79475
158.966	0.25	1	2	79483
158.982	0.25	1	2	79491
159.0	0.25	1	2	79500
159.016	0.25	0	1	79508
159.032	0.25	0	1	79516
159.05	0.25	1	2	79525
159.066	0.25	1	2	79533
159.082	0.25	0	1	79541
159.1	0.25	0	1	79550
159.116	0.25	0	1	79558
159.132	0.25	0	1	79566
159.15	0.25	1	2	79575
159.166	0.25	1	2	79583
159.182	0.25	0	1	79591
159.2	0.25	0	1	79600
159.216	0.25	1	2	79608
159.232	0.25	1	2	79616
159.25	0.25	1	2	79625
159.266	0.25	1	2	79633
159.282	0.25	1	2	79641
159.3	0.25	1	2	79650
159.316	0.25	0	1	79658
159.332	0.25	0	1	79666
159.35	0.25	0	1	79675
159.366	0.25	0	1	79683
159.382	0.25	0	1	79691
159.4	0.25	0	1	79700
159.416	0.25	1	2	79708
159.432	0.25	1	2	79716
159.45	0.25	0	1	79725
159.466	0.25	0	1	79733
159.482	0.25	1	2	79741
159.5	0.25	1	2	79750
159.516	0.25	1	2	79758
159.532	0.25	1	2	79766
159.55	0.25	1	2	79775
159.566	0.25	1	2	79783
159.582	0.25	0	1	79791
159.6	0.25	0	1	79800
159.616	0.25	0	1	79808
159.632	0.25	0	1	79816
159.65	0.25	1	2	79825
159.666	0.25	1	2	79833
159.682	0.25	0	1	79841
159.7	0.25	0	1	79850
159.716	0.25	1	2	79858
159.732	0.25	1	2	79866
159.75	0.25	0	1	79875
159.766	0.25	0	1	79883
159.782	0.25	0	1	79891
159.8	0.25	0	1	79900
159.816	0.25	0	1	79908
159.832	0.25	0	1	79916
159.85	0.25	1	2	79925
159.866	0.25	1	2	79933
159.882	0.25	1	2	79941
159.9	0.25	1	2	79950
159.916	0.25	0	1	79958
159.932	0.25	0	1	79966
159.95	0.25	1	2	79975
159.966	0.25	1	2	79983
159.982	0.25	0	1	79991
160.0	0.25	0	1	80000
160.016	0.25	0	1	80008
160.032	0.25	0	1	80016
160.05	0.25	0	1	80025
160.066	0.25	0	1	80033
160.082	0.25	1	2	80041
160.1	0.25	1	2	80050
160.116	0.25	0	1	80058
160.132	0.25	0	1	80066
160.15	0.25	1	2	80075
160.166	0.25	1	2	80083
160.182	0.25	0	1	80091
160.2	0.25	0	1	80100
160.216	0.25	0	1	80108
160.232	0.25	0	1	80116
160.25	0.25	1	2	80125
162.882	0.25	0	1	81441
162.9	0.25	0	1	81450
162.916	0.25	0	1	81458
162.932	0.25	0	1	81466
162.95	0.25	1	2	81475
162.966	0.25	1	2	81483
162.982	0.25	1	2	81491
163.0	0.25	1	2	81500
163.016	0.25	0	1	81508
163.032	0.25	0	1	81516
163.05	0.25	0	1	81525
163.066	0.25	0	1	81533
163.082	0.25	0	1	81541
163.1	0.25	0	1	81550
163.116	0.25	0	1	81558
163.132	0.25	0	1	81566
163.15	0.25	1	2	81575
163.166	0.25	1	2	81583
163.182	0.25	1	2	81591
163.2	0.25	1	2	81600
163.216	0.25	1	2	81608
163.232	0.25	1	2	81616
163.25	0.25	1	2	81625
163.266	0.25	1	2	81633
163.282	0.25	1	2	81641
163.3	0.25	1	2	81650
163.316	0.25	0	1	81658
163.332	0.25	0	1	81666
163.35	0.25	0	1	81675
163.366	0.25	0	1	81683
163.382	0.25	0	1	81691
163.4	0.25	0	1	81700
163.416	0.25	0	1	81708
163.432	0.25	0	1	81716
163.45	0.25	0	1	81725
163.466	0.25	0	1	81733
163.482	0.25	0	1	81741
163.5	0.25	0	1	81750
163.516	0.25	1	2	81758
163.532	0.25	1	2	81766
163.55	0.25	1	2	81775
163.566	0.25	1	2	81783
163.582	0.25	0	1	81791
163.6	0.25	0	1	81800
163.616	0.25	0	1	81808
163.632	0.25	0	1	81816
163.65	0.25	1	2	81825
163.666	0.25	1	2	81833
163.682	0.25	0	1	81841
163.7	0.25	0	1	81850
163.716	0.25	1	2	81858
163.732	0.25	1	2	81866
163.75	0.25	0	1	81875
163.766	0.25	0	1	81883
163.782	0.25	1	2	81891
163.8	0.25	1	2	81900
163.816	0.25	0	1	81908
163.832	0.25	0	1	81916
163.85	0.25	1	2	81925
163.866	0.25	1	2	81933
163.882	0.25	1	2	81941
163.9	0.25	1	2	81950
163.916	0.25	0	1	81958
163.932	0.25	0	1	81966
163.95	0.25	1	2	81975
163.966	0.25	1	2	81983
163.982	0.25	0	1	81991
164.0	0.25	0	1	82000
164.016	0.25	0	1	82008
164.032	0.25	0	1	82016
164.05	0.25	0	1	82025
164.066	0.25	0	1	82033
164.082	0.25	1	2	82041
164.1	0.25	1	2	82050
164.116	0.25	0	1	82058
164.132	0.25	0	1	82066
164.15	0.25	0	1	82075
164.166	0.25	0	1	82083
164.182	0.25	0	1	82091
164.2	0.25	0	1	82100
164.216	0.25	1	2	82108
164.232	0.25	1	2	82116
164.25	0.25	1	2	82125
164.266	0.25	1	2	82133
164.282	0.25	1	2	82141
164.3	0.25	1	2	82150
164.316	0.25	0	1	82158
164.332	0.25	0	1	82166
164.35	0.25	1	2	82175
164.366	0.25	1	2	82183
164.382	0.25	0	1	82191
164.4	0.25	0	1	82200
164.416	0.25	1	2	82208
164.432	0.25	1	2	82216
164.45	0.25	1	2	82225
164.466	0.25	1	2	82233
164.482	0.25	1	2	82241
164.5	0.25	1	2	82250
164.516	0.25	1	2	82258
164.532	0.25	1	2	82266
164.55	0.25	1	2	82275
164.566	0.25	1	2	82283
164.582	0.25	0	1	82291
164.6	0.25	0	1	82300
164.616	0.25	0	1	82308
164.632	0.25	0	1	82316
164.65	0.25	1	2	82325
164.666	0.25	1	2	82333
164.682	0.25	0	1	82341
164.7	0.25	0	1	82350
164.716	0.25	0	1	82358
164.732	0.25	0	1	82366
164.75	0.25	0	1	82375
164.766	0.25	0	1	82383
164.782	0.25	1	2	82391
164.8	0.25	1	2	82400
164.816	0.25	1	2	82408
166.3	0.25	1	2	83150
166.316	0.25	1	2	83158
166.332	0.25	1	2	83166
166.35	0.25	1	2	83175
166.366	0.25	0	1	83183
166.382	0.25	0	1	83191
166.4	0.25	1	2	83200
166.416	0.25	1	2	83208
166.432	0.25	1	2	83216
166.45	0.25	1	2	83225
166.466	0.25	0	1	83233
166.482	0.25	0	1	83241
166.5	0.25	1	2	83250
166.516	0.25	1	2	83258
166.532	0.25	1	2	83266
166.55	0.25	1	2	83275
166.566	0.25	0	1	83283
166.582	0.25	0	1	83291
166.6	0.25	1	2	83300
166.616	0.25	1	2	83308
166.632	0.25	1	2	83316
166.65	0.25	1	2	83325
166.666	0.25	0	1	83333
166.682	0.25	0	1	83341
166.7	0.25	0	1	83350
166.716	0.25	0	1	83358
166.732	0.25	0	1	83366
166.75	0.25	0	1	83375
166.766	0.25	1	2	83383
166.782	0.25	1	2	83391
166.8	0.25	1	2	83400
166.816	0.25	1	2	83408
166.832	0.25	1	2	83416
166.85	0.25	1	2	83425
166.866	0.25	0	1	83433
166.882	0.25	0	1	83441
166.9	0.25	0	1	83450
166.916	0.25	0	1	83458
166.932	0.25	0	1	83466
166.95	0.25	0	1	83475
166.966	0.25	1	2	83483
166.982	0.25	1	2	83491
167.0	0.25	1	2	83500
167.016	0.25	1	2	83508
167.032	0.25	1	2	83516
167.05	0.25	1	2	83525
167.066	0.25	1	2	83533
167.082	0.25	1	2	83541
167.1	0.25	1	2	83550
167.116	0.25	1	2	83558
167.132	0.25	0	1	83566
167.15	0.25	0	1	83575
167.166	0.25	0	1	83583
167.182	0.25	0	1	83591
167.2	0.25	1	2	83600
167.216	0.25	1	2	83608
167.232	0.25	0	1	83616
167.25	0.25	0	1	83625
167.266	0.25	1	2	83633
167.282	0.25	1	2	83641
167.3	0.25	0	1	83650
167.316	0.25	0	1	83658
167.332	0.25	0	1	83666
167.35	0.25	0	1	83675
167.366	0.25	1	2	83683
167.382	0.25	1	2	83691
167.4	0.25	1	2	83700
167.416	0.25	1	2	83708
167.432	0.25	0	1	83716
167.45	0.25	0	1	83725
167.466	0.25	0	1	83733
167.482	0.25	0	1	83741
167.5	0.25	0	1	83750
167.516	0.25	0	1	83758
167.532	0.25	0	1	83766
167.55	0.25	0	1	83775
167.566	0.25	1	2	83783
167.582	0.25	1	2	83791
167.6	0.25	0	1	83800
167.616	0.25	0	1	83808
167.632	0.25	0	1	83816
167.65	0.25	0	1	83825
167.666	0.25	0	1	83833
167.682	0.25	0	1	83841
167.7	0.25	0	1	83850
167.716	0.25	0	1	83858
167.732	0.25	1	2	83866
167.75	0.25	1	2	83875
167.766	0.25	1	2	83883
167.782	0.25	1	2	83891
167.8	0.25	1	2	83900
167.816	0.25	1	2	83908
167.832	0.25	1	2	83916
167.85	0.25	1	2	83925
167.866	0.25	1	2	83933
167.882	0.25	1	2	83941
167.9	0.25	1	2	83950
167.916	0.25	1	2	83958
167.932	0.25	0	1	83966
167.95	0.25	0	1	83975
167.966	0.25	1	2	83983
167.982	0.25	1	2	83991
168.0	0.25	0	1	84000
168.016	0.25	0	1	84008
168.032	0.25	1	2	84016
168.05	0.25	1	2	84025
168.066	0.25	0	1	84033
168.082	0.25	0	1	84041
168.1	0.25	0	1	84050
168.116	0.25	0	1	84058
168.132	0.25	1	2	84066
168.15	0.25	1	2	84075
168.166	0.25	1	2	84083
168.182	0.25	1	2	84091
168.2	0.25	0	1	84100
168.216	0.25	0	1	84108
168.232	0.25	0	1	84116
169.716	0.25	1	2	84858
169.732	0.25	1	2	84866
169.75	0.25	1	2	84875
169.766	0.25	1	2	84883
169.782	0.25	1	2	84891
169.8	0.25	1	2	84900
169.816	0.25	1	2	84908
169.832	0.25	1	2	84916
169.85	0.25	1	2	84925
169.866	0.25	1	2	84933
169.882	0.25	1	2	84941
169.9	0.25	1	2	84950
169.916	0.25	1	2	84958
169.932	0.25	1	2	84966
169.95	0.25	0	1	84975
169.966	0.25	0	1	84983
169.982	0.25	0	1	84991
170.0	0.25	0	1	85000
170.016	0.25	1	2	85008
170.032	0.25	1	2	85016
170.05	0.25	1	2	85025
170.066	0.25	1	2	85033
170.082	0.25	0	1	85041
170.1	0.25	0	1	85050
170.116	0.25	0	1	85058
170.132	0.25	0	1	85066
170.15	0.25	1	2	85075
170.166	0.25	1	2	85083
170.182	0.25	1	2	85091
170.2	0.25	1	2	85100
170.216	0.25	0	1	85108
170.232	0.25	0	1	85116
170.25	0.25	0	1	85125
170.266	0.25	0	1	85133
170.282	0.25	1	2	85141
170.3	0.25	1	2	85150
170.316	0.25	0	1	85158
170.332	0.25	0	1	85166
170.35	0.25	1	2	85175
170.366	0.25	1	2	85183
170.382	0.25	1	2	85191
170.4	0.25	1	2	85200
170.416	0.25	0	1	85208
170.432	0.25	0	1	85216
170.45	0.25	1	2	85225
170.466	0.25	1	2	85233
170.482	0.25	0	1	85241
170.5	0.25	0	1	85250
170.516	0.25	0	1	85258
170.532	0.25	0	1	85266
170.55	0.25	1	2	85275
170.566	0.25	1	2	85283
170.582	0.25	0	1	85291
170.6	0.25	0	1	85300
170.616	0.25	1	2	85308
170.632	0.25	1	2	85316
170.65	0.25	1	2	85325
170.666	0.25	1	2	85333
170.682	0.25	1	2	85341
170.7	0.25	1	2	85350
170.716	0.25	0	1	85358
170.732	0.25	0	1	85366
170.75	0.25	0	1	85375
170.766	0.25	0	1	85383
170.782	0.25	0	1	85391
170.8	0.25	0	1	85400
170.816	0.25	1	2	85408
170.832	0.25	1	2	85416
170.85	0.25	0	1	85425
170.866	0.25	0	1	85433
170.882	0.25	1	2	85441
170.9	0.25	1	2	85450
170.916	0.25	1	2	85458
170.932	0.25	1	2	85466
170.95	0.25	1	2	85475
170.966	0.25	1	2	85483
170.982	0.25	0	1	85491
171.0	0.25	0	1	85500
171.016	0.25	0	1	85508
171.032	0.25	0	1	85516
171.05	0.25	1	2	85525
171.066	0.25	1	2	85533
171.082	0.25	0	1	85541
171.1	0.25	0	1	85550
171.116	0.25	1	2	85558
171.132	0.25	1	2	85566
171.15	0.25	0	1	85575
171.166	0.25	0	1	85583
171.182	0.25	0	1	85591
171.2	0.25	0	1	85600
171.216	0.25	0	1	85608
171.232	0.25	0	1	85616
171.25	0.25	1	2	85625
171.266	0.25	1	2	85633
171.282	0.25	1	2	85641
171.3	0.25	1	2	85650
171.316	0.25	0	1	85658
171.332	0.25	0	1	85666
171.35	0.25	1	2	85675
171.366	0.25	1	2	85683
171.382	0.25	0	1	85691
171.4	0.25	0	1	85700
171.416	0.25	0	1	85708
171.432	0.25	0	1	85716
171.45	0.25	0	1	85725
171.466	0.25	0	1	85733
171.482	0.25	1	2	85741
171.5	0.25	1	2	85750
171.516	0.25	0	1	85758
171.532	0.25	0	1	85766
171.55	0.25	1	2	85775
171.566	0.25	1	2	85783
171.582	0.25	0	1	85791
171.6	0.25	0	1	85800
171.616	0.25	0	1	85808
171.632	0.25	0	1	85816
171.65	0.25	1	2	85825
173.132	0.25	1	2	86566
173.15	0.25	1	2	86575
173.166	0.25	1	2	86583
173.182	0.25	1	2	86591
173.2	0.25	0	1	86600
173.216	0.25	0	1	86608
173.232	0.25	0	1	86616
173.25	0.25	0	1	86625
173.266	0.25	0	1	86633
173.282	0.25	0	1	86641
173.3	0.25	0	1	86650
173.316	0.25	0	1	86658
173.332	0.25	1	2	86666
173.35	0.25	1	2	86675
173.366	0.25	0	1	86683
173.382	0.25	0	1	86691
173.4	0.25	0	1	86700
173.416	0.25	0	1	86708
173.432	0.25	1	2	86716
173.45	0.25	1	2	86725
173.466	0.25	1	2	86733
173.482	0.25	1	2	86741
173.5	0.25	0	1	86750
173.516	0.25	0	1	86758
173.532	0.25	0	1	86766
173.55	0.25	0	1	86775
173.566	0.25	0	1	86783
173.582	0.25	0	1	86791
173.6	0.25	0	1	86800
173.616	0.25	0	1	86808
173.632	0.25	0	1	86816
173.65	0.25	0	1	86825
173.666	0.25	0	1	86833
173.682	0.25	0	1	86841
173.7	0.25	1	2	86850
173.716	0.25	1	2	86858
173.732	0.25	0	1	86866
173.75	0.25	0	1	86875
173.766	0.25	1	2	86883
173.782	0.25	1	2	86891
173.8	0.25	1	2	86900
173.816	0.25	1	2	86908
173.832	0.25	0	1	86916
173.85	0.25	0	1	86925
173.866	0.25	1	2	86933
173.882	0.25	1	2	86941
173.9	0.25	0	1	86950
173.916	0.25	0	1	86958
173.932	0.25	1	2	86966
173.95	0.25	1	2	86975
173.966	0.25	0	1	86983
173.982	0.25	0	1	86991
174.0	0.25	1	2	87000
174.016	0.25	1	2	87008
174.032	0.25	0	1	87016
174.05	0.25	0	1	87025
174.066	0.25	0	1	87033
174.082	0.25	0	1	87041
174.1	0.25	0	1	87050
174.116	0.25	0	1	87058
174.132	0.25	1	2	87066
174.15	0.25	1	2	87075
174.166	0.25	1	2	87083
174.182	0.25	1	2	87091
174.2	0.25	1	2	87100
174.216	0.25	1	2	87108
174.232	0.25	0	1	87116
174.25	0.25	0	1	87125
174.266	0.25	1	2	87133
174.282	0.25	1	2	87141
174.3	0.25	1	2	87150
174.316	0.25	1	2	87158
174.332	0.25	1	2	87166
174.35	0.25	1	2	87175
174.366	0.25	0	1	87183
174.382	0.25	0	1	87191
174.4	0.25	1	2	87200
174.416	0.25	1	2	87208
174.432	0.25	0	1	87216
174.45	0.25	0	1	87225
174.466	0.25	1	2	87233
174.482	0.25	1	2	87241
174.5	0.25	1	2	87250
174.516	0.25	1	2	87258
174.532	0.25	0	1	87266
174.55	0.25	0	1	87275
174.566	0.25	0	1	87283
174.582	0.25	0	1	87291
174.6	0.25	0	1	87300
174.616	0.25	0	1	87308
174.632	0.25	1	2	87316
174.65	0.25	1	2	87325
174.666	0.25	1	2	87333
174.682	0.25	1	2	87341
174.7	0.25	0	1	87350
174.716	0.25	0	1	87358
174.732	0.25	1	2	87366
174.75	0.25	1	2	87375
174.766	0.25	1	2	87383
174.782	0.25	1	2	87391
174.8	0.25	1	2	87400
174.816	0.25	1	2	87408
174.832	0.25	0	1	87416
174.85	0.25	0	1	87425
174.866	0.25	0	1	87433
174.882	0.25	0	1	87441
174.9	0.25	0	1	87450
174.916	0.25	0	1	87458
174.932	0.25	0	1	87466
174.95	0.25	0	1	87475
174.966	0.25	0	1	87483
174.982	0.25	0	1	87491
175.0	0.25	1	2	87500
175.016	0.25	1	2	87508
175.032	0.25	1	2	87516
175.05	0.25	1	2	87525
175.066	0.25	1	2	87533
177.816	0.25	1	2	88908
177.832	0.25	1	2	88916
177.85	0.25	1	2	88925
177.866	0.25	1	2	88933
177.882	0.25	1	2	88941
177.9	0.25	1	2	88950
177.916	0.25	1	2	88958
177.932	0.25	1	2	88966
177.95	0.25	1	2	88975
177.966	0.25	1	2	88983
177.982	0.25	1	2	88991
178.0	0.25	1	2	89000
178.016	0.25	1	2	89008
178.032	0.25	1	2	89016
178.05	0.25	0	1	89025
178.066	0.25	0	1	89033
178.082	0.25	0	1	89041
178.1	0.25	0	1	89050
178.116	0.25	1	2	89058
178.132	0.25	1	2	89066
178.15	0.25	1	2	89075
178.166	0.25	1	2	89083
178.182	0.25	0	1	89091
178.2	0.25	0	1	89100
178.216	0.25	0	1	89108
178.232	0.25	0	1	89116
178.25	0.25	1	2	89125
178.266	0.25	1	2	89133
178.282	0.25	1	2	89141
178.3	0.25	1	2	89150
178.316	0.25	0	1	89158
178.332	0.25	0	1	89166
178.35	0.25	0	1	89175
178.366	0.25	0	1	89183
178.382	0.25	1	2	89191
178.4	0.25	1	2	89200
178.416	0.25	0	1	89208
178.432	0.25	0	1	89216
178.45	0.25	1	2	89225
178.466	0.25	1	2	89233
178.482	0.25	1	2	89241
178.5	0.25	1	2	89250
178.516	0.25	0	1	89258
178.532	0.25	0	1	89266
178.55	0.25	1	2	89275
178.566	0.25	1	2	89283
178.582	0.25	0	1	89291
178.6	0.25	0	1	89300
178.616	0.25	0	1	89308
178.632	0.25	0	1	89316
178.65	0.25	1	2	89325
178.666	0.25	1	2	89333
178.682	0.25	0	1	89341
178.7	0.25	0	1	89350
178.716	0.25	1	2	89358
178.732	0.25	1	2	89366
178.75	0.25	1	2	89375
178.766	0.25	1	2	89383
178.782	0.25	1	2	89391
178.8	0.25	1	2	89400
178.816	0.25	0	1	89408
178.832	0.25	0	1	89416
178.85	0.25	0	1	89425
178.866	0.25	0	1	89433
178.882	0.25	0	1	89441
178.9	0.25	0	1	89450
178.916	0.25	1	2	89458
178.932	0.25	1	2	89466
178.95	0.25	0	1	89475
178.966	0.25	0	1	89483
178.982	0.25	1	2	89491
179.0	0.25	1	2	89500
179.016	0.25	1	2	89508
179.032	0.25	1	2	89516
179.05	0.25	1	2	89525
179.066	0.25	1	2	89533
179.082	0.25	0	1	89541
179.1	0.25	0	1	89550
179.116	0.25	0	1	89558
179.132	0.25	0	1	89566
179.15	0.25	1	2	89575
179.166	0.25	1	2	89583
179.182	0.25	0	1	89591
179.2	0.25	0	1	89600
179.216	0.25	1	2	89608
179.232	0.25	1	2	89616
179.25	0.25	0	1	89625
179.266	0.25	0	1	89633
179.282	0.25	0	1	89641
179.3	0.25	0	1	89650
179.316	0.25	0	1	89658
179.332	0.25	0	1	89666
179.35	0.25	1	2	89675
179.366	0.25	1	2	89683
179.382	0.25	1	2	89691
179.4	0.25	1	2	89700
179.416	0.25	0	1	89708
179.432	0.25	0	1	89716
179.45	0.25	1	2	89725
179.466	0.25	1	2	89733
179.482	0.25	0	1	89741
179.5	0.25	0	1	89750
179.516	0.25	0	1	89758
179.532	0.25	0	1	89766
179.55	0.25	0	1	89775
179.566	0.25	0	1	89783
179.582	0.25	1	2	89791
179.6	0.25	1	2	89800
179.616	0.25	0	1	89808
179.632	0.25	0	1	89816
179.65	0.25	1	2	89825
179.666	0.25	1	2	89833
179.682	0.25	0	1	89841
179.7	0.25	0	1	89850
179.716	0.25	0	1	89858
179.732	0.25	0	1	89866
179.75	0.25	1	2	89875
181.232	0.25	1	2	90616
181.25	0.25	1	2	90625
181.266	0.25	1	2	90633
181.282	0.25	1	2	90641
181.3	0.25	0	1	90650
181.316	0.25	0	1	90658
181.332	0.25	0	1	90666
181.35	0.25	0	1	90675
181.366	0.25	0	1	90683
181.382	0.25	0	1	90691
181.4	0.25	0	1	90700
181.416	0.25	0	1	90708
181.432	0.25	1	2	90716
181.45	0.25	1	2	90725
181.466	0.25	0	1	90733
181.482	0.25	0	1	90741
181.5	0.25	0	1	90750
181.516	0.25	0	1	90758
181.532	0.25	1	2	90766
181.55	0.25	1	2	90775
181.566	0.25	1	2	90783
181.582	0.25	1	2	90791
181.6	0.25	0	1	90800
181.616	0.25	0	1	90808
181.632	0.25	0	1	90816
181.65	0.25	0	1	90825
181.666	0.25	0	1	90833
181.682	0.25	0	1	90841
181.7	0.25	0	1	90850
181.716	0.25	0	1	90858
181.732	0.25	0	1	90866
181.75	0.25	0	1	90875
181.766	0.25	0	1	90883
181.782	0.25	0	1	90891
181.8	0.25	1	2	90900
181.816	0.25	1	2	90908
181.832	0.25	0	1	90916
181.85	0.25	0	1	90925
181.866	0.25	1	2	90933
181.882	0.25	1	2	90941
181.9	0.25	1	2	90950
181.916	0.25	1	2	90958
181.932	0.25	0	1	90966
181.95	0.25	0	1	90975
181.966	0.25	1	2	90983
181.982	0.25	1	2	90991
182.0	0.25	0	1	91000
182.016	0.25	0	1	91008
182.032	0.25	1	2	91016
182.05	0.25	1	2	91025
182.066	0.25	0	1	91033
182.082	0.25	0	1	91041
182.1	0.25	1	2	91050
182.116	0.25	1	2	91058
182.132	0.25	0	1	91066
182.15	0.25	0	1	91075
182.166	0.25	0	1	91083
182.182	0.25	0	1	91091
182.2	0.25	0	1	91100
182.216	0.25	0	1	91108
182.232	0.25	1	2	91116
182.25	0.25	1	2	91125
182.266	0.25	1	2	91133
182.282	0.25	1	2	91141
182.3	0.25	1	2	91150
182.316	0.25	1	2	91158
182.332	0.25	0	1	91166
182.35	0.25	0	1	91175
182.366	0.25	1	2	91183
182.382	0.25	1	2	91191
182.4	0.25	1	2	91200
182.416	0.25	1	2	91208
182.432	0.25	1	2	91216
182.45	0.25	1	2	91225
182.466	0.25	0	1	91233
182.482	0.25	0	1	91241
182.5	0.25	1	2	91250
182.516	0.25	1	2	91258
182.532	0.25	0	1	91266
182.55	0.25	0	1	91275
182.566	0.25	1	2	91283
182.582	0.25	1	2	91291
182.6	0.25	1	2	91300
182.616	0.25	1	2	91308
182.632	0.25	0	1	91316
182.65	0.25	0	1	91325
182.666	0.25	0	1	91333
182.682	0.25	0	1	91341
182.7	0.25	0	1	91350
182.716	0.25	0	1	91358
182.732	0.25	1	2	91366
182.75	0.25	1	2	91375
182.766	0.25	1	2	91383
182.782	0.25	1	2	91391
182.8	0.25	0	1	91400
182.816	0.25	0	1	91408
182.832	0.25	1	2	91416
182.85	0.25	1	2	91425
182.866	0.25	1	2	91433
182.882	0.25	1	2	91441
182.9	0.25	1	2	91450
182.916	0.25	1	2	91458
182.932	0.25	0	1	91466
182.95	0.25	0	1	91475
182.966	0.25	0	1	91483
182.982	0.25	0	1	91491
183.0	0.25	0	1	91500
183.016	0.25	0	1	91508
183.032	0.25	0	1	91516
183.05	0.25	0	1	91525
183.066	0.25	0	1	91533
183.082	0.25	0	1	91541
183.1	0.25	1	2	91550
183.116	0.25	1	2	91558
183.132	0.25	1	2	91566
183.15	0.25	1	2	91575
183.166	0.25	1	2	91583
184.65	0.25	0	1	92325
184.666	0.25	0	1	92333
184.682	0.25	0	1	92341
184.7	0.25	0	1	92350
184.716	0.25	1	2	92358
184.732	0.25	1	2	92366
184.75	0.25	1	2	92375
184.766	0.25	1	2	92383
184.782	0.25	0	1	92391
184.8	0.25	0	1	92400
184.816	0.25	0	1	92408
184.832	0.25	0	1	92416
184.85	0.25	0	1	92425
184.866	0.25	0	1	92433
184.882	0.25	0	1	92441
184.9	0.25	0	1	92450
184.916	0.25	1	2	92458
184.932	0.25	1	2	92466
184.95	0.25	1	2	92475
184.966	0.25	1	2	92483
184.982	0.25	1	2	92491
185.0	0.25	1	2	92500
185.016	0.25	1	2	92508
185.032	0.25	1	2	92516
185.05	0.25	1	2	92525
185.066	0.25	1	2	92533
185.082	0.25	0	1	92541
185.1	0.25	0	1	92550
185.116	0.25	0	1	92558
185.132	0.25	0	1	92566
185.15	0.25	0	1	92575
185.166	0.25	0	1	92583
185.182	0.25	0	1	92591
185.2	0.25	0	1	92600
185.216	0.25	0	1	92608
185.232	0.25	0	1	92616
185.25	0.25	0	1	92625
185.266	0.25	0	1	92633
185.282	0.25	1	2	92641
185.3	0.25	1	2	92650
185.316	0.25	1	2	92658
185.332	0.25	1	2	92666
185.35	0.25	0	1	92675
185.366	0.25	0	1	92683
185.382	0.25	0	1	92691
185.4	0.25	0	1	92700
185.416	0.25	1	2	92708
185.432	0.25	1	2	92716
185.45	0.25	0	1	92725
185.466	0.25	0	1	92733
185.482	0.25	1	2	92741
185.5	0.25	1	2	92750
185.516	0.25	0	1	92758
185.532	0.25	0	1	92766
185.55	0.25	1	2	92775
185.566	0.25	1	2	92783
185.582	0.25	0	1	92791
185.6	0.25	0	1	92800
185.616	0.25	1	2	92808
185.632	0.25	1	2	92816
185.65	0.25	1	2	92825
185.666	0.25	1	2	92833
185.682	0.25	0	1	92841
185.7	0.25	0	1	92850
185.716	0.25	1	2	92858
185.732	0.25	1	2	92866
185.75	0.25	0	1	92875
185.766	0.25	0	1	92883
185.782	0.25	0	1	92891
185.8	0.25	0	1	92900
185.816	0.25	0	1	92908
185.832	0.25	0	1	92916
185.85	0.25	1	2	92925
185.866	0.25	1	2	92933
185.882	0.25	0	1	92941
185.9	0.25	0	1	92950
185.916	0.25	0	1	92958
185.932	0.25	0	1	92966
185.95	0.25	0	1	92975
185.966	0.25	0	1	92983
185.982	0.25	1	2	92991
186.0	0.25	1	2	93000
186.016	0.25	1	2	93008
186.032	0.25	1	2	93016
186.05	0.25	1	2	93025
186.066	0.25	1	2	93033
186.082	0.25	0	1	93041
186.1	0.25	0	1	93050
186.116	0.25	1	2	93058
186.132	0.25	1	2	93066
186.15	0.25	0	1	93075
186.166	0.25	0	1	93083
186.182	0.25	1	2	93091
186.2	0.25	1	2	93100
186.216	0.25	1	2	93108
186.232	0.25	1	2	93116
186.25	0.25	1	2	93125
186.266	0.25	1	2	93133
186.282	0.25	1	2	93141
186.3	0.25	1	2	93150
186.316	0.25	1	2	93158
186.332	0.25	1	2	93166
186.35	0.25	0	1	93175
186.366	0.25	0	1	93183
186.382	0.25	0	1	93191
186.4	0.25	0	1	93200
186.416	0.25	1	2	93208
186.432	0.25	1	2	93216
186.45	0.25	0	1	93225
186.466	0.25	0	1	93233
186.482	0.25	0	1	93241
186.5	0.25	0	1	93250
186.516	0.25	0	1	93258
186.532	0.25	0	1	93266
186.55	0.25	1	2	93275
186.566	0.25	1	2	93283
186.582	0.25	1	2	93291
188.066	0.25	1	2	94033
188.082	0.25	1	2	94041
188.1	0.25	1	2	94050
188.116	0.25	1	2	94058
188.132	0.25	0	1	94066
188.15	0.25	0	1	94075
188.166	0.25	1	2	94083
188.182	0.25	1	2	94091
188.2	0.25	1	2	94100
188.216	0.25	1	2	94108
188.232	0.25	0	1	94116
188.25	0.25	0	1	94125
188.266	0.25	1	2	94133
188.282	0.25	1	2	94141
188.3	0.25	1	2	94150
188.316	0.25	1	2	94158
188.332	0.25	0	1	94166
188.35	0.25	0	1	94175
188.366	0.25	1	2	94183
188.382	0.25	1	2	94191
188.4	0.25	1	2	94200
188.416	0.25	1	2	94208
188.432	0.25	0	1	94216
188.45	0.25	0	1	94225
188.466	0.25	0	1	94233
188.482	0.25	0	1	94241
188.5	0.25	0	1	94250
188.516	0.25	0	1	94258
188.532	0.25	1	2	94266
188.55	0.25	1	2	94275
188.566	0.25	1	2	94283
188.582	0.25	1	2	94291
188.6	0.25	1	2	94300
188.616	0.25	1	2	94308
188.632	0.25	0	1	94316
188.65	0.25	0	1	94325
188.666	0.25	0	1	94333
188.682	0.25	0	1	94341
188.7	0.25	0	1	94350
188.716	0.25	0	1	94358
188.732	0.25	1	2	94366
188.75	0.25	1	2	94375
188.766	0.25	1	2	94383
188.782	0.25	1	2	94391
188.8	0.25	1	2	94400
188.816	0.25	1	2	94408
188.832	0.25	1	2	94416
188.85	0.25	1	2	94425
188.866	0.25	1	2	94433
188.882	0.25	1	2	94441
188.9	0.25	0	1	94450
188.916	0.25	0	1	94458
188.932	0.25	0	1	94466
188.95	0.25	0	1	94475
188.966	0.25	1	2	94483
188.982	0.25	1	2	94491
189.0	0.25	0	1	94500
189.016	0.25	0	1	94508
189.032	0.25	1	2	94516
189.05	0.25	1	2	94525
189.066	0.25	0	1	94533
189.082	0.25	0	1	94541
189.1	0.25	0	1	94550
189.116	0.25	0	1	94558
189.132	0.25	1	2	94566
189.15	0.25	1	2	94575
189.166	0.25	1	2	94583
189.182	0.25	1	2	94591
189.2	0.25	0	1	94600
189.216	0.25	0	1	94608
189.232	0.25	0	1	94616
189.25	0.25	0	1	94625
189.266	0.25	0	1	94633
189.282	0.25	0	1	94641
189.3	0.25	0	1	94650
189.316	0.25	0	1	94658
189.332	0.25	1	2	94666
189.35	0.25	1	2	94675
189.366	0.25	0	1	94683
189.382	0.25	0	1	94691
189.4	0.25	0	1	94700
189.416	0.25	0	1	94708
189.432	0.25	0	1	94716
189.45	0.25	0	1	94725
189.466	0.25	0	1	94733
189.482	0.25	0	1	94741
189.5	0.25	1	2	94750
189.516	0.25	1	2	94758
189.532	0.25	1	2	94766
189.55	0.25	1	2	94775
189.566	0.25	1	2	94783
189.582	0.25	1	2	94791
189.6	0.25	1	2	94800
189.616	0.25	1	2	94808
189.632	0.25	1	2	94816
189.65	0.25	1	2	94825
189.666	0.25	1	2	94833
189.682	0.25	1	2	94841
189.7	0.25	0	1	94850
189.716	0.25	0	1	94858
189.732	0.25	1	2	94866
189.75	0.25	1	2	94875
189.766	0.25	0	1	94883
189.782	0.25	0	1	94891
189.8	0.25	1	2	94900
189.816	0.25	1	2	94908
189.832	0.25	0	1	94916
189.85	0.25	0	1	94925
189.866	0.25	0	1	94933
189.882	0.25	0	1	94941
189.9	0.25	1	2	94950
189.916	0.25	1	2	94958
189.932	0.25	1	2	94966
189.95	0.25	1	2	94975
189.966	0.25	0	1	94983
189.982	0.25	0	1	94991
190.0	0.25	0	1	95000
192.682	0.25	1	2	96341
192.7	0.25	1	2	96350
192.716	0.25	1	2	96358
192.732	0.25	1	2	96366
192.75	0.25	1	2	96375
192.766	0.25	1	2	96383
192.782	0.25	1	2	96391
192.8	0.25	1	2	96400
192.816	0.25	1	2	96408
192.832	0.25	1	2	96416
192.85	0.25	1	2	96425
192.866	0.25	1	2	96433
192.882	0.25	1	2	96441
192.9	0.25	1	2	96450
192.916	0.25	0	1	96458
192.932	0.25	0	1	96466
192.95	0.25	0	1	96475
192.966	0.25	0	1	96483
192.982	0.25	1	2	96491
193.0	0.25	1	2	96500
193.016	0.25	1	2	96508
193.032	0.25	1	2	96516
193.05	0.25	0	1	96525
193.066	0.25	0	1	96533
193.082	0.25	0	1	96541
193.1	0.25	0	1	96550
193.116	0.25	1	2	96558
193.132	0.25	1	2	96566
193.15	0.25	1	2	96575
193.166	0.25	1	2	96583
193.182	0.25	0	1	96591
193.2	0.25	0	1	96600
193.216	0.25	0	1	96608
193.232	0.25	0	1	96616
193.25	0.25	1	2	96625
193.266	0.25	1	2	96633
193.282	0.25	0	1	96641
193.3	0.25	0	1	96650
193.316	0.25	1	2	96658
193.332	0.25	1	2	96666
193.35	0.25	1	2	96675
193.366	0.25	1	2	96683
193.382	0.25	0	1	96691
193.4	0.25	0	1	96700
193.416	0.25	1	2	96708
193.432	0.25	1	2	96716
193.45	0.25	0	1	96725
193.466	0.25	0	1	96733
193.482	0.25	0	1	96741
193.5	0.25	0	1	96750
193.516	0.25	1	2	96758
193.532	0.25	1	2	96766
193.55	0.25	0	1	96775
193.566	0.25	0	1	96783
193.582	0.25	1	2	96791
193.6	0.25	1	2	96800
193.616	0.25	1	2	96808
193.632	0.25	1	2	96816
193.65	0.25	1	2	96825
193.666	0.25	1	2	96833
193.682	0.25	0	1	96841
193.7	0.25	0	1	96850
193.716	0.25	0	1	96858
193.732	0.25	0	1	96866
193.75	0.25	0	1	96875
193.766	0.25	0	1	96883
193.782	0.25	1	2	96891
193.8	0.25	1	2	96900
193.816	0.25	0	1	96908
193.832	0.25	0	1	96916
193.85	0.25	1	2	96925
193.866	0.25	1	2	96933
193.882	0.25	1	2	96941
193.9	0.25	1	2	96950
193.916	0.25	1	2	96958
193.932	0.25	1	2	96966
193.95	0.25	0	1	96975
193.966	0.25	0	1	96983
193.982	0.25	0	1	96991
194.0	0.25	0	1	97000
194.016	0.25	1	2	97008
194.032	0.25	1	2	97016
194.05	0.25	0	1	97025
194.066	0.25	0	1	97033
194.082	0.25	1	2	97041
194.1	0.25	1	2	97050
194.116	0.25	0	1	97058
194.132	0.25	0	1	97066
194.15	0.25	0	1	97075
194.166	0.25	0	1	97083
194.182	0.25	0	1	97091
194.2	0.25	0	1	97100
194.216	0.25	1	2	97108
194.232	0.25	1	2	97116
194.25	0.25	1	2	97125
194.266	0.25	1	2	97133
194.282	0.25	0	1	97141
194.3	0.25	0	1	97150
194.316	0.25	1	2	97158
194.332	0.25	1	2	97166
194.35	0.25	0	1	97175
194.366	0.25	0	1	97183
194.382	0.25	0	1	97191
194.4	0.25	0	1	97200
194.416	0.25	0	1	97208
194.432	0.25	0	1	97216
194.45	0.25	1	2	97225
194.466	0.25	1	2	97233
194.482	0.25	0	1	97241
194.5	0.25	0	1	97250
194.516	0.25	1	2	97258
194.532	0.25	1	2	97266
194.55	0.25	0	1	97275
194.566	0.25	0	1	97283
194.582	0.25	0	1	97291
194.6	0.25	0	1	97300
194.616	0.25	1	2	97308
196.1	0.25	1	2	98050
196.116	0.25	1	2	98058
196.132	0.25	1	2	98066
196.15	0.25	1	2	98075
196.166	0.25	0	1	98083
196.182	0.25	0	1	98091
196.2	0.25	0	1	98100
196.216	0.25	0	1	98108
196.232	0.25	0	1	98116
196.25	0.25	0	1	98125
196.266	0.25	0	1	98133
196.282	0.25	0	1	98141
196.3	0.25	1	2	98150
196.316	0.25	1	2	98158
196.332	0.25	0	1	98166
196.35	0.25	0	1	98175
196.366	0.25	0	1	98183
196.382	0.25	0	1	98191
196.4	0.25	1	2	98200
196.416	0.25	1	2	98208
196.432	0.25	1	2	98216
196.45	0.25	1	2	98225
196.466	0.25	0	1	98233
196.482	0.25	0	1	98241
196.5	0.25	0	1	98250
196.516	0.25	0	1	98258
196.532	0.25	0	1	98266
196.55	0.25	0	1	98275
196.566	0.25	0	1	98283
196.582	0.25	0	1	98291
196.6	0.25	0	1	98300
196.616	0.25	0	1	98308
196.632	0.25	0	1	98316
196.65	0.25	0	1	98325
196.666	0.25	1	2	98333
196.682	0.25	1	2	98341
196.7	0.25	0	1	98350
196.716	0.25	0	1	98358
196.732	0.25	1	2	98366
196.75	0.25	1	2	98375
196.766	0.25	1	2	98383
196.782	0.25	1	2	98391
196.8	0.25	0	1	98400
196.816	0.25	0	1	98408
196.832	0.25	1	2	98416
196.85	0.25	1	2	98425
196.866	0.25	0	1	98433
196.882	0.25	0	1	98441
196.9	0.25	1	2	98450
196.916	0.25	1	2	98458
196.932	0.25	0	1	98466
196.95	0.25	0	1	98475
196.966	0.25	1	2	98483
196.982	0.25	1	2	98491
197.0	0.25	0	1	98500
197.016	0.25	0	1	98508
197.032	0.25	0	1	98516
197.05	0.25	0	1	98525
197.066	0.25	0	1	98533
197.082	0.25	0	1	98541
197.1	0.25	1	2	98550
197.116	0.25	1	2	98558
197.132	0.25	1	2	98566
197.15	0.25	1	2	98575
197.166	0.25	1	2	98583
197.182	0.25	1	2	98591
197.2	0.25	0	1	98600
197.216	0.25	0	1	98608
197.232	0.25	1	2	98616
197.25	0.25	1	2	98625
197.266	0.25	1	2	98633
197.282	0.25	1	2	98641
197.3	0.25	1	2	98650
197.316	0.25	1	2	98658
197.332	0.25	0	1	98666
197.35	0.25	0	1	98675
197.366	0.25	1	2	98683
197.382	0.25	1	2	98691
197.4	0.25	0	1	98700
197.416	0.25	0	1	98708
197.432	0.25	1	2	98716
197.45	0.25	1	2	98725
197.466	0.25	1	2	98733
197.482	0.25	1	2	98741
197.5	0.25	0	1	98750
197.516	0.25	0	1	98758
197.532	0.25	0	1	98766
197.55	0.25	0	1	98775
197.566	0.25	0	1	98783
197.582	0.25	0	1	98791
197.6	0.25	1	2	98800
197.616	0.25	1	2	98808
197.632	0.25	1	2	98816
197.65	0.25	1	2	98825
197.666	0.25	0	1	98833
197.682	0.25	0	1	98841
197.7	0.25	1	2	98850
197.716	0.25	1	2	98858
197.732	0.25	1	2	98866
197.75	0.25	1	2	98875
197.766	0.25	1	2	98883
197.782	0.25	1	2	98891
197.8	0.25	0	1	98900
197.816	0.25	0	1	98908
197.832	0.25	0	1	98916
197.85	0.25	0	1	98925
197.866	0.25	0	1	98933
197.882	0.25	0	1	98941
197.9	0.25	0	1	98950
197.916	0.25	0	1	98958
197.932	0.25	0	1	98966
197.95	0.25	0	1	98975
197.966	0.25	1	2	98983
197.982	0.25	1	2	98991
198.0	0.25	1	2	99000
198.016	0.25	1	2	99008
198.032	0.25	1	2	99016
199.516	0.25	1	2	99758
199.532	0.25	1	2	99766
199.55	0.25	1	2	99775
199.566	0.25	1	2	99783
199.582	0.25	0	1	99791
199.6	0.25	0	1	99800
199.616	0.25	1	2	99808
199.632	0.25	1	2	99816
199.65	0.25	1	2	99825
199.666	0.25	1	2	99833
199.682	0.25	0	1	99841
199.7	0.25	0	1	99850
199.716	0.25	1	2	99858
199.732	0.25	1	2	99866
199.75	0.25	1	2	99875
199.766	0.25	1	2	99883
199.782	0.25	0	1	99891
199.8	0.25	0	1	99900
199.816	0.25	1	2	99908
199.832	0.25	1	2	99916
199.85	0.25	1	2	99925
199.866	0.25	1	2	99933
199.882	0.25	0	1	99941
199.9	0.25	0	1	99950
199.916	0.25	0	1	99958
199.932	0.25	0	1	99966
199.95	0.25	0	1	99975
199.966	0.25	0	1	99983
199.982	0.25	1	2	99991
200.0	0.25	1	2	100000
200.016	0.25	1	2	100008
200.032	0.25	1	2	100016
200.05	0.25	1	2	100025
200.066	0.25	1	2	100033
200.082	0.25	0	1	100041
200.1	0.25	0	1	100050
200.116	0.25	0	1	100058
200.132	0.25	0	1	100066
200.15	0.25	0	1	100075
200.166	0.25	0	1	100083
200.182	0.25	1	2	100091
200.2	0.25	1	2	100100
200.216	0.25	1	2	100108
200.232	0.25	1	2	100116
200.25	0.25	1	2	100125
200.266	0.25	1	2	100133
200.282	0.25	1	2	100141
200.3	0.25	1	2	100150
200.316	0.25	1	2	100158
200.332	0.25	1	2	100166
200.35	0.25	0	1	100175
200.366	0.25	0	1	100183
200.382	0.25	0	1	100191
200.4	0.25	0	1	100200
200.416	0.25	1	2	100208
200.432	0.25	1	2	100216
200.45	0.25	0	1	100225
200.466	0.25	0	1	100233
200.482	0.25	1	2	100241
200.5	0.25	1	2	100250
200.516	0.25	0	1	100258
200.532	0.25	0	1	100266
200.55	0.25	0	1	100275
200.566	0.25	0	1	100283
200.582	0.25	1	2	100291
200.6	0.25	1	2	100300
200.616	0.25	1	2	100308
200.632	0.25	1	2	100316
200.65	0.25	0	1	100325
200.666	0.25	0	1	100333
200.682	0.25	0	1	100341
200.7	0.25	0	1	100350
200.716	0.25	0	1	100358
200.732	0.25	0	1	100366
200.75	0.25	0	1	100375
200.766	0.25	0	1	100383
200.782	0.25	1	2	100391
200.8	0.25	1	2	100400
200.816	0.25	0	1	100408
200.832	0.25	0	1	100416
200.85	0.25	0	1	100425
200.866	0.25	0	1	100433
200.882	0.25	0	1	100441
200.9	0.25	0	1	100450
200.916	0.25	0	1	100458
200.932	0.25	0	1	100466
200.95	0.25	1	2	100475
200.966	0.25	1	2	100483
200.982	0.25	1	2	100491
201.0	0.25	1	2	100500
201.016	0.25	1	2	100508
201.032	0.25	1	2	100516
201.05	0.25	1	2	100525
201.066	0.25	1	2	100533
201.082	0.25	1	2	100541
201.1	0.25	1	2	100550
201.116	0.25	1	2	100558
201.132	0.25	1	2	100566
201.15	0.25	0	1	100575
201.166	0.25	0	1	100583
201.182	0.25	1	2	100591
201.2	0.25	1	2	100600
201.216	0.25	0	1	100608
201.232	0.25	0	1	100616
201.25	0.25	1	2	100625
201.266	0.25	1	2	100633
201.282	0.25	0	1	100641
201.3	0.25	0	1	100650
201.316	0.25	0	1	100658
201.332	0.25	0	1	100666
201.35	0.25	1	2	100675
201.366	0.25	1	2	100683
201.382	0.25	1	2	100691
201.4	0.25	1	2	100700
201.416	0.25	0	1	100708
201.432	0.25	0	1	100716
201.45	0.25	0	1	100725
202.932	0.25	0	1	101466
202.95	0.25	0	1	101475
202.966	0.25	0	1	101483
202.982	0.25	0	1	101491
203.0	0.25	1	2	101500
203.016	0.25	1	2	101508
203.032	0.25	1	2	101516
203.05	0.25	1	2	101525
203.066	0.25	0	1	101533
203.082	0.25	0	1	101541
203.1	0.25	0	1	101550
203.116	0.25	0	1	101558
203.132	0.25	0	1	101566
203.15	0.25	0	1	101575
203.166	0.25	0	1	101583
203.182	0.25	0	1	101591
203.2	0.25	1	2	101600
203.216	0.25	1	2	101608
203.232	0.25	1	2	101616
203.25	0.25	1	2	101625
203.266	0.25	1	2	101633
203.282	0.25	1	2	101641
203.3	0.25	1	2	101650
203.316	0.25	1	2	101658
203.332	0.25	1	2	101666
203.35	0.25	1	2	101675
203.366	0.25	0	1	101683
203.382	0.25	0	1	101691
203.4	0.25	0	1	101700
203.416	0.25	0	1	101708
203.432	0.25	0	1	101716
203.45	0.25	0	1	101725
203.466	0.25	0	1	101733
203.482	0.25	0	1	101741
203.5	0.25	0	1	101750
203.516	0.25	0	1	101758
203.532	0.25	0	1	101766
203.55	0.25	0	1	101775
203.566	0.25	1	2	101783
203.582	0.25	1	2	101791
203.6	0.25	1	2	101800
203.616	0.25	1	2	101808
203.632	0.25	0	1	101816
203.65	0.25	0	1	101825
203.666	0.25	0	1	101833
203.682	0.25	0	1	101841
203.7	0.25	1	2	101850
203.716	0.25	1	2	101858
203.732	0.25	0	1	101866
203.75	0.25	0	1	101875
203.766	0.25	1	2	101883
203.782	0.25	1	2	101891
203.8	0.25	0	1	101900
203.816	0.25	0	1	101908
203.832	0.25	1	2	101916
203.85	0.25	1	2	101925
203.866	0.25	0	1	101933
203.882	0.25	0	1	101941
203.9	0.25	1	2	101950
203.916	0.25	1	2	101958
203.932	0.25	1	2	101966
203.95	0.25	1	2	101975
203.966	0.25	0	1	101983
203.982	0.25	0	1	101991
204.0	0.25	1	2	102000
204.016	0.25	1	2	102008
204.032	0.25	0	1	102016
204.05	0.25	0	1	102025
204.066	0.25	0	1	102033
204.082	0.25	0	1	102041
204.1	0.25	0	1	102050
204.116	0.25	0	1	102058
204.132	0.25	1	2	102066
204.15	0.25	1	2	102075
204.166	0.25	0	1	102083
204.182	0.25	0	1	102091
204.2	0.25	0	1	102100
204.216	0.25	0	1	102108
204.232	0.25	0	1	102116
204.25	0.25	0	1	102125
204.266	0.25	1	2	102133
204.282	0.25	1	2	102141
204.3	0.25	1	2	102150
204.316	0.25	1	2	102158
204.332	0.25	1	2	102166
204.35	0.25	1	2	102175
204.366	0.25	0	1	102183
204.382	0.25	0	1	102191
204.4	0.25	1	2	102200
204.416	0.25	1	2	102208
204.432	0.25	0	1	102216
204.45	0.25	0	1	102225
204.466	0.25	1	2	102233
204.482	0.25	1	2	102241
204.5	0.25	1	2	102250
204.516	0.25	1	2	102258
204.532	0.25	1	2	102266
204.55	0.25	1	2	102275
204.566	0.25	1	2	102283
204.582	0.25	1	2	102291
204.6	0.25	1	2	102300
204.616	0.25	1	2	102308
204.632	0.25	0	1	102316
204.65	0.25	0	1	102325
204.666	0.25	0	1	102333
204.682	0.25	0	1	102341
204.7	0.25	1	2	102350
204.716	0.25	1	2	102358
204.732	0.25	0	1	102366
204.75	0.25	0	1	102375
204.766	0.25	0	1	102383
204.782	0.25	0	1	102391
204.8	0.25	0	1	102400
204.816	0.25	0	1	102408
204.832	0.25	1	2	102416
204.85	0.25	1	2	102425
204.866	0.25	1	2	102433
207.716	0.25	1	2	103858
207.732	0.25	1	2	103866
207.75	0.25	1	2	103875
207.766	0.25	1	2	103883
207.782	0.25	1	2	103891
207.8	0.25	1	2	103900
207.816	0.25	1	2	103908
207.832	0.25	1	2	103916
207.85	0.25	1	2	103925
207.866	0.25	1	2	103933
207.882	0.25	1	2	103941
207.9	0.25	1	2	103950
207.916	0.25	1	2	103958
207.932	0.25	1	2	103966
207.95	0.25	0	1	103975
207.966	0.25	0	1	103983
207.982	0.25	0	1	103991
208.0	0.25	0	1	104000
208.016	0.25	1	2	104008
208.032	0.25	1	2	104016
208.05	0.25	1	2	104025
208.066	0.25	1	2	104033
208.082	0.25	0	1	104041
208.1	0.25	0	1	104050
208.116	0.25	0	1	104058
208.132	0.25	0	1	104066
208.15	0.25	1	2	104075
208.166	0.25	1	2	104083
208.182	0.25	1	2	104091
208.2	0.25	1	2	104100
208.216	0.25	0	1	104108
208.232	0.25	0	1	104116
208.25	0.25	0	1	104125
208.266	0.25	0	1	104133
208.282	0.25	1	2	104141
208.3	0.25	1	2	104150
208.316	0.25	0	1	104158
208.332	0.25	0	1	104166
208.35	0.25	1	2	104175
208.366	0.25	1	2	104183
208.382	0.25	1	2	104191
208.4	0.25	1	2	104200
208.416	0.25	0	1	104208
208.432	0.25	0	1	104216
208.45	0.25	1	2	104225
208.466	0.25	1	2	104233
208.482	0.25	0	1	104241
208.5	0.25	0	1	104250
208.516	0.25	0	1	104258
208.532	0.25	0	1	104266
208.55	0.25	1	2	104275
208.566	0.25	1	2	104283
208.582	0.25	0	1	104291
208.6	0.25	0	1	104300
208.616	0.25	1	2	104308
208.632	0.25	1	2	104316
208.65	0.25	1	2	104325
208.666	0.25	1	2	104333
208.682	0.25	1	2	104341
208.7	0.25	1	2	104350
208.716	0.25	0	1	104358
208.732	0.25	0	1	104366
208.75	0.25	0	1	104375
208.766	0.25	0	1	104383
208.782	0.25	0	1	104391
208.8	0.25	0	1	104400
208.816	0.25	1	2	104408
208.832	0.25	1	2	104416
208.85	0.25	0	1	104425
208.866	0.25	0	1	104433
208.882	0.25	1	2	104441
208.9	0.25	1	2	104450
208.916	0.25	1	2	104458
208.932	0.25	1	2	104466
208.95	0.25	1	2	104475
208.966	0.25	1	2	104483
208.982	0.25	0	1	104491
209.0	0.25	0	1	104500
209.016	0.25	0	1	104508
209.032	0.25	0	1	104516
209.05	0.25	1	2	104525
209.066	0.25	1	2	104533
209.082	0.25	0	1	104541
209.1	0.25	0	1	104550
209.116	0.25	1	2	104558
209.132	0.25	1	2	104566
209.15	0.25	0	1	104575
209.166	0.25	0	1	104583
209.182	0.25	0	1	104591
209.2	0.25	0	1	104600
209.216	0.25	0	1	104608
209.232	0.25	0	1	104616
209.25	0.25	1	2	104625
209.266	0.25	1	2	104633
209.282	0.25	1	2	104641
209.3	0.25	1	2	104650
209.316	0.25	0	1	104658
209.332	0.25	0	1	104666
209.35	0.25	1	2	104675
209.366	0.25	1	2	104683
209.382	0.25	0	1	104691
209.4	0.25	0	1	104700
209.416	0.25	0	1	104708
209.432	0.25	0	1	104716
209.45	0.25	0	1	104725
209.466	0.25	0	1	104733
209.482	0.25	1	2	104741
209.5	0.25	1	2	104750
209.516	0.25	0	1	104758
209.532	0.25	0	1	104766
209.55	0.25	1	2	104775
209.566	0.25	1	2	104783
209.582	0.25	0	1	104791
209.6	0.25	0	1	104800
209.616	0.25	0	1	104808
209.632	0.25	0	1	104816
209.65	0.25	1	2	104825
211.132	0.25	0	1	105566
211.15	0.25	0	1	105575
211.166	0.25	0	1	105583
211.182	0.25	0	1	105591
211.2	0.25	1	2	105600
211.216	0.25	1	2	105608
211.232	0.25	1	2	105616
211.25	0.25	1	2	105625
211.266	0.25	0	1	105633
211.282	0.25	0	1	105641
211.3	0.25	0	1	105650
211.316	0.25	0	1	105658
211.332	0.25	0	1	105666
211.35	0.25	0	1	105675
211.366	0.25	0	1	105683
211.382	0.25	0	1	105691
211.4	0.25	1	2	105700
211.416	0.25	1	2	105708
211.432	0.25	1	2	105716
211.45	0.25	1	2	105725
211.466	0.25	1	2	105733
211.482	0.25	1	2	105741
211.5	0.25	1	2	105750
211.516	0.25	1	2	105758
211.532	0.25	1	2	105766
211.55	0.25	1	2	105775
211.566	0.25	0	1	105783
211.582	0.25	0	1	105791
211.6	0.25	0	1	105800
211.616	0.25	0	1	105808
211.632	0.25	0	1	105816
211.65	0.25	0	1	105825
211.666	0.25	0	1	105833
211.682	0.25	0	1	105841
211.7	0.25	0	1	105850
211.716	0.25	0	1	105858
211.732	0.25	0	1	105866
211.75	0.25	0	1	105875
211.766	0.25	1	2	105883
211.782	0.25	1	2	105891
211.8	0.25	1	2	105900
211.816	0.25	1	2	105908
211.832	0.25	0	1	105916
211.85	0.25	0	1	105925
211.866	0.25	0	1	105933
211.882	0.25	0	1	105941
211.9	0.25	1	2	105950
211.916	0.25	1	2	105958
211.932	0.25	0	1	105966
211.95	0.25	0	1	105975
211.966	0.25	1	2	105983
211.982	0.25	1	2	105991
212.0	0.25	0	1	106000
212.016	0.25	0	1	106008
212.032	0.25	1	2	106016
212.05	0.25	1	2	106025
212.066	0.25	0	1	106033
212.082	0.25	0	1	106041
212.1	0.25	1	2	106050
212.116	0.25	1	2	106058
212.132	0.25	1	2	106066
212.15	0.25	1	2	106075
212.166	0.25	0	1	106083
212.182	0.25	0	1	106091
212.2	0.25	1	2	106100
212.216	0.25	1	2	106108
212.232	0.25	0	1	106116
212.25	0.25	0	1	106125
212.266	0.25	0	1	106133
212.282	0.25	0	1	106141
212.3	0.25	0	1	106150
212.316	0.25	0	1	106158
212.332	0.25	1	2	106166
212.35	0.25	1	2	106175
212.366	0.25	0	1	106183
212.382	0.25	0	1	106191
212.4	0.25	0	1	106200
212.416	0.25	0	1	106208
212.432	0.25	0	1	106216
212.45	0.25	0	1	106225
212.466	0.25	1	2	106233
212.482	0.25	1	2	106241
212.5	0.25	1	2	106250
212.516	0.25	1	2	106258
212.532	0.25	1	2	106266
212.55	0.25	1	2	106275
212.566	0.25	0	1	106283
212.582	0.25	0	1	106291
212.6	0.25	1	2	106300
212.616	0.25	1	2	106308
212.632	0.25	0	1	106316
212.65	0.25	0	1	106325
212.666	0.25	1	2	106333
212.682	0.25	1	2	106341
212.7	0.25	1	2	106350
212.716	0.25	1	2	106358
212.732	0.25	1	2	106366
212.75	0.25	1	2	106375
212.766	0.25	1	2	106383
212.782	0.25	1	2	106391
212.8	0.25	1	2	106400
212.816	0.25	1	2	106408
212.832	0.25	0	1	106416
212.85	0.25	0	1	106425
212.866	0.25	0	1	106433
212.882	0.25	0	1	106441
212.9	0.25	1	2	106450
212.916	0.25	1	2	106458
212.932	0.25	0	1	106466
212.95	0.25	0	1	106475
212.966	0.25	0	1	106483
212.982	0.25	0	1	106491
213.0	0.25	0	1	106500
213.016	0.25	0	1	106508
213.032	0.25	1	2	106516
213.05	0.25	1	2	106525
213.066	0.25	1	2	106533
214.55	0.25	1	2	107275
214.566	0.25	1	2	107283
214.582	0.25	1	2	107291
214.6	0.25	1	2	107300
214.616	0.25	0	1	107308
214.632	0.25	0	1	107316
214.65	0.25	1	2	107325
214.666	0.25	1	2	107333
214.682	0.25	1	2	107341
214.7	0.25	1	2	107350
214.716	0.25	0	1	107358
214.732	0.25	0	1	107366
214.75	0.25	1	2	107375
214.766	0.25	1	2	107383
214.782	0.25	1	2	107391
214.8	0.25	1	2	107400
214.816	0.25	0	1	107408
214.832	0.25	0	1	107416
214.85	0.25	1	2	107425
214.866	0.25	1	2	107433
214.882	0.25	1	2	107441
214.9	0.25	1	2	107450
214.916	0.25	0	1	107458
214.932	0.25	0	1	107466
214.95	0.25	0	1	107475
214.966	0.25	0	1	107483
214.982	0.25	0	1	107491
215.0	0.25	0	1	107500
215.016	0.25	1	2	107508
215.032	0.25	1	2	107516
215.05	0.25	1	2	107525
215.066	0.25	1	2	107533
215.082	0.25	1	2	107541
215.1	0.25	1	2	107550
215.116	0.25	0	1	107558
215.132	0.25	0	1	107566
215.15	0.25	0	1	107575
215.166	0.25	0	1	107583
215.182	0.25	0	1	107591
215.2	0.25	0	1	107600
215.216	0.25	1	2	107608
215.232	0.25	1	2	107616
215.25	0.25	1	2	107625
215.266	0.25	1	2	107633
215.282	0.25	1	2	107641
215.3	0.25	1	2	107650
215.316	0.25	1	2	107658
215.332	0.25	1	2	107666
215.35	0.25	1	2	107675
215.366	0.25	1	2	107683
215.382	0.25	0	1	107691
215.4	0.25	0	1	107700
215.416	0.25	0	1	107708
215.432	0.25	0	1	107716
215.45	0.25	1	2	107725
215.466	0.25	1	2	107733
215.482	0.25	0	1	107741
215.5	0.25	0	1	107750
215.516	0.25	1	2	107758
215.532	0.25	1	2	107766
215.55	0.25	0	1	107775
215.566	0.25	0	1	107783
215.582	0.25	0	1	107791
215.6	0.25	0	1	107800
215.616	0.25	1	2	107808
215.632	0.25	1	2	107816
215.65	0.25	1	2	107825
215.666	0.25	1	2	107833
215.682	0.25	0	1	107841
215.7	0.25	0	1	107850
215.716	0.25	0	1	107858
215.732	0.25	0	1	107866
215.75	0.25	0	1	107875
215.766	0.25	0	1	107883
215.782	0.25	0	1	107891
215.8	0.25	0	1	107900
215.816	0.25	1	2	107908
215.832	0.25	1	2	107916
215.85	0.25	0	1	107925
215.866	0.25	0	1	107933
215.882	0.25	0	1	107941
215.9	0.25	0	1	107950
215.916	0.25	0	1	107958
215.932	0.25	0	1	107966
215.95	0.25	0	1	107975
215.966	0.25	0	1	107983
215.982	0.25	1	2	107991
216.0	0.25	1	2	108000
216.016	0.25	1	2	108008
216.032	0.25	1	2	108016
216.05	0.25	1	2	108025
216.066	0.25	1	2	108033
216.082	0.25	1	2	108041
216.1	0.25	1	2	108050
216.116	0.25	1	2	108058
216.132	0.25	1	2	108066
216.15	0.25	1	2	108075
216.166	0.25	1	2	108083
216.182	0.25	0	1	108091
216.2	0.25	0	1	108100
216.216	0.25	1	2	108108
216.232	0.25	1	2	108116
216.25	0.25	0	1	108125
216.266	0.25	0	1	108133
216.282	0.25	1	2	108141
216.3	0.25	1	2	108150
216.316	0.25	0	1	108158
216.332	0.25	0	1	108166
216.35	0.25	0	1	108175
216.366	0.25	0	1	108183
216.382	0.25	1	2	108191
216.4	0.25	1	2	108200
216.416	0.25	1	2	108208
216.432	0.25	1	2	108216
216.45	0.25	0	1	108225
216.466	0.25	0	1	108233
216.482	0.25	0	1	108241
217.966	0.25	1	2	108983
217.982	0.25	1	2	108991
218.0	0.25	1	2	109000
218.016	0.25	1	2	109008
218.032	0.25	0	1	109016
218.05	0.25	0	1	109025
218.066	0.25	0	1	109033
218.082	0.25	0	1	109041
218.1	0.25	0	1	109050
218.116	0.25	0	1	109058
218.132	0.25	0	1	109066
218.15	0.25	0	1	109075
218.166	0.25	1	2	109083
218.182	0.25	1	2	109091
218.2	0.25	0	1	109100
218.216	0.25	0	1	109108
218.232	0.25	0	1	109116
218.25	0.25	0	1	109125
218.266	0.25	1	2	109133
218.282	0.25	1	2	109141
218.3	0.25	1	2	109150
218.316	0.25	1	2	109158
218.332	0.25	0	1	109166
218.35	0.25	0	1	109175
218.366	0.25	0	1	109183
218.382	0.25	0	1	109191
218.4	0.25	0	1	109200
218.416	0.25	0	1	109208
218.432	0.25	0	1	109216
218.45	0.25	0	1	109225
218.466	0.25	0	1	109233
218.482	0.25	0	1	109241
218.5	0.25	0	1	109250
218.516	0.25	0	1	109258
218.532	0.25	1	2	109266
218.55	0.25	1	2	109275
218.566	0.25	0	1	109283
218.582	0.25	0	1	109291
218.6	0.25	1	2	109300
218.616	0.25	1	2	109308
218.632	0.25	1	2	109316
218.65	0.25	1	2	109325
218.666	0.25	0	1	109333
218.682	0.25	0	1	109341
218.7	0.25	1	2	109350
218.716	0.25	1	2	109358
218.732	0.25	0	1	109366
218.75	0.25	0	1	109375
218.766	0.25	1	2	109383
218.782	0.25	1	2	109391
218.8	0.25	0	1	109400
218.816	0.25	0	1	109408
218.832	0.25	1	2	109416
218.85	0.25	1	2	109425
218.866	0.25	0	1	109433
218.882	0.25	0	1	109441
218.9	0.25	0	1	109450
218.916	0.25	0	1	109458
218.932	0.25	0	1	109466
218.95	0.25	0	1	109475
218.966	0.25	1	2	109483
218.982	0.25	1	2	109491
219.0	0.25	1	2	109500
219.016	0.25	1	2	109508
219.032	0.25	1	2	109516
219.05	0.25	1	2	109525
219.066	0.25	0	1	109533
219.082	0.25	0	1	109541
219.1	0.25	1	2	109550
219.116	0.25	1	2	109558
219.132	0.25	1	2	109566
219.15	0.25	1	2	109575
219.166	0.25	1	2	109583
219.182	0.25	1	2	109591
219.2	0.25	0	1	109600
219.216	0.25	0	1	109608
219.232	0.25	1	2	109616
219.25	0.25	1	2	109625
219.266	0.25	0	1	109633
219.282	0.25	0	1	109641
219.3	0.25	1	2	109650
219.316	0.25	1	2	109658
219.332	0.25	1	2	109666
219.35	0.25	1	2	109675
219.366	0.25	0	1	109683
219.382	0.25	0	1	109691
219.4	0.25	0	1	109700
219.416	0.25	0	1	109708
219.432	0.25	0	1	109716
219.45	0.25	0	1	109725
219.466	0.25	1	2	109733
219.482	0.25	1	2	109741
219.5	0.25	1	2	109750
219.516	0.25	1	2	109758
219.532	0.25	0	1	109766
219.55	0.25	0	1	109775
219.566	0.25	1	2	109783
219.582	0.25	1	2	109791
219.6	0.25	1	2	109800
219.616	0.25	1	2	109808
219.632	0.25	1	2	109816
219.65	0.25	1	2	109825
219.666	0.25	0	1	109833
219.682	0.25	0	1	109841
219.7	0.25	0	1	109850
219.716	0.25	0	1	109858
219.732	0.25	0	1	109866
219.75	0.25	0	1	109875
219.766	0.25	0	1	109883
219.782	0.25	0	1	109891
219.8	0.25	0	1	109900
219.816	0.25	0	1	109908
219.832	0.25	1	2	109916
219.85	0.25	1	2	109925
219.866	0.25	1	2	109933
219.882	0.25	1	2	109941
219.9	0.25	1	2	109950
222.682	0.25	1	2	111341
222.7	0.25	1	2	111350
222.716	0.25	1	2	111358
222.732	0.25	1	2	111366
222.75	0.25	0	1	111375
222.766	0.25	0	1	111383
222.782	0.25	0	1	111391
222.8	0.25	0	1	111400
222.816	0.25	0	1	111408
222.832	0.25	0	1	111416
222.85	0.25	0	1	111425
222.866	0.25	0	1	111433
222.882	0.25	1	2	111441
222.9	0.25	1	2	111450
222.916	0.25	0	1	111458
222.932	0.25	0	1	111466
222.95	0.25	0	1	111475
222.966	0.25	0	1	111483
222.982	0.25	1	2	111491
223.0	0.25	1	2	111500
223.016	0.25	1	2	111508
223.032	0.25	1	2	111516
223.05	0.25	0	1	111525
223.066	0.25	0	1	111533
223.082	0.25	0	1	111541
223.1	0.25	0	1	111550
223.116	0.25	0	1	111558
223.132	0.25	0	1	111566
223.15	0.25	0	1	111575
223.166	0.25	0	1	111583
223.182	0.25	0	1	111591
223.2	0.25	0	1	111600
223.216	0.25	0	1	111608
223.232	0.25	0	1	111616
223.25	0.25	1	2	111625
223.266	0.25	1	2	111633
223.282	0.25	0	1	111641
223.3	0.25	0	1	111650
223.316	0.25	1	2	111658
223.332	0.25	1	2	111666
223.35	0.25	1	2	111675
223.366	0.25	1	2	111683
223.382	0.25	0	1	111691
223.4	0.25	0	1	111700
223.416	0.25	1	2	111708
223.432	0.25	1	2	111716
223.45	0.25	0	1	111725
223.466	0.25	0	1	111733
223.482	0.25	1	2	111741
223.5	0.25	1	2	111750
223.516	0.25	0	1	111758
223.532	0.25	0	1	111766
223.55	0.25	1	2	111775
223.566	0.25	1	2	111783
223.582	0.25	0	1	111791
223.6	0.25	0	1	111800
223.616	0.25	0	1	111808
223.632	0.25	0	1	111816
223.65	0.25	0	1	111825
223.666	0.25	0	1	111833
223.682	0.25	1	2	111841
223.7	0.25	1	2	111850
223.716	0.25	1	2	111858
223.732	0.25	1	2	111866
223.75	0.25	1	2	111875
223.766	0.25	1	2	111883
223.782	0.25	0	1	111891
223.8	0.25	0	1	111900
223.816	0.25	1	2	111908
223.832	0.25	1	2	111916
223.85	0.25	1	2	111925
223.866	0.25	1	2	111933
223.882	0.25	1	2	111941
223.9	0.25	1	2	111950
223.916	0.25	0	1	111958
223.932	0.25	0	1	111966
223.95	0.25	1	2	111975
223.966	0.25	1	2	111983
223.982	0.25	0	1	111991
224.0	0.25	0	1	112000
224.016	0.25	1	2	112008
224.032	0.25	1	2	112016
224.05	0.25	1	2	112025
224.066	0.25	1	2	112033
224.082	0.25	0	1	112041
224.1	0.25	0	1	112050
224.116	0.25	0	1	112058
224.132	0.25	0	1	112066
224.15	0.25	0	1	112075
224.166	0.25	0	1	112083
224.182	0.25	1	2	112091
224.2	0.25	1	2	112100
224.216	0.25	1	2	112108
224.232	0.25	1	2	112116
224.25	0.25	0	1	112125
224.266	0.25	0	1	112133
224.282	0.25	1	2	112141
224.3	0.25	1	2	112150
224.316	0.25	1	2	112158
224.332	0.25	1	2	112166
224.35	0.25	1	2	112175
224.366	0.25	1	2	112183
224.382	0.25	0	1	112191
224.4	0.25	0	1	112200
224.416	0.25	0	1	112208
224.432	0.25	0	1	112216
224.45	0.25	0	1	112225
224.466	0.25	0	1	112233
224.482	0.25	0	1	112241
224.5	0.25	0	1	112250
224.516	0.25	0	1	112258
224.532	0.25	0	1	112266
224.55	0.25	1	2	112275
224.566	0.25	1	2	112283
224.582	0.25	1	2	112291
224.6	0.25	1	2	112300
224.616	0.25	1	2	112308
226.1	0.25	1	2	113050
226.116	0.25	1	2	113058
226.132	0.25	1	2	113066
226.15	0.25	1	2	113075
226.166	0.25	1	2	113083
226.182	0.25	1	2	113091
226.2	0.25	1	2	113100
226.216	0.25	1	2	113108
226.232	0.25	1	2	113116
226.25	0.25	1	2	113125
226.266	0.25	1	2	113133
226.282	0.25	1	2	113141
226.3	0.25	1	2	113150
226.316	0.25	1	2	113158
226.332	0.25	0	1	113166
226.35	0.25	0	1	113175
226.366	0.25	0	1	113183
226.382	0.25	0	1	113191
226.4	0.25	1	2	113200
226.416	0.25	1	2	113208
226.432	0.25	1	2	113216
226.45	0.25	1	2	113225
226.466	0.25	0	1	113233
226.482	0.25	0	1	113241
226.5	0.25	0	1	113250
226.516	0.25	0	1	113258
226.532	0.25	1	2	113266
226.55	0.25	1	2	113275
226.566	0.25	1	2	113283
226.582	0.25	1	2	113291
226.6	0.25	0	1	113300
226.616	0.25	0	1	113308
226.632	0.25	0	1	113316
226.65	0.25	0	1	113325
226.666	0.25	1	2	113333
226.682	0.25	1	2	113341
226.7	0.25	0	1	113350
226.716	0.25	0	1	113358
226.732	0.25	1	2	113366
226.75	0.25	1	2	113375
226.766	0.25	1	2	113383
226.782	0.25	1	2	113391
226.8	0.25	0	1	113400
226.816	0.25	0	1	113408
226.832	0.25	1	2	113416
226.85	0.25	1	2	113425
226.866	0.25	0	1	113433
226.882	0.25	0	1	113441
226.9	0.25	0	1	113450
226.916	0.25	0	1	113458
226.932	0.25	1	2	113466
226.95	0.25	1	2	113475
226.966	0.25	0	1	113483
226.982	0.25	0	1	113491
227.0	0.25	1	2	113500
227.016	0.25	1	2	113508
227.032	0.25	1	2	113516
227.05	0.25	1	2	113525
227.066	0.25	1	2	113533
227.082	0.25	1	2	113541
227.1	0.25	0	1	113550
227.116	0.25	0	1	113558
227.132	0.25	0	1	113566
227.15	0.25	0	1	113575
227.166	0.25	0	1	113583
227.182	0.25	0	1	113591
227.2	0.25	1	2	113600
227.216	0.25	1	2	113608
227.232	0.25	0	1	113616
227.25	0.25	0	1	113625
227.266	0.25	1	2	113633
227.282	0.25	1	2	113641
227.3	0.25	1	2	113650
227.316	0.25	1	2	113658
227.332	0.25	1	2	113666
227.35	0.25	1	2	113675
227.366	0.25	0	1	113683
227.382	0.25	0	1	113691
227.4	0.25	0	1	113700
227.416	0.25	0	1	113708
227.432	0.25	1	2	113716
227.45	0.25	1	2	113725
227.466	0.25	0	1	113733
227.482	0.25	0	1	113741
227.5	0.25	1	2	113750
227.516	0.25	1	2	113758
227.532	0.25	0	1	113766
227.55	0.25	0	1	113775
227.566	0.25	0	1	113783
227.582	0.25	0	1	113791
227.6	0.25	0	1	113800
227.616	0.25	0	1	113808
227.632	0.25	1	2	113816
227.65	0.25	1	2	113825
227.666	0.25	1	2	113833
227.682	0.25	1	2	113841
227.7	0.25	0	1	113850
227.716	0.25	0	1	113858
227.732	0.25	1	2	113866
227.75	0.25	1	2	113875
227.766	0.25	0	1	113883
227.782	0.25	0	1	113891
227.8	0.25	0	1	113900
227.816	0.25	0	1	113908
227.832	0.25	0	1	113916
227.85	0.25	0	1	113925
227.866	0.25	1	2	113933
227.882	0.25	1	2	113941
227.9	0.25	0	1	113950
227.916	0.25	0	1	113958
227.932	0.25	1	2	113966
227.95	0.25	1	2	113975
227.966	0.25	0	1	113983
227.982	0.25	0	1	113991
228.0	0.25	0	1	114000
228.016	0.25	0	1	114008
228.032	0.25	1	2	114016
229.516	0.25	1	2	114758
229.532	0.25	1	2	114766
229.55	0.25	1	2	114775
229.566	0.25	1	2	114783
229.582	0.25	0	1	114791
229.6	0.25	0	1	114800
229.616	0.25	1	2	114808
229.632	0.25	1	2	114816
229.65	0.25	1	2	114825
229.666	0.25	1	2	114833
229.682	0.25	0	1	114841
229.7	0.25	0	1	114850
229.716	0.25	1	2	114858
229.732	0.25	1	2	114866
229.75	0.25	1	2	114875
229.766	0.25	1	2	114883
229.782	0.25	0	1	114891
229.8	0.25	0	1	114900
229.816	0.25	1	2	114908
229.832	0.25	1	2	114916
229.85	0.25	1	2	114925
229.866	0.25	1	2	114933
229.882	0.25	0	1	114941
229.9	0.25	0	1	114950
229.916	0.25	0	1	114958
229.932	0.25	0	1	114966
229.95	0.25	0	1	114975
229.966	0.25	0	1	114983
229.982	0.25	1	2	114991
230.0	0.25	1	2	115000
230.016	0.25	1	2	115008
230.032	0.25	1	2	115016
230.05	0.25	1	2	115025
230.066	0.25	1	2	115033
230.082	0.25	0	1	115041
230.1	0.25	0	1	115050
230.116	0.25	0	1	115058
230.132	0.25	0	1	115066
230.15	0.25	0	1	115075
230.166	0.25	0	1	115083
230.182	0.25	1	2	115091
230.2	0.25	1	2	115100
230.216	0.25	1	2	115108
230.232	0.25	1	2	115116
230.25	0.25	1	2	115125
230.266	0.25	1	2	115133
230.282	0.25	1	2	115141
230.3	0.25	1	2	115150
230.316	0.25	1	2	115158
230.332	0.25	1	2	115166
230.35	0.25	0	1	115175
230.366	0.25	0	1	115183
230.382	0.25	0	1	115191
230.4	0.25	0	1	115200
230.416	0.25	1	2	115208
230.432	0.25	1	2	115216
230.45	0.25	0	1	115225
230.466	0.25	0	1	115233
230.482	0.25	1	2	115241
230.5	0.25	1	2	115250
230.516	0.25	0	1	115258
230.532	0.25	0	1	115266
230.55	0.25	0	1	115275
230.566	0.25	0	1	115283
230.582	0.25	1	2	115291
230.6	0.25	1	2	115300
230.616	0.25	1	2	115308
230.632	0.25	1	2	115316
230.65	0.25	0	1	115325
230.666	0.25	0	1	115333
230.682	0.25	0	1	115341
230.7	0.25	0	1	115350
230.716	0.25	0	1	115358
230.732	0.25	0	1	115366
230.75	0.25	0	1	115375
230.766	0.25	0	1	115383
230.782	0.25	1	2	115391
230.8	0.25	1	2	115400
230.816	0.25	0	1	115408
230.832	0.25	0	1	115416
230.85	0.25	0	1	115425
230.866	0.25	0	1	115433
230.882	0.25	0	1	115441
230.9	0.25	0	1	115450
230.916	0.25	0	1	115458
230.932	0.25	0	1	115466
230.95	0.25	1	2	115475
230.966	0.25	1	2	115483
230.982	0.25	1	2	115491
231.0	0.25	1	2	115500
231.016	0.25	1	2	115508
231.032	0.25	1	2	115516
231.05	0.25	1	2	115525
231.066	0.25	1	2	115533
231.082	0.25	1	2	115541
231.1	0.25	1	2	115550
231.116	0.25	1	2	115558
231.132	0.25	1	2	115566
231.15	0.25	0	1	115575
231.166	0.25	0	1	115583
231.182	0.25	1	2	115591
231.2	0.25	1	2	115600
231.216	0.25	0	1	115608
231.232	0.25	0	1	115616
231.25	0.25	1	2	115625
231.266	0.25	1	2	115633
231.282	0.25	0	1	115641
231.3	0.25	0	1	115650
231.316	0.25	0	1	115658
231.332	0.25	0	1	115666
231.35	0.25	1	2	115675
231.366	0.25	1	2	115683
231.382	0.25	1	2	115691
231.4	0.25	1	2	115700
231.416	0.25	0	1	115708
231.432	0.25	0	1	115716
231.45	0.25	0	1	115725
232.932	0.25	0	1	116466
232.95	0.25	0	1	116475
232.966	0.25	0	1	116483
232.982	0.25	0	1	116491
233.0	0.25	1	2	116500
233.016	0.25	1	2	116508
233.032	0.25	1	2	116516
233.05	0.25	1	2	116525
233.066	0.25	0	1	116533
233.082	0.25	0	1	116541
233.1	0.25	0	1	116550
233.116	0.25	0	1	116558
233.132	0.25	0	1	116566
233.15	0.25	0	1	116575
233.166	0.25	0	1	116583
233.182	0.25	0	1	116591
233.2	0.25	1	2	116600
233.216	0.25	1	2	116608
233.232	0.25	1	2	116616
233.25	0.25	1	2	116625
233.266	0.25	1	2	116633
233.282	0.25	1	2	116641
233.3	0.25	1	2	116650
233.316	0.25	1	2	116658
233.332	0.25	1	2	116666
233.35	0.25	1	2	116675
233.366	0.25	0	1	116683
233.382	0.25	0	1	116691
233.4	0.25	0	1	116700
233.416	0.25	0	1	116708
233.432	0.25	0	1	116716
233.45	0.25	0	1	116725
233.466	0.25	0	1	116733
233.482	0.25	0	1	116741
233.5	0.25	0	1	116750
233.516	0.25	0	1	116758
233.532	0.25	0	1	116766
233.55	0.25	0	1	116775
233.566	0.25	1	2	116783
233.582	0.25	1	2	116791
233.6	0.25	1	2	116800
233.616	0.25	1	2	116808
233.632	0.25	0	1	116816
233.65	0.25	0	1	116825
233.666	0.25	0	1	116833
233.682	0.25	0	1	116841
233.7	0.25	1	2	116850
233.716	0.25	1	2	116858
233.732	0.25	0	1	116866
233.75	0.25	0	1	116875
233.766	0.25	1	2	116883
233.782	0.25	1	2	116891
233.8	0.25	0	1	116900
233.816	0.25	0	1	116908
233.832	0.25	1	2	116916
233.85	0.25	1	2	116925
233.866	0.25	0	1	116933
233.882	0.25	0	1	116941
233.9	0.25	1	2	116950
233.916	0.25	1	2	116958
233.932	0.25	1	2	116966
233.95	0.25	1	2	116975
233.966	0.25	0	1	116983
233.982	0.25	0	1	116991
234.0	0.25	1	2	117000
234.016	0.25	1	2	117008
234.032	0.25	0	1	117016
234.05	0.25	0	1	117025
234.066	0.25	0	1	117033
234.082	0.25	0	1	117041
234.1	0.25	0	1	117050
234.116	0.25	0	1	117058
234.132	0.25	1	2	117066
234.15	0.25	1	2	117075
234.166	0.25	0	1	117083
234.182	0.25	0	1	117091
234.2	0.25	0	1	117100
234.216	0.25	0	1	117108
234.232	0.25	0	1	117116
234.25	0.25	0	1	117125
234.266	0.25	1	2	117133
234.282	0.25	1	2	117141
234.3	0.25	1	2	117150
234.316	0.25	1	2	117158
234.332	0.25	1	2	117166
234.35	0.25	1	2	117175
234.366	0.25	0	1	117183
234.382	0.25	0	1	117191
234.4	0.25	1	2	117200
234.416	0.25	1	2	117208
234.432	0.25	0	1	117216
234.45	0.25	0	1	117225
234.466	0.25	1	2	117233
234.482	0.25	1	2	117241
234.5	0.25	1	2	117250
234.516	0.25	1	2	117258
234.532	0.25	1	2	117266
234.55	0.25	1	2	117275
234.566	0.25	1	2	117283
234.582	0.25	1	2	117291
234.6	0.25	1	2	117300
234.616	0.25	1	2	117308
234.632	0.25	0	1	117316
234.65	0.25	0	1	117325
234.666	0.25	0	1	117333
234.682	0.25	0	1	117341
234.7	0.25	1	2	117350
234.716	0.25	1	2	117358
234.732	0.25	0	1	117366
234.75	0.25	0	1	117375
234.766	0.25	0	1	117383
234.782	0.25	0	1	117391
234.8	0.25	0	1	117400
234.816	0.25	0	1	117408
234.832	0.25	1	2	117416
234.85	0.25	1	2	117425
234.866	0.25	1	2	117433
