onset	duration	trial_type	value	sample
8.932	0.25	1	2	4466
8.95	0.25	1	2	4475
8.966	0.25	1	2	4483
8.982	0.25	1	2	4491
9.0	0.25	0	1	4500
9.016	0.25	0	1	4508
9.032	0.25	0	1	4516
9.05	0.25	0	1	4525
9.066	0.25	0	1	4533
9.082	0.25	0	1	4541
9.1	0.25	0	1	4550
9.116	0.25	0	1	4558
9.132	0.25	1	2	4566
9.15	0.25	1	2	4575
9.166	0.25	0	1	4583
9.182	0.25	0	1	4591
9.2	0.25	0	1	4600
9.216	0.25	0	1	4608
9.232	0.25	1	2	4616
9.25	0.25	1	2	4625
9.266	0.25	1	2	4633
9.282	0.25	1	2	4641
9.3	0.25	0	1	4650
9.316	0.25	0	1	4658
9.332	0.25	0	1	4666
9.35	0.25	0	1	4675
9.366	0.25	0	1	4683
9.382	0.25	0	1	4691
9.4	0.25	0	1	4700
9.416	0.25	0	1	4708
9.432	0.25	0	1	4716
9.45	0.25	0	1	4725
9.466	0.25	0	1	4733
9.482	0.25	0	1	4741
9.5	0.25	1	2	4750
9.516	0.25	1	2	4758
9.532	0.25	0	1	4766
9.55	0.25	0	1	4775
9.566	0.25	1	2	4783
9.582	0.25	1	2	4791
9.6	0.25	1	2	4800
9.616	0.25	1	2	4808
9.632	0.25	0	1	4816
9.65	0.25	0	1	4825
9.666	0.25	1	2	4833
9.682	0.25	1	2	4841
9.7	0.25	0	1	4850
9.716	0.25	0	1	4858
9.732	0.25	1	2	4866
9.75	0.25	1	2	4875
9.766	0.25	0	1	4883
9.782	0.25	0	1	4891
9.8	0.25	1	2	4900
9.816	0.25	1	2	4908
9.832	0.25	0	1	4916
9.85	0.25	0	1	4925
9.866	0.25	0	1	4933
9.882	0.25	0	1	4941
9.9	0.25	0	1	4950
9.916	0.25	0	1	4958
9.932	0.25	1	2	4966
9.95	0.25	1	2	4975
9.966	0.25	1	2	4983
9.982	0.25	1	2	4991
10.0	0.25	1	2	5000
10.016	0.25	1	2	5008
10.032	0.25	0	1	5016
10.05	0.25	0	1	5025
10.066	0.25	1	2	5033
10.082	0.25	1	2	5041
10.1	0.25	1	2	5050
10.116	0.25	1	2	5058
10.132	0.25	1	2	5066
10.15	0.25	1	2	5075
10.166	0.25	0	1	5083
10.182	0.25	0	1	5091
10.2	0.25	1	2	5100
10.216	0.25	1	2	5108
10.232	0.25	0	1	5116
10.25	0.25	0	1	5125
10.266	0.25	1	2	5133
10.282	0.25	1	2	5141
10.3	0.25	1	2	5150
10.316	0.25	1	2	5158
10.332	0.25	0	1	5166
10.35	0.25	0	1	5175
10.366	0.25	0	1	5183
10.382	0.25	0	1	5191
10.4	0.25	0	1	5200
10.416	0.25	0	1	5208
10.432	0.25	1	2	5216
10.45	0.25	1	2	5225
10.466	0.25	1	2	5233
10.482	0.25	1	2	5241
10.5	0.25	0	1	5250
10.516	0.25	0	1	5258
10.532	0.25	1	2	5266
10.55	0.25	1	2	5275
10.566	0.25	1	2	5283
10.582	0.25	1	2	5291
10.6	0.25	1	2	5300
10.616	0.25	1	2	5308
10.632	0.25	0	1	5316
10.65	0.25	0	1	5325
10.666	0.25	0	1	5333
10.682	0.25	0	1	5341
10.7	0.25	0	1	5350
10.716	0.25	0	1	5358
10.732	0.25	0	1	5366
10.75	0.25	0	1	5375
10.766	0.25	0	1	5383
10.782	0.25	0	1	5391
10.8	0.25	1	2	5400
10.816	0.25	1	2	5408
10.832	0.25	1	2	5416
10.85	0.25	1	2	5425
10.866	0.25	1	2	5433
12.35	0.25	0	1	6175
12.366	0.25	0	1	6183
12.382	0.25	0	1	6191
12.4	0.25	0	1	6200
12.416	0.25	1	2	6208
12.432	0.25	1	2	6216
12.45	0.25	1	2	6225
12.466	0.25	1	2	6233
12.482	0.25	0	1	6241
12.5	0.25	0	1	6250
12.516	0.25	0	1	6258
12.532	0.25	0	1	6266
12.55	0.25	0	1	6275
12.566	0.25	0	1	6283
12.582	0.25	0	1	6291
12.6	0.25	0	1	6300
12.616	0.25	1	2	6308
12.632	0.25	1	2	6316
12.65	0.25	1	2	6325
12.666	0.25	1	2	6333
12.682	0.25	1	2	6341
12.7	0.25	1	2	6350
12.716	0.25	1	2	6358
12.732	0.25	1	2	6366
12.75	0.25	1	2	6375
12.766	0.25	1	2	6383
12.782	0.25	0	1	6391
12.8	0.25	0	1	6400
12.816	0.25	0	1	6408
12.832	0.25	0	1	6416
12.85	0.25	0	1	6425
12.866	0.25	0	1	6433
12.882	0.25	0	1	6441
12.9	0.25	0	1	6450
12.916	0.25	0	1	6458
12.932	0.25	0	1	6466
12.95	0.25	0	1	6475
12.966	0.25	0	1	6483
12.982	0.25	1	2	6491
13.0	0.25	1	2	6500
13.016	0.25	1	2	6508
13.032	0.25	1	2	6516
13.05	0.25	0	1	6525
13.066	0.25	0	1	6533
13.082	0.25	0	1	6541
13.1	0.25	0	1	6550
13.116	0.25	1	2	6558
13.132	0.25	1	2	6566
13.15	0.25	0	1	6575
13.166	0.25	0	1	6583
13.182	0.25	1	2	6591
13.2	0.25	1	2	6600
13.216	0.25	0	1	6608
13.232	0.25	0	1	6616
13.25	0.25	1	2	6625
13.266	0.25	1	2	6633
13.282	0.25	0	1	6641
13.3	0.25	0	1	6650
13.316	0.25	1	2	6658
13.332	0.25	1	2	6666
13.35	0.25	1	2	6675
13.366	0.25	1	2	6683
13.382	0.25	0	1	6691
13.4	0.25	0	1	6700
13.416	0.25	1	2	6708
13.432	0.25	1	2	6716
13.45	0.25	0	1	6725
13.466	0.25	0	1	6733
13.482	0.25	0	1	6741
13.5	0.25	0	1	6750
13.516	0.25	0	1	6758
13.532	0.25	0	1	6766
13.55	0.25	1	2	6775
13.566	0.25	1	2	6783
13.582	0.25	0	1	6791
13.6	0.25	0	1	6800
13.616	0.25	0	1	6808
13.632	0.25	0	1	6816
13.65	0.25	0	1	6825
13.666	0.25	0	1	6833
13.682	0.25	1	2	6841
13.7	0.25	1	2	6850
13.716	0.25	1	2	6858
13.732	0.25	1	2	6866
13.75	0.25	1	2	6875
13.766	0.25	1	2	6883
13.782	0.25	0	1	6891
13.8	0.25	0	1	6900
13.816	0.25	1	2	6908
13.832	0.25	1	2	6916
13.85	0.25	0	1	6925
13.866	0.25	0	1	6933
13.882	0.25	1	2	6941
13.9	0.25	1	2	6950
13.916	0.25	1	2	6958
13.932	0.25	1	2	6966
13.95	0.25	1	2	6975
13.966	0.25	1	2	6983
13.982	0.25	1	2	6991
14.0	0.25	1	2	7000
14.016	0.25	1	2	7008
14.032	0.25	1	2	7016
14.05	0.25	0	1	7025
14.066	0.25	0	1	7033
14.082	0.25	0	1	7041
14.1	0.25	0	1	7050
14.116	0.25	1	2	7058
14.132	0.25	1	2	7066
14.15	0.25	0	1	7075
14.166	0.25	0	1	7083
14.182	0.25	0	1	7091
14.2	0.25	0	1	7100
14.216	0.25	0	1	7108
14.232	0.25	0	1	7116
14.25	0.25	1	2	7125
14.266	0.25	1	2	7133
14.282	0.25	1	2	7141
15.766	0.25	1	2	7883
15.782	0.25	1	2	7891
15.8	0.25	1	2	7900
15.816	0.25	1	2	7908
15.832	0.25	1	2	7916
15.85	0.25	1	2	7925
15.866	0.25	1	2	7933
15.882	0.25	1	2	7941
15.9	0.25	1	2	7950
15.916	0.25	1	2	7958
15.932	0.25	1	2	7966
15.95	0.25	1	2	7975
15.966	0.25	1	2	7983
15.982	0.25	1	2	7991
16.0	0.25	0	1	8000
16.016	0.25	0	1	8008
16.032	0.25	0	1	8016
16.05	0.25	0	1	8025
16.066	0.25	1	2	8033
16.082	0.25	1	2	8041
16.1	0.25	1	2	8050
16.116	0.25	1	2	8058
16.132	0.25	0	1	8066
16.148	0.25	0	1	8074
16.166	0.25	0	1	8083
16.182	0.25	0	1	8091
16.2	0.25	1	2	8100
16.216	0.25	1	2	8108
16.232	0.25	1	2	8116
16.25	0.25	1	2	8125
16.266	0.25	0	1	8133
16.282	0.25	0	1	8141
16.3	0.25	0	1	8150
16.316	0.25	0	1	8158
16.332	0.25	1	2	8166
16.35	0.25	1	2	8175
16.366	0.25	0	1	8183
16.382	0.25	0	1	8191
16.4	0.25	1	2	8200
16.416	0.25	1	2	8208
16.432	0.25	1	2	8216
16.45	0.25	1	2	8225
16.466	0.25	0	1	8233
16.482	0.25	0	1	8241
16.5	0.25	1	2	8250
16.516	0.25	1	2	8258
16.532	0.25	0	1	8266
16.55	0.25	0	1	8275
16.566	0.25	0	1	8283
16.582	0.25	0	1	8291
16.6	0.25	1	2	8300
16.616	0.25	1	2	8308
16.632	0.25	0	1	8316
16.65	0.25	0	1	8325
16.666	0.25	1	2	8333
16.682	0.25	1	2	8341
16.7	0.25	1	2	8350
16.716	0.25	1	2	8358
16.732	0.25	1	2	8366
16.75	0.25	1	2	8375
16.766	0.25	0	1	8383
16.782	0.25	0	1	8391
16.8	0.25	0	1	8400
16.816	0.25	0	1	8408
16.832	0.25	0	1	8416
16.85	0.25	0	1	8425
16.866	0.25	1	2	8433
16.882	0.25	1	2	8441
16.9	0.25	0	1	8450
16.916	0.25	0	1	8458
16.932	0.25	1	2	8466
16.95	0.25	1	2	8475
16.966	0.25	1	2	8483
16.982	0.25	1	2	8491
17.0	0.25	1	2	8500
17.016	0.25	1	2	8508
17.032	0.25	0	1	8516
17.05	0.25	0	1	8525
17.066	0.25	0	1	8533
17.082	0.25	0	1	8541
17.1	0.25	1	2	8550
17.116	0.25	1	2	8558
17.132	0.25	0	1	8566
17.15	0.25	0	1	8575
17.166	0.25	1	2	8583
17.182	0.25	1	2	8591
17.2	0.25	0	1	8600
17.216	0.25	0	1	8608
17.232	0.25	0	1	8616
17.25	0.25	0	1	8625
17.266	0.25	0	1	8633
17.282	0.25	0	1	8641
17.3	0.25	1	2	8650
17.316	0.25	1	2	8658
17.332	0.25	1	2	8666
17.35	0.25	1	2	8675
17.366	0.25	0	1	8683
17.382	0.25	0	1	8691
17.4	0.25	1	2	8700
17.416	0.25	1	2	8708
17.432	0.25	0	1	8716
17.45	0.25	0	1	8725
17.466	0.25	0	1	8733
17.482	0.25	0	1	8741
17.5	0.25	0	1	8750
17.516	0.25	0	1	8758
17.532	0.25	1	2	8766
17.55	0.25	1	2	8775
17.566	0.25	0	1	8783
17.582	0.25	0	1	8791
17.6	0.25	1	2	8800
17.616	0.25	1	2	8808
17.632	0.25	0	1	8816
17.65	0.25	0	1	8825
17.666	0.25	0	1	8833
17.682	0.25	0	1	8841
17.7	0.25	1	2	8850
19.182	0.25	1	2	9591
19.2	0.25	1	2	9600
19.216	0.25	1	2	9608
19.232	0.25	1	2	9616
19.25	0.25	0	1	9625
19.266	0.25	0	1	9633
19.282	0.25	1	2	9641
19.3	0.25	1	2	9650
19.316	0.25	1	2	9658
19.332	0.25	1	2	9666
19.35	0.25	0	1	9675
19.366	0.25	0	1	9683
19.382	0.25	1	2	9691
19.4	0.25	1	2	9700
19.416	0.25	1	2	9708
19.432	0.25	1	2	9716
19.45	0.25	0	1	9725
19.466	0.25	0	1	9733
19.482	0.25	1	2	9741
19.5	0.25	1	2	9750
19.516	0.25	1	2	9758
19.532	0.25	1	2	9766
19.55	0.25	0	1	9775
19.566	0.25	0	1	9783
19.582	0.25	0	1	9791
19.6	0.25	0	1	9800
19.616	0.25	0	1	9808
19.632	0.25	0	1	9816
19.65	0.25	1	2	9825
19.666	0.25	1	2	9833
19.682	0.25	1	2	9841
19.7	0.25	1	2	9850
19.716	0.25	1	2	9858
19.732	0.25	1	2	9866
19.75	0.25	0	1	9875
19.766	0.25	0	1	9883
19.782	0.25	0	1	9891
19.8	0.25	0	1	9900
19.816	0.25	0	1	9908
19.832	0.25	0	1	9916
19.85	0.25	1	2	9925
19.866	0.25	1	2	9933
19.882	0.25	1	2	9941
19.9	0.25	1	2	9950
19.916	0.25	1	2	9958
19.932	0.25	1	2	9966
19.95	0.25	1	2	9975
19.966	0.25	1	2	9983
19.982	0.25	1	2	9991
20.0	0.25	1	2	10000
20.016	0.25	0	1	10008
20.032	0.25	0	1	10016
20.05	0.25	0	1	10025
20.066	0.25	0	1	10033
20.082	0.25	1	2	10041
20.1	0.25	1	2	10050
20.116	0.25	0	1	10058
20.132	0.25	0	1	10066
20.15	0.25	1	2	10075
20.166	0.25	1	2	10083
20.182	0.25	0	1	10091
20.2	0.25	0	1	10100
20.216	0.25	0	1	10108
20.232	0.25	0	1	10116
20.25	0.25	1	2	10125
20.266	0.25	1	2	10133
20.282	0.25	1	2	10141
20.3	0.25	1	2	10150
20.316	0.25	0	1	10158
20.332	0.25	0	1	10166
20.35	0.25	0	1	10175
20.366	0.25	0	1	10183
20.382	0.25	0	1	10191
20.4	0.25	0	1	10200
20.416	0.25	0	1	10208
20.432	0.25	0	1	10216
20.45	0.25	1	2	10225
20.466	0.25	1	2	10233
20.482	0.25	0	1	10241
20.5	0.25	0	1	10250
20.516	0.25	0	1	10258
20.532	0.25	0	1	10266
20.55	0.25	0	1	10275
20.566	0.25	0	1	10283
20.582	0.25	0	1	10291
20.6	0.25	0	1	10300
20.616	0.25	1	2	10308
20.632	0.25	1	2	10316
20.65	0.25	1	2	10325
20.666	0.25	1	2	10333
20.682	0.25	1	2	10341
20.7	0.25	1	2	10350
20.716	0.25	1	2	10358
20.732	0.25	1	2	10366
20.75	0.25	1	2	10375
20.766	0.25	1	2	10383
20.782	0.25	1	2	10391
20.8	0.25	1	2	10400
20.816	0.25	0	1	10408
20.832	0.25	0	1	10416
20.85	0.25	1	2	10425
20.866	0.25	1	2	10433
20.882	0.25	0	1	10441
20.9	0.25	0	1	10450
20.916	0.25	1	2	10458
20.932	0.25	1	2	10466
20.95	0.25	0	1	10475
20.966	0.25	0	1	10483
20.982	0.25	0	1	10491
21.0	0.25	0	1	10500
21.016	0.25	1	2	10508
21.032	0.25	1	2	10516
21.05	0.25	1	2	10525
21.066	0.25	1	2	10533
21.082	0.25	0	1	10541
21.1	0.25	0	1	10550
21.116	0.25	0	1	10558
26.016	0.25	1	2	13008
26.032	0.25	1	2	13016
26.05	0.25	1	2	13025
26.066	0.25	1	2	13033
26.082	0.25	1	2	13041
26.1	0.25	1	2	13050
26.116	0.25	1	2	13058
26.132	0.25	1	2	13066
26.15	0.25	1	2	13075
26.166	0.25	1	2	13083
26.182	0.25	1	2	13091
26.2	0.25	1	2	13100
26.216	0.25	1	2	13108
26.232	0.25	1	2	13116
26.25	0.25	0	1	13125
26.266	0.25	0	1	13133
26.282	0.25	0	1	13141
26.3	0.25	0	1	13150
26.316	0.25	1	2	13158
26.332	0.25	1	2	13166
26.35	0.25	1	2	13175
26.366	0.25	1	2	13183
26.382	0.25	0	1	13191
26.4	0.25	0	1	13200
26.416	0.25	0	1	13208
26.432	0.25	0	1	13216
26.45	0.25	1	2	13225
26.466	0.25	1	2	13233
26.482	0.25	1	2	13241
26.5	0.25	1	2	13250
26.516	0.25	0	1	13258
26.532	0.25	0	1	13266
26.55	0.25	0	1	13275
26.566	0.25	0	1	13283
26.582	0.25	1	2	13291
26.6	0.25	1	2	13300
26.616	0.25	0	1	13308
26.632	0.25	0	1	13316
26.65	0.25	1	2	13325
26.666	0.25	1	2	13333
26.682	0.25	1	2	13341
26.7	0.25	1	2	13350
26.716	0.25	0	1	13358
26.732	0.25	0	1	13366
26.75	0.25	1	2	13375
26.766	0.25	1	2	13383
26.782	0.25	0	1	13391
26.8	0.25	0	1	13400
26.816	0.25	0	1	13408
26.832	0.25	0	1	13416
26.85	0.25	1	2	13425
26.866	0.25	1	2	13433
26.882	0.25	0	1	13441
26.9	0.25	0	1	13450
26.916	0.25	1	2	13458
26.932	0.25	1	2	13466
26.95	0.25	1	2	13475
26.966	0.25	1	2	13483
26.982	0.25	1	2	13491
27.0	0.25	1	2	13500
27.016	0.25	0	1	13508
27.032	0.25	0	1	13516
27.05	0.25	0	1	13525
27.066	0.25	0	1	13533
27.082	0.25	0	1	13541
27.1	0.25	0	1	13550
27.116	0.25	1	2	13558
27.132	0.25	1	2	13566
27.15	0.25	0	1	13575
27.166	0.25	0	1	13583
27.182	0.25	1	2	13591
27.2	0.25	1	2	13600
27.216	0.25	1	2	13608
27.232	0.25	1	2	13616
27.25	0.25	1	2	13625
27.266	0.25	1	2	13633
27.282	0.25	0	1	13641
27.3	0.25	0	1	13650
27.316	0.25	0	1	13658
27.332	0.25	0	1	13666
27.35	0.25	1	2	13675
27.366	0.25	1	2	13683
27.382	0.25	0	1	13691
27.4	0.25	0	1	13700
27.416	0.25	1	2	13708
27.432	0.25	1	2	13716
27.45	0.25	0	1	13725
27.466	0.25	0	1	13733
27.482	0.25	0	1	13741
27.5	0.25	0	1	13750
27.516	0.25	0	1	13758
27.532	0.25	0	1	13766
27.55	0.25	1	2	13775
27.566	0.25	1	2	13783
27.582	0.25	1	2	13791
27.6	0.25	1	2	13800
27.616	0.25	0	1	13808
27.632	0.25	0	1	13816
27.65	0.25	1	2	13825
27.666	0.25	1	2	13833
27.682	0.25	0	1	13841
27.7	0.25	0	1	13850
27.716	0.25	0	1	13858
27.732	0.25	0	1	13866
27.75	0.25	0	1	13875
27.766	0.25	0	1	13883
27.782	0.25	1	2	13891
27.8	0.25	1	2	13900
27.816	0.25	0	1	13908
27.832	0.25	0	1	13916
27.85	0.25	1	2	13925
27.866	0.25	1	2	13933
27.882	0.25	0	1	13941
27.9	0.25	0	1	13950
27.916	0.25	0	1	13958
27.932	0.25	0	1	13966
27.95	0.25	1	2	13975
29.432	0.25	1	2	14716
29.45	0.25	1	2	14725
29.466	0.25	1	2	14733
29.482	0.25	1	2	14741
29.5	0.25	0	1	14750
29.516	0.25	0	1	14758
29.532	0.25	0	1	14766
29.55	0.25	0	1	14775
29.566	0.25	0	1	14783
29.582	0.25	0	1	14791
29.6	0.25	0	1	14800
29.616	0.25	0	1	14808
29.632	0.25	1	2	14816
29.65	0.25	1	2	14825
29.666	0.25	0	1	14833
29.682	0.25	0	1	14841
29.7	0.25	0	1	14850
29.716	0.25	0	1	14858
29.732	0.25	1	2	14866
29.75	0.25	1	2	14875
29.766	0.25	1	2	14883
29.782	0.25	1	2	14891
29.8	0.25	0	1	14900
29.816	0.25	0	1	14908
29.832	0.25	0	1	14916
29.85	0.25	0	1	14925
29.866	0.25	0	1	14933
29.882	0.25	0	1	14941
29.9	0.25	0	1	14950
29.916	0.25	0	1	14958
29.932	0.25	0	1	14966
29.95	0.25	0	1	14975
29.966	0.25	0	1	14983
29.982	0.25	0	1	14991
30.0	0.25	1	2	15000
30.016	0.25	1	2	15008
30.032	0.25	0	1	15016
30.05	0.25	0	1	15025
30.066	0.25	1	2	15033
30.082	0.25	1	2	15041
30.1	0.25	1	2	15050
30.116	0.25	1	2	15058
30.132	0.25	0	1	15066
30.15	0.25	0	1	15075
30.166	0.25	1	2	15083
30.182	0.25	1	2	15091
30.2	0.25	0	1	15100
30.216	0.25	0	1	15108
30.232	0.25	1	2	15116
30.25	0.25	1	2	15125
30.266	0.25	0	1	15133
30.282	0.25	0	1	15141
30.3	0.25	1	2	15150
30.316	0.25	1	2	15158
30.332	0.25	0	1	15166
30.35	0.25	0	1	15175
30.366	0.25	0	1	15183
30.382	0.25	0	1	15191
30.4	0.25	0	1	15200
30.416	0.25	0	1	15208
30.432	0.25	1	2	15216
30.45	0.25	1	2	15225
30.466	0.25	1	2	15233
30.482	0.25	1	2	15241
30.5	0.25	1	2	15250
30.516	0.25	1	2	15258
30.532	0.25	0	1	15266
30.55	0.25	0	1	15275
30.566	0.25	1	2	15283
30.582	0.25	1	2	15291
30.6	0.25	1	2	15300
30.616	0.25	1	2	15308
30.632	0.25	1	2	15316
30.65	0.25	1	2	15325
30.666	0.25	0	1	15333
30.682	0.25	0	1	15341
30.7	0.25	1	2	15350
30.716	0.25	1	2	15358
30.732	0.25	0	1	15366
30.75	0.25	0	1	15375
30.766	0.25	1	2	15383
30.782	0.25	1	2	15391
30.8	0.25	1	2	15400
30.816	0.25	1	2	15408
30.832	0.25	0	1	15416
30.85	0.25	0	1	15425
30.866	0.25	0	1	15433
30.882	0.25	0	1	15441
30.9	0.25	0	1	15450
30.916	0.25	0	1	15458
30.932	0.25	1	2	15466
30.95	0.25	1	2	15475
30.966	0.25	1	2	15483
30.982	0.25	1	2	15491
31.0	0.25	0	1	15500
31.016	0.25	0	1	15508
31.032	0.25	1	2	15516
31.05	0.25	1	2	15525
31.066	0.25	1	2	15533
31.082	0.25	1	2	15541
31.1	0.25	1	2	15550
31.116	0.25	1	2	15558
31.132	0.25	0	1	15566
31.15	0.25	0	1	15575
31.166	0.25	0	1	15583
31.182	0.25	0	1	15591
31.2	0.25	0	1	15600
31.216	0.25	0	1	15608
31.232	0.25	0	1	15616
31.25	0.25	0	1	15625
31.266	0.25	0	1	15633
31.282	0.25	0	1	15641
31.3	0.25	1	2	15650
31.316	0.25	1	2	15658
31.332	0.25	1	2	15666
31.35	0.25	1	2	15675
31.366	0.25	1	2	15683
32.85	0.25	1	2	16425
32.866	0.25	1	2	16433
32.882	0.25	1	2	16441
32.9	0.25	1	2	16450
32.916	0.25	0	1	16458
32.932	0.25	0	1	16466
32.95	0.25	1	2	16475
32.966	0.25	1	2	16483
32.982	0.25	1	2	16491
33.0	0.25	1	2	16500
33.016	0.25	0	1	16508
33.032	0.25	0	1	16516
33.05	0.25	1	2	16525
33.066	0.25	1	2	16533
33.082	0.25	1	2	16541
33.1	0.25	1	2	16550
33.116	0.25	0	1	16558
33.132	0.25	0	1	16566
33.15	0.25	1	2	16575
33.166	0.25	1	2	16583
33.182	0.25	1	2	16591
33.2	0.25	1	2	16600
33.216	0.25	0	1	16608
33.232	0.25	0	1	16616
33.25	0.25	0	1	16625
33.266	0.25	0	1	16633
33.282	0.25	0	1	16641
33.3	0.25	0	1	16650
33.316	0.25	1	2	16658
33.332	0.25	1	2	16666
33.35	0.25	1	2	16675
33.366	0.25	1	2	16683
33.382	0.25	1	2	16691
33.4	0.25	1	2	16700
33.416	0.25	0	1	16708
33.432	0.25	0	1	16716
33.45	0.25	0	1	16725
33.466	0.25	0	1	16733
33.482	0.25	0	1	16741
33.5	0.25	0	1	16750
33.516	0.25	1	2	16758
33.532	0.25	1	2	16766
33.55	0.25	1	2	16775
33.566	0.25	1	2	16783
33.582	0.25	1	2	16791
33.6	0.25	1	2	16800
33.616	0.25	1	2	16808
33.632	0.25	1	2	16816
33.65	0.25	1	2	16825
33.666	0.25	1	2	16833
33.682	0.25	0	1	16841
33.7	0.25	0	1	16850
33.716	0.25	0	1	16858
33.732	0.25	0	1	16866
33.75	0.25	1	2	16875
33.766	0.25	1	2	16883
33.782	0.25	0	1	16891
33.8	0.25	0	1	16900
33.816	0.25	1	2	16908
33.832	0.25	1	2	16916
33.85	0.25	0	1	16925
33.866	0.25	0	1	16933
33.882	0.25	0	1	16941
33.9	0.25	0	1	16950
33.916	0.25	1	2	16958
33.932	0.25	1	2	16966
33.95	0.25	1	2	16975
33.966	0.25	1	2	16983
33.982	0.25	0	1	16991
34.0	0.25	0	1	17000
34.016	0.25	0	1	17008
34.032	0.25	0	1	17016
34.05	0.25	0	1	17025
34.066	0.25	0	1	17033
34.082	0.25	0	1	17041
34.1	0.25	0	1	17050
34.116	0.25	1	2	17058
34.132	0.25	1	2	17066
34.15	0.25	0	1	17075
34.166	0.25	0	1	17083
34.182	0.25	0	1	17091
34.2	0.25	0	1	17100
34.216	0.25	0	1	17108
34.232	0.25	0	1	17116
34.25	0.25	0	1	17125
34.266	0.25	0	1	17133
34.282	0.25	1	2	17141
34.3	0.25	1	2	17150
34.316	0.25	1	2	17158
34.332	0.25	1	2	17166
34.35	0.25	1	2	17175
34.366	0.25	1	2	17183
34.382	0.25	1	2	17191
34.4	0.25	1	2	17200
34.416	0.25	1	2	17208
34.432	0.25	1	2	17216
34.45	0.25	1	2	17225
34.466	0.25	1	2	17233
34.482	0.25	0	1	17241
34.5	0.25	0	1	17250
34.516	0.25	1	2	17258
34.532	0.25	1	2	17266
34.55	0.25	0	1	17275
34.566	0.25	0	1	17283
34.582	0.25	1	2	17291
34.6	0.25	1	2	17300
34.616	0.25	0	1	17308
34.632	0.25	0	1	17316
34.65	0.25	0	1	17325
34.666	0.25	0	1	17333
34.682	0.25	1	2	17341
34.7	0.25	1	2	17350
34.716	0.25	1	2	17358
34.732	0.25	1	2	17366
34.75	0.25	0	1	17375
34.766	0.25	0	1	17383
34.782	0.25	0	1	17391
36.266	0.25	0	1	18133
36.282	0.25	0	1	18141
36.3	0.25	0	1	18150
36.316	0.25	0	1	18158
36.332	0.25	1	2	18166
36.35	0.25	1	2	18175
36.366	0.25	1	2	18183
36.382	0.25	1	2	18191
36.4	0.25	0	1	18200
36.416	0.25	0	1	18208
36.432	0.25	0	1	18216
36.45	0.25	0	1	18225
36.466	0.25	0	1	18233
36.482	0.25	0	1	18241
36.5	0.25	0	1	18250
36.516	0.25	0	1	18258
36.532	0.25	1	2	18266
36.55	0.25	1	2	18275
36.566	0.25	1	2	18283
36.582	0.25	1	2	18291
36.6	0.25	1	2	18300
36.616	0.25	1	2	18308
36.632	0.25	1	2	18316
36.65	0.25	1	2	18325
36.666	0.25	1	2	18333
36.682	0.25	1	2	18341
36.7	0.25	0	1	18350
36.716	0.25	0	1	18358
36.732	0.25	0	1	18366
36.75	0.25	0	1	18375
36.766	0.25	0	1	18383
36.782	0.25	0	1	18391
36.8	0.25	0	1	18400
36.816	0.25	0	1	18408
36.832	0.25	0	1	18416
36.85	0.25	0	1	18425
36.866	0.25	0	1	18433
36.882	0.25	0	1	18441
36.9	0.25	1	2	18450
36.916	0.25	1	2	18458
36.932	0.25	1	2	18466
36.95	0.25	1	2	18475
36.966	0.25	0	1	18483
36.982	0.25	0	1	18491
37.0	0.25	0	1	18500
37.016	0.25	0	1	18508
37.032	0.25	1	2	18516
37.05	0.25	1	2	18525
37.066	0.25	0	1	18533
37.082	0.25	0	1	18541
37.1	0.25	1	2	18550
37.116	0.25	1	2	18558
37.132	0.25	0	1	18566
37.15	0.25	0	1	18575
37.166	0.25	1	2	18583
37.182	0.25	1	2	18591
37.2	0.25	0	1	18600
37.216	0.25	0	1	18608
37.232	0.25	1	2	18616
37.25	0.25	1	2	18625
37.266	0.25	1	2	18633
37.282	0.25	1	2	18641
37.3	0.25	0	1	18650
37.316	0.25	0	1	18658
37.332	0.25	1	2	18666
37.35	0.25	1	2	18675
37.366	0.25	0	1	18683
37.382	0.25	0	1	18691
37.4	0.25	0	1	18700
37.416	0.25	0	1	18708
37.432	0.25	0	1	18716
37.45	0.25	0	1	18725
37.466	0.25	1	2	18733
37.482	0.25	1	2	18741
37.5	0.25	0	1	18750
37.516	0.25	0	1	18758
37.532	0.25	0	1	18766
37.55	0.25	0	1	18775
37.566	0.25	0	1	18783
37.582	0.25	0	1	18791
37.6	0.25	1	2	18800
37.616	0.25	1	2	18808
37.632	0.25	1	2	18816
37.65	0.25	1	2	18825
37.666	0.25	1	2	18833
37.682	0.25	1	2	18841
37.7	0.25	0	1	18850
37.716	0.25	0	1	18858
37.732	0.25	1	2	18866
37.75	0.25	1	2	18875
37.766	0.25	0	1	18883
37.782	0.25	0	1	18891
37.8	0.25	1	2	18900
37.816	0.25	1	2	18908
37.832	0.25	1	2	18916
37.85	0.25	1	2	18925
37.866	0.25	1	2	18933
37.882	0.25	1	2	18941
37.9	0.25	1	2	18950
37.916	0.25	1	2	18958
37.932	0.25	1	2	18966
37.95	0.25	1	2	18975
37.966	0.25	0	1	18983
37.982	0.25	0	1	18991
38.0	0.25	0	1	19000
38.016	0.25	0	1	19008
38.032	0.25	1	2	19016
38.05	0.25	1	2	19025
38.066	0.25	0	1	19033
38.082	0.25	0	1	19041
38.1	0.25	0	1	19050
38.116	0.25	0	1	19058
38.132	0.25	0	1	19066
38.15	0.25	0	1	19075
38.166	0.25	1	2	19083
38.182	0.25	1	2	19091
38.2	0.25	1	2	19100
41.532	0.25	1	2	20766
41.55	0.25	1	2	20775
41.566	0.25	1	2	20783
41.582	0.25	1	2	20791
41.6	0.25	0	1	20800
41.616	0.25	0	1	20808
41.632	0.25	0	1	20816
41.65	0.25	0	1	20825
41.666	0.25	0	1	20833
41.682	0.25	0	1	20841
41.7	0.25	0	1	20850
41.716	0.25	0	1	20858
41.732	0.25	1	2	20866
41.75	0.25	1	2	20875
41.766	0.25	0	1	20883
41.782	0.25	0	1	20891
41.8	0.25	0	1	20900
41.816	0.25	0	1	20908
41.832	0.25	1	2	20916
41.85	0.25	1	2	20925
41.866	0.25	1	2	20933
41.882	0.25	1	2	20941
41.9	0.25	0	1	20950
41.916	0.25	0	1	20958
41.932	0.25	0	1	20966
41.95	0.25	0	1	20975
41.966	0.25	0	1	20983
41.982	0.25	0	1	20991
42.0	0.25	0	1	21000
42.016	0.25	0	1	21008
42.032	0.25	0	1	21016
42.05	0.25	0	1	21025
42.066	0.25	0	1	21033
42.082	0.25	0	1	21041
42.1	0.25	1	2	21050
42.116	0.25	1	2	21058
42.132	0.25	0	1	21066
42.15	0.25	0	1	21075
42.166	0.25	1	2	21083
42.182	0.25	1	2	21091
42.2	0.25	1	2	21100
42.216	0.25	1	2	21108
42.232	0.25	0	1	21116
42.25	0.25	0	1	21125
42.266	0.25	1	2	21133
42.282	0.25	1	2	21141
42.3	0.25	0	1	21150
42.316	0.25	0	1	21158
42.332	0.25	1	2	21166
42.35	0.25	1	2	21175
42.366	0.25	0	1	21183
42.382	0.25	0	1	21191
42.4	0.25	1	2	21200
42.416	0.25	1	2	21208
42.432	0.25	0	1	21216
42.45	0.25	0	1	21225
42.466	0.25	0	1	21233
42.482	0.25	0	1	21241
42.5	0.25	0	1	21250
42.516	0.25	0	1	21258
42.532	0.25	1	2	21266
42.55	0.25	1	2	21275
42.566	0.25	1	2	21283
42.582	0.25	1	2	21291
42.6	0.25	1	2	21300
42.616	0.25	1	2	21308
42.632	0.25	0	1	21316
42.65	0.25	0	1	21325
42.666	0.25	1	2	21333
42.682	0.25	1	2	21341
42.7	0.25	1	2	21350
42.716	0.25	1	2	21358
42.732	0.25	1	2	21366
42.75	0.25	1	2	21375
42.766	0.25	0	1	21383
42.782	0.25	0	1	21391
42.8	0.25	1	2	21400
42.816	0.25	1	2	21408
42.832	0.25	0	1	21416
42.85	0.25	0	1	21425
42.866	0.25	1	2	21433
42.882	0.25	1	2	21441
42.9	0.25	1	2	21450
42.916	0.25	1	2	21458
42.932	0.25	0	1	21466
42.95	0.25	0	1	21475
42.966	0.25	0	1	21483
42.982	0.25	0	1	21491
43.0	0.25	0	1	21500
43.016	0.25	0	1	21508
43.032	0.25	1	2	21516
43.05	0.25	1	2	21525
43.066	0.25	1	2	21533
43.082	0.25	1	2	21541
43.1	0.25	0	1	21550
43.116	0.25	0	1	21558
43.132	0.25	1	2	21566
43.15	0.25	1	2	21575
43.166	0.25	1	2	21583
43.182	0.25	1	2	21591
43.2	0.25	1	2	21600
43.216	0.25	1	2	21608
43.232	0.25	0	1	21616
43.25	0.25	0	1	21625
43.266	0.25	0	1	21633
43.282	0.25	0	1	21641
43.3	0.25	0	1	21650
43.316	0.25	0	1	21658
43.332	0.25	0	1	21666
43.35	0.25	0	1	21675
43.366	0.25	0	1	21683
43.382	0.25	0	1	21691
43.4	0.25	1	2	21700
43.416	0.25	1	2	21708
43.432	0.25	1	2	21716
43.45	0.25	1	2	21725
43.466	0.25	1	2	21733
44.95	0.25	0	1	22475
44.966	0.25	0	1	22483
44.982	0.25	0	1	22491
45.0	0.25	0	1	22500
45.016	0.25	1	2	22508
45.032	0.25	1	2	22516
45.05	0.25	1	2	22525
45.066	0.25	1	2	22533
45.082	0.25	0	1	22541
45.1	0.25	0	1	22550
45.116	0.25	0	1	22558
45.132	0.25	0	1	22566
45.15	0.25	0	1	22575
45.166	0.25	0	1	22583
45.182	0.25	0	1	22591
45.2	0.25	0	1	22600
45.216	0.25	1	2	22608
45.232	0.25	1	2	22616
45.25	0.25	1	2	22625
45.266	0.25	1	2	22633
45.282	0.25	1	2	22641
45.3	0.25	1	2	22650
45.316	0.25	1	2	22658
45.332	0.25	1	2	22666
45.35	0.25	1	2	22675
45.366	0.25	1	2	22683
45.382	0.25	0	1	22691
45.4	0.25	0	1	22700
45.416	0.25	0	1	22708
45.432	0.25	0	1	22716
45.45	0.25	0	1	22725
45.466	0.25	0	1	22733
45.482	0.25	0	1	22741
45.5	0.25	0	1	22750
45.516	0.25	0	1	22758
45.532	0.25	0	1	22766
45.55	0.25	0	1	22775
45.566	0.25	0	1	22783
45.582	0.25	1	2	22791
45.6	0.25	1	2	22800
45.616	0.25	1	2	22808
45.632	0.25	1	2	22816
45.65	0.25	0	1	22825
45.666	0.25	0	1	22833
45.682	0.25	0	1	22841
45.7	0.25	0	1	22850
45.716	0.25	1	2	22858
45.732	0.25	1	2	22866
45.75	0.25	0	1	22875
45.766	0.25	0	1	22883
45.782	0.25	1	2	22891
45.8	0.25	1	2	22900
45.816	0.25	0	1	22908
45.832	0.25	0	1	22916
45.85	0.25	1	2	22925
45.866	0.25	1	2	22933
45.882	0.25	0	1	22941
45.9	0.25	0	1	22950
45.916	0.25	1	2	22958
45.932	0.25	1	2	22966
45.95	0.25	1	2	22975
45.966	0.25	1	2	22983
45.982	0.25	0	1	22991
46.0	0.25	0	1	23000
46.016	0.25	1	2	23008
46.032	0.25	1	2	23016
46.05	0.25	0	1	23025
46.066	0.25	0	1	23033
46.082	0.25	0	1	23041
46.1	0.25	0	1	23050
46.116	0.25	0	1	23058
46.132	0.25	0	1	23066
46.15	0.25	1	2	23075
46.166	0.25	1	2	23083
46.182	0.25	0	1	23091
46.2	0.25	0	1	23100
46.216	0.25	0	1	23108
46.232	0.25	0	1	23116
46.25	0.25	0	1	23125
46.266	0.25	0	1	23133
46.282	0.25	1	2	23141
46.3	0.25	1	2	23150
46.316	0.25	1	2	23158
46.332	0.25	1	2	23166
46.35	0.25	1	2	23175
46.366	0.25	1	2	23183
46.382	0.25	0	1	23191
46.4	0.25	0	1	23200
46.416	0.25	1	2	23208
46.432	0.25	1	2	23216
46.45	0.25	0	1	23225
46.466	0.25	0	1	23233
46.482	0.25	1	2	23241
46.5	0.25	1	2	23250
46.516	0.25	1	2	23258
46.532	0.25	1	2	23266
46.55	0.25	1	2	23275
46.566	0.25	1	2	23283
46.582	0.25	1	2	23291
46.6	0.25	1	2	23300
46.616	0.25	1	2	23308
46.632	0.25	1	2	23316
46.65	0.25	0	1	23325
46.666	0.25	0	1	23333
46.682	0.25	0	1	23341
46.7	0.25	0	1	23350
46.716	0.25	1	2	23358
46.732	0.25	1	2	23366
46.75	0.25	0	1	23375
46.766	0.25	0	1	23383
46.782	0.25	0	1	23391
46.8	0.25	0	1	23400
46.816	0.25	0	1	23408
46.832	0.25	0	1	23416
46.85	0.25	1	2	23425
46.866	0.25	1	2	23433
46.882	0.25	1	2	23441
48.366	0.25	1	2	24183
48.382	0.25	1	2	24191
48.4	0.25	1	2	24200
48.416	0.25	1	2	24208
48.432	0.25	1	2	24216
48.45	0.25	1	2	24225
48.466	0.25	1	2	24233
48.482	0.25	1	2	24241
48.5	0.25	1	2	24250
48.516	0.25	1	2	24258
48.532	0.25	1	2	24266
48.55	0.25	1	2	24275
48.566	0.25	1	2	24283
48.582	0.25	1	2	24291
48.6	0.25	0	1	24300
48.616	0.25	0	1	24308
48.632	0.25	0	1	24316
48.65	0.25	0	1	24325
48.666	0.25	1	2	24333
48.682	0.25	1	2	24341
48.7	0.25	1	2	24350
48.716	0.25	1	2	24358
48.732	0.25	0	1	24366
48.75	0.25	0	1	24375
48.766	0.25	0	1	24383
48.782	0.25	0	1	24391
48.8	0.25	1	2	24400
48.816	0.25	1	2	24408
48.832	0.25	1	2	24416
48.85	0.25	1	2	24425
48.866	0.25	0	1	24433
48.882	0.25	0	1	24441
48.9	0.25	0	1	24450
48.916	0.25	0	1	24458
48.932	0.25	1	2	24466
48.95	0.25	1	2	24475
48.966	0.25	0	1	24483
48.982	0.25	0	1	24491
49.0	0.25	1	2	24500
49.016	0.25	1	2	24508
49.032	0.25	1	2	24516
49.05	0.25	1	2	24525
49.066	0.25	0	1	24533
49.082	0.25	0	1	24541
49.1	0.25	1	2	24550
49.116	0.25	1	2	24558
49.132	0.25	0	1	24566
49.15	0.25	0	1	24575
49.166	0.25	0	1	24583
49.182	0.25	0	1	24591
49.2	0.25	1	2	24600
49.216	0.25	1	2	24608
49.232	0.25	0	1	24616
49.25	0.25	0	1	24625
49.266	0.25	1	2	24633
49.282	0.25	1	2	24641
49.3	0.25	1	2	24650
49.316	0.25	1	2	24658
49.332	0.25	1	2	24666
49.35	0.25	1	2	24675
49.366	0.25	0	1	24683
49.382	0.25	0	1	24691
49.4	0.25	0	1	24700
49.416	0.25	0	1	24708
49.432	0.25	0	1	24716
49.45	0.25	0	1	24725
49.466	0.25	1	2	24733
49.482	0.25	1	2	24741
49.5	0.25	0	1	24750
49.516	0.25	0	1	24758
49.532	0.25	1	2	24766
49.55	0.25	1	2	24775
49.566	0.25	1	2	24783
49.582	0.25	1	2	24791
49.6	0.25	1	2	24800
49.616	0.25	1	2	24808
49.632	0.25	0	1	24816
49.65	0.25	0	1	24825
49.666	0.25	0	1	24833
49.682	0.25	0	1	24841
49.7	0.25	1	2	24850
49.716	0.25	1	2	24858
49.732	0.25	0	1	24866
49.75	0.25	0	1	24875
49.766	0.25	1	2	24883
49.782	0.25	1	2	24891
49.8	0.25	0	1	24900
49.816	0.25	0	1	24908
49.832	0.25	0	1	24916
49.85	0.25	0	1	24925
49.866	0.25	0	1	24933
49.882	0.25	0	1	24941
49.9	0.25	1	2	24950
49.916	0.25	1	2	24958
49.932	0.25	1	2	24966
49.95	0.25	1	2	24975
49.966	0.25	0	1	24983
49.982	0.25	0	1	24991
50.0	0.25	1	2	25000
50.016	0.25	1	2	25008
50.032	0.25	0	1	25016
50.05	0.25	0	1	25025
50.066	0.25	0	1	25033
50.082	0.25	0	1	25041
50.1	0.25	0	1	25050
50.116	0.25	0	1	25058
50.132	0.25	1	2	25066
50.15	0.25	1	2	25075
50.166	0.25	0	1	25083
50.182	0.25	0	1	25091
50.2	0.25	1	2	25100
50.216	0.25	1	2	25108
50.232	0.25	0	1	25116
50.25	0.25	0	1	25125
50.266	0.25	0	1	25133
50.282	0.25	0	1	25141
50.3	0.25	1	2	25150
51.782	0.25	1	2	25891
51.8	0.25	1	2	25900
51.816	0.25	1	2	25908
51.832	0.25	1	2	25916
51.85	0.25	0	1	25925
51.866	0.25	0	1	25933
51.882	0.25	1	2	25941
51.9	0.25	1	2	25950
51.916	0.25	1	2	25958
51.932	0.25	1	2	25966
51.95	0.25	0	1	25975
51.966	0.25	0	1	25983
51.982	0.25	1	2	25991
52.0	0.25	1	2	26000
52.016	0.25	1	2	26008
52.032	0.25	1	2	26016
52.05	0.25	0	1	26025
52.066	0.25	0	1	26033
52.082	0.25	1	2	26041
52.1	0.25	1	2	26050
52.116	0.25	1	2	26058
52.132	0.25	1	2	26066
52.15	0.25	0	1	26075
52.166	0.25	0	1	26083
52.182	0.25	0	1	26091
52.2	0.25	0	1	26100
52.216	0.25	0	1	26108
52.232	0.25	0	1	26116
52.25	0.25	1	2	26125
52.266	0.25	1	2	26133
52.282	0.25	1	2	26141
52.3	0.25	1	2	26150
52.316	0.25	1	2	26158
52.332	0.25	1	2	26166
52.35	0.25	0	1	26175
52.366	0.25	0	1	26183
52.382	0.25	0	1	26191
52.4	0.25	0	1	26200
52.416	0.25	0	1	26208
52.432	0.25	0	1	26216
52.45	0.25	1	2	26225
52.466	0.25	1	2	26233
52.482	0.25	1	2	26241
52.5	0.25	1	2	26250
52.516	0.25	1	2	26258
52.532	0.25	1	2	26266
52.55	0.25	1	2	26275
52.566	0.25	1	2	26283
52.582	0.25	1	2	26291
52.6	0.25	1	2	26300
52.616	0.25	0	1	26308
52.632	0.25	0	1	26316
52.65	0.25	0	1	26325
52.666	0.25	0	1	26333
52.682	0.25	1	2	26341
52.7	0.25	1	2	26350
52.716	0.25	0	1	26358
52.732	0.25	0	1	26366
52.75	0.25	1	2	26375
52.766	0.25	1	2	26383
52.782	0.25	0	1	26391
52.8	0.25	0	1	26400
52.816	0.25	0	1	26408
52.832	0.25	0	1	26416
52.85	0.25	1	2	26425
52.866	0.25	1	2	26433
52.882	0.25	1	2	26441
52.9	0.25	1	2	26450
52.916	0.25	0	1	26458
52.932	0.25	0	1	26466
52.95	0.25	0	1	26475
52.966	0.25	0	1	26483
52.982	0.25	0	1	26491
53.0	0.25	0	1	26500
53.016	0.25	0	1	26508
53.032	0.25	0	1	26516
53.05	0.25	1	2	26525
53.066	0.25	1	2	26533
53.082	0.25	0	1	26541
53.1	0.25	0	1	26550
53.116	0.25	0	1	26558
53.132	0.25	0	1	26566
53.15	0.25	0	1	26575
53.166	0.25	0	1	26583
53.182	0.25	0	1	26591
53.2	0.25	0	1	26600
53.216	0.25	1	2	26608
53.232	0.25	1	2	26616
53.25	0.25	1	2	26625
53.266	0.25	1	2	26633
53.282	0.25	1	2	26641
53.3	0.25	1	2	26650
53.316	0.25	1	2	26658
53.332	0.25	1	2	26666
53.35	0.25	1	2	26675
53.366	0.25	1	2	26683
53.382	0.25	1	2	26691
53.4	0.25	1	2	26700
53.416	0.25	0	1	26708
53.432	0.25	0	1	26716
53.45	0.25	1	2	26725
53.466	0.25	1	2	26733
53.482	0.25	0	1	26741
53.5	0.25	0	1	26750
53.516	0.25	1	2	26758
53.532	0.25	1	2	26766
53.55	0.25	0	1	26775
53.566	0.25	0	1	26783
53.582	0.25	0	1	26791
53.6	0.25	0	1	26800
53.616	0.25	1	2	26808
53.632	0.25	1	2	26816
53.65	0.25	1	2	26825
53.666	0.25	1	2	26833
53.682	0.25	0	1	26841
53.7	0.25	0	1	26850
53.716	0.25	0	1	26858
57.35	0.25	0	1	28675
57.366	0.25	0	1	28683
57.382	0.25	0	1	28691
57.4	0.25	0	1	28700
57.416	0.25	1	2	28708
57.432	0.25	1	2	28716
57.45	0.25	1	2	28725
57.466	0.25	1	2	28733
57.482	0.25	0	1	28741
57.5	0.25	0	1	28750
57.516	0.25	0	1	28758
57.532	0.25	0	1	28766
57.55	0.25	0	1	28775
57.566	0.25	0	1	28783
57.582	0.25	0	1	28791
57.6	0.25	0	1	28800
57.616	0.25	1	2	28808
57.632	0.25	1	2	28816
57.65	0.25	1	2	28825
57.666	0.25	1	2	28833
57.682	0.25	1	2	28841
57.7	0.25	1	2	28850
57.716	0.25	1	2	28858
57.732	0.25	1	2	28866
57.75	0.25	1	2	28875
57.766	0.25	1	2	28883
57.782	0.25	0	1	28891
57.8	0.25	0	1	28900
57.816	0.25	0	1	28908
57.832	0.25	0	1	28916
57.85	0.25	0	1	28925
57.866	0.25	0	1	28933
57.882	0.25	0	1	28941
57.9	0.25	0	1	28950
57.916	0.25	0	1	28958
57.932	0.25	0	1	28966
57.95	0.25	0	1	28975
57.966	0.25	0	1	28983
57.982	0.25	1	2	28991
58.0	0.25	1	2	29000
58.016	0.25	1	2	29008
58.032	0.25	1	2	29016
58.05	0.25	0	1	29025
58.066	0.25	0	1	29033
58.082	0.25	0	1	29041
58.1	0.25	0	1	29050
58.116	0.25	1	2	29058
58.132	0.25	1	2	29066
58.15	0.25	0	1	29075
58.166	0.25	0	1	29083
58.182	0.25	1	2	29091
58.2	0.25	1	2	29100
58.216	0.25	0	1	29108
58.232	0.25	0	1	29116
58.25	0.25	1	2	29125
58.266	0.25	1	2	29133
58.282	0.25	0	1	29141
58.3	0.25	0	1	29150
58.316	0.25	1	2	29158
58.332	0.25	1	2	29166
58.35	0.25	1	2	29175
58.366	0.25	1	2	29183
58.382	0.25	0	1	29191
58.4	0.25	0	1	29200
58.416	0.25	1	2	29208
58.432	0.25	1	2	29216
58.45	0.25	0	1	29225
58.466	0.25	0	1	29233
58.482	0.25	0	1	29241
58.5	0.25	0	1	29250
58.516	0.25	0	1	29258
58.532	0.25	0	1	29266
58.55	0.25	1	2	29275
58.566	0.25	1	2	29283
58.582	0.25	0	1	29291
58.6	0.25	0	1	29300
58.616	0.25	0	1	29308
58.632	0.25	0	1	29316
58.65	0.25	0	1	29325
58.666	0.25	0	1	29333
58.682	0.25	1	2	29341
58.7	0.25	1	2	29350
58.716	0.25	1	2	29358
58.732	0.25	1	2	29366
58.75	0.25	1	2	29375
58.766	0.25	1	2	29383
58.782	0.25	0	1	29391
58.8	0.25	0	1	29400
58.816	0.25	1	2	29408
58.832	0.25	1	2	29416
58.85	0.25	0	1	29425
58.866	0.25	0	1	29433
58.882	0.25	1	2	29441
58.9	0.25	1	2	29450
58.916	0.25	1	2	29458
58.932	0.25	1	2	29466
58.95	0.25	1	2	29475
58.966	0.25	1	2	29483
58.982	0.25	1	2	29491
59.0	0.25	1	2	29500
59.016	0.25	1	2	29508
59.032	0.25	1	2	29516
59.05	0.25	0	1	29525
59.066	0.25	0	1	29533
59.082	0.25	0	1	29541
59.1	0.25	0	1	29550
59.116	0.25	1	2	29558
59.132	0.25	1	2	29566
59.15	0.25	0	1	29575
59.166	0.25	0	1	29583
59.182	0.25	0	1	29591
59.2	0.25	0	1	29600
59.216	0.25	0	1	29608
59.232	0.25	0	1	29616
59.25	0.25	1	2	29625
59.266	0.25	1	2	29633
59.282	0.25	1	2	29641
60.766	0.25	1	2	30383
60.782	0.25	1	2	30391
60.8	0.25	1	2	30400
60.816	0.25	1	2	30408
60.832	0.25	0	1	30416
60.85	0.25	0	1	30425
60.866	0.25	1	2	30433
60.882	0.25	1	2	30441
60.9	0.25	1	2	30450
60.916	0.25	1	2	30458
60.932	0.25	0	1	30466
60.95	0.25	0	1	30475
60.966	0.25	1	2	30483
60.982	0.25	1	2	30491
61.0	0.25	1	2	30500
61.016	0.25	1	2	30508
61.032	0.25	0	1	30516
61.05	0.25	0	1	30525
61.066	0.25	1	2	30533
61.082	0.25	1	2	30541
61.1	0.25	1	2	30550
61.116	0.25	1	2	30558
61.132	0.25	0	1	30566
61.15	0.25	0	1	30575
61.166	0.25	0	1	30583
61.182	0.25	0	1	30591
61.2	0.25	0	1	30600
61.216	0.25	0	1	30608
61.232	0.25	1	2	30616
61.25	0.25	1	2	30625
61.266	0.25	1	2	30633
61.282	0.25	1	2	30641
61.3	0.25	1	2	30650
61.316	0.25	1	2	30658
61.332	0.25	0	1	30666
61.35	0.25	0	1	30675
61.366	0.25	0	1	30683
61.382	0.25	0	1	30691
61.4	0.25	0	1	30700
61.416	0.25	0	1	30708
61.432	0.25	1	2	30716
61.45	0.25	1	2	30725
61.466	0.25	1	2	30733
61.482	0.25	1	2	30741
61.5	0.25	1	2	30750
61.516	0.25	1	2	30758
61.532	0.25	1	2	30766
61.55	0.25	1	2	30775
61.566	0.25	1	2	30783
61.582	0.25	1	2	30791
61.6	0.25	0	1	30800
61.616	0.25	0	1	30808
61.632	0.25	0	1	30816
61.65	0.25	0	1	30825
61.666	0.25	1	2	30833
61.682	0.25	1	2	30841
61.7	0.25	0	1	30850
61.716	0.25	0	1	30858
61.732	0.25	1	2	30866
61.75	0.25	1	2	30875
61.766	0.25	0	1	30883
61.782	0.25	0	1	30891
61.8	0.25	0	1	30900
61.816	0.25	0	1	30908
61.832	0.25	1	2	30916
61.85	0.25	1	2	30925
61.866	0.25	1	2	30933
61.882	0.25	1	2	30941
61.9	0.25	0	1	30950
61.916	0.25	0	1	30958
61.932	0.25	0	1	30966
61.95	0.25	0	1	30975
61.966	0.25	0	1	30983
61.982	0.25	0	1	30991
62.0	0.25	0	1	31000
62.016	0.25	0	1	31008
62.032	0.25	1	2	31016
62.05	0.25	1	2	31025
62.066	0.25	0	1	31033
62.082	0.25	0	1	31041
62.1	0.25	0	1	31050
62.116	0.25	0	1	31058
62.132	0.25	0	1	31066
62.15	0.25	0	1	31075
62.166	0.25	0	1	31083
62.182	0.25	0	1	31091
62.2	0.25	1	2	31100
62.216	0.25	1	2	31108
62.232	0.25	1	2	31116
62.25	0.25	1	2	31125
62.266	0.25	1	2	31133
62.282	0.25	1	2	31141
62.3	0.25	1	2	31150
62.316	0.25	1	2	31158
62.332	0.25	1	2	31166
62.35	0.25	1	2	31175
62.366	0.25	1	2	31183
62.382	0.25	1	2	31191
62.4	0.25	0	1	31200
62.416	0.25	0	1	31208
62.432	0.25	1	2	31216
62.45	0.25	1	2	31225
62.466	0.25	0	1	31233
62.482	0.25	0	1	31241
62.5	0.25	1	2	31250
62.516	0.25	1	2	31258
62.532	0.25	0	1	31266
62.55	0.25	0	1	31275
62.566	0.25	0	1	31283
62.582	0.25	0	1	31291
62.6	0.25	1	2	31300
62.616	0.25	1	2	31308
62.632	0.25	1	2	31316
62.65	0.25	1	2	31325
62.666	0.25	0	1	31333
62.682	0.25	0	1	31341
62.7	0.25	0	1	31350
64.182	0.25	1	2	32091
64.2	0.25	1	2	32100
64.216	0.25	1	2	32108
64.232	0.25	1	2	32116
64.25	0.25	1	2	32125
64.266	0.25	1	2	32133
64.282	0.25	1	2	32141
64.3	0.25	1	2	32150
64.316	0.25	1	2	32158
64.332	0.25	1	2	32166
64.348	0.25	1	2	32174
64.366	0.25	1	2	32183
64.382	0.25	1	2	32191
64.4	0.25	1	2	32200
64.416	0.25	0	1	32208
64.432	0.25	0	1	32216
64.45	0.25	0	1	32225
64.466	0.25	0	1	32233
64.482	0.25	1	2	32241
64.5	0.25	1	2	32250
64.516	0.25	1	2	32258
64.532	0.25	1	2	32266
64.55	0.25	0	1	32275
64.566	0.25	0	1	32283
64.582	0.25	0	1	32291
64.598	0.25	0	1	32299
64.616	0.25	1	2	32308
64.632	0.25	1	2	32316
64.65	0.25	1	2	32325
64.666	0.25	1	2	32333
64.682	0.25	0	1	32341
64.7	0.25	0	1	32350
64.716	0.25	0	1	32358
64.732	0.25	0	1	32366
64.75	0.25	1	2	32375
64.766	0.25	1	2	32383
64.782	0.25	0	1	32391
64.8	0.25	0	1	32400
64.816	0.25	1	2	32408
64.832	0.25	1	2	32416
64.848	0.25	1	2	32424
64.866	0.25	1	2	32433
64.882	0.25	0	1	32441
64.9	0.25	0	1	32450
64.916	0.25	1	2	32458
64.932	0.25	1	2	32466
64.95	0.25	0	1	32475
64.966	0.25	0	1	32483
64.982	0.25	0	1	32491
65.0	0.25	0	1	32500
65.016	0.25	1	2	32508
65.032	0.25	1	2	32516
65.05	0.25	0	1	32525
65.066	0.25	0	1	32533
65.082	0.25	1	2	32541
65.098	0.25	1	2	32549
65.116	0.25	1	2	32558
65.132	0.25	1	2	32566
65.15	0.25	1	2	32575
65.166	0.25	1	2	32583
65.182	0.25	0	1	32591
65.2	0.25	0	1	32600
65.216	0.25	0	1	32608
65.232	0.25	0	1	32616
65.25	0.25	0	1	32625
65.266	0.25	0	1	32633
65.282	0.25	1	2	32641
65.3	0.25	1	2	32650
65.316	0.25	0	1	32658
65.332	0.25	0	1	32666
65.348	0.25	1	2	32674
65.366	0.25	1	2	32683
65.382	0.25	1	2	32691
65.4	0.25	1	2	32700
65.416	0.25	1	2	32708
65.432	0.25	1	2	32716
65.45	0.25	0	1	32725
65.466	0.25	0	1	32733
65.482	0.25	0	1	32741
65.5	0.25	0	1	32750
65.516	0.25	1	2	32758
65.532	0.25	1	2	32766
65.55	0.25	0	1	32775
65.566	0.25	0	1	32783
65.582	0.25	1	2	32791
65.6	0.25	1	2	32800
65.616	0.25	0	1	32808
65.632	0.25	0	1	32816
65.65	0.25	0	1	32825
65.666	0.25	0	1	32833
65.682	0.25	0	1	32841
65.7	0.25	0	1	32850
65.716	0.25	1	2	32858
65.732	0.25	1	2	32866
65.75	0.25	1	2	32875
65.766	0.25	1	2	32883
65.782	0.25	0	1	32891
65.8	0.25	0	1	32900
65.816	0.25	1	2	32908
65.832	0.25	1	2	32916
65.85	0.25	0	1	32925
65.866	0.25	0	1	32933
65.882	0.25	0	1	32941
65.9	0.25	0	1	32950
65.916	0.25	0	1	32958
65.932	0.25	0	1	32966
65.95	0.25	1	2	32975
65.966	0.25	1	2	32983
65.982	0.25	0	1	32991
66.0	0.25	0	1	33000
66.016	0.25	1	2	33008
66.032	0.25	1	2	33016
66.05	0.25	0	1	33025
66.066	0.25	0	1	33033
66.082	0.25	0	1	33041
66.1	0.25	0	1	33050
66.116	0.25	1	2	33058
67.6	0.25	1	2	33800
67.616	0.25	1	2	33808
67.632	0.25	1	2	33816
67.65	0.25	1	2	33825
67.666	0.25	0	1	33833
67.682	0.25	0	1	33841
67.7	0.25	0	1	33850
67.716	0.25	0	1	33858
67.732	0.25	0	1	33866
67.75	0.25	0	1	33875
67.766	0.25	0	1	33883
67.782	0.25	0	1	33891
67.8	0.25	1	2	33900
67.816	0.25	1	2	33908
67.832	0.25	0	1	33916
67.85	0.25	0	1	33925
67.866	0.25	0	1	33933
67.882	0.25	0	1	33941
67.9	0.25	1	2	33950
67.916	0.25	1	2	33958
67.932	0.25	1	2	33966
67.95	0.25	1	2	33975
67.966	0.25	0	1	33983
67.982	0.25	0	1	33991
68.0	0.25	0	1	34000
68.016	0.25	0	1	34008
68.032	0.25	0	1	34016
68.05	0.25	0	1	34025
68.066	0.25	0	1	34033
68.082	0.25	0	1	34041
68.1	0.25	0	1	34050
68.116	0.25	0	1	34058
68.132	0.25	0	1	34066
68.15	0.25	0	1	34075
68.166	0.25	1	2	34083
68.182	0.25	1	2	34091
68.2	0.25	0	1	34100
68.216	0.25	0	1	34108
68.232	0.25	1	2	34116
68.25	0.25	1	2	34125
68.266	0.25	1	2	34133
68.282	0.25	1	2	34141
68.3	0.25	0	1	34150
68.316	0.25	0	1	34158
68.332	0.25	1	2	34166
68.35	0.25	1	2	34175
68.366	0.25	0	1	34183
68.382	0.25	0	1	34191
68.4	0.25	1	2	34200
68.416	0.25	1	2	34208
68.432	0.25	0	1	34216
68.45	0.25	0	1	34225
68.466	0.25	1	2	34233
68.482	0.25	1	2	34241
68.5	0.25	0	1	34250
68.516	0.25	0	1	34258
68.532	0.25	0	1	34266
68.55	0.25	0	1	34275
68.566	0.25	0	1	34283
68.582	0.25	0	1	34291
68.6	0.25	1	2	34300
68.616	0.25	1	2	34308
68.632	0.25	1	2	34316
68.65	0.25	1	2	34325
68.666	0.25	1	2	34333
68.682	0.25	1	2	34341
68.7	0.25	0	1	34350
68.716	0.25	0	1	34358
68.732	0.25	1	2	34366
68.75	0.25	1	2	34375
68.766	0.25	1	2	34383
68.782	0.25	1	2	34391
68.8	0.25	1	2	34400
68.816	0.25	1	2	34408
68.832	0.25	0	1	34416
68.85	0.25	0	1	34425
68.866	0.25	1	2	34433
68.882	0.25	1	2	34441
68.9	0.25	0	1	34450
68.916	0.25	0	1	34458
68.932	0.25	1	2	34466
68.95	0.25	1	2	34475
68.966	0.25	1	2	34483
68.982	0.25	1	2	34491
69.0	0.25	0	1	34500
69.016	0.25	0	1	34508
69.032	0.25	0	1	34516
69.05	0.25	0	1	34525
69.066	0.25	0	1	34533
69.082	0.25	0	1	34541
69.1	0.25	1	2	34550
69.116	0.25	1	2	34558
69.132	0.25	1	2	34566
69.15	0.25	1	2	34575
69.166	0.25	0	1	34583
69.182	0.25	0	1	34591
69.2	0.25	1	2	34600
69.216	0.25	1	2	34608
69.232	0.25	1	2	34616
69.25	0.25	1	2	34625
69.266	0.25	1	2	34633
69.282	0.25	1	2	34641
69.3	0.25	0	1	34650
69.316	0.25	0	1	34658
69.332	0.25	0	1	34666
69.35	0.25	0	1	34675
69.366	0.25	0	1	34683
69.382	0.25	0	1	34691
69.4	0.25	0	1	34700
69.416	0.25	0	1	34708
69.432	0.25	0	1	34716
69.45	0.25	0	1	34725
69.466	0.25	1	2	34733
69.482	0.25	1	2	34741
69.5	0.25	1	2	34750
69.516	0.25	1	2	34758
69.532	0.25	1	2	34766
73.2	0.25	1	2	36600
73.216	0.25	1	2	36608
73.232	0.25	1	2	36616
73.25	0.25	1	2	36625
73.266	0.25	1	2	36633
73.282	0.25	1	2	36641
73.3	0.25	1	2	36650
73.316	0.25	1	2	36658
73.332	0.25	1	2	36666
73.35	0.25	1	2	36675
73.366	0.25	1	2	36683
73.382	0.25	1	2	36691
73.4	0.25	1	2	36700
73.416	0.25	1	2	36708
73.432	0.25	0	1	36716
73.45	0.25	0	1	36725
73.466	0.25	0	1	36733
73.482	0.25	0	1	36741
73.5	0.25	1	2	36750
73.516	0.25	1	2	36758
73.532	0.25	1	2	36766
73.55	0.25	1	2	36775
73.566	0.25	0	1	36783
73.582	0.25	0	1	36791
73.6	0.25	0	1	36800
73.616	0.25	0	1	36808
73.632	0.25	1	2	36816
73.65	0.25	1	2	36825
73.666	0.25	1	2	36833
73.682	0.25	1	2	36841
73.7	0.25	0	1	36850
73.716	0.25	0	1	36858
73.732	0.25	0	1	36866
73.75	0.25	0	1	36875
73.766	0.25	1	2	36883
73.782	0.25	1	2	36891
73.8	0.25	0	1	36900
73.816	0.25	0	1	36908
73.832	0.25	1	2	36916
73.85	0.25	1	2	36925
73.866	0.25	1	2	36933
73.882	0.25	1	2	36941
73.9	0.25	0	1	36950
73.916	0.25	0	1	36958
73.932	0.25	1	2	36966
73.95	0.25	1	2	36975
73.966	0.25	0	1	36983
73.982	0.25	0	1	36991
74.0	0.25	0	1	37000
74.016	0.25	0	1	37008
74.032	0.25	1	2	37016
74.05	0.25	1	2	37025
74.066	0.25	0	1	37033
74.082	0.25	0	1	37041
74.1	0.25	1	2	37050
74.116	0.25	1	2	37058
74.132	0.25	1	2	37066
74.15	0.25	1	2	37075
74.166	0.25	1	2	37083
74.182	0.25	1	2	37091
74.2	0.25	0	1	37100
74.216	0.25	0	1	37108
74.232	0.25	0	1	37116
74.25	0.25	0	1	37125
74.266	0.25	0	1	37133
74.282	0.25	0	1	37141
74.3	0.25	1	2	37150
74.316	0.25	1	2	37158
74.332	0.25	0	1	37166
74.35	0.25	0	1	37175
74.366	0.25	1	2	37183
74.382	0.25	1	2	37191
74.4	0.25	1	2	37200
74.416	0.25	1	2	37208
74.432	0.25	1	2	37216
74.45	0.25	1	2	37225
74.466	0.25	0	1	37233
74.482	0.25	0	1	37241
74.5	0.25	0	1	37250
74.516	0.25	0	1	37258
74.532	0.25	1	2	37266
74.55	0.25	1	2	37275
74.566	0.25	0	1	37283
74.582	0.25	0	1	37291
74.6	0.25	1	2	37300
74.616	0.25	1	2	37308
74.632	0.25	0	1	37316
74.65	0.25	0	1	37325
74.666	0.25	0	1	37333
74.682	0.25	0	1	37341
74.7	0.25	0	1	37350
74.716	0.25	0	1	37358
74.732	0.25	1	2	37366
74.75	0.25	1	2	37375
74.766	0.25	1	2	37383
74.782	0.25	1	2	37391
74.8	0.25	0	1	37400
74.816	0.25	0	1	37408
74.832	0.25	1	2	37416
74.85	0.25	1	2	37425
74.866	0.25	0	1	37433
74.882	0.25	0	1	37441
74.9	0.25	0	1	37450
74.916	0.25	0	1	37458
74.932	0.25	0	1	37466
74.95	0.25	0	1	37475
74.966	0.25	1	2	37483
74.982	0.25	1	2	37491
75.0	0.25	0	1	37500
75.016	0.25	0	1	37508
75.032	0.25	1	2	37516
75.05	0.25	1	2	37525
75.066	0.25	0	1	37533
75.082	0.25	0	1	37541
75.1	0.25	0	1	37550
75.116	0.25	0	1	37558
75.132	0.25	1	2	37566
76.616	0.25	1	2	38308
76.632	0.25	1	2	38316
76.65	0.25	1	2	38325
76.666	0.25	1	2	38333
76.682	0.25	0	1	38341
76.7	0.25	0	1	38350
76.716	0.25	0	1	38358
76.732	0.25	0	1	38366
76.75	0.25	0	1	38375
76.766	0.25	0	1	38383
76.782	0.25	0	1	38391
76.8	0.25	0	1	38400
76.816	0.25	1	2	38408
76.832	0.25	1	2	38416
76.85	0.25	0	1	38425
76.866	0.25	0	1	38433
76.882	0.25	0	1	38441
76.9	0.25	0	1	38450
76.916	0.25	1	2	38458
76.932	0.25	1	2	38466
76.95	0.25	1	2	38475
76.966	0.25	1	2	38483
76.982	0.25	0	1	38491
77.0	0.25	0	1	38500
77.016	0.25	0	1	38508
77.032	0.25	0	1	38516
77.05	0.25	0	1	38525
77.066	0.25	0	1	38533
77.082	0.25	0	1	38541
77.1	0.25	0	1	38550
77.116	0.25	0	1	38558
77.132	0.25	0	1	38566
77.15	0.25	0	1	38575
77.166	0.25	0	1	38583
77.182	0.25	1	2	38591
77.2	0.25	1	2	38600
77.216	0.25	0	1	38608
77.232	0.25	0	1	38616
77.25	0.25	1	2	38625
77.266	0.25	1	2	38633
77.282	0.25	1	2	38641
77.3	0.25	1	2	38650
77.316	0.25	0	1	38658
77.332	0.25	0	1	38666
77.35	0.25	1	2	38675
77.366	0.25	1	2	38683
77.382	0.25	0	1	38691
77.4	0.25	0	1	38700
77.416	0.25	1	2	38708
77.432	0.25	1	2	38716
77.45	0.25	0	1	38725
77.466	0.25	0	1	38733
77.482	0.25	1	2	38741
77.5	0.25	1	2	38750
77.516	0.25	0	1	38758
77.532	0.25	0	1	38766
77.55	0.25	0	1	38775
77.566	0.25	0	1	38783
77.582	0.25	0	1	38791
77.6	0.25	0	1	38800
77.616	0.25	1	2	38808
77.632	0.25	1	2	38816
77.65	0.25	1	2	38825
77.666	0.25	1	2	38833
77.682	0.25	1	2	38841
77.7	0.25	1	2	38850
77.716	0.25	0	1	38858
77.732	0.25	0	1	38866
77.75	0.25	1	2	38875
77.766	0.25	1	2	38883
77.782	0.25	1	2	38891
77.8	0.25	1	2	38900
77.816	0.25	1	2	38908
77.832	0.25	1	2	38916
77.85	0.25	0	1	38925
77.866	0.25	0	1	38933
77.882	0.25	1	2	38941
77.9	0.25	1	2	38950
77.916	0.25	0	1	38958
77.932	0.25	0	1	38966
77.95	0.25	1	2	38975
77.966	0.25	1	2	38983
77.982	0.25	1	2	38991
78.0	0.25	1	2	39000
78.016	0.25	0	1	39008
78.032	0.25	0	1	39016
78.05	0.25	0	1	39025
78.066	0.25	0	1	39033
78.082	0.25	0	1	39041
78.1	0.25	0	1	39050
78.116	0.25	1	2	39058
78.132	0.25	1	2	39066
78.15	0.25	1	2	39075
78.166	0.25	1	2	39083
78.182	0.25	0	1	39091
78.2	0.25	0	1	39100
78.216	0.25	1	2	39108
78.232	0.25	1	2	39116
78.25	0.25	1	2	39125
78.266	0.25	1	2	39133
78.282	0.25	1	2	39141
78.3	0.25	1	2	39150
78.316	0.25	0	1	39158
78.332	0.25	0	1	39166
78.35	0.25	0	1	39175
78.366	0.25	0	1	39183
78.382	0.25	0	1	39191
78.4	0.25	0	1	39200
78.416	0.25	0	1	39208
78.432	0.25	0	1	39216
78.45	0.25	0	1	39225
78.466	0.25	0	1	39233
78.482	0.25	1	2	39241
78.5	0.25	1	2	39250
78.516	0.25	1	2	39258
78.532	0.25	1	2	39266
78.55	0.25	1	2	39275
80.032	0.25	1	2	40016
80.05	0.25	1	2	40025
80.066	0.25	1	2	40033
80.082	0.25	1	2	40041
80.1	0.25	0	1	40050
80.116	0.25	0	1	40058
80.132	0.25	1	2	40066
80.15	0.25	1	2	40075
80.166	0.25	1	2	40083
80.182	0.25	1	2	40091
80.2	0.25	0	1	40100
80.216	0.25	0	1	40108
80.232	0.25	1	2	40116
80.25	0.25	1	2	40125
80.266	0.25	1	2	40133
80.282	0.25	1	2	40141
80.3	0.25	0	1	40150
80.316	0.25	0	1	40158
80.332	0.25	1	2	40166
80.35	0.25	1	2	40175
80.366	0.25	1	2	40183
80.382	0.25	1	2	40191
80.4	0.25	0	1	40200
80.416	0.25	0	1	40208
80.432	0.25	0	1	40216
80.45	0.25	0	1	40225
80.466	0.25	0	1	40233
80.482	0.25	0	1	40241
80.5	0.25	1	2	40250
80.516	0.25	1	2	40258
80.532	0.25	1	2	40266
80.55	0.25	1	2	40275
80.566	0.25	1	2	40283
80.582	0.25	1	2	40291
80.6	0.25	0	1	40300
80.616	0.25	0	1	40308
80.632	0.25	0	1	40316
80.65	0.25	0	1	40325
80.666	0.25	0	1	40333
80.682	0.25	0	1	40341
80.7	0.25	1	2	40350
80.716	0.25	1	2	40358
80.732	0.25	1	2	40366
80.75	0.25	1	2	40375
80.766	0.25	1	2	40383
80.782	0.25	1	2	40391
80.8	0.25	1	2	40400
80.816	0.25	1	2	40408
80.832	0.25	1	2	40416
80.85	0.25	1	2	40425
80.866	0.25	0	1	40433
80.882	0.25	0	1	40441
80.9	0.25	0	1	40450
80.916	0.25	0	1	40458
80.932	0.25	1	2	40466
80.95	0.25	1	2	40475
80.966	0.25	0	1	40483
80.982	0.25	0	1	40491
81.0	0.25	1	2	40500
81.016	0.25	1	2	40508
81.032	0.25	0	1	40516
81.05	0.25	0	1	40525
81.066	0.25	0	1	40533
81.082	0.25	0	1	40541
81.1	0.25	1	2	40550
81.116	0.25	1	2	40558
81.132	0.25	1	2	40566
81.15	0.25	1	2	40575
81.166	0.25	0	1	40583
81.182	0.25	0	1	40591
81.2	0.25	0	1	40600
81.216	0.25	0	1	40608
81.232	0.25	0	1	40616
81.25	0.25	0	1	40625
81.266	0.25	0	1	40633
81.282	0.25	0	1	40641
81.3	0.25	1	2	40650
81.316	0.25	1	2	40658
81.332	0.25	0	1	40666
81.35	0.25	0	1	40675
81.366	0.25	0	1	40683
81.382	0.25	0	1	40691
81.4	0.25	0	1	40700
81.416	0.25	0	1	40708
81.432	0.25	0	1	40716
81.45	0.25	0	1	40725
81.466	0.25	1	2	40733
81.482	0.25	1	2	40741
81.5	0.25	1	2	40750
81.516	0.25	1	2	40758
81.532	0.25	1	2	40766
81.55	0.25	1	2	40775
81.566	0.25	1	2	40783
81.582	0.25	1	2	40791
81.6	0.25	1	2	40800
81.616	0.25	1	2	40808
81.632	0.25	1	2	40816
81.65	0.25	1	2	40825
81.666	0.25	0	1	40833
81.682	0.25	0	1	40841
81.7	0.25	1	2	40850
81.716	0.25	1	2	40858
81.732	0.25	0	1	40866
81.75	0.25	0	1	40875
81.766	0.25	1	2	40883
81.782	0.25	1	2	40891
81.8	0.25	0	1	40900
81.816	0.25	0	1	40908
81.832	0.25	0	1	40916
81.85	0.25	0	1	40925
81.866	0.25	1	2	40933
81.882	0.25	1	2	40941
81.9	0.25	1	2	40950
81.916	0.25	1	2	40958
81.932	0.25	0	1	40966
81.95	0.25	0	1	40975
81.966	0.25	0	1	40983
83.45	0.25	0	1	41725
83.466	0.25	0	1	41733
83.482	0.25	0	1	41741
83.5	0.25	0	1	41750
83.516	0.25	1	2	41758
83.532	0.25	1	2	41766
83.55	0.25	1	2	41775
83.566	0.25	1	2	41783
83.582	0.25	0	1	41791
83.6	0.25	0	1	41800
83.616	0.25	0	1	41808
83.632	0.25	0	1	41816
83.65	0.25	0	1	41825
83.666	0.25	0	1	41833
83.682	0.25	0	1	41841
83.7	0.25	0	1	41850
83.716	0.25	1	2	41858
83.732	0.25	1	2	41866
83.75	0.25	1	2	41875
83.766	0.25	1	2	41883
83.782	0.25	1	2	41891
83.8	0.25	1	2	41900
83.816	0.25	1	2	41908
83.832	0.25	1	2	41916
83.85	0.25	1	2	41925
83.866	0.25	1	2	41933
83.882	0.25	0	1	41941
83.9	0.25	0	1	41950
83.916	0.25	0	1	41958
83.932	0.25	0	1	41966
83.95	0.25	0	1	41975
83.966	0.25	0	1	41983
83.982	0.25	0	1	41991
84.0	0.25	0	1	42000
84.016	0.25	0	1	42008
84.032	0.25	0	1	42016
84.05	0.25	0	1	42025
84.066	0.25	0	1	42033
84.082	0.25	1	2	42041
84.1	0.25	1	2	42050
84.116	0.25	1	2	42058
84.132	0.25	1	2	42066
84.15	0.25	0	1	42075
84.166	0.25	0	1	42083
84.182	0.25	0	1	42091
84.2	0.25	0	1	42100
84.216	0.25	1	2	42108
84.232	0.25	1	2	42116
84.25	0.25	0	1	42125
84.266	0.25	0	1	42133
84.282	0.25	1	2	42141
84.3	0.25	1	2	42150
84.316	0.25	0	1	42158
84.332	0.25	0	1	42166
84.35	0.25	1	2	42175
84.366	0.25	1	2	42183
84.382	0.25	0	1	42191
84.4	0.25	0	1	42200
84.416	0.25	1	2	42208
84.432	0.25	1	2	42216
84.45	0.25	1	2	42225
84.466	0.25	1	2	42233
84.482	0.25	0	1	42241
84.5	0.25	0	1	42250
84.516	0.25	1	2	42258
84.532	0.25	1	2	42266
84.55	0.25	0	1	42275
84.566	0.25	0	1	42283
84.582	0.25	0	1	42291
84.6	0.25	0	1	42300
84.616	0.25	0	1	42308
84.632	0.25	0	1	42316
84.65	0.25	1	2	42325
84.666	0.25	1	2	42333
84.682	0.25	0	1	42341
84.7	0.25	0	1	42350
84.716	0.25	0	1	42358
84.732	0.25	0	1	42366
84.75	0.25	0	1	42375
84.766	0.25	0	1	42383
84.782	0.25	1	2	42391
84.8	0.25	1	2	42400
84.816	0.25	1	2	42408
84.832	0.25	1	2	42416
84.85	0.25	1	2	42425
84.866	0.25	1	2	42433
84.882	0.25	0	1	42441
84.9	0.25	0	1	42450
84.916	0.25	1	2	42458
84.932	0.25	1	2	42466
84.95	0.25	0	1	42475
84.966	0.25	0	1	42483
84.982	0.25	1	2	42491
85.0	0.25	1	2	42500
85.016	0.25	1	2	42508
85.032	0.25	1	2	42516
85.05	0.25	1	2	42525
85.066	0.25	1	2	42533
85.082	0.25	1	2	42541
85.1	0.25	1	2	42550
85.116	0.25	1	2	42558
85.132	0.25	1	2	42566
85.15	0.25	0	1	42575
85.166	0.25	0	1	42583
85.182	0.25	0	1	42591
85.2	0.25	0	1	42600
85.216	0.25	1	2	42608
85.232	0.25	1	2	42616
85.25	0.25	0	1	42625
85.266	0.25	0	1	42633
85.282	0.25	0	1	42641
85.3	0.25	0	1	42650
85.316	0.25	0	1	42658
85.332	0.25	0	1	42666
85.35	0.25	1	2	42675
85.366	0.25	1	2	42683
85.382	0.25	1	2	42691
89.466	0.25	1	2	44733
89.482	0.25	1	2	44741
89.5	0.25	1	2	44750
89.516	0.25	1	2	44758
89.532	0.25	0	1	44766
89.55	0.25	0	1	44775
89.566	0.25	1	2	44783
89.582	0.25	1	2	44791
89.6	0.25	1	2	44800
89.616	0.25	1	2	44808
89.632	0.25	0	1	44816
89.65	0.25	0	1	44825
89.666	0.25	1	2	44833
89.682	0.25	1	2	44841
89.7	0.25	1	2	44850
89.716	0.25	1	2	44858
89.732	0.25	0	1	44866
89.75	0.25	0	1	44875
89.766	0.25	1	2	44883
89.782	0.25	1	2	44891
89.8	0.25	1	2	44900
89.816	0.25	1	2	44908
89.832	0.25	0	1	44916
89.85	0.25	0	1	44925
89.866	0.25	0	1	44933
89.882	0.25	0	1	44941
89.9	0.25	0	1	44950
89.916	0.25	0	1	44958
89.932	0.25	1	2	44966
89.95	0.25	1	2	44975
89.966	0.25	1	2	44983
89.982	0.25	1	2	44991
90.0	0.25	1	2	45000
90.016	0.25	1	2	45008
90.032	0.25	0	1	45016
90.05	0.25	0	1	45025
90.066	0.25	0	1	45033
90.082	0.25	0	1	45041
90.1	0.25	0	1	45050
90.116	0.25	0	1	45058
90.132	0.25	1	2	45066
90.15	0.25	1	2	45075
90.166	0.25	1	2	45083
90.182	0.25	1	2	45091
90.2	0.25	1	2	45100
90.216	0.25	1	2	45108
90.232	0.25	1	2	45116
90.25	0.25	1	2	45125
90.266	0.25	1	2	45133
90.282	0.25	1	2	45141
90.3	0.25	0	1	45150
90.316	0.25	0	1	45158
90.332	0.25	0	1	45166
90.35	0.25	0	1	45175
90.366	0.25	1	2	45183
90.382	0.25	1	2	45191
90.4	0.25	0	1	45200
90.416	0.25	0	1	45208
90.432	0.25	1	2	45216
90.45	0.25	1	2	45225
90.466	0.25	0	1	45233
90.482	0.25	0	1	45241
90.5	0.25	0	1	45250
90.516	0.25	0	1	45258
90.532	0.25	1	2	45266
90.55	0.25	1	2	45275
90.566	0.25	1	2	45283
90.582	0.25	1	2	45291
90.6	0.25	0	1	45300
90.616	0.25	0	1	45308
90.632	0.25	0	1	45316
90.65	0.25	0	1	45325
90.666	0.25	0	1	45333
90.682	0.25	0	1	45341
90.7	0.25	0	1	45350
90.716	0.25	0	1	45358
90.732	0.25	1	2	45366
90.75	0.25	1	2	45375
90.766	0.25	0	1	45383
90.782	0.25	0	1	45391
90.8	0.25	0	1	45400
90.816	0.25	0	1	45408
90.832	0.25	0	1	45416
90.85	0.25	0	1	45425
90.866	0.25	0	1	45433
90.882	0.25	0	1	45441
90.9	0.25	1	2	45450
90.916	0.25	1	2	45458
90.932	0.25	1	2	45466
90.95	0.25	1	2	45475
90.966	0.25	1	2	45483
90.982	0.25	1	2	45491
91.0	0.25	1	2	45500
91.016	0.25	1	2	45508
91.032	0.25	1	2	45516
91.05	0.25	1	2	45525
91.066	0.25	1	2	45533
91.082	0.25	1	2	45541
91.1	0.25	0	1	45550
91.116	0.25	0	1	45558
91.132	0.25	1	2	45566
91.15	0.25	1	2	45575
91.166	0.25	0	1	45583
91.182	0.25	0	1	45591
91.2	0.25	1	2	45600
91.216	0.25	1	2	45608
91.232	0.25	0	1	45616
91.25	0.25	0	1	45625
91.266	0.25	0	1	45633
91.282	0.25	0	1	45641
91.3	0.25	1	2	45650
91.316	0.25	1	2	45658
91.332	0.25	1	2	45666
91.35	0.25	1	2	45675
91.366	0.25	0	1	45683
91.382	0.25	0	1	45691
91.4	0.25	0	1	45700
92.882	0.25	0	1	46441
92.9	0.25	0	1	46450
92.916	0.25	0	1	46458
92.932	0.25	0	1	46466
92.95	0.25	1	2	46475
92.966	0.25	1	2	46483
92.982	0.25	1	2	46491
93.0	0.25	1	2	46500
93.016	0.25	0	1	46508
93.032	0.25	0	1	46516
93.05	0.25	0	1	46525
93.066	0.25	0	1	46533
93.082	0.25	0	1	46541
93.1	0.25	0	1	46550
93.116	0.25	0	1	46558
93.132	0.25	0	1	46566
93.15	0.25	1	2	46575
93.166	0.25	1	2	46583
93.182	0.25	1	2	46591
93.2	0.25	1	2	46600
93.216	0.25	1	2	46608
93.232	0.25	1	2	46616
93.25	0.25	1	2	46625
93.266	0.25	1	2	46633
93.282	0.25	1	2	46641
93.3	0.25	1	2	46650
93.316	0.25	0	1	46658
93.332	0.25	0	1	46666
93.35	0.25	0	1	46675
93.366	0.25	0	1	46683
93.382	0.25	0	1	46691
93.4	0.25	0	1	46700
93.416	0.25	0	1	46708
93.432	0.25	0	1	46716
93.45	0.25	0	1	46725
93.466	0.25	0	1	46733
93.482	0.25	0	1	46741
93.5	0.25	0	1	46750
93.516	0.25	1	2	46758
93.532	0.25	1	2	46766
93.55	0.25	1	2	46775
93.566	0.25	1	2	46783
93.582	0.25	0	1	46791
93.6	0.25	0	1	46800
93.616	0.25	0	1	46808
93.632	0.25	0	1	46816
93.65	0.25	1	2	46825
93.666	0.25	1	2	46833
93.682	0.25	0	1	46841
93.7	0.25	0	1	46850
93.716	0.25	1	2	46858
93.732	0.25	1	2	46866
93.75	0.25	0	1	46875
93.766	0.25	0	1	46883
93.782	0.25	1	2	46891
93.8	0.25	1	2	46900
93.816	0.25	0	1	46908
93.832	0.25	0	1	46916
93.85	0.25	1	2	46925
93.866	0.25	1	2	46933
93.882	0.25	1	2	46941
93.9	0.25	1	2	46950
93.916	0.25	0	1	46958
93.932	0.25	0	1	46966
93.95	0.25	1	2	46975
93.966	0.25	1	2	46983
93.982	0.25	0	1	46991
94.0	0.25	0	1	47000
94.016	0.25	0	1	47008
94.032	0.25	0	1	47016
94.05	0.25	0	1	47025
94.066	0.25	0	1	47033
94.082	0.25	1	2	47041
94.1	0.25	1	2	47050
94.116	0.25	0	1	47058
94.132	0.25	0	1	47066
94.15	0.25	0	1	47075
94.166	0.25	0	1	47083
94.182	0.25	0	1	47091
94.2	0.25	0	1	47100
94.216	0.25	1	2	47108
94.232	0.25	1	2	47116
94.25	0.25	1	2	47125
94.266	0.25	1	2	47133
94.282	0.25	1	2	47141
94.3	0.25	1	2	47150
94.316	0.25	0	1	47158
94.332	0.25	0	1	47166
94.35	0.25	1	2	47175
94.366	0.25	1	2	47183
94.382	0.25	0	1	47191
94.4	0.25	0	1	47200
94.416	0.25	1	2	47208
94.432	0.25	1	2	47216
94.45	0.25	1	2	47225
94.466	0.25	1	2	47233
94.482	0.25	1	2	47241
94.5	0.25	1	2	47250
94.516	0.25	1	2	47258
94.532	0.25	1	2	47266
94.55	0.25	1	2	47275
94.566	0.25	1	2	47283
94.582	0.25	0	1	47291
94.6	0.25	0	1	47300
94.616	0.25	0	1	47308
94.632	0.25	0	1	47316
94.65	0.25	1	2	47325
94.666	0.25	1	2	47333
94.682	0.25	0	1	47341
94.7	0.25	0	1	47350
94.716	0.25	0	1	47358
94.732	0.25	0	1	47366
94.75	0.25	0	1	47375
94.766	0.25	0	1	47383
94.782	0.25	1	2	47391
94.8	0.25	1	2	47400
94.816	0.25	1	2	47408
96.3	0.25	1	2	48150
96.316	0.25	1	2	48158
96.332	0.25	1	2	48166
96.35	0.25	1	2	48175
96.366	0.25	0	1	48183
96.382	0.25	0	1	48191
96.4	0.25	0	1	48200
96.416	0.25	0	1	48208
96.432	0.25	0	1	48216
96.45	0.25	0	1	48225
96.466	0.25	0	1	48233
96.482	0.25	0	1	48241
96.5	0.25	1	2	48250
96.516	0.25	1	2	48258
96.532	0.25	0	1	48266
96.55	0.25	0	1	48275
96.566	0.25	0	1	48283
96.582	0.25	0	1	48291
96.6	0.25	1	2	48300
96.616	0.25	1	2	48308
96.632	0.25	1	2	48316
96.65	0.25	1	2	48325
96.666	0.25	0	1	48333
96.682	0.25	0	1	48341
96.7	0.25	0	1	48350
96.716	0.25	0	1	48358
96.732	0.25	0	1	48366
96.75	0.25	0	1	48375
96.766	0.25	0	1	48383
96.782	0.25	0	1	48391
96.8	0.25	0	1	48400
96.816	0.25	0	1	48408
96.832	0.25	0	1	48416
96.85	0.25	0	1	48425
96.866	0.25	1	2	48433
96.882	0.25	1	2	48441
96.9	0.25	0	1	48450
96.916	0.25	0	1	48458
96.932	0.25	1	2	48466
96.95	0.25	1	2	48475
96.966	0.25	1	2	48483
96.982	0.25	1	2	48491
97.0	0.25	0	1	48500
97.016	0.25	0	1	48508
97.032	0.25	1	2	48516
97.05	0.25	1	2	48525
97.066	0.25	0	1	48533
97.082	0.25	0	1	48541
97.1	0.25	1	2	48550
97.116	0.25	1	2	48558
97.132	0.25	0	1	48566
97.15	0.25	0	1	48575
97.166	0.25	1	2	48583
97.182	0.25	1	2	48591
97.2	0.25	0	1	48600
97.216	0.25	0	1	48608
97.232	0.25	0	1	48616
97.25	0.25	0	1	48625
97.266	0.25	0	1	48633
97.282	0.25	0	1	48641
97.3	0.25	1	2	48650
97.316	0.25	1	2	48658
97.332	0.25	1	2	48666
97.35	0.25	1	2	48675
97.366	0.25	1	2	48683
97.382	0.25	1	2	48691
97.4	0.25	0	1	48700
97.416	0.25	0	1	48708
97.432	0.25	1	2	48716
97.45	0.25	1	2	48725
97.466	0.25	1	2	48733
97.482	0.25	1	2	48741
97.5	0.25	1	2	48750
97.516	0.25	1	2	48758
97.532	0.25	0	1	48766
97.55	0.25	0	1	48775
97.566	0.25	1	2	48783
97.582	0.25	1	2	48791
97.6	0.25	0	1	48800
97.616	0.25	0	1	48808
97.632	0.25	1	2	48816
97.65	0.25	1	2	48825
97.666	0.25	1	2	48833
97.682	0.25	1	2	48841
97.7	0.25	0	1	48850
97.716	0.25	0	1	48858
97.732	0.25	0	1	48866
97.75	0.25	0	1	48875
97.766	0.25	0	1	48883
97.782	0.25	0	1	48891
97.8	0.25	1	2	48900
97.816	0.25	1	2	48908
97.832	0.25	1	2	48916
97.85	0.25	1	2	48925
97.866	0.25	0	1	48933
97.882	0.25	0	1	48941
97.9	0.25	1	2	48950
97.916	0.25	1	2	48958
97.932	0.25	1	2	48966
97.95	0.25	1	2	48975
97.966	0.25	1	2	48983
97.982	0.25	1	2	48991
98.0	0.25	0	1	49000
98.016	0.25	0	1	49008
98.032	0.25	0	1	49016
98.05	0.25	0	1	49025
98.066	0.25	0	1	49033
98.082	0.25	0	1	49041
98.1	0.25	0	1	49050
98.116	0.25	0	1	49058
98.132	0.25	0	1	49066
98.15	0.25	0	1	49075
98.166	0.25	1	2	49083
98.182	0.25	1	2	49091
98.2	0.25	1	2	49100
98.216	0.25	1	2	49108
98.232	0.25	1	2	49116
99.716	0.25	1	2	49858
99.732	0.25	1	2	49866
99.75	0.25	1	2	49875
99.766	0.25	1	2	49883
99.782	0.25	1	2	49891
99.8	0.25	1	2	49900
99.816	0.25	1	2	49908
99.832	0.25	1	2	49916
99.85	0.25	1	2	49925
99.866	0.25	1	2	49933
99.882	0.25	1	2	49941
99.9	0.25	1	2	49950
99.916	0.25	1	2	49958
99.932	0.25	1	2	49966
99.95	0.25	0	1	49975
99.966	0.25	0	1	49983
99.982	0.25	0	1	49991
100.0	0.25	0	1	50000
100.016	0.25	1	2	50008
100.032	0.25	1	2	50016
100.05	0.25	1	2	50025
100.066	0.25	1	2	50033
100.082	0.25	0	1	50041
100.1	0.25	0	1	50050
100.116	0.25	0	1	50058
100.132	0.25	0	1	50066
100.15	0.25	1	2	50075
100.166	0.25	1	2	50083
100.182	0.25	1	2	50091
100.2	0.25	1	2	50100
100.216	0.25	0	1	50108
100.232	0.25	0	1	50116
100.25	0.25	0	1	50125
100.266	0.25	0	1	50133
100.282	0.25	1	2	50141
100.3	0.25	1	2	50150
100.316	0.25	0	1	50158
100.332	0.25	0	1	50166
100.35	0.25	1	2	50175
100.366	0.25	1	2	50183
100.382	0.25	1	2	50191
100.4	0.25	1	2	50200
100.416	0.25	0	1	50208
100.432	0.25	0	1	50216
100.45	0.25	1	2	50225
100.466	0.25	1	2	50233
100.482	0.25	0	1	50241
100.5	0.25	0	1	50250
100.516	0.25	0	1	50258
100.532	0.25	0	1	50266
100.55	0.25	1	2	50275
100.566	0.25	1	2	50283
100.582	0.25	0	1	50291
100.6	0.25	0	1	50300
100.616	0.25	1	2	50308
100.632	0.25	1	2	50316
100.65	0.25	1	2	50325
100.666	0.25	1	2	50333
100.682	0.25	1	2	50341
100.7	0.25	1	2	50350
100.716	0.25	0	1	50358
100.732	0.25	0	1	50366
100.75	0.25	0	1	50375
100.766	0.25	0	1	50383
100.782	0.25	0	1	50391
100.8	0.25	0	1	50400
100.816	0.25	1	2	50408
100.832	0.25	1	2	50416
100.85	0.25	0	1	50425
100.866	0.25	0	1	50433
100.882	0.25	1	2	50441
100.9	0.25	1	2	50450
100.916	0.25	1	2	50458
100.932	0.25	1	2	50466
100.95	0.25	1	2	50475
100.966	0.25	1	2	50483
100.982	0.25	0	1	50491
101.0	0.25	0	1	50500
101.016	0.25	0	1	50508
101.032	0.25	0	1	50516
101.05	0.25	1	2	50525
101.066	0.25	1	2	50533
101.082	0.25	0	1	50541
101.1	0.25	0	1	50550
101.116	0.25	1	2	50558
101.132	0.25	1	2	50566
101.15	0.25	0	1	50575
101.166	0.25	0	1	50583
101.182	0.25	0	1	50591
101.2	0.25	0	1	50600
101.216	0.25	0	1	50608
101.232	0.25	0	1	50616
101.25	0.25	1	2	50625
101.266	0.25	1	2	50633
101.282	0.25	1	2	50641
101.3	0.25	1	2	50650
101.316	0.25	0	1	50658
101.332	0.25	0	1	50666
101.35	0.25	1	2	50675
101.366	0.25	1	2	50683
101.382	0.25	0	1	50691
101.4	0.25	0	1	50700
101.416	0.25	0	1	50708
101.432	0.25	0	1	50716
101.45	0.25	0	1	50725
101.466	0.25	0	1	50733
101.482	0.25	1	2	50741
101.5	0.25	1	2	50750
101.516	0.25	0	1	50758
101.532	0.25	0	1	50766
101.55	0.25	1	2	50775
101.566	0.25	1	2	50783
101.582	0.25	0	1	50791
101.6	0.25	0	1	50800
101.616	0.25	0	1	50808
101.632	0.25	0	1	50816
101.65	0.25	1	2	50825
106.366	0.25	1	2	53183
106.382	0.25	1	2	53191
106.4	0.25	1	2	53200
106.416	0.25	1	2	53208
106.432	0.25	0	1	53216
106.45	0.25	0	1	53225
106.466	0.25	1	2	53233
106.482	0.25	1	2	53241
106.5	0.25	1	2	53250
106.516	0.25	1	2	53258
106.532	0.25	0	1	53266
106.55	0.25	0	1	53275
106.566	0.25	1	2	53283
106.582	0.25	1	2	53291
106.6	0.25	1	2	53300
106.616	0.25	1	2	53308
106.632	0.25	0	1	53316
106.65	0.25	0	1	53325
106.666	0.25	1	2	53333
106.682	0.25	1	2	53341
106.7	0.25	1	2	53350
106.716	0.25	1	2	53358
106.732	0.25	0	1	53366
106.75	0.25	0	1	53375
106.766	0.25	0	1	53383
106.782	0.25	0	1	53391
106.8	0.25	0	1	53400
106.816	0.25	0	1	53408
106.832	0.25	1	2	53416
106.85	0.25	1	2	53425
106.866	0.25	1	2	53433
106.882	0.25	1	2	53441
106.9	0.25	1	2	53450
106.916	0.25	1	2	53458
106.932	0.25	0	1	53466
106.95	0.25	0	1	53475
106.966	0.25	0	1	53483
106.982	0.25	0	1	53491
107.0	0.25	0	1	53500
107.016	0.25	0	1	53508
107.032	0.25	1	2	53516
107.05	0.25	1	2	53525
107.066	0.25	1	2	53533
107.082	0.25	1	2	53541
107.1	0.25	1	2	53550
107.116	0.25	1	2	53558
107.132	0.25	1	2	53566
107.15	0.25	1	2	53575
107.166	0.25	1	2	53583
107.182	0.25	1	2	53591
107.2	0.25	0	1	53600
107.216	0.25	0	1	53608
107.232	0.25	0	1	53616
107.25	0.25	0	1	53625
107.266	0.25	1	2	53633
107.282	0.25	1	2	53641
107.3	0.25	0	1	53650
107.316	0.25	0	1	53658
107.332	0.25	1	2	53666
107.35	0.25	1	2	53675
107.366	0.25	0	1	53683
107.382	0.25	0	1	53691
107.4	0.25	0	1	53700
107.416	0.25	0	1	53708
107.432	0.25	1	2	53716
107.45	0.25	1	2	53725
107.466	0.25	1	2	53733
107.482	0.25	1	2	53741
107.5	0.25	0	1	53750
107.516	0.25	0	1	53758
107.532	0.25	0	1	53766
107.55	0.25	0	1	53775
107.566	0.25	0	1	53783
107.582	0.25	0	1	53791
107.6	0.25	0	1	53800
107.616	0.25	0	1	53808
107.632	0.25	1	2	53816
107.65	0.25	1	2	53825
107.666	0.25	0	1	53833
107.682	0.25	0	1	53841
107.7	0.25	0	1	53850
107.716	0.25	0	1	53858
107.732	0.25	0	1	53866
107.75	0.25	0	1	53875
107.766	0.25	0	1	53883
107.782	0.25	0	1	53891
107.8	0.25	1	2	53900
107.816	0.25	1	2	53908
107.832	0.25	1	2	53916
107.85	0.25	1	2	53925
107.866	0.25	1	2	53933
107.882	0.25	1	2	53941
107.9	0.25	1	2	53950
107.916	0.25	1	2	53958
107.932	0.25	1	2	53966
107.95	0.25	1	2	53975
107.966	0.25	1	2	53983
107.982	0.25	1	2	53991
108.0	0.25	0	1	54000
108.016	0.25	0	1	54008
108.032	0.25	1	2	54016
108.05	0.25	1	2	54025
108.066	0.25	0	1	54033
108.082	0.25	0	1	54041
108.1	0.25	1	2	54050
108.116	0.25	1	2	54058
108.132	0.25	0	1	54066
108.15	0.25	0	1	54075
108.166	0.25	0	1	54083
108.182	0.25	0	1	54091
108.2	0.25	1	2	54100
108.216	0.25	1	2	54108
108.232	0.25	1	2	54116
108.25	0.25	1	2	54125
108.266	0.25	0	1	54133
108.282	0.25	0	1	54141
108.3	0.25	0	1	54150
109.782	0.25	1	2	54891
109.8	0.25	1	2	54900
109.816	0.25	1	2	54908
109.832	0.25	1	2	54916
109.85	0.25	1	2	54925
109.866	0.25	1	2	54933
109.882	0.25	1	2	54941
109.9	0.25	1	2	54950
109.916	0.25	1	2	54958
109.932	0.25	1	2	54966
109.95	0.25	1	2	54975
109.966	0.25	1	2	54983
109.982	0.25	1	2	54991
110.0	0.25	1	2	55000
110.016	0.25	0	1	55008
110.032	0.25	0	1	55016
110.05	0.25	0	1	55025
110.066	0.25	0	1	55033
110.082	0.25	1	2	55041
110.1	0.25	1	2	55050
110.116	0.25	1	2	55058
110.132	0.25	1	2	55066
110.15	0.25	0	1	55075
110.166	0.25	0	1	55083
110.182	0.25	0	1	55091
110.2	0.25	0	1	55100
110.216	0.25	1	2	55108
110.232	0.25	1	2	55116
110.25	0.25	1	2	55125
110.266	0.25	1	2	55133
110.282	0.25	0	1	55141
110.3	0.25	0	1	55150
110.316	0.25	0	1	55158
110.332	0.25	0	1	55166
110.35	0.25	1	2	55175
110.366	0.25	1	2	55183
110.382	0.25	0	1	55191
110.4	0.25	0	1	55200
110.416	0.25	1	2	55208
110.432	0.25	1	2	55216
110.45	0.25	1	2	55225
110.466	0.25	1	2	55233
110.482	0.25	0	1	55241
110.5	0.25	0	1	55250
110.516	0.25	1	2	55258
110.532	0.25	1	2	55266
110.55	0.25	0	1	55275
110.566	0.25	0	1	55283
110.582	0.25	0	1	55291
110.6	0.25	0	1	55300
110.616	0.25	1	2	55308
110.632	0.25	1	2	55316
110.65	0.25	0	1	55325
110.666	0.25	0	1	55333
110.682	0.25	1	2	55341
110.7	0.25	1	2	55350
110.716	0.25	1	2	55358
110.732	0.25	1	2	55366
110.75	0.25	1	2	55375
110.766	0.25	1	2	55383
110.782	0.25	0	1	55391
110.8	0.25	0	1	55400
110.816	0.25	0	1	55408
110.832	0.25	0	1	55416
110.85	0.25	0	1	55425
110.866	0.25	0	1	55433
110.882	0.25	1	2	55441
110.9	0.25	1	2	55450
110.916	0.25	0	1	55458
110.932	0.25	0	1	55466
110.95	0.25	1	2	55475
110.966	0.25	1	2	55483
110.982	0.25	1	2	55491
111.0	0.25	1	2	55500
111.016	0.25	1	2	55508
111.032	0.25	1	2	55516
111.05	0.25	0	1	55525
111.066	0.25	0	1	55533
111.082	0.25	0	1	55541
111.1	0.25	0	1	55550
111.116	0.25	1	2	55558
111.132	0.25	1	2	55566
111.15	0.25	0	1	55575
111.166	0.25	0	1	55583
111.182	0.25	1	2	55591
111.2	0.25	1	2	55600
111.216	0.25	0	1	55608
111.232	0.25	0	1	55616
111.25	0.25	0	1	55625
111.266	0.25	0	1	55633
111.282	0.25	0	1	55641
111.3	0.25	0	1	55650
111.316	0.25	1	2	55658
111.332	0.25	1	2	55666
111.35	0.25	1	2	55675
111.366	0.25	1	2	55683
111.382	0.25	0	1	55691
111.4	0.25	0	1	55700
111.416	0.25	1	2	55708
111.432	0.25	1	2	55716
111.45	0.25	0	1	55725
111.466	0.25	0	1	55733
111.482	0.25	0	1	55741
111.5	0.25	0	1	55750
111.516	0.25	0	1	55758
111.532	0.25	0	1	55766
111.55	0.25	1	2	55775
111.566	0.25	1	2	55783
111.582	0.25	0	1	55791
111.6	0.25	0	1	55800
111.616	0.25	1	2	55808
111.632	0.25	1	2	55816
111.65	0.25	0	1	55825
111.666	0.25	0	1	55833
111.682	0.25	0	1	55841
111.7	0.25	0	1	55850
111.716	0.25	1	2	55858
113.2	0.25	1	2	56600
113.216	0.25	1	2	56608
113.232	0.25	1	2	56616
113.25	0.25	1	2	56625
113.266	0.25	0	1	56633
113.282	0.25	0	1	56641
113.3	0.25	0	1	56650
113.316	0.25	0	1	56658
113.332	0.25	0	1	56666
113.35	0.25	0	1	56675
113.366	0.25	0	1	56683
113.382	0.25	0	1	56691
113.4	0.25	1	2	56700
113.416	0.25	1	2	56708
113.432	0.25	0	1	56716
113.45	0.25	0	1	56725
113.466	0.25	0	1	56733
113.482	0.25	0	1	56741
113.5	0.25	1	2	56750
113.516	0.25	1	2	56758
113.532	0.25	1	2	56766
113.55	0.25	1	2	56775
113.566	0.25	0	1	56783
113.582	0.25	0	1	56791
113.6	0.25	0	1	56800
113.616	0.25	0	1	56808
113.632	0.25	0	1	56816
113.65	0.25	0	1	56825
113.666	0.25	0	1	56833
113.682	0.25	0	1	56841
113.7	0.25	0	1	56850
113.716	0.25	0	1	56858
113.732	0.25	0	1	56866
113.75	0.25	0	1	56875
113.766	0.25	1	2	56883
113.782	0.25	1	2	56891
113.8	0.25	0	1	56900
113.816	0.25	0	1	56908
113.832	0.25	1	2	56916
113.85	0.25	1	2	56925
113.866	0.25	1	2	56933
113.882	0.25	1	2	56941
113.9	0.25	0	1	56950
113.916	0.25	0	1	56958
113.932	0.25	1	2	56966
113.95	0.25	1	2	56975
113.966	0.25	0	1	56983
113.982	0.25	0	1	56991
114.0	0.25	1	2	57000
114.016	0.25	1	2	57008
114.032	0.25	0	1	57016
114.05	0.25	0	1	57025
114.066	0.25	1	2	57033
114.082	0.25	1	2	57041
114.1	0.25	0	1	57050
114.116	0.25	0	1	57058
114.132	0.25	0	1	57066
114.15	0.25	0	1	57075
114.166	0.25	0	1	57083
114.182	0.25	0	1	57091
114.2	0.25	1	2	57100
114.216	0.25	1	2	57108
114.232	0.25	1	2	57116
114.25	0.25	1	2	57125
114.266	0.25	1	2	57133
114.282	0.25	1	2	57141
114.3	0.25	0	1	57150
114.316	0.25	0	1	57158
114.332	0.25	1	2	57166
114.35	0.25	1	2	57175
114.366	0.25	1	2	57183
114.382	0.25	1	2	57191
114.4	0.25	1	2	57200
114.416	0.25	1	2	57208
114.432	0.25	0	1	57216
114.45	0.25	0	1	57225
114.466	0.25	1	2	57233
114.482	0.25	1	2	57241
114.5	0.25	0	1	57250
114.516	0.25	0	1	57258
114.532	0.25	1	2	57266
114.55	0.25	1	2	57275
114.566	0.25	1	2	57283
114.582	0.25	1	2	57291
114.6	0.25	0	1	57300
114.616	0.25	0	1	57308
114.632	0.25	0	1	57316
114.65	0.25	0	1	57325
114.666	0.25	0	1	57333
114.682	0.25	0	1	57341
114.7	0.25	1	2	57350
114.716	0.25	1	2	57358
114.732	0.25	1	2	57366
114.75	0.25	1	2	57375
114.766	0.25	0	1	57383
114.782	0.25	0	1	57391
114.8	0.25	1	2	57400
114.816	0.25	1	2	57408
114.832	0.25	1	2	57416
114.85	0.25	1	2	57425
114.866	0.25	1	2	57433
114.882	0.25	1	2	57441
114.9	0.25	0	1	57450
114.916	0.25	0	1	57458
114.932	0.25	0	1	57466
114.95	0.25	0	1	57475
114.966	0.25	0	1	57483
114.982	0.25	0	1	57491
115.0	0.25	0	1	57500
115.016	0.25	0	1	57508
115.032	0.25	0	1	57516
115.05	0.25	0	1	57525
115.066	0.25	1	2	57533
115.082	0.25	1	2	57541
115.1	0.25	1	2	57550
115.116	0.25	1	2	57558
115.132	0.25	1	2	57566
116.616	0.25	0	1	58308
116.632	0.25	0	1	58316
116.65	0.25	0	1	58325
116.666	0.25	0	1	58333
116.682	0.25	1	2	58341
116.7	0.25	1	2	58350
116.716	0.25	1	2	58358
116.732	0.25	1	2	58366
116.75	0.25	0	1	58375
116.766	0.25	0	1	58383
116.782	0.25	0	1	58391
116.8	0.25	0	1	58400
116.816	0.25	0	1	58408
116.832	0.25	0	1	58416
116.85	0.25	0	1	58425
116.866	0.25	0	1	58433
116.882	0.25	1	2	58441
116.9	0.25	1	2	58450
116.916	0.25	1	2	58458
116.932	0.25	1	2	58466
116.95	0.25	1	2	58475
116.966	0.25	1	2	58483
116.982	0.25	1	2	58491
117.0	0.25	1	2	58500
117.016	0.25	1	2	58508
117.032	0.25	1	2	58516
117.05	0.25	0	1	58525
117.066	0.25	0	1	58533
117.082	0.25	0	1	58541
117.1	0.25	0	1	58550
117.116	0.25	0	1	58558
117.132	0.25	0	1	58566
117.15	0.25	0	1	58575
117.166	0.25	0	1	58583
117.182	0.25	0	1	58591
117.2	0.25	0	1	58600
117.216	0.25	0	1	58608
117.232	0.25	0	1	58616
117.25	0.25	1	2	58625
117.266	0.25	1	2	58633
117.282	0.25	1	2	58641
117.3	0.25	1	2	58650
117.316	0.25	0	1	58658
117.332	0.25	0	1	58666
117.35	0.25	0	1	58675
117.366	0.25	0	1	58683
117.382	0.25	1	2	58691
117.4	0.25	1	2	58700
117.416	0.25	0	1	58708
117.432	0.25	0	1	58716
117.45	0.25	1	2	58725
117.466	0.25	1	2	58733
117.482	0.25	0	1	58741
117.5	0.25	0	1	58750
117.516	0.25	1	2	58758
117.532	0.25	1	2	58766
117.55	0.25	0	1	58775
117.566	0.25	0	1	58783
117.582	0.25	1	2	58791
117.6	0.25	1	2	58800
117.616	0.25	1	2	58808
117.632	0.25	1	2	58816
117.65	0.25	0	1	58825
117.666	0.25	0	1	58833
117.682	0.25	1	2	58841
117.7	0.25	1	2	58850
117.716	0.25	0	1	58858
117.732	0.25	0	1	58866
117.75	0.25	0	1	58875
117.766	0.25	0	1	58883
117.782	0.25	0	1	58891
117.8	0.25	0	1	58900
117.816	0.25	1	2	58908
117.832	0.25	1	2	58916
117.85	0.25	0	1	58925
117.866	0.25	0	1	58933
117.882	0.25	0	1	58941
117.9	0.25	0	1	58950
117.916	0.25	0	1	58958
117.932	0.25	0	1	58966
117.95	0.25	1	2	58975
117.966	0.25	1	2	58983
117.982	0.25	1	2	58991
118.0	0.25	1	2	59000
118.016	0.25	1	2	59008
118.032	0.25	1	2	59016
118.05	0.25	0	1	59025
118.066	0.25	0	1	59033
118.082	0.25	1	2	59041
118.1	0.25	1	2	59050
118.116	0.25	0	1	59058
118.132	0.25	0	1	59066
118.15	0.25	1	2	59075
118.166	0.25	1	2	59083
118.182	0.25	1	2	59091
118.2	0.25	1	2	59100
118.216	0.25	1	2	59108
118.232	0.25	1	2	59116
118.25	0.25	1	2	59125
118.266	0.25	1	2	59133
118.282	0.25	1	2	59141
118.3	0.25	1	2	59150
118.316	0.25	0	1	59158
118.332	0.25	0	1	59166
118.35	0.25	0	1	59175
118.366	0.25	0	1	59183
118.382	0.25	1	2	59191
118.4	0.25	1	2	59200
118.416	0.25	0	1	59208
118.432	0.25	0	1	59216
118.45	0.25	0	1	59225
118.466	0.25	0	1	59233
118.482	0.25	0	1	59241
118.5	0.25	0	1	59250
118.516	0.25	1	2	59258
118.532	0.25	1	2	59266
118.55	0.25	1	2	59275
123.016	0.25	1	2	61508
123.032	0.25	1	2	61516
123.05	0.25	1	2	61525
123.066	0.25	1	2	61533
123.082	0.25	1	2	61541
123.1	0.25	1	2	61550
123.116	0.25	1	2	61558
123.132	0.25	1	2	61566
123.15	0.25	1	2	61575
123.166	0.25	1	2	61583
123.182	0.25	1	2	61591
123.2	0.25	1	2	61600
123.216	0.25	1	2	61608
123.232	0.25	1	2	61616
123.25	0.25	0	1	61625
123.266	0.25	0	1	61633
123.282	0.25	0	1	61641
123.3	0.25	0	1	61650
123.316	0.25	1	2	61658
123.332	0.25	1	2	61666
123.35	0.25	1	2	61675
123.366	0.25	1	2	61683
123.382	0.25	0	1	61691
123.4	0.25	0	1	61700
123.416	0.25	0	1	61708
123.432	0.25	0	1	61716
123.45	0.25	1	2	61725
123.466	0.25	1	2	61733
123.482	0.25	1	2	61741
123.5	0.25	1	2	61750
123.516	0.25	0	1	61758
123.532	0.25	0	1	61766
123.55	0.25	0	1	61775
123.566	0.25	0	1	61783
123.582	0.25	1	2	61791
123.6	0.25	1	2	61800
123.616	0.25	0	1	61808
123.632	0.25	0	1	61816
123.65	0.25	1	2	61825
123.666	0.25	1	2	61833
123.682	0.25	1	2	61841
123.7	0.25	1	2	61850
123.716	0.25	0	1	61858
123.732	0.25	0	1	61866
123.75	0.25	1	2	61875
123.766	0.25	1	2	61883
123.782	0.25	0	1	61891
123.8	0.25	0	1	61900
123.816	0.25	0	1	61908
123.832	0.25	0	1	61916
123.85	0.25	1	2	61925
123.866	0.25	1	2	61933
123.882	0.25	0	1	61941
123.9	0.25	0	1	61950
123.916	0.25	1	2	61958
123.932	0.25	1	2	61966
123.95	0.25	1	2	61975
123.966	0.25	1	2	61983
123.982	0.25	1	2	61991
124.0	0.25	1	2	62000
124.016	0.25	0	1	62008
124.032	0.25	0	1	62016
124.05	0.25	0	1	62025
124.066	0.25	0	1	62033
124.082	0.25	0	1	62041
124.1	0.25	0	1	62050
124.116	0.25	1	2	62058
124.132	0.25	1	2	62066
124.15	0.25	0	1	62075
124.166	0.25	0	1	62083
124.182	0.25	1	2	62091
124.2	0.25	1	2	62100
124.216	0.25	1	2	62108
124.232	0.25	1	2	62116
124.25	0.25	1	2	62125
124.266	0.25	1	2	62133
124.282	0.25	0	1	62141
124.3	0.25	0	1	62150
124.316	0.25	0	1	62158
124.332	0.25	0	1	62166
124.35	0.25	1	2	62175
124.366	0.25	1	2	62183
124.382	0.25	0	1	62191
124.4	0.25	0	1	62200
124.416	0.25	1	2	62208
124.432	0.25	1	2	62216
124.45	0.25	0	1	62225
124.466	0.25	0	1	62233
124.482	0.25	0	1	62241
124.5	0.25	0	1	62250
124.516	0.25	0	1	62258
124.532	0.25	0	1	62266
124.55	0.25	1	2	62275
124.566	0.25	1	2	62283
124.582	0.25	1	2	62291
124.6	0.25	1	2	62300
124.616	0.25	0	1	62308
124.632	0.25	0	1	62316
124.65	0.25	1	2	62325
124.666	0.25	1	2	62333
124.682	0.25	0	1	62341
124.7	0.25	0	1	62350
124.716	0.25	0	1	62358
124.732	0.25	0	1	62366
124.75	0.25	0	1	62375
124.766	0.25	0	1	62383
124.782	0.25	1	2	62391
124.8	0.25	1	2	62400
124.816	0.25	0	1	62408
124.832	0.25	0	1	62416
124.85	0.25	1	2	62425
124.866	0.25	1	2	62433
124.882	0.25	0	1	62441
124.9	0.25	0	1	62450
124.916	0.25	0	1	62458
124.932	0.25	0	1	62466
124.95	0.25	1	2	62475
126.432	0.25	0	1	63216
126.45	0.25	0	1	63225
126.466	0.25	0	1	63233
126.482	0.25	0	1	63241
126.5	0.25	1	2	63250
126.516	0.25	1	2	63258
126.532	0.25	1	2	63266
126.55	0.25	1	2	63275
126.566	0.25	0	1	63283
126.582	0.25	0	1	63291
126.6	0.25	0	1	63300
126.616	0.25	0	1	63308
126.632	0.25	0	1	63316
126.65	0.25	0	1	63325
126.666	0.25	0	1	63333
126.682	0.25	0	1	63341
126.7	0.25	1	2	63350
126.716	0.25	1	2	63358
126.732	0.25	1	2	63366
126.75	0.25	1	2	63375
126.766	0.25	1	2	63383
126.782	0.25	1	2	63391
126.8	0.25	1	2	63400
126.816	0.25	1	2	63408
126.832	0.25	1	2	63416
126.85	0.25	1	2	63425
126.866	0.25	0	1	63433
126.882	0.25	0	1	63441
126.9	0.25	0	1	63450
126.916	0.25	0	1	63458
126.932	0.25	0	1	63466
126.95	0.25	0	1	63475
126.966	0.25	0	1	63483
126.982	0.25	0	1	63491
127.0	0.25	0	1	63500
127.016	0.25	0	1	63508
127.032	0.25	0	1	63516
127.05	0.25	0	1	63525
127.066	0.25	1	2	63533
127.082	0.25	1	2	63541
127.1	0.25	1	2	63550
127.116	0.25	1	2	63558
127.132	0.25	0	1	63566
127.15	0.25	0	1	63575
127.166	0.25	0	1	63583
127.182	0.25	0	1	63591
127.2	0.25	1	2	63600
127.216	0.25	1	2	63608
127.232	0.25	0	1	63616
127.25	0.25	0	1	63625
127.266	0.25	1	2	63633
127.282	0.25	1	2	63641
127.3	0.25	0	1	63650
127.316	0.25	0	1	63658
127.332	0.25	1	2	63666
127.35	0.25	1	2	63675
127.366	0.25	0	1	63683
127.382	0.25	0	1	63691
127.4	0.25	1	2	63700
127.416	0.25	1	2	63708
127.432	0.25	1	2	63716
127.45	0.25	1	2	63725
127.466	0.25	0	1	63733
127.482	0.25	0	1	63741
127.5	0.25	1	2	63750
127.516	0.25	1	2	63758
127.532	0.25	0	1	63766
127.55	0.25	0	1	63775
127.566	0.25	0	1	63783
127.582	0.25	0	1	63791
127.6	0.25	0	1	63800
127.616	0.25	0	1	63808
127.632	0.25	1	2	63816
127.65	0.25	1	2	63825
127.666	0.25	0	1	63833
127.682	0.25	0	1	63841
127.7	0.25	0	1	63850
127.716	0.25	0	1	63858
127.732	0.25	0	1	63866
127.75	0.25	0	1	63875
127.766	0.25	1	2	63883
127.782	0.25	1	2	63891
127.8	0.25	1	2	63900
127.816	0.25	1	2	63908
127.832	0.25	1	2	63916
127.85	0.25	1	2	63925
127.866	0.25	0	1	63933
127.882	0.25	0	1	63941
127.9	0.25	1	2	63950
127.916	0.25	1	2	63958
127.932	0.25	0	1	63966
127.95	0.25	0	1	63975
127.966	0.25	1	2	63983
127.982	0.25	1	2	63991
128.0	0.25	1	2	64000
128.016	0.25	1	2	64008
128.032	0.25	1	2	64016
128.05	0.25	1	2	64025
128.066	0.25	1	2	64033
128.082	0.25	1	2	64041
128.1	0.25	1	2	64050
128.116	0.25	1	2	64058
128.132	0.25	0	1	64066
128.15	0.25	0	1	64075
128.166	0.25	0	1	64083
128.182	0.25	0	1	64091
128.198	0.25	1	2	64099
128.216	0.25	1	2	64108
128.232	0.25	0	1	64116
128.25	0.25	0	1	64125
128.266	0.25	0	1	64133
128.282	0.25	0	1	64141
128.3	0.25	0	1	64150
128.316	0.25	0	1	64158
128.332	0.25	1	2	64166
128.35	0.25	1	2	64175
128.366	0.25	1	2	64183
129.85	0.25	1	2	64925
129.866	0.25	1	2	64933
129.882	0.25	1	2	64941
129.9	0.25	1	2	64950
129.916	0.25	0	1	64958
129.932	0.25	0	1	64966
129.948	0.25	1	2	64974
129.966	0.25	1	2	64983
129.982	0.25	1	2	64991
130.0	0.25	1	2	65000
130.016	0.25	0	1	65008
130.032	0.25	0	1	65016
130.05	0.25	1	2	65025
130.066	0.25	1	2	65033
130.082	0.25	1	2	65041
130.1	0.25	1	2	65050
130.116	0.25	0	1	65058
130.132	0.25	0	1	65066
130.15	0.25	1	2	65075
130.166	0.25	1	2	65083
130.182	0.25	1	2	65091
130.198	0.25	1	2	65099
130.216	0.25	0	1	65108
130.232	0.25	0	1	65116
130.25	0.25	0	1	65125
130.266	0.25	0	1	65133
130.282	0.25	0	1	65141
130.3	0.25	0	1	65150
130.316	0.25	1	2	65158
130.332	0.25	1	2	65166
130.35	0.25	1	2	65175
130.366	0.25	1	2	65183
130.382	0.25	1	2	65191
130.4	0.25	1	2	65200
130.416	0.25	0	1	65208
130.432	0.25	0	1	65216
130.448	0.25	0	1	65224
130.466	0.25	0	1	65233
130.482	0.25	0	1	65241
130.5	0.25	0	1	65250
130.516	0.25	1	2	65258
130.532	0.25	1	2	65266
130.55	0.25	1	2	65275
130.566	0.25	1	2	65283
130.582	0.25	1	2	65291
130.6	0.25	1	2	65300
130.616	0.25	1	2	65308
130.632	0.25	1	2	65316
130.65	0.25	1	2	65325
130.666	0.25	1	2	65333
130.682	0.25	0	1	65341
130.698	0.25	0	1	65349
130.716	0.25	0	1	65358
130.732	0.25	0	1	65366
130.75	0.25	1	2	65375
130.766	0.25	1	2	65383
130.782	0.25	0	1	65391
130.8	0.25	0	1	65400
130.816	0.25	1	2	65408
130.832	0.25	1	2	65416
130.85	0.25	0	1	65425
130.866	0.25	0	1	65433
130.882	0.25	0	1	65441
130.9	0.25	0	1	65450
130.916	0.25	1	2	65458
130.932	0.25	1	2	65466
130.948	0.25	1	2	65474
130.966	0.25	1	2	65483
130.982	0.25	0	1	65491
131.0	0.25	0	1	65500
131.016	0.25	0	1	65508
131.032	0.25	0	1	65516
131.05	0.25	0	1	65525
131.066	0.25	0	1	65533
131.082	0.25	0	1	65541
131.1	0.25	0	1	65550
131.116	0.25	1	2	65558
131.132	0.25	1	2	65566
131.15	0.25	0	1	65575
131.166	0.25	0	1	65583
131.182	0.25	0	1	65591
131.2	0.25	0	1	65600
131.216	0.25	0	1	65608
131.232	0.25	0	1	65616
131.25	0.25	0	1	65625
131.266	0.25	0	1	65633
131.282	0.25	1	2	65641
131.3	0.25	1	2	65650
131.316	0.25	1	2	65658
131.332	0.25	1	2	65666
131.35	0.25	1	2	65675
131.366	0.25	1	2	65683
131.382	0.25	1	2	65691
131.4	0.25	1	2	65700
131.416	0.25	1	2	65708
131.432	0.25	1	2	65716
131.45	0.25	1	2	65725
131.466	0.25	1	2	65733
131.482	0.25	0	1	65741
131.5	0.25	0	1	65750
131.516	0.25	1	2	65758
131.532	0.25	1	2	65766
131.55	0.25	0	1	65775
131.566	0.25	0	1	65783
131.582	0.25	1	2	65791
131.6	0.25	1	2	65800
131.616	0.25	0	1	65808
131.632	0.25	0	1	65816
131.65	0.25	0	1	65825
131.666	0.25	0	1	65833
131.682	0.25	1	2	65841
131.7	0.25	1	2	65850
131.716	0.25	1	2	65858
131.732	0.25	1	2	65866
131.75	0.25	0	1	65875
131.766	0.25	0	1	65883
131.782	0.25	0	1	65891
133.266	0.25	1	2	66633
133.282	0.25	1	2	66641
133.3	0.25	1	2	66650
133.316	0.25	1	2	66658
133.332	0.25	0	1	66666
133.35	0.25	0	1	66675
133.366	0.25	0	1	66683
133.382	0.25	0	1	66691
133.4	0.25	0	1	66700
133.416	0.25	0	1	66708
133.432	0.25	0	1	66716
133.45	0.25	0	1	66725
133.466	0.25	1	2	66733
133.482	0.25	1	2	66741
133.5	0.25	0	1	66750
133.516	0.25	0	1	66758
133.532	0.25	0	1	66766
133.55	0.25	0	1	66775
133.566	0.25	1	2	66783
133.582	0.25	1	2	66791
133.6	0.25	1	2	66800
133.616	0.25	1	2	66808
133.632	0.25	0	1	66816
133.65	0.25	0	1	66825
133.666	0.25	0	1	66833
133.682	0.25	0	1	66841
133.7	0.25	0	1	66850
133.716	0.25	0	1	66858
133.732	0.25	0	1	66866
133.75	0.25	0	1	66875
133.766	0.25	0	1	66883
133.782	0.25	0	1	66891
133.8	0.25	0	1	66900
133.816	0.25	0	1	66908
133.832	0.25	1	2	66916
133.85	0.25	1	2	66925
133.866	0.25	0	1	66933
133.882	0.25	0	1	66941
133.9	0.25	1	2	66950
133.916	0.25	1	2	66958
133.932	0.25	1	2	66966
133.95	0.25	1	2	66975
133.966	0.25	0	1	66983
133.982	0.25	0	1	66991
134.0	0.25	1	2	67000
134.016	0.25	1	2	67008
134.032	0.25	0	1	67016
134.05	0.25	0	1	67025
134.066	0.25	1	2	67033
134.082	0.25	1	2	67041
134.1	0.25	0	1	67050
134.116	0.25	0	1	67058
134.132	0.25	1	2	67066
134.15	0.25	1	2	67075
134.166	0.25	0	1	67083
134.182	0.25	0	1	67091
134.2	0.25	0	1	67100
134.216	0.25	0	1	67108
134.232	0.25	0	1	67116
134.25	0.25	0	1	67125
134.266	0.25	1	2	67133
134.282	0.25	1	2	67141
134.3	0.25	1	2	67150
134.316	0.25	1	2	67158
134.332	0.25	1	2	67166
134.35	0.25	1	2	67175
134.366	0.25	0	1	67183
134.382	0.25	0	1	67191
134.4	0.25	1	2	67200
134.416	0.25	1	2	67208
134.432	0.25	1	2	67216
134.45	0.25	1	2	67225
134.466	0.25	1	2	67233
134.482	0.25	1	2	67241
134.5	0.25	0	1	67250
134.516	0.25	0	1	67258
134.532	0.25	1	2	67266
134.55	0.25	1	2	67275
134.566	0.25	0	1	67283
134.582	0.25	0	1	67291
134.6	0.25	1	2	67300
134.616	0.25	1	2	67308
134.632	0.25	1	2	67316
134.65	0.25	1	2	67325
134.666	0.25	0	1	67333
134.682	0.25	0	1	67341
134.7	0.25	0	1	67350
134.716	0.25	0	1	67358
134.732	0.25	0	1	67366
134.75	0.25	0	1	67375
134.766	0.25	1	2	67383
134.782	0.25	1	2	67391
134.8	0.25	1	2	67400
134.816	0.25	1	2	67408
134.832	0.25	0	1	67416
134.85	0.25	0	1	67425
134.866	0.25	1	2	67433
134.882	0.25	1	2	67441
134.9	0.25	1	2	67450
134.916	0.25	1	2	67458
134.932	0.25	1	2	67466
134.95	0.25	1	2	67475
134.966	0.25	0	1	67483
134.982	0.25	0	1	67491
135.0	0.25	0	1	67500
135.016	0.25	0	1	67508
135.032	0.25	0	1	67516
135.05	0.25	0	1	67525
135.066	0.25	0	1	67533
135.082	0.25	0	1	67541
135.1	0.25	0	1	67550
135.116	0.25	0	1	67558
135.132	0.25	1	2	67566
135.15	0.25	1	2	67575
135.166	0.25	1	2	67583
135.182	0.25	1	2	67591
135.2	0.25	1	2	67600
139.2	0.25	1	2	69600
139.216	0.25	1	2	69608
139.232	0.25	1	2	69616
139.25	0.25	1	2	69625
139.266	0.25	1	2	69633
139.282	0.25	1	2	69641
139.3	0.25	1	2	69650
139.316	0.25	1	2	69658
139.332	0.25	1	2	69666
139.35	0.25	1	2	69675
139.366	0.25	1	2	69683
139.382	0.25	1	2	69691
139.4	0.25	1	2	69700
139.416	0.25	1	2	69708
139.432	0.25	0	1	69716
139.45	0.25	0	1	69725
139.466	0.25	0	1	69733
139.482	0.25	0	1	69741
139.5	0.25	1	2	69750
139.516	0.25	1	2	69758
139.532	0.25	1	2	69766
139.55	0.25	1	2	69775
139.566	0.25	0	1	69783
139.582	0.25	0	1	69791
139.6	0.25	0	1	69800
139.616	0.25	0	1	69808
139.632	0.25	1	2	69816
139.65	0.25	1	2	69825
139.666	0.25	1	2	69833
139.682	0.25	1	2	69841
139.7	0.25	0	1	69850
139.716	0.25	0	1	69858
139.732	0.25	0	1	69866
139.75	0.25	0	1	69875
139.766	0.25	1	2	69883
139.782	0.25	1	2	69891
139.8	0.25	0	1	69900
139.816	0.25	0	1	69908
139.832	0.25	1	2	69916
139.85	0.25	1	2	69925
139.866	0.25	1	2	69933
139.882	0.25	1	2	69941
139.9	0.25	0	1	69950
139.916	0.25	0	1	69958
139.932	0.25	1	2	69966
139.95	0.25	1	2	69975
139.966	0.25	0	1	69983
139.982	0.25	0	1	69991
140.0	0.25	0	1	70000
140.016	0.25	0	1	70008
140.032	0.25	1	2	70016
140.05	0.25	1	2	70025
140.066	0.25	0	1	70033
140.082	0.25	0	1	70041
140.1	0.25	1	2	70050
140.116	0.25	1	2	70058
140.132	0.25	1	2	70066
140.15	0.25	1	2	70075
140.166	0.25	1	2	70083
140.182	0.25	1	2	70091
140.2	0.25	0	1	70100
140.216	0.25	0	1	70108
140.232	0.25	0	1	70116
140.25	0.25	0	1	70125
140.266	0.25	0	1	70133
140.282	0.25	0	1	70141
140.3	0.25	1	2	70150
140.316	0.25	1	2	70158
140.332	0.25	0	1	70166
140.35	0.25	0	1	70175
140.366	0.25	1	2	70183
140.382	0.25	1	2	70191
140.4	0.25	1	2	70200
140.416	0.25	1	2	70208
140.432	0.25	1	2	70216
140.45	0.25	1	2	70225
140.466	0.25	0	1	70233
140.482	0.25	0	1	70241
140.5	0.25	0	1	70250
140.516	0.25	0	1	70258
140.532	0.25	1	2	70266
140.55	0.25	1	2	70275
140.566	0.25	0	1	70283
140.582	0.25	0	1	70291
140.6	0.25	1	2	70300
140.616	0.25	1	2	70308
140.632	0.25	0	1	70316
140.65	0.25	0	1	70325
140.666	0.25	0	1	70333
140.682	0.25	0	1	70341
140.7	0.25	0	1	70350
140.716	0.25	0	1	70358
140.732	0.25	1	2	70366
140.75	0.25	1	2	70375
140.766	0.25	1	2	70383
140.782	0.25	1	2	70391
140.8	0.25	0	1	70400
140.816	0.25	0	1	70408
140.832	0.25	1	2	70416
140.85	0.25	1	2	70425
140.866	0.25	0	1	70433
140.882	0.25	0	1	70441
140.9	0.25	0	1	70450
140.916	0.25	0	1	70458
140.932	0.25	0	1	70466
140.95	0.25	0	1	70475
140.966	0.25	1	2	70483
140.982	0.25	1	2	70491
141.0	0.25	0	1	70500
141.016	0.25	0	1	70508
141.032	0.25	1	2	70516
141.05	0.25	1	2	70525
141.066	0.25	0	1	70533
141.082	0.25	0	1	70541
141.1	0.25	0	1	70550
141.116	0.25	0	1	70558
141.132	0.25	1	2	70566
142.616	0.25	0	1	71308
142.632	0.25	0	1	71316
142.65	0.25	0	1	71325
142.666	0.25	0	1	71333
142.682	0.25	1	2	71341
142.7	0.25	1	2	71350
142.716	0.25	1	2	71358
142.732	0.25	1	2	71366
142.75	0.25	0	1	71375
142.766	0.25	0	1	71383
142.782	0.25	0	1	71391
142.8	0.25	0	1	71400
142.816	0.25	0	1	71408
142.832	0.25	0	1	71416
142.85	0.25	0	1	71425
142.866	0.25	0	1	71433
142.882	0.25	1	2	71441
142.9	0.25	1	2	71450
142.916	0.25	1	2	71458
142.932	0.25	1	2	71466
142.95	0.25	1	2	71475
142.966	0.25	1	2	71483
142.982	0.25	1	2	71491
143.0	0.25	1	2	71500
143.016	0.25	1	2	71508
143.032	0.25	1	2	71516
143.05	0.25	0	1	71525
143.066	0.25	0	1	71533
143.082	0.25	0	1	71541
143.1	0.25	0	1	71550
143.116	0.25	0	1	71558
143.132	0.25	0	1	71566
143.15	0.25	0	1	71575
143.166	0.25	0	1	71583
143.182	0.25	0	1	71591
143.2	0.25	0	1	71600
143.216	0.25	0	1	71608
143.232	0.25	0	1	71616
143.25	0.25	1	2	71625
143.266	0.25	1	2	71633
143.282	0.25	1	2	71641
143.3	0.25	1	2	71650
143.316	0.25	0	1	71658
143.332	0.25	0	1	71666
143.35	0.25	0	1	71675
143.366	0.25	0	1	71683
143.382	0.25	1	2	71691
143.4	0.25	1	2	71700
143.416	0.25	0	1	71708
143.432	0.25	0	1	71716
143.45	0.25	1	2	71725
143.466	0.25	1	2	71733
143.482	0.25	0	1	71741
143.5	0.25	0	1	71750
143.516	0.25	1	2	71758
143.532	0.25	1	2	71766
143.55	0.25	0	1	71775
143.566	0.25	0	1	71783
143.582	0.25	1	2	71791
143.6	0.25	1	2	71800
143.616	0.25	1	2	71808
143.632	0.25	1	2	71816
143.65	0.25	0	1	71825
143.666	0.25	0	1	71833
143.682	0.25	1	2	71841
143.7	0.25	1	2	71850
143.716	0.25	0	1	71858
143.732	0.25	0	1	71866
143.75	0.25	0	1	71875
143.766	0.25	0	1	71883
143.782	0.25	0	1	71891
143.8	0.25	0	1	71900
143.816	0.25	1	2	71908
143.832	0.25	1	2	71916
143.85	0.25	0	1	71925
143.866	0.25	0	1	71933
143.882	0.25	0	1	71941
143.9	0.25	0	1	71950
143.916	0.25	0	1	71958
143.932	0.25	0	1	71966
143.95	0.25	1	2	71975
143.966	0.25	1	2	71983
143.982	0.25	1	2	71991
144.0	0.25	1	2	72000
144.016	0.25	1	2	72008
144.032	0.25	1	2	72016
144.05	0.25	0	1	72025
144.066	0.25	0	1	72033
144.082	0.25	1	2	72041
144.1	0.25	1	2	72050
144.116	0.25	0	1	72058
144.132	0.25	0	1	72066
144.15	0.25	1	2	72075
144.166	0.25	1	2	72083
144.182	0.25	1	2	72091
144.2	0.25	1	2	72100
144.216	0.25	1	2	72108
144.232	0.25	1	2	72116
144.25	0.25	1	2	72125
144.266	0.25	1	2	72133
144.282	0.25	1	2	72141
144.3	0.25	1	2	72150
144.316	0.25	0	1	72158
144.332	0.25	0	1	72166
144.35	0.25	0	1	72175
144.366	0.25	0	1	72183
144.382	0.25	1	2	72191
144.4	0.25	1	2	72200
144.416	0.25	0	1	72208
144.432	0.25	0	1	72216
144.45	0.25	0	1	72225
144.466	0.25	0	1	72233
144.482	0.25	0	1	72241
144.5	0.25	0	1	72250
144.516	0.25	1	2	72258
144.532	0.25	1	2	72266
144.55	0.25	1	2	72275
146.032	0.25	1	2	73016
146.05	0.25	1	2	73025
146.066	0.25	1	2	73033
146.082	0.25	1	2	73041
146.1	0.25	0	1	73050
146.116	0.25	0	1	73058
146.132	0.25	1	2	73066
146.15	0.25	1	2	73075
146.166	0.25	1	2	73083
146.182	0.25	1	2	73091
146.2	0.25	0	1	73100
146.216	0.25	0	1	73108
146.232	0.25	1	2	73116
146.25	0.25	1	2	73125
146.266	0.25	1	2	73133
146.282	0.25	1	2	73141
146.3	0.25	0	1	73150
146.316	0.25	0	1	73158
146.332	0.25	1	2	73166
146.35	0.25	1	2	73175
146.366	0.25	1	2	73183
146.382	0.25	1	2	73191
146.4	0.25	0	1	73200
146.416	0.25	0	1	73208
146.432	0.25	0	1	73216
146.45	0.25	0	1	73225
146.466	0.25	0	1	73233
146.482	0.25	0	1	73241
146.5	0.25	1	2	73250
146.516	0.25	1	2	73258
146.532	0.25	1	2	73266
146.55	0.25	1	2	73275
146.566	0.25	1	2	73283
146.582	0.25	1	2	73291
146.6	0.25	0	1	73300
146.616	0.25	0	1	73308
146.632	0.25	0	1	73316
146.65	0.25	0	1	73325
146.666	0.25	0	1	73333
146.682	0.25	0	1	73341
146.7	0.25	1	2	73350
146.716	0.25	1	2	73358
146.732	0.25	1	2	73366
146.75	0.25	1	2	73375
146.766	0.25	1	2	73383
146.782	0.25	1	2	73391
146.8	0.25	1	2	73400
146.816	0.25	1	2	73408
146.832	0.25	1	2	73416
146.85	0.25	1	2	73425
146.866	0.25	0	1	73433
146.882	0.25	0	1	73441
146.9	0.25	0	1	73450
146.916	0.25	0	1	73458
146.932	0.25	1	2	73466
146.95	0.25	1	2	73475
146.966	0.25	0	1	73483
146.982	0.25	0	1	73491
147.0	0.25	1	2	73500
147.016	0.25	1	2	73508
147.032	0.25	0	1	73516
147.05	0.25	0	1	73525
147.066	0.25	0	1	73533
147.082	0.25	0	1	73541
147.1	0.25	1	2	73550
147.116	0.25	1	2	73558
147.132	0.25	1	2	73566
147.15	0.25	1	2	73575
147.166	0.25	0	1	73583
147.182	0.25	0	1	73591
147.2	0.25	0	1	73600
147.216	0.25	0	1	73608
147.232	0.25	0	1	73616
147.25	0.25	0	1	73625
147.266	0.25	0	1	73633
147.282	0.25	0	1	73641
147.3	0.25	1	2	73650
147.316	0.25	1	2	73658
147.332	0.25	0	1	73666
147.35	0.25	0	1	73675
147.366	0.25	0	1	73683
147.382	0.25	0	1	73691
147.4	0.25	0	1	73700
147.416	0.25	0	1	73708
147.432	0.25	0	1	73716
147.45	0.25	0	1	73725
147.466	0.25	1	2	73733
147.482	0.25	1	2	73741
147.5	0.25	1	2	73750
147.516	0.25	1	2	73758
147.532	0.25	1	2	73766
147.55	0.25	1	2	73775
147.566	0.25	1	2	73783
147.582	0.25	1	2	73791
147.6	0.25	1	2	73800
147.616	0.25	1	2	73808
147.632	0.25	1	2	73816
147.65	0.25	1	2	73825
147.666	0.25	0	1	73833
147.682	0.25	0	1	73841
147.7	0.25	1	2	73850
147.716	0.25	1	2	73858
147.732	0.25	0	1	73866
147.75	0.25	0	1	73875
147.766	0.25	1	2	73883
147.782	0.25	1	2	73891
147.8	0.25	0	1	73900
147.816	0.25	0	1	73908
147.832	0.25	0	1	73916
147.85	0.25	0	1	73925
147.866	0.25	1	2	73933
147.882	0.25	1	2	73941
147.9	0.25	1	2	73950
147.916	0.25	1	2	73958
147.932	0.25	0	1	73966
147.95	0.25	0	1	73975
147.966	0.25	0	1	73983
149.45	0.25	1	2	74725
149.466	0.25	1	2	74733
149.482	0.25	1	2	74741
149.5	0.25	1	2	74750
149.516	0.25	0	1	74758
149.532	0.25	0	1	74766
149.55	0.25	0	1	74775
149.566	0.25	0	1	74783
149.582	0.25	0	1	74791
149.6	0.25	0	1	74800
149.616	0.25	0	1	74808
149.632	0.25	0	1	74816
149.65	0.25	1	2	74825
149.666	0.25	1	2	74833
149.682	0.25	0	1	74841
149.7	0.25	0	1	74850
149.716	0.25	0	1	74858
149.732	0.25	0	1	74866
149.75	0.25	1	2	74875
149.766	0.25	1	2	74883
149.782	0.25	1	2	74891
149.8	0.25	1	2	74900
149.816	0.25	0	1	74908
149.832	0.25	0	1	74916
149.85	0.25	0	1	74925
149.866	0.25	0	1	74933
149.882	0.25	0	1	74941
149.9	0.25	0	1	74950
149.916	0.25	0	1	74958
149.932	0.25	0	1	74966
149.95	0.25	0	1	74975
149.966	0.25	0	1	74983
149.982	0.25	0	1	74991
150.0	0.25	0	1	75000
150.016	0.25	1	2	75008
150.032	0.25	1	2	75016
150.05	0.25	0	1	75025
150.066	0.25	0	1	75033
150.082	0.25	1	2	75041
150.1	0.25	1	2	75050
150.116	0.25	1	2	75058
150.132	0.25	1	2	75066
150.15	0.25	0	1	75075
150.166	0.25	0	1	75083
150.182	0.25	1	2	75091
150.2	0.25	1	2	75100
150.216	0.25	0	1	75108
150.232	0.25	0	1	75116
150.25	0.25	1	2	75125
150.266	0.25	1	2	75133
150.282	0.25	0	1	75141
150.3	0.25	0	1	75150
150.316	0.25	1	2	75158
150.332	0.25	1	2	75166
150.35	0.25	0	1	75175
150.366	0.25	0	1	75183
150.382	0.25	0	1	75191
150.4	0.25	0	1	75200
150.416	0.25	0	1	75208
150.432	0.25	0	1	75216
150.45	0.25	1	2	75225
150.466	0.25	1	2	75233
150.482	0.25	1	2	75241
150.5	0.25	1	2	75250
150.516	0.25	1	2	75258
150.532	0.25	1	2	75266
150.55	0.25	0	1	75275
150.566	0.25	0	1	75283
150.582	0.25	1	2	75291
150.6	0.25	1	2	75300
150.616	0.25	1	2	75308
150.632	0.25	1	2	75316
150.65	0.25	1	2	75325
150.666	0.25	1	2	75333
150.682	0.25	0	1	75341
150.7	0.25	0	1	75350
150.716	0.25	1	2	75358
150.732	0.25	1	2	75366
150.75	0.25	0	1	75375
150.766	0.25	0	1	75383
150.782	0.25	1	2	75391
150.8	0.25	1	2	75400
150.816	0.25	1	2	75408
150.832	0.25	1	2	75416
150.85	0.25	0	1	75425
150.866	0.25	0	1	75433
150.882	0.25	0	1	75441
150.9	0.25	0	1	75450
150.916	0.25	0	1	75458
150.932	0.25	0	1	75466
150.95	0.25	1	2	75475
150.966	0.25	1	2	75483
150.982	0.25	1	2	75491
151.0	0.25	1	2	75500
151.016	0.25	0	1	75508
151.032	0.25	0	1	75516
151.05	0.25	1	2	75525
151.066	0.25	1	2	75533
151.082	0.25	1	2	75541
151.1	0.25	1	2	75550
151.116	0.25	1	2	75558
151.132	0.25	1	2	75566
151.15	0.25	0	1	75575
151.166	0.25	0	1	75583
151.182	0.25	0	1	75591
151.2	0.25	0	1	75600
151.216	0.25	0	1	75608
151.232	0.25	0	1	75616
151.25	0.25	0	1	75625
151.266	0.25	0	1	75633
151.282	0.25	0	1	75641
151.3	0.25	0	1	75650
151.316	0.25	1	2	75658
151.332	0.25	1	2	75666
151.35	0.25	1	2	75675
151.366	0.25	1	2	75683
151.382	0.25	1	2	75691
155.75	0.25	1	2	77875
155.766	0.25	1	2	77883
155.782	0.25	1	2	77891
155.8	0.25	1	2	77900
155.816	0.25	0	1	77908
155.832	0.25	0	1	77916
155.85	0.25	1	2	77925
155.866	0.25	1	2	77933
155.882	0.25	1	2	77941
155.9	0.25	1	2	77950
155.916	0.25	0	1	77958
155.932	0.25	0	1	77966
155.95	0.25	1	2	77975
155.966	0.25	1	2	77983
155.982	0.25	1	2	77991
156.0	0.25	1	2	78000
156.016	0.25	0	1	78008
156.032	0.25	0	1	78016
156.05	0.25	1	2	78025
156.066	0.25	1	2	78033
156.082	0.25	1	2	78041
156.1	0.25	1	2	78050
156.116	0.25	0	1	78058
156.132	0.25	0	1	78066
156.15	0.25	0	1	78075
156.166	0.25	0	1	78083
156.182	0.25	0	1	78091
156.2	0.25	0	1	78100
156.216	0.25	1	2	78108
156.232	0.25	1	2	78116
156.25	0.25	1	2	78125
156.266	0.25	1	2	78133
156.282	0.25	1	2	78141
156.3	0.25	1	2	78150
156.316	0.25	0	1	78158
156.332	0.25	0	1	78166
156.35	0.25	0	1	78175
156.366	0.25	0	1	78183
156.382	0.25	0	1	78191
156.4	0.25	0	1	78200
156.416	0.25	1	2	78208
156.432	0.25	1	2	78216
156.45	0.25	1	2	78225
156.466	0.25	1	2	78233
156.482	0.25	1	2	78241
156.5	0.25	1	2	78250
156.516	0.25	1	2	78258
156.532	0.25	1	2	78266
156.55	0.25	1	2	78275
156.566	0.25	1	2	78283
156.582	0.25	0	1	78291
156.6	0.25	0	1	78300
156.616	0.25	0	1	78308
156.632	0.25	0	1	78316
156.65	0.25	1	2	78325
156.666	0.25	1	2	78333
156.682	0.25	0	1	78341
156.7	0.25	0	1	78350
156.716	0.25	1	2	78358
156.732	0.25	1	2	78366
156.75	0.25	0	1	78375
156.766	0.25	0	1	78383
156.782	0.25	0	1	78391
156.8	0.25	0	1	78400
156.816	0.25	1	2	78408
156.832	0.25	1	2	78416
156.85	0.25	1	2	78425
156.866	0.25	1	2	78433
156.882	0.25	0	1	78441
156.9	0.25	0	1	78450
156.916	0.25	0	1	78458
156.932	0.25	0	1	78466
156.95	0.25	0	1	78475
156.966	0.25	0	1	78483
156.982	0.25	0	1	78491
157.0	0.25	0	1	78500
157.016	0.25	1	2	78508
157.032	0.25	1	2	78516
157.05	0.25	0	1	78525
157.066	0.25	0	1	78533
157.082	0.25	0	1	78541
157.1	0.25	0	1	78550
157.116	0.25	0	1	78558
157.132	0.25	0	1	78566
157.15	0.25	0	1	78575
157.166	0.25	0	1	78583
157.182	0.25	1	2	78591
157.2	0.25	1	2	78600
157.216	0.25	1	2	78608
157.232	0.25	1	2	78616
157.25	0.25	1	2	78625
157.266	0.25	1	2	78633
157.282	0.25	1	2	78641
157.3	0.25	1	2	78650
157.316	0.25	1	2	78658
157.332	0.25	1	2	78666
157.35	0.25	1	2	78675
157.366	0.25	1	2	78683
157.382	0.25	0	1	78691
157.4	0.25	0	1	78700
157.416	0.25	1	2	78708
157.432	0.25	1	2	78716
157.45	0.25	0	1	78725
157.466	0.25	0	1	78733
157.482	0.25	1	2	78741
157.5	0.25	1	2	78750
157.516	0.25	0	1	78758
157.532	0.25	0	1	78766
157.55	0.25	0	1	78775
157.566	0.25	0	1	78783
157.582	0.25	1	2	78791
157.6	0.25	1	2	78800
157.616	0.25	1	2	78808
157.632	0.25	1	2	78816
157.65	0.25	0	1	78825
157.666	0.25	0	1	78833
157.682	0.25	0	1	78841
159.166	0.25	1	2	79583
159.182	0.25	1	2	79591
159.2	0.25	1	2	79600
159.216	0.25	1	2	79608
159.232	0.25	1	2	79616
159.25	0.25	1	2	79625
159.266	0.25	1	2	79633
159.282	0.25	1	2	79641
159.3	0.25	1	2	79650
159.316	0.25	1	2	79658
159.332	0.25	1	2	79666
159.35	0.25	1	2	79675
159.366	0.25	1	2	79683
159.382	0.25	1	2	79691
159.4	0.25	0	1	79700
159.416	0.25	0	1	79708
159.432	0.25	0	1	79716
159.45	0.25	0	1	79725
159.466	0.25	1	2	79733
159.482	0.25	1	2	79741
159.5	0.25	1	2	79750
159.516	0.25	1	2	79758
159.532	0.25	0	1	79766
159.55	0.25	0	1	79775
159.566	0.25	0	1	79783
159.582	0.25	0	1	79791
159.6	0.25	1	2	79800
159.616	0.25	1	2	79808
159.632	0.25	1	2	79816
159.65	0.25	1	2	79825
159.666	0.25	0	1	79833
159.682	0.25	0	1	79841
159.7	0.25	0	1	79850
159.716	0.25	0	1	79858
159.732	0.25	1	2	79866
159.75	0.25	1	2	79875
159.766	0.25	0	1	79883
159.782	0.25	0	1	79891
159.8	0.25	1	2	79900
159.816	0.25	1	2	79908
159.832	0.25	1	2	79916
159.85	0.25	1	2	79925
159.866	0.25	0	1	79933
159.882	0.25	0	1	79941
159.9	0.25	1	2	79950
159.916	0.25	1	2	79958
159.932	0.25	0	1	79966
159.95	0.25	0	1	79975
159.966	0.25	0	1	79983
159.982	0.25	0	1	79991
160.0	0.25	1	2	80000
160.016	0.25	1	2	80008
160.032	0.25	0	1	80016
160.05	0.25	0	1	80025
160.066	0.25	1	2	80033
160.082	0.25	1	2	80041
160.1	0.25	1	2	80050
160.116	0.25	1	2	80058
160.132	0.25	1	2	80066
160.15	0.25	1	2	80075
160.166	0.25	0	1	80083
160.182	0.25	0	1	80091
160.2	0.25	0	1	80100
160.216	0.25	0	1	80108
160.232	0.25	0	1	80116
160.25	0.25	0	1	80125
160.266	0.25	1	2	80133
160.282	0.25	1	2	80141
160.3	0.25	0	1	80150
160.316	0.25	0	1	80158
160.332	0.25	1	2	80166
160.35	0.25	1	2	80175
160.366	0.25	1	2	80183
160.382	0.25	1	2	80191
160.4	0.25	1	2	80200
160.416	0.25	1	2	80208
160.432	0.25	0	1	80216
160.45	0.25	0	1	80225
160.466	0.25	0	1	80233
160.482	0.25	0	1	80241
160.5	0.25	1	2	80250
160.516	0.25	1	2	80258
160.532	0.25	0	1	80266
160.55	0.25	0	1	80275
160.566	0.25	1	2	80283
160.582	0.25	1	2	80291
160.6	0.25	0	1	80300
160.616	0.25	0	1	80308
160.632	0.25	0	1	80316
160.65	0.25	0	1	80325
160.666	0.25	0	1	80333
160.682	0.25	0	1	80341
160.7	0.25	1	2	80350
160.716	0.25	1	2	80358
160.732	0.25	1	2	80366
160.75	0.25	1	2	80375
160.766	0.25	0	1	80383
160.782	0.25	0	1	80391
160.8	0.25	1	2	80400
160.816	0.25	1	2	80408
160.832	0.25	0	1	80416
160.85	0.25	0	1	80425
160.866	0.25	0	1	80433
160.882	0.25	0	1	80441
160.9	0.25	0	1	80450
160.916	0.25	0	1	80458
160.932	0.25	1	2	80466
160.95	0.25	1	2	80475
160.966	0.25	0	1	80483
160.982	0.25	0	1	80491
161.0	0.25	1	2	80500
161.016	0.25	1	2	80508
161.032	0.25	0	1	80516
161.05	0.25	0	1	80525
161.066	0.25	0	1	80533
161.082	0.25	0	1	80541
161.1	0.25	1	2	80550
162.582	0.25	1	2	81291
162.6	0.25	1	2	81300
162.616	0.25	1	2	81308
162.632	0.25	1	2	81316
162.65	0.25	0	1	81325
162.666	0.25	0	1	81333
162.682	0.25	0	1	81341
162.7	0.25	0	1	81350
162.716	0.25	0	1	81358
162.732	0.25	0	1	81366
162.75	0.25	0	1	81375
162.766	0.25	0	1	81383
162.782	0.25	1	2	81391
162.8	0.25	1	2	81400
162.816	0.25	0	1	81408
162.832	0.25	0	1	81416
162.85	0.25	0	1	81425
162.866	0.25	0	1	81433
162.882	0.25	1	2	81441
162.9	0.25	1	2	81450
162.916	0.25	1	2	81458
162.932	0.25	1	2	81466
162.95	0.25	0	1	81475
162.966	0.25	0	1	81483
162.982	0.25	0	1	81491
163.0	0.25	0	1	81500
163.016	0.25	0	1	81508
163.032	0.25	0	1	81516
163.05	0.25	0	1	81525
163.066	0.25	0	1	81533
163.082	0.25	0	1	81541
163.1	0.25	0	1	81550
163.116	0.25	0	1	81558
163.132	0.25	0	1	81566
163.15	0.25	1	2	81575
163.166	0.25	1	2	81583
163.182	0.25	0	1	81591
163.2	0.25	0	1	81600
163.216	0.25	1	2	81608
163.232	0.25	1	2	81616
163.25	0.25	1	2	81625
163.266	0.25	1	2	81633
163.282	0.25	0	1	81641
163.3	0.25	0	1	81650
163.316	0.25	1	2	81658
163.332	0.25	1	2	81666
163.35	0.25	0	1	81675
163.366	0.25	0	1	81683
163.382	0.25	1	2	81691
163.4	0.25	1	2	81700
163.416	0.25	0	1	81708
163.432	0.25	0	1	81716
163.45	0.25	1	2	81725
163.466	0.25	1	2	81733
163.482	0.25	0	1	81741
163.5	0.25	0	1	81750
163.516	0.25	0	1	81758
163.532	0.25	0	1	81766
163.55	0.25	0	1	81775
163.566	0.25	0	1	81783
163.582	0.25	1	2	81791
163.6	0.25	1	2	81800
163.616	0.25	1	2	81808
163.632	0.25	1	2	81816
163.65	0.25	1	2	81825
163.666	0.25	1	2	81833
163.682	0.25	0	1	81841
163.7	0.25	0	1	81850
163.716	0.25	1	2	81858
163.732	0.25	1	2	81866
163.75	0.25	1	2	81875
163.766	0.25	1	2	81883
163.782	0.25	1	2	81891
163.8	0.25	1	2	81900
163.816	0.25	0	1	81908
163.832	0.25	0	1	81916
163.85	0.25	1	2	81925
163.866	0.25	1	2	81933
163.882	0.25	0	1	81941
163.9	0.25	0	1	81950
163.916	0.25	1	2	81958
163.932	0.25	1	2	81966
163.95	0.25	1	2	81975
163.966	0.25	1	2	81983
163.982	0.25	0	1	81991
164.0	0.25	0	1	82000
164.016	0.25	0	1	82008
164.032	0.25	0	1	82016
164.05	0.25	0	1	82025
164.066	0.25	0	1	82033
164.082	0.25	1	2	82041
164.1	0.25	1	2	82050
164.116	0.25	1	2	82058
164.132	0.25	1	2	82066
164.15	0.25	0	1	82075
164.166	0.25	0	1	82083
164.182	0.25	1	2	82091
164.2	0.25	1	2	82100
164.216	0.25	1	2	82108
164.232	0.25	1	2	82116
164.25	0.25	1	2	82125
164.266	0.25	1	2	82133
164.282	0.25	0	1	82141
164.3	0.25	0	1	82150
164.316	0.25	0	1	82158
164.332	0.25	0	1	82166
164.35	0.25	0	1	82175
164.366	0.25	0	1	82183
164.382	0.25	0	1	82191
164.4	0.25	0	1	82200
164.416	0.25	0	1	82208
164.432	0.25	0	1	82216
164.45	0.25	1	2	82225
164.466	0.25	1	2	82233
164.482	0.25	1	2	82241
164.5	0.25	1	2	82250
164.516	0.25	1	2	82258
166.0	0.25	0	1	83000
166.016	0.25	0	1	83008
166.032	0.25	0	1	83016
166.05	0.25	0	1	83025
166.066	0.25	1	2	83033
166.082	0.25	1	2	83041
166.1	0.25	1	2	83050
166.116	0.25	1	2	83058
166.132	0.25	0	1	83066
166.15	0.25	0	1	83075
166.166	0.25	0	1	83083
166.182	0.25	0	1	83091
166.2	0.25	0	1	83100
166.216	0.25	0	1	83108
166.232	0.25	0	1	83116
166.25	0.25	0	1	83125
166.266	0.25	1	2	83133
166.282	0.25	1	2	83141
166.3	0.25	1	2	83150
166.316	0.25	1	2	83158
166.332	0.25	1	2	83166
166.35	0.25	1	2	83175
166.366	0.25	1	2	83183
166.382	0.25	1	2	83191
166.4	0.25	1	2	83200
166.416	0.25	1	2	83208
166.432	0.25	0	1	83216
166.45	0.25	0	1	83225
166.466	0.25	0	1	83233
166.482	0.25	0	1	83241
166.5	0.25	0	1	83250
166.516	0.25	0	1	83258
166.532	0.25	0	1	83266
166.55	0.25	0	1	83275
166.566	0.25	0	1	83283
166.582	0.25	0	1	83291
166.6	0.25	0	1	83300
166.616	0.25	0	1	83308
166.632	0.25	1	2	83316
166.65	0.25	1	2	83325
166.666	0.25	1	2	83333
166.682	0.25	1	2	83341
166.7	0.25	0	1	83350
166.716	0.25	0	1	83358
166.732	0.25	0	1	83366
166.75	0.25	0	1	83375
166.766	0.25	1	2	83383
166.782	0.25	1	2	83391
166.8	0.25	0	1	83400
166.816	0.25	0	1	83408
166.832	0.25	1	2	83416
166.85	0.25	1	2	83425
166.866	0.25	0	1	83433
166.882	0.25	0	1	83441
166.9	0.25	1	2	83450
166.916	0.25	1	2	83458
166.932	0.25	0	1	83466
166.95	0.25	0	1	83475
166.966	0.25	1	2	83483
166.982	0.25	1	2	83491
167.0	0.25	1	2	83500
167.016	0.25	1	2	83508
167.032	0.25	0	1	83516
167.05	0.25	0	1	83525
167.066	0.25	1	2	83533
167.082	0.25	1	2	83541
167.1	0.25	0	1	83550
167.116	0.25	0	1	83558
167.132	0.25	0	1	83566
167.15	0.25	0	1	83575
167.166	0.25	0	1	83583
167.182	0.25	0	1	83591
167.2	0.25	1	2	83600
167.216	0.25	1	2	83608
167.232	0.25	0	1	83616
167.25	0.25	0	1	83625
167.266	0.25	0	1	83633
167.282	0.25	0	1	83641
167.3	0.25	0	1	83650
167.316	0.25	0	1	83658
167.332	0.25	1	2	83666
167.35	0.25	1	2	83675
167.366	0.25	1	2	83683
167.382	0.25	1	2	83691
167.4	0.25	1	2	83700
167.416	0.25	1	2	83708
167.432	0.25	0	1	83716
167.45	0.25	0	1	83725
167.466	0.25	1	2	83733
167.482	0.25	1	2	83741
167.5	0.25	0	1	83750
167.516	0.25	0	1	83758
167.532	0.25	1	2	83766
167.55	0.25	1	2	83775
167.566	0.25	1	2	83783
167.582	0.25	1	2	83791
167.6	0.25	1	2	83800
167.616	0.25	1	2	83808
167.632	0.25	1	2	83816
167.65	0.25	1	2	83825
167.666	0.25	1	2	83833
167.682	0.25	1	2	83841
167.7	0.25	0	1	83850
167.716	0.25	0	1	83858
167.732	0.25	0	1	83866
167.75	0.25	0	1	83875
167.766	0.25	1	2	83883
167.782	0.25	1	2	83891
167.8	0.25	0	1	83900
167.816	0.25	0	1	83908
167.832	0.25	0	1	83916
167.85	0.25	0	1	83925
167.866	0.25	0	1	83933
167.882	0.25	0	1	83941
167.9	0.25	1	2	83950
167.916	0.25	1	2	83958
167.932	0.25	1	2	83966
171.916	0.25	1	2	85958
171.932	0.25	1	2	85966
171.95	0.25	1	2	85975
171.966	0.25	1	2	85983
171.982	0.25	0	1	85991
172.0	0.25	0	1	86000
172.016	0.25	0	1	86008
172.032	0.25	0	1	86016
172.05	0.25	0	1	86025
172.066	0.25	0	1	86033
172.082	0.25	0	1	86041
172.1	0.25	0	1	86050
172.116	0.25	1	2	86058
172.132	0.25	1	2	86066
172.15	0.25	0	1	86075
172.166	0.25	0	1	86083
172.182	0.25	0	1	86091
172.2	0.25	0	1	86100
172.216	0.25	1	2	86108
172.232	0.25	1	2	86116
172.25	0.25	1	2	86125
172.266	0.25	1	2	86133
172.282	0.25	0	1	86141
172.3	0.25	0	1	86150
172.316	0.25	0	1	86158
172.332	0.25	0	1	86166
172.35	0.25	0	1	86175
172.366	0.25	0	1	86183
172.382	0.25	0	1	86191
172.4	0.25	0	1	86200
172.416	0.25	0	1	86208
172.432	0.25	0	1	86216
172.45	0.25	0	1	86225
172.466	0.25	0	1	86233
172.482	0.25	1	2	86241
172.5	0.25	1	2	86250
172.516	0.25	0	1	86258
172.532	0.25	0	1	86266
172.55	0.25	1	2	86275
172.566	0.25	1	2	86283
172.582	0.25	1	2	86291
172.6	0.25	1	2	86300
172.616	0.25	0	1	86308
172.632	0.25	0	1	86316
172.65	0.25	1	2	86325
172.666	0.25	1	2	86333
172.682	0.25	0	1	86341
172.7	0.25	0	1	86350
172.716	0.25	1	2	86358
172.732	0.25	1	2	86366
172.75	0.25	0	1	86375
172.766	0.25	0	1	86383
172.782	0.25	1	2	86391
172.8	0.25	1	2	86400
172.816	0.25	0	1	86408
172.832	0.25	0	1	86416
172.85	0.25	0	1	86425
172.866	0.25	0	1	86433
172.882	0.25	0	1	86441
172.9	0.25	0	1	86450
172.916	0.25	1	2	86458
172.932	0.25	1	2	86466
172.95	0.25	1	2	86475
172.966	0.25	1	2	86483
172.982	0.25	1	2	86491
173.0	0.25	1	2	86500
173.016	0.25	0	1	86508
173.032	0.25	0	1	86516
173.05	0.25	1	2	86525
173.066	0.25	1	2	86533
173.082	0.25	1	2	86541
173.1	0.25	1	2	86550
173.116	0.25	1	2	86558
173.132	0.25	1	2	86566
173.15	0.25	0	1	86575
173.166	0.25	0	1	86583
173.182	0.25	1	2	86591
173.2	0.25	1	2	86600
173.216	0.25	0	1	86608
173.232	0.25	0	1	86616
173.25	0.25	1	2	86625
173.266	0.25	1	2	86633
173.282	0.25	1	2	86641
173.3	0.25	1	2	86650
173.316	0.25	0	1	86658
173.332	0.25	0	1	86666
173.35	0.25	0	1	86675
173.366	0.25	0	1	86683
173.382	0.25	0	1	86691
173.4	0.25	0	1	86700
173.416	0.25	1	2	86708
173.432	0.25	1	2	86716
173.45	0.25	1	2	86725
173.466	0.25	1	2	86733
173.482	0.25	0	1	86741
173.5	0.25	0	1	86750
173.516	0.25	1	2	86758
173.532	0.25	1	2	86766
173.55	0.25	1	2	86775
173.566	0.25	1	2	86783
173.582	0.25	1	2	86791
173.6	0.25	1	2	86800
173.616	0.25	0	1	86808
173.632	0.25	0	1	86816
173.65	0.25	0	1	86825
173.666	0.25	0	1	86833
173.682	0.25	0	1	86841
173.7	0.25	0	1	86850
173.716	0.25	0	1	86858
173.732	0.25	0	1	86866
173.75	0.25	0	1	86875
173.766	0.25	0	1	86883
173.782	0.25	1	2	86891
173.8	0.25	1	2	86900
173.816	0.25	1	2	86908
173.832	0.25	1	2	86916
173.85	0.25	1	2	86925
175.332	0.25	1	2	87666
175.35	0.25	1	2	87675
175.366	0.25	1	2	87683
175.382	0.25	1	2	87691
175.4	0.25	0	1	87700
175.416	0.25	0	1	87708
175.432	0.25	1	2	87716
175.45	0.25	1	2	87725
175.466	0.25	1	2	87733
175.482	0.25	1	2	87741
175.5	0.25	0	1	87750
175.516	0.25	0	1	87758
175.532	0.25	1	2	87766
175.55	0.25	1	2	87775
175.566	0.25	1	2	87783
175.582	0.25	1	2	87791
175.6	0.25	0	1	87800
175.616	0.25	0	1	87808
175.632	0.25	1	2	87816
175.65	0.25	1	2	87825
175.666	0.25	1	2	87833
175.682	0.25	1	2	87841
175.7	0.25	0	1	87850
175.716	0.25	0	1	87858
175.732	0.25	0	1	87866
175.75	0.25	0	1	87875
175.766	0.25	0	1	87883
175.782	0.25	0	1	87891
175.8	0.25	1	2	87900
175.816	0.25	1	2	87908
175.832	0.25	1	2	87916
175.85	0.25	1	2	87925
175.866	0.25	1	2	87933
175.882	0.25	1	2	87941
175.9	0.25	0	1	87950
175.916	0.25	0	1	87958
175.932	0.25	0	1	87966
175.95	0.25	0	1	87975
175.966	0.25	0	1	87983
175.982	0.25	0	1	87991
176.0	0.25	1	2	88000
176.016	0.25	1	2	88008
176.032	0.25	1	2	88016
176.05	0.25	1	2	88025
176.066	0.25	1	2	88033
176.082	0.25	1	2	88041
176.1	0.25	1	2	88050
176.116	0.25	1	2	88058
176.132	0.25	1	2	88066
176.15	0.25	1	2	88075
176.166	0.25	0	1	88083
176.182	0.25	0	1	88091
176.2	0.25	0	1	88100
176.216	0.25	0	1	88108
176.232	0.25	1	2	88116
176.25	0.25	1	2	88125
176.266	0.25	0	1	88133
176.282	0.25	0	1	88141
176.3	0.25	1	2	88150
176.316	0.25	1	2	88158
176.332	0.25	0	1	88166
176.35	0.25	0	1	88175
176.366	0.25	0	1	88183
176.382	0.25	0	1	88191
176.4	0.25	1	2	88200
176.416	0.25	1	2	88208
176.432	0.25	1	2	88216
176.45	0.25	1	2	88225
176.466	0.25	0	1	88233
176.482	0.25	0	1	88241
176.5	0.25	0	1	88250
176.516	0.25	0	1	88258
176.532	0.25	0	1	88266
176.55	0.25	0	1	88275
176.566	0.25	0	1	88283
176.582	0.25	0	1	88291
176.6	0.25	1	2	88300
176.616	0.25	1	2	88308
176.632	0.25	0	1	88316
176.65	0.25	0	1	88325
176.666	0.25	0	1	88333
176.682	0.25	0	1	88341
176.7	0.25	0	1	88350
176.716	0.25	0	1	88358
176.732	0.25	0	1	88366
176.75	0.25	0	1	88375
176.766	0.25	1	2	88383
176.782	0.25	1	2	88391
176.8	0.25	1	2	88400
176.816	0.25	1	2	88408
176.832	0.25	1	2	88416
176.85	0.25	1	2	88425
176.866	0.25	1	2	88433
176.882	0.25	1	2	88441
176.9	0.25	1	2	88450
176.916	0.25	1	2	88458
176.932	0.25	1	2	88466
176.95	0.25	1	2	88475
176.966	0.25	0	1	88483
176.982	0.25	0	1	88491
177.0	0.25	1	2	88500
177.016	0.25	1	2	88508
177.032	0.25	0	1	88516
177.05	0.25	0	1	88525
177.066	0.25	1	2	88533
177.082	0.25	1	2	88541
177.1	0.25	0	1	88550
177.116	0.25	0	1	88558
177.132	0.25	0	1	88566
177.15	0.25	0	1	88575
177.166	0.25	1	2	88583
177.182	0.25	1	2	88591
177.2	0.25	1	2	88600
177.216	0.25	1	2	88608
177.232	0.25	0	1	88616
177.25	0.25	0	1	88625
177.266	0.25	0	1	88633
178.75	0.25	0	1	89375
178.766	0.25	0	1	89383
178.782	0.25	0	1	89391
178.8	0.25	0	1	89400
178.816	0.25	1	2	89408
178.832	0.25	1	2	89416
178.85	0.25	1	2	89425
178.866	0.25	1	2	89433
178.882	0.25	0	1	89441
178.9	0.25	0	1	89450
178.916	0.25	0	1	89458
178.932	0.25	0	1	89466
178.95	0.25	0	1	89475
178.966	0.25	0	1	89483
178.982	0.25	0	1	89491
179.0	0.25	0	1	89500
179.016	0.25	1	2	89508
179.032	0.25	1	2	89516
179.05	0.25	1	2	89525
179.066	0.25	1	2	89533
179.082	0.25	1	2	89541
179.1	0.25	1	2	89550
179.116	0.25	1	2	89558
179.132	0.25	1	2	89566
179.15	0.25	1	2	89575
179.166	0.25	1	2	89583
179.182	0.25	0	1	89591
179.2	0.25	0	1	89600
179.216	0.25	0	1	89608
179.232	0.25	0	1	89616
179.25	0.25	0	1	89625
179.266	0.25	0	1	89633
179.282	0.25	0	1	89641
179.3	0.25	0	1	89650
179.316	0.25	0	1	89658
179.332	0.25	0	1	89666
179.35	0.25	0	1	89675
179.366	0.25	0	1	89683
179.382	0.25	1	2	89691
179.4	0.25	1	2	89700
179.416	0.25	1	2	89708
179.432	0.25	1	2	89716
179.45	0.25	0	1	89725
179.466	0.25	0	1	89733
179.482	0.25	0	1	89741
179.5	0.25	0	1	89750
179.516	0.25	1	2	89758
179.532	0.25	1	2	89766
179.55	0.25	0	1	89775
179.566	0.25	0	1	89783
179.582	0.25	1	2	89791
179.6	0.25	1	2	89800
179.616	0.25	0	1	89808
179.632	0.25	0	1	89816
179.65	0.25	1	2	89825
179.666	0.25	1	2	89833
179.682	0.25	0	1	89841
179.7	0.25	0	1	89850
179.716	0.25	1	2	89858
179.732	0.25	1	2	89866
179.75	0.25	1	2	89875
179.766	0.25	1	2	89883
179.782	0.25	0	1	89891
179.8	0.25	0	1	89900
179.816	0.25	1	2	89908
179.832	0.25	1	2	89916
179.85	0.25	0	1	89925
179.866	0.25	0	1	89933
179.882	0.25	0	1	89941
179.9	0.25	0	1	89950
179.916	0.25	0	1	89958
179.932	0.25	0	1	89966
179.95	0.25	1	2	89975
179.966	0.25	1	2	89983
179.982	0.25	0	1	89991
180.0	0.25	0	1	90000
180.016	0.25	0	1	90008
180.032	0.25	0	1	90016
180.05	0.25	0	1	90025
180.066	0.25	0	1	90033
180.082	0.25	1	2	90041
180.1	0.25	1	2	90050
180.116	0.25	1	2	90058
180.132	0.25	1	2	90066
180.15	0.25	1	2	90075
180.166	0.25	1	2	90083
180.182	0.25	0	1	90091
180.2	0.25	0	1	90100
180.216	0.25	1	2	90108
180.232	0.25	1	2	90116
180.25	0.25	0	1	90125
180.266	0.25	0	1	90133
180.282	0.25	1	2	90141
180.3	0.25	1	2	90150
180.316	0.25	1	2	90158
180.332	0.25	1	2	90166
180.35	0.25	1	2	90175
180.366	0.25	1	2	90183
180.382	0.25	1	2	90191
180.4	0.25	1	2	90200
180.416	0.25	1	2	90208
180.432	0.25	1	2	90216
180.45	0.25	0	1	90225
180.466	0.25	0	1	90233
180.482	0.25	0	1	90241
180.5	0.25	0	1	90250
180.516	0.25	1	2	90258
180.532	0.25	1	2	90266
180.55	0.25	0	1	90275
180.566	0.25	0	1	90283
180.582	0.25	0	1	90291
180.6	0.25	0	1	90300
180.616	0.25	0	1	90308
180.632	0.25	0	1	90316
180.65	0.25	1	2	90325
180.666	0.25	1	2	90333
180.682	0.25	1	2	90341
182.166	0.25	1	2	91083
182.182	0.25	1	2	91091
182.2	0.25	1	2	91100
182.216	0.25	1	2	91108
182.232	0.25	1	2	91116
182.25	0.25	1	2	91125
182.266	0.25	1	2	91133
182.282	0.25	1	2	91141
182.3	0.25	1	2	91150
182.316	0.25	1	2	91158
182.332	0.25	1	2	91166
182.35	0.25	1	2	91175
182.366	0.25	1	2	91183
182.382	0.25	1	2	91191
182.4	0.25	0	1	91200
182.416	0.25	0	1	91208
182.432	0.25	0	1	91216
182.45	0.25	0	1	91225
182.466	0.25	1	2	91233
182.482	0.25	1	2	91241
182.5	0.25	1	2	91250
182.516	0.25	1	2	91258
182.532	0.25	0	1	91266
182.55	0.25	0	1	91275
182.566	0.25	0	1	91283
182.582	0.25	0	1	91291
182.6	0.25	1	2	91300
182.616	0.25	1	2	91308
182.632	0.25	1	2	91316
182.65	0.25	1	2	91325
182.666	0.25	0	1	91333
182.682	0.25	0	1	91341
182.7	0.25	0	1	91350
182.716	0.25	0	1	91358
182.732	0.25	1	2	91366
182.75	0.25	1	2	91375
182.766	0.25	0	1	91383
182.782	0.25	0	1	91391
182.8	0.25	1	2	91400
182.816	0.25	1	2	91408
182.832	0.25	1	2	91416
182.85	0.25	1	2	91425
182.866	0.25	0	1	91433
182.882	0.25	0	1	91441
182.9	0.25	1	2	91450
182.916	0.25	1	2	91458
182.932	0.25	0	1	91466
182.95	0.25	0	1	91475
182.966	0.25	0	1	91483
182.982	0.25	0	1	91491
183.0	0.25	1	2	91500
183.016	0.25	1	2	91508
183.032	0.25	0	1	91516
183.05	0.25	0	1	91525
183.066	0.25	1	2	91533
183.082	0.25	1	2	91541
183.1	0.25	1	2	91550
183.116	0.25	1	2	91558
183.132	0.25	1	2	91566
183.15	0.25	1	2	91575
183.166	0.25	0	1	91583
183.182	0.25	0	1	91591
183.2	0.25	0	1	91600
183.216	0.25	0	1	91608
183.232	0.25	0	1	91616
183.25	0.25	0	1	91625
183.266	0.25	1	2	91633
183.282	0.25	1	2	91641
183.3	0.25	0	1	91650
183.316	0.25	0	1	91658
183.332	0.25	1	2	91666
183.35	0.25	1	2	91675
183.366	0.25	1	2	91683
183.382	0.25	1	2	91691
183.4	0.25	1	2	91700
183.416	0.25	1	2	91708
183.432	0.25	0	1	91716
183.45	0.25	0	1	91725
183.466	0.25	0	1	91733
183.482	0.25	0	1	91741
183.5	0.25	1	2	91750
183.516	0.25	1	2	91758
183.532	0.25	0	1	91766
183.55	0.25	0	1	91775
183.566	0.25	1	2	91783
183.582	0.25	1	2	91791
183.6	0.25	0	1	91800
183.616	0.25	0	1	91808
183.632	0.25	0	1	91816
183.65	0.25	0	1	91825
183.666	0.25	0	1	91833
183.682	0.25	0	1	91841
183.7	0.25	1	2	91850
183.716	0.25	1	2	91858
183.732	0.25	1	2	91866
183.75	0.25	1	2	91875
183.766	0.25	0	1	91883
183.782	0.25	0	1	91891
183.8	0.25	1	2	91900
183.816	0.25	1	2	91908
183.832	0.25	0	1	91916
183.85	0.25	0	1	91925
183.866	0.25	0	1	91933
183.882	0.25	0	1	91941
183.9	0.25	0	1	91950
183.916	0.25	0	1	91958
183.932	0.25	1	2	91966
183.95	0.25	1	2	91975
183.966	0.25	0	1	91983
183.982	0.25	0	1	91991
184.0	0.25	1	2	92000
184.016	0.25	1	2	92008
184.032	0.25	0	1	92016
184.05	0.25	0	1	92025
184.066	0.25	0	1	92033
184.082	0.25	0	1	92041
184.1	0.25	1	2	92050
187.6	0.25	1	2	93800
187.616	0.25	1	2	93808
187.632	0.25	1	2	93816
187.65	0.25	1	2	93825
187.666	0.25	0	1	93833
187.682	0.25	0	1	93841
187.7	0.25	1	2	93850
187.716	0.25	1	2	93858
187.732	0.25	1	2	93866
187.75	0.25	1	2	93875
187.766	0.25	0	1	93883
187.782	0.25	0	1	93891
187.8	0.25	1	2	93900
187.816	0.25	1	2	93908
187.832	0.25	1	2	93916
187.85	0.25	1	2	93925
187.866	0.25	0	1	93933
187.882	0.25	0	1	93941
187.9	0.25	1	2	93950
187.916	0.25	1	2	93958
187.932	0.25	1	2	93966
187.95	0.25	1	2	93975
187.966	0.25	0	1	93983
187.982	0.25	0	1	93991
188.0	0.25	0	1	94000
188.016	0.25	0	1	94008
188.032	0.25	0	1	94016
188.05	0.25	0	1	94025
188.066	0.25	1	2	94033
188.082	0.25	1	2	94041
188.1	0.25	1	2	94050
188.116	0.25	1	2	94058
188.132	0.25	1	2	94066
188.15	0.25	1	2	94075
188.166	0.25	0	1	94083
188.182	0.25	0	1	94091
188.2	0.25	0	1	94100
188.216	0.25	0	1	94108
188.232	0.25	0	1	94116
188.25	0.25	0	1	94125
188.266	0.25	1	2	94133
188.282	0.25	1	2	94141
188.3	0.25	1	2	94150
188.316	0.25	1	2	94158
188.332	0.25	1	2	94166
188.35	0.25	1	2	94175
188.366	0.25	1	2	94183
188.382	0.25	1	2	94191
188.4	0.25	1	2	94200
188.416	0.25	1	2	94208
188.432	0.25	0	1	94216
188.45	0.25	0	1	94225
188.466	0.25	0	1	94233
188.482	0.25	0	1	94241
188.5	0.25	1	2	94250
188.516	0.25	1	2	94258
188.532	0.25	0	1	94266
188.55	0.25	0	1	94275
188.566	0.25	1	2	94283
188.582	0.25	1	2	94291
188.6	0.25	0	1	94300
188.616	0.25	0	1	94308
188.632	0.25	0	1	94316
188.65	0.25	0	1	94325
188.666	0.25	1	2	94333
188.682	0.25	1	2	94341
188.7	0.25	1	2	94350
188.716	0.25	1	2	94358
188.732	0.25	0	1	94366
188.75	0.25	0	1	94375
188.766	0.25	0	1	94383
188.782	0.25	0	1	94391
188.8	0.25	0	1	94400
188.816	0.25	0	1	94408
188.832	0.25	0	1	94416
188.85	0.25	0	1	94425
188.866	0.25	1	2	94433
188.882	0.25	1	2	94441
188.9	0.25	0	1	94450
188.916	0.25	0	1	94458
188.932	0.25	0	1	94466
188.95	0.25	0	1	94475
188.966	0.25	0	1	94483
188.982	0.25	0	1	94491
189.0	0.25	0	1	94500
189.016	0.25	0	1	94508
189.032	0.25	1	2	94516
189.05	0.25	1	2	94525
189.066	0.25	1	2	94533
189.082	0.25	1	2	94541
189.1	0.25	1	2	94550
189.116	0.25	1	2	94558
189.132	0.25	1	2	94566
189.15	0.25	1	2	94575
189.166	0.25	1	2	94583
189.182	0.25	1	2	94591
189.2	0.25	1	2	94600
189.216	0.25	1	2	94608
189.232	0.25	0	1	94616
189.25	0.25	0	1	94625
189.266	0.25	1	2	94633
189.282	0.25	1	2	94641
189.3	0.25	0	1	94650
189.316	0.25	0	1	94658
189.332	0.25	1	2	94666
189.35	0.25	1	2	94675
189.366	0.25	0	1	94683
189.382	0.25	0	1	94691
189.4	0.25	0	1	94700
189.416	0.25	0	1	94708
189.432	0.25	1	2	94716
189.45	0.25	1	2	94725
189.466	0.25	1	2	94733
189.482	0.25	1	2	94741
189.5	0.25	0	1	94750
189.516	0.25	0	1	94758
189.532	0.25	0	1	94766
191.016	0.25	1	2	95508
191.032	0.25	1	2	95516
191.05	0.25	1	2	95525
191.066	0.25	1	2	95533
191.082	0.25	1	2	95541
191.1	0.25	1	2	95550
191.116	0.25	1	2	95558
191.132	0.25	1	2	95566
191.15	0.25	1	2	95575
191.166	0.25	1	2	95583
191.182	0.25	1	2	95591
191.2	0.25	1	2	95600
191.216	0.25	1	2	95608
191.232	0.25	1	2	95616
191.25	0.25	0	1	95625
191.266	0.25	0	1	95633
191.282	0.25	0	1	95641
191.3	0.25	0	1	95650
191.316	0.25	1	2	95658
191.332	0.25	1	2	95666
191.35	0.25	1	2	95675
191.366	0.25	1	2	95683
191.382	0.25	0	1	95691
191.4	0.25	0	1	95700
191.416	0.25	0	1	95708
191.432	0.25	0	1	95716
191.45	0.25	1	2	95725
191.466	0.25	1	2	95733
191.482	0.25	1	2	95741
191.5	0.25	1	2	95750
191.516	0.25	0	1	95758
191.532	0.25	0	1	95766
191.55	0.25	0	1	95775
191.566	0.25	0	1	95783
191.582	0.25	1	2	95791
191.6	0.25	1	2	95800
191.616	0.25	0	1	95808
191.632	0.25	0	1	95816
191.65	0.25	1	2	95825
191.666	0.25	1	2	95833
191.682	0.25	1	2	95841
191.7	0.25	1	2	95850
191.716	0.25	0	1	95858
191.732	0.25	0	1	95866
191.75	0.25	1	2	95875
191.766	0.25	1	2	95883
191.782	0.25	0	1	95891
191.8	0.25	0	1	95900
191.816	0.25	0	1	95908
191.832	0.25	0	1	95916
191.85	0.25	1	2	95925
191.866	0.25	1	2	95933
191.882	0.25	0	1	95941
191.9	0.25	0	1	95950
191.916	0.25	1	2	95958
191.932	0.25	1	2	95966
191.95	0.25	1	2	95975
191.966	0.25	1	2	95983
191.982	0.25	1	2	95991
192.0	0.25	1	2	96000
192.016	0.25	0	1	96008
192.032	0.25	0	1	96016
192.05	0.25	0	1	96025
192.066	0.25	0	1	96033
192.082	0.25	0	1	96041
192.1	0.25	0	1	96050
192.116	0.25	1	2	96058
192.132	0.25	1	2	96066
192.15	0.25	0	1	96075
192.166	0.25	0	1	96083
192.182	0.25	1	2	96091
192.2	0.25	1	2	96100
192.216	0.25	1	2	96108
192.232	0.25	1	2	96116
192.25	0.25	1	2	96125
192.266	0.25	1	2	96133
192.282	0.25	0	1	96141
192.3	0.25	0	1	96150
192.316	0.25	0	1	96158
192.332	0.25	0	1	96166
192.35	0.25	1	2	96175
192.366	0.25	1	2	96183
192.382	0.25	0	1	96191
192.4	0.25	0	1	96200
192.416	0.25	1	2	96208
192.432	0.25	1	2	96216
192.45	0.25	0	1	96225
192.466	0.25	0	1	96233
192.482	0.25	0	1	96241
192.5	0.25	0	1	96250
192.516	0.25	0	1	96258
192.532	0.25	0	1	96266
192.55	0.25	1	2	96275
192.566	0.25	1	2	96283
192.582	0.25	1	2	96291
192.6	0.25	1	2	96300
192.616	0.25	0	1	96308
192.632	0.25	0	1	96316
192.65	0.25	1	2	96325
192.666	0.25	1	2	96333
192.682	0.25	0	1	96341
192.7	0.25	0	1	96350
192.716	0.25	0	1	96358
192.732	0.25	0	1	96366
192.75	0.25	0	1	96375
192.766	0.25	0	1	96383
192.782	0.25	1	2	96391
192.8	0.25	1	2	96400
192.816	0.25	0	1	96408
192.832	0.25	0	1	96416
192.85	0.25	1	2	96425
192.866	0.25	1	2	96433
192.882	0.25	0	1	96441
192.9	0.25	0	1	96450
192.916	0.25	0	1	96458
192.932	0.25	0	1	96466
192.95	0.25	1	2	96475
194.432	0.25	0	1	97216
194.45	0.25	0	1	97225
194.466	0.25	0	1	97233
194.482	0.25	0	1	97241
194.5	0.25	1	2	97250
194.516	0.25	1	2	97258
194.532	0.25	1	2	97266
194.55	0.25	1	2	97275
194.566	0.25	0	1	97283
194.582	0.25	0	1	97291
194.6	0.25	0	1	97300
194.616	0.25	0	1	97308
194.632	0.25	0	1	97316
194.65	0.25	0	1	97325
194.666	0.25	0	1	97333
194.682	0.25	0	1	97341
194.7	0.25	1	2	97350
194.716	0.25	1	2	97358
194.732	0.25	1	2	97366
194.75	0.25	1	2	97375
194.766	0.25	1	2	97383
194.782	0.25	1	2	97391
194.8	0.25	1	2	97400
194.816	0.25	1	2	97408
194.832	0.25	1	2	97416
194.85	0.25	1	2	97425
194.866	0.25	0	1	97433
194.882	0.25	0	1	97441
194.9	0.25	0	1	97450
194.916	0.25	0	1	97458
194.932	0.25	0	1	97466
194.95	0.25	0	1	97475
194.966	0.25	0	1	97483
194.982	0.25	0	1	97491
195.0	0.25	0	1	97500
195.016	0.25	0	1	97508
195.032	0.25	0	1	97516
195.05	0.25	0	1	97525
195.066	0.25	1	2	97533
195.082	0.25	1	2	97541
195.1	0.25	1	2	97550
195.116	0.25	1	2	97558
195.132	0.25	0	1	97566
195.15	0.25	0	1	97575
195.166	0.25	0	1	97583
195.182	0.25	0	1	97591
195.2	0.25	1	2	97600
195.216	0.25	1	2	97608
195.232	0.25	0	1	97616
195.25	0.25	0	1	97625
195.266	0.25	1	2	97633
195.282	0.25	1	2	97641
195.3	0.25	0	1	97650
195.316	0.25	0	1	97658
195.332	0.25	1	2	97666
195.35	0.25	1	2	97675
195.366	0.25	0	1	97683
195.382	0.25	0	1	97691
195.4	0.25	1	2	97700
195.416	0.25	1	2	97708
195.432	0.25	1	2	97716
195.45	0.25	1	2	97725
195.466	0.25	0	1	97733
195.482	0.25	0	1	97741
195.5	0.25	1	2	97750
195.516	0.25	1	2	97758
195.532	0.25	0	1	97766
195.55	0.25	0	1	97775
195.566	0.25	0	1	97783
195.582	0.25	0	1	97791
195.6	0.25	0	1	97800
195.616	0.25	0	1	97808
195.632	0.25	1	2	97816
195.65	0.25	1	2	97825
195.666	0.25	0	1	97833
195.682	0.25	0	1	97841
195.7	0.25	0	1	97850
195.716	0.25	0	1	97858
195.732	0.25	0	1	97866
195.75	0.25	0	1	97875
195.766	0.25	1	2	97883
195.782	0.25	1	2	97891
195.8	0.25	1	2	97900
195.816	0.25	1	2	97908
195.832	0.25	1	2	97916
195.85	0.25	1	2	97925
195.866	0.25	0	1	97933
195.882	0.25	0	1	97941
195.9	0.25	1	2	97950
195.916	0.25	1	2	97958
195.932	0.25	0	1	97966
195.95	0.25	0	1	97975
195.966	0.25	1	2	97983
195.982	0.25	1	2	97991
196.0	0.25	1	2	98000
196.016	0.25	1	2	98008
196.032	0.25	1	2	98016
196.05	0.25	1	2	98025
196.066	0.25	1	2	98033
196.082	0.25	1	2	98041
196.1	0.25	1	2	98050
196.116	0.25	1	2	98058
196.132	0.25	0	1	98066
196.15	0.25	0	1	98075
196.166	0.25	0	1	98083
196.182	0.25	0	1	98091
196.2	0.25	1	2	98100
196.216	0.25	1	2	98108
196.232	0.25	0	1	98116
196.25	0.25	0	1	98125
196.266	0.25	0	1	98133
196.282	0.25	0	1	98141
196.3	0.25	0	1	98150
196.316	0.25	0	1	98158
196.332	0.25	1	2	98166
196.35	0.25	1	2	98175
196.366	0.25	1	2	98183
197.85	0.25	1	2	98925
197.866	0.25	1	2	98933
197.882	0.25	1	2	98941
197.9	0.25	1	2	98950
197.916	0.25	0	1	98958
197.932	0.25	0	1	98966
197.95	0.25	0	1	98975
197.966	0.25	0	1	98983
197.982	0.25	0	1	98991
198.0	0.25	0	1	99000
198.016	0.25	0	1	99008
198.032	0.25	0	1	99016
198.05	0.25	1	2	99025
198.066	0.25	1	2	99033
198.082	0.25	0	1	99041
198.1	0.25	0	1	99050
198.116	0.25	0	1	99058
198.132	0.25	0	1	99066
198.15	0.25	1	2	99075
198.166	0.25	1	2	99083
198.182	0.25	1	2	99091
198.2	0.25	1	2	99100
198.216	0.25	0	1	99108
198.232	0.25	0	1	99116
198.25	0.25	0	1	99125
198.266	0.25	0	1	99133
198.282	0.25	0	1	99141
198.3	0.25	0	1	99150
198.316	0.25	0	1	99158
198.332	0.25	0	1	99166
198.35	0.25	0	1	99175
198.366	0.25	0	1	99183
198.382	0.25	0	1	99191
198.4	0.25	0	1	99200
198.416	0.25	1	2	99208
198.432	0.25	1	2	99216
198.45	0.25	0	1	99225
198.466	0.25	0	1	99233
198.482	0.25	1	2	99241
198.5	0.25	1	2	99250
198.516	0.25	1	2	99258
198.532	0.25	1	2	99266
198.55	0.25	0	1	99275
198.566	0.25	0	1	99283
198.582	0.25	1	2	99291
198.6	0.25	1	2	99300
198.616	0.25	0	1	99308
198.632	0.25	0	1	99316
198.65	0.25	1	2	99325
198.666	0.25	1	2	99333
198.682	0.25	0	1	99341
198.7	0.25	0	1	99350
198.716	0.25	1	2	99358
198.732	0.25	1	2	99366
198.75	0.25	0	1	99375
198.766	0.25	0	1	99383
198.782	0.25	0	1	99391
198.8	0.25	0	1	99400
198.816	0.25	0	1	99408
198.832	0.25	0	1	99416
198.85	0.25	1	2	99425
198.866	0.25	1	2	99433
198.882	0.25	1	2	99441
198.9	0.25	1	2	99450
198.916	0.25	1	2	99458
198.932	0.25	1	2	99466
198.95	0.25	0	1	99475
198.966	0.25	0	1	99483
198.982	0.25	1	2	99491
199.0	0.25	1	2	99500
199.016	0.25	1	2	99508
199.032	0.25	1	2	99516
199.05	0.25	1	2	99525
199.066	0.25	1	2	99533
199.082	0.25	0	1	99541
199.1	0.25	0	1	99550
199.116	0.25	1	2	99558
199.132	0.25	1	2	99566
199.15	0.25	0	1	99575
199.166	0.25	0	1	99583
199.182	0.25	1	2	99591
199.2	0.25	1	2	99600
199.216	0.25	1	2	99608
199.232	0.25	1	2	99616
199.25	0.25	0	1	99625
199.266	0.25	0	1	99633
199.282	0.25	0	1	99641
199.3	0.25	0	1	99650
199.316	0.25	0	1	99658
199.332	0.25	0	1	99666
199.35	0.25	1	2	99675
199.366	0.25	1	2	99683
199.382	0.25	1	2	99691
199.4	0.25	1	2	99700
199.416	0.25	0	1	99708
199.432	0.25	0	1	99716
199.45	0.25	1	2	99725
199.466	0.25	1	2	99733
199.482	0.25	1	2	99741
199.5	0.25	1	2	99750
199.516	0.25	1	2	99758
199.532	0.25	1	2	99766
199.55	0.25	0	1	99775
199.566	0.25	0	1	99783
199.582	0.25	0	1	99791
199.6	0.25	0	1	99800
199.616	0.25	0	1	99808
199.632	0.25	0	1	99816
199.65	0.25	0	1	99825
199.666	0.25	0	1	99833
199.682	0.25	0	1	99841
199.7	0.25	0	1	99850
199.716	0.25	1	2	99858
199.732	0.25	1	2	99866
199.75	0.25	1	2	99875
199.766	0.25	1	2	99883
199.782	0.25	1	2	99891
203.25	0.25	1	2	101625
203.266	0.25	1	2	101633
203.282	0.25	1	2	101641
203.3	0.25	1	2	101650
203.316	0.25	1	2	101658
203.332	0.25	1	2	101666
203.35	0.25	1	2	101675
203.366	0.25	1	2	101683
203.382	0.25	1	2	101691
203.4	0.25	1	2	101700
203.416	0.25	1	2	101708
203.432	0.25	1	2	101716
203.45	0.25	1	2	101725
203.466	0.25	1	2	101733
203.482	0.25	0	1	101741
203.5	0.25	0	1	101750
203.516	0.25	0	1	101758
203.532	0.25	0	1	101766
203.55	0.25	1	2	101775
203.566	0.25	1	2	101783
203.582	0.25	1	2	101791
203.6	0.25	1	2	101800
203.616	0.25	0	1	101808
203.632	0.25	0	1	101816
203.65	0.25	0	1	101825
203.666	0.25	0	1	101833
203.682	0.25	1	2	101841
203.7	0.25	1	2	101850
203.716	0.25	1	2	101858
203.732	0.25	1	2	101866
203.75	0.25	0	1	101875
203.766	0.25	0	1	101883
203.782	0.25	0	1	101891
203.8	0.25	0	1	101900
203.816	0.25	1	2	101908
203.832	0.25	1	2	101916
203.85	0.25	0	1	101925
203.866	0.25	0	1	101933
203.882	0.25	1	2	101941
203.9	0.25	1	2	101950
203.916	0.25	1	2	101958
203.932	0.25	1	2	101966
203.95	0.25	0	1	101975
203.966	0.25	0	1	101983
203.982	0.25	1	2	101991
204.0	0.25	1	2	102000
204.016	0.25	0	1	102008
204.032	0.25	0	1	102016
204.05	0.25	0	1	102025
204.066	0.25	0	1	102033
204.082	0.25	1	2	102041
204.1	0.25	1	2	102050
204.116	0.25	0	1	102058
204.132	0.25	0	1	102066
204.15	0.25	1	2	102075
204.166	0.25	1	2	102083
204.182	0.25	1	2	102091
204.2	0.25	1	2	102100
204.216	0.25	1	2	102108
204.232	0.25	1	2	102116
204.25	0.25	0	1	102125
204.266	0.25	0	1	102133
204.282	0.25	0	1	102141
204.3	0.25	0	1	102150
204.316	0.25	0	1	102158
204.332	0.25	0	1	102166
204.35	0.25	1	2	102175
204.366	0.25	1	2	102183
204.382	0.25	0	1	102191
204.4	0.25	0	1	102200
204.416	0.25	1	2	102208
204.432	0.25	1	2	102216
204.45	0.25	1	2	102225
204.466	0.25	1	2	102233
204.482	0.25	1	2	102241
204.5	0.25	1	2	102250
204.516	0.25	0	1	102258
204.532	0.25	0	1	102266
204.55	0.25	0	1	102275
204.566	0.25	0	1	102283
204.582	0.25	1	2	102291
204.6	0.25	1	2	102300
204.616	0.25	0	1	102308
204.632	0.25	0	1	102316
204.65	0.25	1	2	102325
204.666	0.25	1	2	102333
204.682	0.25	0	1	102341
204.7	0.25	0	1	102350
204.716	0.25	0	1	102358
204.732	0.25	0	1	102366
204.75	0.25	0	1	102375
204.766	0.25	0	1	102383
204.782	0.25	1	2	102391
204.8	0.25	1	2	102400
204.816	0.25	1	2	102408
204.832	0.25	1	2	102416
204.85	0.25	0	1	102425
204.866	0.25	0	1	102433
204.882	0.25	1	2	102441
204.9	0.25	1	2	102450
204.916	0.25	0	1	102458
204.932	0.25	0	1	102466
204.95	0.25	0	1	102475
204.966	0.25	0	1	102483
204.982	0.25	0	1	102491
205.0	0.25	0	1	102500
205.016	0.25	1	2	102508
205.032	0.25	1	2	102516
205.05	0.25	0	1	102525
205.066	0.25	0	1	102533
205.082	0.25	1	2	102541
205.1	0.25	1	2	102550
205.116	0.25	0	1	102558
205.132	0.25	0	1	102566
205.15	0.25	0	1	102575
205.166	0.25	0	1	102583
205.182	0.25	1	2	102591
206.666	0.25	0	1	103333
206.682	0.25	0	1	103341
206.7	0.25	0	1	103350
206.716	0.25	0	1	103358
206.732	0.25	1	2	103366
206.75	0.25	1	2	103375
206.766	0.25	1	2	103383
206.782	0.25	1	2	103391
206.8	0.25	0	1	103400
206.816	0.25	0	1	103408
206.832	0.25	0	1	103416
206.85	0.25	0	1	103425
206.866	0.25	0	1	103433
206.882	0.25	0	1	103441
206.9	0.25	0	1	103450
206.916	0.25	0	1	103458
206.932	0.25	1	2	103466
206.95	0.25	1	2	103475
206.966	0.25	1	2	103483
206.982	0.25	1	2	103491
207.0	0.25	1	2	103500
207.016	0.25	1	2	103508
207.032	0.25	1	2	103516
207.05	0.25	1	2	103525
207.066	0.25	1	2	103533
207.082	0.25	1	2	103541
207.1	0.25	0	1	103550
207.116	0.25	0	1	103558
207.132	0.25	0	1	103566
207.15	0.25	0	1	103575
207.166	0.25	0	1	103583
207.182	0.25	0	1	103591
207.2	0.25	0	1	103600
207.216	0.25	0	1	103608
207.232	0.25	0	1	103616
207.25	0.25	0	1	103625
207.266	0.25	0	1	103633
207.282	0.25	0	1	103641
207.3	0.25	1	2	103650
207.316	0.25	1	2	103658
207.332	0.25	1	2	103666
207.35	0.25	1	2	103675
207.366	0.25	0	1	103683
207.382	0.25	0	1	103691
207.4	0.25	0	1	103700
207.416	0.25	0	1	103708
207.432	0.25	1	2	103716
207.45	0.25	1	2	103725
207.466	0.25	0	1	103733
207.482	0.25	0	1	103741
207.5	0.25	1	2	103750
207.516	0.25	1	2	103758
207.532	0.25	0	1	103766
207.55	0.25	0	1	103775
207.566	0.25	1	2	103783
207.582	0.25	1	2	103791
207.6	0.25	0	1	103800
207.616	0.25	0	1	103808
207.632	0.25	1	2	103816
207.65	0.25	1	2	103825
207.666	0.25	1	2	103833
207.682	0.25	1	2	103841
207.7	0.25	0	1	103850
207.716	0.25	0	1	103858
207.732	0.25	1	2	103866
207.75	0.25	1	2	103875
207.766	0.25	0	1	103883
207.782	0.25	0	1	103891
207.8	0.25	0	1	103900
207.816	0.25	0	1	103908
207.832	0.25	0	1	103916
207.85	0.25	0	1	103925
207.866	0.25	1	2	103933
207.882	0.25	1	2	103941
207.9	0.25	0	1	103950
207.916	0.25	0	1	103958
207.932	0.25	0	1	103966
207.95	0.25	0	1	103975
207.966	0.25	0	1	103983
207.982	0.25	0	1	103991
208.0	0.25	1	2	104000
208.016	0.25	1	2	104008
208.032	0.25	1	2	104016
208.05	0.25	1	2	104025
208.066	0.25	1	2	104033
208.082	0.25	1	2	104041
208.1	0.25	0	1	104050
208.116	0.25	0	1	104058
208.132	0.25	1	2	104066
208.15	0.25	1	2	104075
208.166	0.25	0	1	104083
208.182	0.25	0	1	104091
208.2	0.25	1	2	104100
208.216	0.25	1	2	104108
208.232	0.25	1	2	104116
208.25	0.25	1	2	104125
208.266	0.25	1	2	104133
208.282	0.25	1	2	104141
208.3	0.25	1	2	104150
208.316	0.25	1	2	104158
208.332	0.25	1	2	104166
208.35	0.25	1	2	104175
208.366	0.25	0	1	104183
208.382	0.25	0	1	104191
208.4	0.25	0	1	104200
208.416	0.25	0	1	104208
208.432	0.25	1	2	104216
208.45	0.25	1	2	104225
208.466	0.25	0	1	104233
208.482	0.25	0	1	104241
208.5	0.25	0	1	104250
208.516	0.25	0	1	104258
208.532	0.25	0	1	104266
208.55	0.25	0	1	104275
208.566	0.25	1	2	104283
208.582	0.25	1	2	104291
208.6	0.25	1	2	104300
210.082	0.25	1	2	105041
210.1	0.25	1	2	105050
210.116	0.25	1	2	105058
210.132	0.25	1	2	105066
210.15	0.25	0	1	105075
210.166	0.25	0	1	105083
210.182	0.25	1	2	105091
210.2	0.25	1	2	105100
210.216	0.25	1	2	105108
210.232	0.25	1	2	105116
210.25	0.25	0	1	105125
210.266	0.25	0	1	105133
210.282	0.25	1	2	105141
210.3	0.25	1	2	105150
210.316	0.25	1	2	105158
210.332	0.25	1	2	105166
210.35	0.25	0	1	105175
210.366	0.25	0	1	105183
210.382	0.25	1	2	105191
210.4	0.25	1	2	105200
210.416	0.25	1	2	105208
210.432	0.25	1	2	105216
210.45	0.25	0	1	105225
210.466	0.25	0	1	105233
210.482	0.25	0	1	105241
210.5	0.25	0	1	105250
210.516	0.25	0	1	105258
210.532	0.25	0	1	105266
210.55	0.25	1	2	105275
210.566	0.25	1	2	105283
210.582	0.25	1	2	105291
210.6	0.25	1	2	105300
210.616	0.25	1	2	105308
210.632	0.25	1	2	105316
210.65	0.25	0	1	105325
210.666	0.25	0	1	105333
210.682	0.25	0	1	105341
210.7	0.25	0	1	105350
210.716	0.25	0	1	105358
210.732	0.25	0	1	105366
210.75	0.25	1	2	105375
210.766	0.25	1	2	105383
210.782	0.25	1	2	105391
210.8	0.25	1	2	105400
210.816	0.25	1	2	105408
210.832	0.25	1	2	105416
210.85	0.25	1	2	105425
210.866	0.25	1	2	105433
210.882	0.25	1	2	105441
210.9	0.25	1	2	105450
210.916	0.25	0	1	105458
210.932	0.25	0	1	105466
210.95	0.25	0	1	105475
210.966	0.25	0	1	105483
210.982	0.25	1	2	105491
211.0	0.25	1	2	105500
211.016	0.25	0	1	105508
211.032	0.25	0	1	105516
211.05	0.25	1	2	105525
211.066	0.25	1	2	105533
211.082	0.25	0	1	105541
211.1	0.25	0	1	105550
211.116	0.25	0	1	105558
211.132	0.25	0	1	105566
211.15	0.25	1	2	105575
211.166	0.25	1	2	105583
211.182	0.25	1	2	105591
211.2	0.25	1	2	105600
211.216	0.25	0	1	105608
211.232	0.25	0	1	105616
211.25	0.25	0	1	105625
211.266	0.25	0	1	105633
211.282	0.25	0	1	105641
211.3	0.25	0	1	105650
211.316	0.25	0	1	105658
211.332	0.25	0	1	105666
211.35	0.25	1	2	105675
211.366	0.25	1	2	105683
211.382	0.25	0	1	105691
211.4	0.25	0	1	105700
211.416	0.25	0	1	105708
211.432	0.25	0	1	105716
211.45	0.25	0	1	105725
211.466	0.25	0	1	105733
211.482	0.25	0	1	105741
211.5	0.25	0	1	105750
211.516	0.25	1	2	105758
211.532	0.25	1	2	105766
211.55	0.25	1	2	105775
211.566	0.25	1	2	105783
211.582	0.25	1	2	105791
211.6	0.25	1	2	105800
211.616	0.25	1	2	105808
211.632	0.25	1	2	105816
211.65	0.25	1	2	105825
211.666	0.25	1	2	105833
211.682	0.25	1	2	105841
211.7	0.25	1	2	105850
211.716	0.25	0	1	105858
211.732	0.25	0	1	105866
211.75	0.25	1	2	105875
211.766	0.25	1	2	105883
211.782	0.25	0	1	105891
211.8	0.25	0	1	105900
211.816	0.25	1	2	105908
211.832	0.25	1	2	105916
211.85	0.25	0	1	105925
211.866	0.25	0	1	105933
211.882	0.25	0	1	105941
211.9	0.25	0	1	105950
211.916	0.25	1	2	105958
211.932	0.25	1	2	105966
211.95	0.25	1	2	105975
211.966	0.25	1	2	105983
211.982	0.25	0	1	105991
212.0	0.25	0	1	106000
212.016	0.25	0	1	106008
213.5	0.25	1	2	106750
213.516	0.25	1	2	106758
213.532	0.25	1	2	106766
213.55	0.25	1	2	106775
213.566	0.25	0	1	106783
213.582	0.25	0	1	106791
213.6	0.25	0	1	106800
213.616	0.25	0	1	106808
213.632	0.25	0	1	106816
213.65	0.25	0	1	106825
213.666	0.25	0	1	106833
213.682	0.25	0	1	106841
213.7	0.25	1	2	106850
213.716	0.25	1	2	106858
213.732	0.25	0	1	106866
213.75	0.25	0	1	106875
213.766	0.25	0	1	106883
213.782	0.25	0	1	106891
213.8	0.25	1	2	106900
213.816	0.25	1	2	106908
213.832	0.25	1	2	106916
213.85	0.25	1	2	106925
213.866	0.25	0	1	106933
213.882	0.25	0	1	106941
213.9	0.25	0	1	106950
213.916	0.25	0	1	106958
213.932	0.25	0	1	106966
213.95	0.25	0	1	106975
213.966	0.25	0	1	106983
213.982	0.25	0	1	106991
214.0	0.25	0	1	107000
214.016	0.25	0	1	107008
214.032	0.25	0	1	107016
214.05	0.25	0	1	107025
214.066	0.25	1	2	107033
214.082	0.25	1	2	107041
214.1	0.25	0	1	107050
214.116	0.25	0	1	107058
214.132	0.25	1	2	107066
214.15	0.25	1	2	107075
214.166	0.25	1	2	107083
214.182	0.25	1	2	107091
214.2	0.25	0	1	107100
214.216	0.25	0	1	107108
214.232	0.25	1	2	107116
214.25	0.25	1	2	107125
214.266	0.25	0	1	107133
214.282	0.25	0	1	107141
214.3	0.25	1	2	107150
214.316	0.25	1	2	107158
214.332	0.25	0	1	107166
214.35	0.25	0	1	107175
214.366	0.25	1	2	107183
214.382	0.25	1	2	107191
214.4	0.25	0	1	107200
214.416	0.25	0	1	107208
214.432	0.25	0	1	107216
214.45	0.25	0	1	107225
214.466	0.25	0	1	107233
214.482	0.25	0	1	107241
214.5	0.25	1	2	107250
214.516	0.25	1	2	107258
214.532	0.25	1	2	107266
214.55	0.25	1	2	107275
214.566	0.25	1	2	107283
214.582	0.25	1	2	107291
214.6	0.25	0	1	107300
214.616	0.25	0	1	107308
214.632	0.25	1	2	107316
214.65	0.25	1	2	107325
214.666	0.25	1	2	107333
214.682	0.25	1	2	107341
214.7	0.25	1	2	107350
214.716	0.25	1	2	107358
214.732	0.25	0	1	107366
214.75	0.25	0	1	107375
214.766	0.25	1	2	107383
214.782	0.25	1	2	107391
214.8	0.25	0	1	107400
214.816	0.25	0	1	107408
214.832	0.25	1	2	107416
214.85	0.25	1	2	107425
214.866	0.25	1	2	107433
214.882	0.25	1	2	107441
214.9	0.25	0	1	107450
214.916	0.25	0	1	107458
214.932	0.25	0	1	107466
214.95	0.25	0	1	107475
214.966	0.25	0	1	107483
214.982	0.25	0	1	107491
215.0	0.25	1	2	107500
215.016	0.25	1	2	107508
215.032	0.25	1	2	107516
215.05	0.25	1	2	107525
215.066	0.25	0	1	107533
215.082	0.25	0	1	107541
215.1	0.25	1	2	107550
215.116	0.25	1	2	107558
215.132	0.25	1	2	107566
215.15	0.25	1	2	107575
215.166	0.25	1	2	107583
215.182	0.25	1	2	107591
215.2	0.25	0	1	107600
215.216	0.25	0	1	107608
215.232	0.25	0	1	107616
215.25	0.25	0	1	107625
215.266	0.25	0	1	107633
215.282	0.25	0	1	107641
215.3	0.25	0	1	107650
215.316	0.25	0	1	107658
215.332	0.25	0	1	107666
215.35	0.25	0	1	107675
215.366	0.25	1	2	107683
215.382	0.25	1	2	107691
215.4	0.25	1	2	107700
215.416	0.25	1	2	107708
215.432	0.25	1	2	107716
218.75	0.25	1	2	109375
218.766	0.25	1	2	109383
218.782	0.25	1	2	109391
218.8	0.25	1	2	109400
218.816	0.25	1	2	109408
218.832	0.25	1	2	109416
218.85	0.25	1	2	109425
218.866	0.25	1	2	109433
218.882	0.25	1	2	109441
218.9	0.25	1	2	109450
218.916	0.25	1	2	109458
218.932	0.25	1	2	109466
218.95	0.25	1	2	109475
218.966	0.25	1	2	109483
218.982	0.25	0	1	109491
219.0	0.25	0	1	109500
219.016	0.25	0	1	109508
219.032	0.25	0	1	109516
219.05	0.25	1	2	109525
219.066	0.25	1	2	109533
219.082	0.25	1	2	109541
219.1	0.25	1	2	109550
219.116	0.25	0	1	109558
219.132	0.25	0	1	109566
219.15	0.25	0	1	109575
219.166	0.25	0	1	109583
219.182	0.25	1	2	109591
219.2	0.25	1	2	109600
219.216	0.25	1	2	109608
219.232	0.25	1	2	109616
219.25	0.25	0	1	109625
219.266	0.25	0	1	109633
219.282	0.25	0	1	109641
219.3	0.25	0	1	109650
219.316	0.25	1	2	109658
219.332	0.25	1	2	109666
219.35	0.25	0	1	109675
219.366	0.25	0	1	109683
219.382	0.25	1	2	109691
219.4	0.25	1	2	109700
219.416	0.25	1	2	109708
219.432	0.25	1	2	109716
219.45	0.25	0	1	109725
219.466	0.25	0	1	109733
219.482	0.25	1	2	109741
219.5	0.25	1	2	109750
219.516	0.25	0	1	109758
219.532	0.25	0	1	109766
219.55	0.25	0	1	109775
219.566	0.25	0	1	109783
219.582	0.25	1	2	109791
219.6	0.25	1	2	109800
219.616	0.25	0	1	109808
219.632	0.25	0	1	109816
219.65	0.25	1	2	109825
219.666	0.25	1	2	109833
219.682	0.25	1	2	109841
219.7	0.25	1	2	109850
219.716	0.25	1	2	109858
219.732	0.25	1	2	109866
219.75	0.25	0	1	109875
219.766	0.25	0	1	109883
219.782	0.25	0	1	109891
219.8	0.25	0	1	109900
219.816	0.25	0	1	109908
219.832	0.25	0	1	109916
219.85	0.25	1	2	109925
219.866	0.25	1	2	109933
219.882	0.25	0	1	109941
219.9	0.25	0	1	109950
219.916	0.25	1	2	109958
219.932	0.25	1	2	109966
219.95	0.25	1	2	109975
219.966	0.25	1	2	109983
219.982	0.25	1	2	109991
220.0	0.25	1	2	110000
220.016	0.25	0	1	110008
220.032	0.25	0	1	110016
220.05	0.25	0	1	110025
220.066	0.25	0	1	110033
220.082	0.25	1	2	110041
220.1	0.25	1	2	110050
220.116	0.25	0	1	110058
220.132	0.25	0	1	110066
220.15	0.25	1	2	110075
220.166	0.25	1	2	110083
220.182	0.25	0	1	110091
220.2	0.25	0	1	110100
220.216	0.25	0	1	110108
220.232	0.25	0	1	110116
220.25	0.25	0	1	110125
220.266	0.25	0	1	110133
220.282	0.25	1	2	110141
220.3	0.25	1	2	110150
220.316	0.25	1	2	110158
220.332	0.25	1	2	110166
220.35	0.25	0	1	110175
220.366	0.25	0	1	110183
220.382	0.25	1	2	110191
220.4	0.25	1	2	110200
220.416	0.25	0	1	110208
220.432	0.25	0	1	110216
220.45	0.25	0	1	110225
220.466	0.25	0	1	110233
220.482	0.25	0	1	110241
220.5	0.25	0	1	110250
220.516	0.25	1	2	110258
220.532	0.25	1	2	110266
220.55	0.25	0	1	110275
220.566	0.25	0	1	110283
220.582	0.25	1	2	110291
220.6	0.25	1	2	110300
220.616	0.25	0	1	110308
220.632	0.25	0	1	110316
220.65	0.25	0	1	110325
220.666	0.25	0	1	110333
220.682	0.25	1	2	110341
222.166	0.25	0	1	111083
222.182	0.25	0	1	111091
222.2	0.25	0	1	111100
222.216	0.25	0	1	111108
222.232	0.25	1	2	111116
222.25	0.25	1	2	111125
222.266	0.25	1	2	111133
222.282	0.25	1	2	111141
222.3	0.25	0	1	111150
222.316	0.25	0	1	111158
222.332	0.25	0	1	111166
222.35	0.25	0	1	111175
222.366	0.25	0	1	111183
222.382	0.25	0	1	111191
222.4	0.25	0	1	111200
222.416	0.25	0	1	111208
222.432	0.25	1	2	111216
222.45	0.25	1	2	111225
222.466	0.25	1	2	111233
222.482	0.25	1	2	111241
222.5	0.25	1	2	111250
222.516	0.25	1	2	111258
222.532	0.25	1	2	111266
222.55	0.25	1	2	111275
222.566	0.25	1	2	111283
222.582	0.25	1	2	111291
222.6	0.25	0	1	111300
222.616	0.25	0	1	111308
222.632	0.25	0	1	111316
222.65	0.25	0	1	111325
222.666	0.25	0	1	111333
222.682	0.25	0	1	111341
222.7	0.25	0	1	111350
222.716	0.25	0	1	111358
222.732	0.25	0	1	111366
222.75	0.25	0	1	111375
222.766	0.25	0	1	111383
222.782	0.25	0	1	111391
222.8	0.25	1	2	111400
222.816	0.25	1	2	111408
222.832	0.25	1	2	111416
222.85	0.25	1	2	111425
222.866	0.25	0	1	111433
222.882	0.25	0	1	111441
222.9	0.25	0	1	111450
222.916	0.25	0	1	111458
222.932	0.25	1	2	111466
222.95	0.25	1	2	111475
222.966	0.25	0	1	111483
222.982	0.25	0	1	111491
223.0	0.25	1	2	111500
223.016	0.25	1	2	111508
223.032	0.25	0	1	111516
223.05	0.25	0	1	111525
223.066	0.25	1	2	111533
223.082	0.25	1	2	111541
223.1	0.25	0	1	111550
223.116	0.25	0	1	111558
223.132	0.25	1	2	111566
223.15	0.25	1	2	111575
223.166	0.25	1	2	111583
223.182	0.25	1	2	111591
223.2	0.25	0	1	111600
223.216	0.25	0	1	111608
223.232	0.25	1	2	111616
223.25	0.25	1	2	111625
223.266	0.25	0	1	111633
223.282	0.25	0	1	111641
223.3	0.25	0	1	111650
223.316	0.25	0	1	111658
223.332	0.25	0	1	111666
223.35	0.25	0	1	111675
223.366	0.25	1	2	111683
223.382	0.25	1	2	111691
223.4	0.25	0	1	111700
223.416	0.25	0	1	111708
223.432	0.25	0	1	111716
223.45	0.25	0	1	111725
223.466	0.25	0	1	111733
223.482	0.25	0	1	111741
223.5	0.25	1	2	111750
223.516	0.25	1	2	111758
223.532	0.25	1	2	111766
223.55	0.25	1	2	111775
223.566	0.25	1	2	111783
223.582	0.25	1	2	111791
223.6	0.25	0	1	111800
223.616	0.25	0	1	111808
223.632	0.25	1	2	111816
223.65	0.25	1	2	111825
223.666	0.25	0	1	111833
223.682	0.25	0	1	111841
223.7	0.25	1	2	111850
223.716	0.25	1	2	111858
223.732	0.25	1	2	111866
223.75	0.25	1	2	111875
223.766	0.25	1	2	111883
223.782	0.25	1	2	111891
223.8	0.25	1	2	111900
223.816	0.25	1	2	111908
223.832	0.25	1	2	111916
223.85	0.25	1	2	111925
223.866	0.25	0	1	111933
223.882	0.25	0	1	111941
223.9	0.25	0	1	111950
223.916	0.25	0	1	111958
223.932	0.25	1	2	111966
223.95	0.25	1	2	111975
223.966	0.25	0	1	111983
223.982	0.25	0	1	111991
224.0	0.25	0	1	112000
224.016	0.25	0	1	112008
224.032	0.25	0	1	112016
224.05	0.25	0	1	112025
224.066	0.25	1	2	112033
224.082	0.25	1	2	112041
224.1	0.25	1	2	112050
225.582	0.25	1	2	112791
225.6	0.25	1	2	112800
225.616	0.25	1	2	112808
225.632	0.25	1	2	112816
225.65	0.25	0	1	112825
225.666	0.25	0	1	112833
225.682	0.25	1	2	112841
225.7	0.25	1	2	112850
225.716	0.25	1	2	112858
225.732	0.25	1	2	112866
225.75	0.25	0	1	112875
225.766	0.25	0	1	112883
225.782	0.25	1	2	112891
225.8	0.25	1	2	112900
225.816	0.25	1	2	112908
225.832	0.25	1	2	112916
225.85	0.25	0	1	112925
225.866	0.25	0	1	112933
225.882	0.25	1	2	112941
225.9	0.25	1	2	112950
225.916	0.25	1	2	112958
225.932	0.25	1	2	112966
225.95	0.25	0	1	112975
225.966	0.25	0	1	112983
225.982	0.25	0	1	112991
226.0	0.25	0	1	113000
226.016	0.25	0	1	113008
226.032	0.25	0	1	113016
226.05	0.25	1	2	113025
226.066	0.25	1	2	113033
226.082	0.25	1	2	113041
226.1	0.25	1	2	113050
226.116	0.25	1	2	113058
226.132	0.25	1	2	113066
226.15	0.25	0	1	113075
226.166	0.25	0	1	113083
226.182	0.25	0	1	113091
226.2	0.25	0	1	113100
226.216	0.25	0	1	113108
226.232	0.25	0	1	113116
226.25	0.25	1	2	113125
226.266	0.25	1	2	113133
226.282	0.25	1	2	113141
226.3	0.25	1	2	113150
226.316	0.25	1	2	113158
226.332	0.25	1	2	113166
226.35	0.25	1	2	113175
226.366	0.25	1	2	113183
226.382	0.25	1	2	113191
226.4	0.25	1	2	113200
226.416	0.25	0	1	113208
226.432	0.25	0	1	113216
226.45	0.25	0	1	113225
226.466	0.25	0	1	113233
226.482	0.25	1	2	113241
226.5	0.25	1	2	113250
226.516	0.25	0	1	113258
226.532	0.25	0	1	113266
226.55	0.25	1	2	113275
226.566	0.25	1	2	113283
226.582	0.25	0	1	113291
226.6	0.25	0	1	113300
226.616	0.25	0	1	113308
226.632	0.25	0	1	113316
226.65	0.25	1	2	113325
226.666	0.25	1	2	113333
226.682	0.25	1	2	113341
226.7	0.25	1	2	113350
226.716	0.25	0	1	113358
226.732	0.25	0	1	113366
226.75	0.25	0	1	113375
226.766	0.25	0	1	113383
226.782	0.25	0	1	113391
226.8	0.25	0	1	113400
226.816	0.25	0	1	113408
226.832	0.25	0	1	113416
226.85	0.25	1	2	113425
226.866	0.25	1	2	113433
226.882	0.25	0	1	113441
226.9	0.25	0	1	113450
226.916	0.25	0	1	113458
226.932	0.25	0	1	113466
226.95	0.25	0	1	113475
226.966	0.25	0	1	113483
226.982	0.25	0	1	113491
227.0	0.25	0	1	113500
227.016	0.25	1	2	113508
227.032	0.25	1	2	113516
227.05	0.25	1	2	113525
227.066	0.25	1	2	113533
227.082	0.25	1	2	113541
227.1	0.25	1	2	113550
227.116	0.25	1	2	113558
227.132	0.25	1	2	113566
227.15	0.25	1	2	113575
227.166	0.25	1	2	113583
227.182	0.25	1	2	113591
227.2	0.25	1	2	113600
227.216	0.25	0	1	113608
227.232	0.25	0	1	113616
227.25	0.25	1	2	113625
227.266	0.25	1	2	113633
227.282	0.25	0	1	113641
227.3	0.25	0	1	113650
227.316	0.25	1	2	113658
227.332	0.25	1	2	113666
227.35	0.25	0	1	113675
227.366	0.25	0	1	113683
227.382	0.25	0	1	113691
227.4	0.25	0	1	113700
227.416	0.25	1	2	113708
227.432	0.25	1	2	113716
227.45	0.25	1	2	113725
227.466	0.25	1	2	113733
227.482	0.25	0	1	113741
227.5	0.25	0	1	113750
227.516	0.25	0	1	113758
229.0	0.25	1	2	114500
229.016	0.25	1	2	114508
229.032	0.25	1	2	114516
229.05	0.25	1	2	114525
229.066	0.25	0	1	114533
229.082	0.25	0	1	114541
229.1	0.25	0	1	114550
229.116	0.25	0	1	114558
229.132	0.25	0	1	114566
229.15	0.25	0	1	114575
229.166	0.25	0	1	114583
229.182	0.25	0	1	114591
229.2	0.25	1	2	114600
229.216	0.25	1	2	114608
229.232	0.25	0	1	114616
229.25	0.25	0	1	114625
229.266	0.25	0	1	114633
229.282	0.25	0	1	114641
229.3	0.25	1	2	114650
229.316	0.25	1	2	114658
229.332	0.25	1	2	114666
229.35	0.25	1	2	114675
229.366	0.25	0	1	114683
229.382	0.25	0	1	114691
229.4	0.25	0	1	114700
229.416	0.25	0	1	114708
229.432	0.25	0	1	114716
229.45	0.25	0	1	114725
229.466	0.25	0	1	114733
229.482	0.25	0	1	114741
229.5	0.25	0	1	114750
229.516	0.25	0	1	114758
229.532	0.25	0	1	114766
229.55	0.25	0	1	114775
229.566	0.25	1	2	114783
229.582	0.25	1	2	114791
229.6	0.25	0	1	114800
229.616	0.25	0	1	114808
229.632	0.25	1	2	114816
229.65	0.25	1	2	114825
229.666	0.25	1	2	114833
229.682	0.25	1	2	114841
229.7	0.25	0	1	114850
229.716	0.25	0	1	114858
229.732	0.25	1	2	114866
229.75	0.25	1	2	114875
229.766	0.25	0	1	114883
229.782	0.25	0	1	114891
229.8	0.25	1	2	114900
229.816	0.25	1	2	114908
229.832	0.25	0	1	114916
229.85	0.25	0	1	114925
229.866	0.25	1	2	114933
229.882	0.25	1	2	114941
229.9	0.25	0	1	114950
229.916	0.25	0	1	114958
229.932	0.25	0	1	114966
229.95	0.25	0	1	114975
229.966	0.25	0	1	114983
229.982	0.25	0	1	114991
230.0	0.25	1	2	115000
230.016	0.25	1	2	115008
230.032	0.25	1	2	115016
230.05	0.25	1	2	115025
230.066	0.25	1	2	115033
230.082	0.25	1	2	115041
230.1	0.25	0	1	115050
230.116	0.25	0	1	115058
230.132	0.25	1	2	115066
230.15	0.25	1	2	115075
230.166	0.25	1	2	115083
230.182	0.25	1	2	115091
230.2	0.25	1	2	115100
230.216	0.25	1	2	115108
230.232	0.25	0	1	115116
230.25	0.25	0	1	115125
230.266	0.25	1	2	115133
230.282	0.25	1	2	115141
230.3	0.25	0	1	115150
230.316	0.25	0	1	115158
230.332	0.25	1	2	115166
230.35	0.25	1	2	115175
230.366	0.25	1	2	115183
230.382	0.25	1	2	115191
230.4	0.25	0	1	115200
230.416	0.25	0	1	115208
230.432	0.25	0	1	115216
230.45	0.25	0	1	115225
230.466	0.25	0	1	115233
230.482	0.25	0	1	115241
230.5	0.25	1	2	115250
230.516	0.25	1	2	115258
230.532	0.25	1	2	115266
230.55	0.25	1	2	115275
230.566	0.25	0	1	115283
230.582	0.25	0	1	115291
230.6	0.25	1	2	115300
230.616	0.25	1	2	115308
230.632	0.25	1	2	115316
230.65	0.25	1	2	115325
230.666	0.25	1	2	115333
230.682	0.25	1	2	115341
230.7	0.25	0	1	115350
230.716	0.25	0	1	115358
230.732	0.25	0	1	115366
230.75	0.25	0	1	115375
230.766	0.25	0	1	115383
230.782	0.25	0	1	115391
230.8	0.25	0	1	115400
230.816	0.25	0	1	115408
230.832	0.25	0	1	115416
230.85	0.25	0	1	115425
230.866	0.25	1	2	115433
230.882	0.25	1	2	115441
230.9	0.25	1	2	115450
230.916	0.25	1	2	115458
230.932	0.25	1	2	115466
234.716	0.25	1	2	117358
234.732	0.25	1	2	117366
234.75	0.25	1	2	117375
234.766	0.25	1	2	117383
234.782	0.25	1	2	117391
234.8	0.25	1	2	117400
234.816	0.25	1	2	117408
234.832	0.25	1	2	117416
234.85	0.25	1	2	117425
234.866	0.25	1	2	117433
234.882	0.25	1	2	117441
234.9	0.25	1	2	117450
234.916	0.25	1	2	117458
234.932	0.25	1	2	117466
234.95	0.25	0	1	117475
234.966	0.25	0	1	117483
234.982	0.25	0	1	117491
235.0	0.25	0	1	117500
235.016	0.25	1	2	117508
235.032	0.25	1	2	117516
235.05	0.25	1	2	117525
235.066	0.25	1	2	117533
235.082	0.25	0	1	117541
235.1	0.25	0	1	117550
235.116	0.25	0	1	117558
235.132	0.25	0	1	117566
235.15	0.25	1	2	117575
235.166	0.25	1	2	117583
235.182	0.25	1	2	117591
235.2	0.25	1	2	117600
235.216	0.25	0	1	117608
235.232	0.25	0	1	117616
235.25	0.25	0	1	117625
235.266	0.25	0	1	117633
235.282	0.25	1	2	117641
235.3	0.25	1	2	117650
235.316	0.25	0	1	117658
235.332	0.25	0	1	117666
235.35	0.25	1	2	117675
235.366	0.25	1	2	117683
235.382	0.25	1	2	117691
235.4	0.25	1	2	117700
235.416	0.25	0	1	117708
235.432	0.25	0	1	117716
235.45	0.25	1	2	117725
235.466	0.25	1	2	117733
235.482	0.25	0	1	117741
235.5	0.25	0	1	117750
235.516	0.25	0	1	117758
235.532	0.25	0	1	117766
235.55	0.25	1	2	117775
235.566	0.25	1	2	117783
235.582	0.25	0	1	117791
235.6	0.25	0	1	117800
235.616	0.25	1	2	117808
235.632	0.25	1	2	117816
235.65	0.25	1	2	117825
235.666	0.25	1	2	117833
235.682	0.25	1	2	117841
235.7	0.25	1	2	117850
235.716	0.25	0	1	117858
235.732	0.25	0	1	117866
235.75	0.25	0	1	117875
235.766	0.25	0	1	117883
235.782	0.25	0	1	117891
235.8	0.25	0	1	117900
235.816	0.25	1	2	117908
235.832	0.25	1	2	117916
235.85	0.25	0	1	117925
235.866	0.25	0	1	117933
235.882	0.25	1	2	117941
235.9	0.25	1	2	117950
235.916	0.25	1	2	117958
235.932	0.25	1	2	117966
235.95	0.25	1	2	117975
235.966	0.25	1	2	117983
235.982	0.25	0	1	117991
236.0	0.25	0	1	118000
236.016	0.25	0	1	118008
236.032	0.25	0	1	118016
236.05	0.25	1	2	118025
236.066	0.25	1	2	118033
236.082	0.25	0	1	118041
236.1	0.25	0	1	118050
236.116	0.25	1	2	118058
236.132	0.25	1	2	118066
236.15	0.25	0	1	118075
236.166	0.25	0	1	118083
236.182	0.25	0	1	118091
236.2	0.25	0	1	118100
236.216	0.25	0	1	118108
236.232	0.25	0	1	118116
236.25	0.25	1	2	118125
236.266	0.25	1	2	118133
236.282	0.25	1	2	118141
236.3	0.25	1	2	118150
236.316	0.25	0	1	118158
236.332	0.25	0	1	118166
236.35	0.25	1	2	118175
236.366	0.25	1	2	118183
236.382	0.25	0	1	118191
236.4	0.25	0	1	118200
236.416	0.25	0	1	118208
236.432	0.25	0	1	118216
236.45	0.25	0	1	118225
236.466	0.25	0	1	118233
236.482	0.25	1	2	118241
236.5	0.25	1	2	118250
236.516	0.25	0	1	118258
236.532	0.25	0	1	118266
236.55	0.25	1	2	118275
236.566	0.25	1	2	118283
236.582	0.25	0	1	118291
236.6	0.25	0	1	118300
236.616	0.25	0	1	118308
236.632	0.25	0	1	118316
236.65	0.25	1	2	118325
238.132	0.25	1	2	119066
238.15	0.25	1	2	119075
238.166	0.25	1	2	119083
238.182	0.25	1	2	119091
238.2	0.25	0	1	119100
238.216	0.25	0	1	119108
238.232	0.25	0	1	119116
238.25	0.25	0	1	119125
238.266	0.25	0	1	119133
238.282	0.25	0	1	119141
238.3	0.25	0	1	119150
238.316	0.25	0	1	119158
238.332	0.25	1	2	119166
238.35	0.25	1	2	119175
238.366	0.25	0	1	119183
238.382	0.25	0	1	119191
238.4	0.25	0	1	119200
238.416	0.25	0	1	119208
238.432	0.25	1	2	119216
238.45	0.25	1	2	119225
238.466	0.25	1	2	119233
238.482	0.25	1	2	119241
238.5	0.25	0	1	119250
238.516	0.25	0	1	119258
238.532	0.25	0	1	119266
238.55	0.25	0	1	119275
238.566	0.25	0	1	119283
238.582	0.25	0	1	119291
238.6	0.25	0	1	119300
238.616	0.25	0	1	119308
238.632	0.25	0	1	119316
238.65	0.25	0	1	119325
238.666	0.25	0	1	119333
238.682	0.25	0	1	119341
238.7	0.25	1	2	119350
238.716	0.25	1	2	119358
238.732	0.25	0	1	119366
238.75	0.25	0	1	119375
238.766	0.25	1	2	119383
238.782	0.25	1	2	119391
238.8	0.25	1	2	119400
238.816	0.25	1	2	119408
238.832	0.25	0	1	119416
238.85	0.25	0	1	119425
238.866	0.25	1	2	119433
238.882	0.25	1	2	119441
238.9	0.25	0	1	119450
238.916	0.25	0	1	119458
238.932	0.25	1	2	119466
238.95	0.25	1	2	119475
238.966	0.25	0	1	119483
238.982	0.25	0	1	119491
239.0	0.25	1	2	119500
239.016	0.25	1	2	119508
239.032	0.25	0	1	119516
239.05	0.25	0	1	119525
239.066	0.25	0	1	119533
239.082	0.25	0	1	119541
239.1	0.25	0	1	119550
239.116	0.25	0	1	119558
239.132	0.25	1	2	119566
239.15	0.25	1	2	119575
239.166	0.25	1	2	119583
239.182	0.25	1	2	119591
239.2	0.25	1	2	119600
239.216	0.25	1	2	119608
239.232	0.25	0	1	119616
239.25	0.25	0	1	119625
239.266	0.25	1	2	119633
239.282	0.25	1	2	119641
239.3	0.25	1	2	119650
239.316	0.25	1	2	119658
239.332	0.25	1	2	119666
239.35	0.25	1	2	119675
239.366	0.25	0	1	119683
239.382	0.25	0	1	119691
239.4	0.25	1	2	119700
239.416	0.25	1	2	119708
239.432	0.25	0	1	119716
239.45	0.25	0	1	119725
239.466	0.25	1	2	119733
239.482	0.25	1	2	119741
239.5	0.25	1	2	119750
239.516	0.25	1	2	119758
239.532	0.25	0	1	119766
239.55	0.25	0	1	119775
239.566	0.25	0	1	119783
239.582	0.25	0	1	119791
239.6	0.25	0	1	119800
239.616	0.25	0	1	119808
239.632	0.25	1	2	119816
239.65	0.25	1	2	119825
239.666	0.25	1	2	119833
239.682	0.25	1	2	119841
239.7	0.25	0	1	119850
239.716	0.25	0	1	119858
239.732	0.25	1	2	119866
239.75	0.25	1	2	119875
239.766	0.25	1	2	119883
239.782	0.25	1	2	119891
239.8	0.25	1	2	119900
239.816	0.25	1	2	119908
239.832	0.25	0	1	119916
239.85	0.25	0	1	119925
239.866	0.25	0	1	119933
239.882	0.25	0	1	119941
239.9	0.25	0	1	119950
239.916	0.25	0	1	119958
239.932	0.25	0	1	119966
239.95	0.25	0	1	119975
239.966	0.25	0	1	119983
239.982	0.25	0	1	119991
240.0	0.25	1	2	120000
240.016	0.25	1	2	120008
240.032	0.25	1	2	120016
240.05	0.25	1	2	120025
240.066	0.25	1	2	120033
241.55	0.25	0	1	120775
241.566	0.25	0	1	120783
241.582	0.25	0	1	120791
241.6	0.25	0	1	120800
241.616	0.25	1	2	120808
241.632	0.25	1	2	120816
241.65	0.25	1	2	120825
241.666	0.25	1	2	120833
241.682	0.25	0	1	120841
241.7	0.25	0	1	120850
241.716	0.25	0	1	120858
241.732	0.25	0	1	120866
241.75	0.25	0	1	120875
241.766	0.25	0	1	120883
241.782	0.25	0	1	120891
241.8	0.25	0	1	120900
241.816	0.25	1	2	120908
241.832	0.25	1	2	120916
241.85	0.25	1	2	120925
241.866	0.25	1	2	120933
241.882	0.25	1	2	120941
241.9	0.25	1	2	120950
241.916	0.25	1	2	120958
241.932	0.25	1	2	120966
241.95	0.25	1	2	120975
241.966	0.25	1	2	120983
241.982	0.25	0	1	120991
242.0	0.25	0	1	121000
242.016	0.25	0	1	121008
242.032	0.25	0	1	121016
242.05	0.25	0	1	121025
242.066	0.25	0	1	121033
242.082	0.25	0	1	121041
242.1	0.25	0	1	121050
242.116	0.25	0	1	121058
242.132	0.25	0	1	121066
242.15	0.25	0	1	121075
242.166	0.25	0	1	121083
242.182	0.25	1	2	121091
242.2	0.25	1	2	121100
242.216	0.25	1	2	121108
242.232	0.25	1	2	121116
242.25	0.25	0	1	121125
242.266	0.25	0	1	121133
242.282	0.25	0	1	121141
242.3	0.25	0	1	121150
242.316	0.25	1	2	121158
242.332	0.25	1	2	121166
242.35	0.25	0	1	121175
242.366	0.25	0	1	121183
242.382	0.25	1	2	121191
242.4	0.25	1	2	121200
242.416	0.25	0	1	121208
242.432	0.25	0	1	121216
242.45	0.25	1	2	121225
242.466	0.25	1	2	121233
242.482	0.25	0	1	121241
242.5	0.25	0	1	121250
242.516	0.25	1	2	121258
242.532	0.25	1	2	121266
242.55	0.25	1	2	121275
242.566	0.25	1	2	121283
242.582	0.25	0	1	121291
242.6	0.25	0	1	121300
242.616	0.25	1	2	121308
242.632	0.25	1	2	121316
242.65	0.25	0	1	121325
242.666	0.25	0	1	121333
242.682	0.25	0	1	121341
242.7	0.25	0	1	121350
242.716	0.25	0	1	121358
242.732	0.25	0	1	121366
242.75	0.25	1	2	121375
242.766	0.25	1	2	121383
242.782	0.25	0	1	121391
242.8	0.25	0	1	121400
242.816	0.25	0	1	121408
242.832	0.25	0	1	121416
242.85	0.25	0	1	121425
242.866	0.25	0	1	121433
242.882	0.25	1	2	121441
242.9	0.25	1	2	121450
242.916	0.25	1	2	121458
242.932	0.25	1	2	121466
242.95	0.25	1	2	121475
242.966	0.25	1	2	121483
242.982	0.25	0	1	121491
243.0	0.25	0	1	121500
243.016	0.25	1	2	121508
243.032	0.25	1	2	121516
243.05	0.25	0	1	121525
243.066	0.25	0	1	121533
243.082	0.25	1	2	121541
243.1	0.25	1	2	121550
243.116	0.25	1	2	121558
243.132	0.25	1	2	121566
243.15	0.25	1	2	121575
243.166	0.25	1	2	121583
243.182	0.25	1	2	121591
243.2	0.25	1	2	121600
243.216	0.25	1	2	121608
243.232	0.25	1	2	121616
243.25	0.25	0	1	121625
243.266	0.25	0	1	121633
243.282	0.25	0	1	121641
243.3	0.25	0	1	121650
243.316	0.25	1	2	121658
243.332	0.25	1	2	121666
243.35	0.25	0	1	121675
243.366	0.25	0	1	121683
243.382	0.25	0	1	121691
243.4	0.25	0	1	121700
243.416	0.25	0	1	121708
243.432	0.25	0	1	121716
243.45	0.25	1	2	121725
243.466	0.25	1	2	121733
243.482	0.25	1	2	121741
244.966	0.25	1	2	122483
244.982	0.25	1	2	122491
245.0	0.25	1	2	122500
245.016	0.25	1	2	122508
245.032	0.25	0	1	122516
245.05	0.25	0	1	122525
245.066	0.25	1	2	122533
245.082	0.25	1	2	122541
245.1	0.25	1	2	122550
245.116	0.25	1	2	122558
245.132	0.25	0	1	122566
245.15	0.25	0	1	122575
245.166	0.25	1	2	122583
245.182	0.25	1	2	122591
245.2	0.25	1	2	122600
245.216	0.25	1	2	122608
245.232	0.25	0	1	122616
245.25	0.25	0	1	122625
245.266	0.25	1	2	122633
245.282	0.25	1	2	122641
245.3	0.25	1	2	122650
245.316	0.25	1	2	122658
245.332	0.25	0	1	122666
245.35	0.25	0	1	122675
245.366	0.25	0	1	122683
245.382	0.25	0	1	122691
245.4	0.25	0	1	122700
245.416	0.25	0	1	122708
245.432	0.25	1	2	122716
245.45	0.25	1	2	122725
245.466	0.25	1	2	122733
245.482	0.25	1	2	122741
245.5	0.25	1	2	122750
245.516	0.25	1	2	122758
245.532	0.25	0	1	122766
245.55	0.25	0	1	122775
245.566	0.25	0	1	122783
245.582	0.25	0	1	122791
245.6	0.25	0	1	122800
245.616	0.25	0	1	122808
245.632	0.25	1	2	122816
245.65	0.25	1	2	122825
245.666	0.25	1	2	122833
245.682	0.25	1	2	122841
245.7	0.25	1	2	122850
245.716	0.25	1	2	122858
245.732	0.25	1	2	122866
245.75	0.25	1	2	122875
245.766	0.25	1	2	122883
245.782	0.25	1	2	122891
245.8	0.25	0	1	122900
245.816	0.25	0	1	122908
245.832	0.25	0	1	122916
245.85	0.25	0	1	122925
245.866	0.25	1	2	122933
245.882	0.25	1	2	122941
245.9	0.25	0	1	122950
245.916	0.25	0	1	122958
245.932	0.25	1	2	122966
245.95	0.25	1	2	122975
245.966	0.25	0	1	122983
245.982	0.25	0	1	122991
246.0	0.25	0	1	123000
246.016	0.25	0	1	123008
246.032	0.25	1	2	123016
246.05	0.25	1	2	123025
246.066	0.25	1	2	123033
246.082	0.25	1	2	123041
246.1	0.25	0	1	123050
246.116	0.25	0	1	123058
246.132	0.25	0	1	123066
246.15	0.25	0	1	123075
246.166	0.25	0	1	123083
246.182	0.25	0	1	123091
246.2	0.25	0	1	123100
246.216	0.25	0	1	123108
246.232	0.25	1	2	123116
246.25	0.25	1	2	123125
246.266	0.25	0	1	123133
246.282	0.25	0	1	123141
246.3	0.25	0	1	123150
246.316	0.25	0	1	123158
246.332	0.25	0	1	123166
246.35	0.25	0	1	123175
246.366	0.25	0	1	123183
246.382	0.25	0	1	123191
246.4	0.25	1	2	123200
246.416	0.25	1	2	123208
246.432	0.25	1	2	123216
246.45	0.25	1	2	123225
246.466	0.25	1	2	123233
246.482	0.25	1	2	123241
246.5	0.25	1	2	123250
246.516	0.25	1	2	123258
246.532	0.25	1	2	123266
246.55	0.25	1	2	123275
246.566	0.25	1	2	123283
246.582	0.25	1	2	123291
246.6	0.25	0	1	123300
246.616	0.25	0	1	123308
246.632	0.25	1	2	123316
246.65	0.25	1	2	123325
246.666	0.25	0	1	123333
246.682	0.25	0	1	123341
246.7	0.25	1	2	123350
246.716	0.25	1	2	123358
246.732	0.25	0	1	123366
246.75	0.25	0	1	123375
246.766	0.25	0	1	123383
246.782	0.25	0	1	123391
246.8	0.25	1	2	123400
246.816	0.25	1	2	123408
246.832	0.25	1	2	123416
246.85	0.25	1	2	123425
246.866	0.25	0	1	123433
246.882	0.25	0	1	123441
246.9	0.25	0	1	123450
