onset	duration	trial_type	value	sample
18.832	0.25	1	2	9416
18.85	0.25	1	2	9425
18.866	0.25	1	2	9433
18.882	0.25	1	2	9441
18.9	0.25	0	1	9450
18.916	0.25	0	1	9458
18.932	0.25	0	1	9466
18.95	0.25	0	1	9475
18.966	0.25	0	1	9483
18.982	0.25	0	1	9491
19.0	0.25	0	1	9500
19.016	0.25	0	1	9508
19.032	0.25	1	2	9516
19.05	0.25	1	2	9525
19.066	0.25	0	1	9533
19.082	0.25	0	1	9541
19.1	0.25	0	1	9550
19.116	0.25	0	1	9558
19.132	0.25	1	2	9566
19.15	0.25	1	2	9575
19.166	0.25	1	2	9583
19.182	0.25	1	2	9591
19.2	0.25	0	1	9600
19.216	0.25	0	1	9608
19.232	0.25	0	1	9616
19.25	0.25	0	1	9625
19.266	0.25	0	1	9633
19.282	0.25	0	1	9641
19.3	0.25	0	1	9650
19.316	0.25	0	1	9658
19.332	0.25	0	1	9666
19.35	0.25	0	1	9675
19.366	0.25	0	1	9683
19.382	0.25	0	1	9691
19.4	0.25	1	2	9700
19.416	0.25	1	2	9708
19.432	0.25	0	1	9716
19.45	0.25	0	1	9725
19.466	0.25	1	2	9733
19.482	0.25	1	2	9741
19.5	0.25	1	2	9750
19.516	0.25	1	2	9758
19.532	0.25	0	1	9766
19.55	0.25	0	1	9775
19.566	0.25	1	2	9783
19.582	0.25	1	2	9791
19.6	0.25	0	1	9800
19.616	0.25	0	1	9808
19.632	0.25	1	2	9816
19.65	0.25	1	2	9825
19.666	0.25	0	1	9833
19.682	0.25	0	1	9841
19.7	0.25	1	2	9850
19.716	0.25	1	2	9858
19.732	0.25	0	1	9866
19.75	0.25	0	1	9875
19.766	0.25	0	1	9883
19.782	0.25	0	1	9891
19.8	0.25	0	1	9900
19.816	0.25	0	1	9908
19.832	0.25	1	2	9916
19.85	0.25	1	2	9925
19.866	0.25	1	2	9933
19.882	0.25	1	2	9941
19.9	0.25	1	2	9950
19.916	0.25	1	2	9958
19.932	0.25	0	1	9966
19.95	0.25	0	1	9975
19.966	0.25	1	2	9983
19.982	0.25	1	2	9991
20.0	0.25	1	2	10000
20.016	0.25	1	2	10008
20.032	0.25	1	2	10016
20.05	0.25	1	2	10025
20.066	0.25	0	1	10033
20.082	0.25	0	1	10041
20.1	0.25	1	2	10050
20.116	0.25	1	2	10058
20.132	0.25	0	1	10066
20.15	0.25	0	1	10075
20.166	0.25	1	2	10083
20.182	0.25	1	2	10091
20.2	0.25	1	2	10100
20.216	0.25	1	2	10108
20.232	0.25	0	1	10116
20.25	0.25	0	1	10125
20.266	0.25	0	1	10133
20.282	0.25	0	1	10141
20.3	0.25	0	1	10150
20.316	0.25	0	1	10158
20.332	0.25	1	2	10166
20.35	0.25	1	2	10175
20.366	0.25	1	2	10183
20.382	0.25	1	2	10191
20.4	0.25	0	1	10200
20.416	0.25	0	1	10208
20.432	0.25	1	2	10216
20.45	0.25	1	2	10225
20.466	0.25	1	2	10233
20.482	0.25	1	2	10241
20.5	0.25	1	2	10250
20.516	0.25	1	2	10258
20.532	0.25	0	1	10266
20.55	0.25	0	1	10275
20.566	0.25	0	1	10283
20.582	0.25	0	1	10291
20.6	0.25	0	1	10300
20.616	0.25	0	1	10308
20.632	0.25	0	1	10316
20.65	0.25	0	1	10325
20.666	0.25	0	1	10333
20.682	0.25	0	1	10341
20.7	0.25	1	2	10350
20.716	0.25	1	2	10358
20.732	0.25	1	2	10366
20.75	0.25	1	2	10375
20.766	0.25	1	2	10383
22.25	0.25	1	2	11125
22.266	0.25	1	2	11133
22.282	0.25	1	2	11141
22.3	0.25	1	2	11150
22.316	0.25	1	2	11158
22.332	0.25	1	2	11166
22.35	0.25	1	2	11175
22.366	0.25	1	2	11183
22.382	0.25	1	2	11191
22.4	0.25	1	2	11200
22.416	0.25	1	2	11208
22.432	0.25	1	2	11216
22.45	0.25	1	2	11225
22.466	0.25	1	2	11233
22.482	0.25	0	1	11241
22.5	0.25	0	1	11250
22.516	0.25	0	1	11258
22.532	0.25	0	1	11266
22.55	0.25	1	2	11275
22.566	0.25	1	2	11283
22.582	0.25	1	2	11291
22.6	0.25	1	2	11300
22.616	0.25	0	1	11308
22.632	0.25	0	1	11316
22.65	0.25	0	1	11325
22.666	0.25	0	1	11333
22.682	0.25	1	2	11341
22.7	0.25	1	2	11350
22.716	0.25	1	2	11358
22.732	0.25	1	2	11366
22.75	0.25	0	1	11375
22.766	0.25	0	1	11383
22.782	0.25	0	1	11391
22.8	0.25	0	1	11400
22.816	0.25	1	2	11408
22.832	0.25	1	2	11416
22.85	0.25	0	1	11425
22.866	0.25	0	1	11433
22.882	0.25	1	2	11441
22.9	0.25	1	2	11450
22.916	0.25	1	2	11458
22.932	0.25	1	2	11466
22.95	0.25	0	1	11475
22.966	0.25	0	1	11483
22.982	0.25	1	2	11491
23.0	0.25	1	2	11500
23.016	0.25	0	1	11508
23.032	0.25	0	1	11516
23.05	0.25	0	1	11525
23.066	0.25	0	1	11533
23.082	0.25	1	2	11541
23.1	0.25	1	2	11550
23.116	0.25	0	1	11558
23.132	0.25	0	1	11566
23.15	0.25	1	2	11575
23.166	0.25	1	2	11583
23.182	0.25	1	2	11591
23.2	0.25	1	2	11600
23.216	0.25	1	2	11608
23.232	0.25	1	2	11616
23.25	0.25	0	1	11625
23.266	0.25	0	1	11633
23.282	0.25	0	1	11641
23.3	0.25	0	1	11650
23.316	0.25	0	1	11658
23.332	0.25	0	1	11666
23.35	0.25	1	2	11675
23.366	0.25	1	2	11683
23.382	0.25	0	1	11691
23.4	0.25	0	1	11700
23.416	0.25	1	2	11708
23.432	0.25	1	2	11716
23.45	0.25	1	2	11725
23.466	0.25	1	2	11733
23.482	0.25	1	2	11741
23.5	0.25	1	2	11750
23.516	0.25	0	1	11758
23.532	0.25	0	1	11766
23.55	0.25	0	1	11775
23.566	0.25	0	1	11783
23.582	0.25	1	2	11791
23.6	0.25	1	2	11800
23.616	0.25	0	1	11808
23.632	0.25	0	1	11816
23.65	0.25	1	2	11825
23.666	0.25	1	2	11833
23.682	0.25	0	1	11841
23.7	0.25	0	1	11850
23.716	0.25	0	1	11858
23.732	0.25	0	1	11866
23.75	0.25	0	1	11875
23.766	0.25	0	1	11883
23.782	0.25	1	2	11891
23.8	0.25	1	2	11900
23.816	0.25	1	2	11908
23.832	0.25	1	2	11916
23.85	0.25	0	1	11925
23.866	0.25	0	1	11933
23.882	0.25	1	2	11941
23.9	0.25	1	2	11950
23.916	0.25	0	1	11958
23.932	0.25	0	1	11966
23.95	0.25	0	1	11975
23.966	0.25	0	1	11983
23.982	0.25	0	1	11991
24.0	0.25	0	1	12000
24.016	0.25	1	2	12008
24.032	0.25	1	2	12016
24.05	0.25	0	1	12025
24.066	0.25	0	1	12033
24.082	0.25	1	2	12041
24.1	0.25	1	2	12050
24.116	0.25	0	1	12058
24.132	0.25	0	1	12066
24.15	0.25	0	1	12075
24.166	0.25	0	1	12083
24.182	0.25	1	2	12091
25.666	0.25	0	1	12833
25.682	0.25	0	1	12841
25.7	0.25	0	1	12850
25.716	0.25	0	1	12858
25.732	0.25	1	2	12866
25.75	0.25	1	2	12875
25.766	0.25	1	2	12883
25.782	0.25	1	2	12891
25.8	0.25	0	1	12900
25.816	0.25	0	1	12908
25.832	0.25	0	1	12916
25.85	0.25	0	1	12925
25.866	0.25	0	1	12933
25.882	0.25	0	1	12941
25.9	0.25	0	1	12950
25.916	0.25	0	1	12958
25.932	0.25	1	2	12966
25.95	0.25	1	2	12975
25.966	0.25	1	2	12983
25.982	0.25	1	2	12991
26.0	0.25	1	2	13000
26.016	0.25	1	2	13008
26.032	0.25	1	2	13016
26.05	0.25	1	2	13025
26.066	0.25	1	2	13033
26.082	0.25	1	2	13041
26.1	0.25	0	1	13050
26.116	0.25	0	1	13058
26.132	0.25	0	1	13066
26.15	0.25	0	1	13075
26.166	0.25	0	1	13083
26.182	0.25	0	1	13091
26.2	0.25	0	1	13100
26.216	0.25	0	1	13108
26.232	0.25	0	1	13116
26.25	0.25	0	1	13125
26.266	0.25	0	1	13133
26.282	0.25	0	1	13141
26.3	0.25	1	2	13150
26.316	0.25	1	2	13158
26.332	0.25	1	2	13166
26.35	0.25	1	2	13175
26.366	0.25	0	1	13183
26.382	0.25	0	1	13191
26.4	0.25	0	1	13200
26.416	0.25	0	1	13208
26.432	0.25	1	2	13216
26.45	0.25	1	2	13225
26.466	0.25	0	1	13233
26.482	0.25	0	1	13241
26.5	0.25	1	2	13250
26.516	0.25	1	2	13258
26.532	0.25	0	1	13266
26.55	0.25	0	1	13275
26.566	0.25	1	2	13283
26.582	0.25	1	2	13291
26.6	0.25	0	1	13300
26.616	0.25	0	1	13308
26.632	0.25	1	2	13316
26.65	0.25	1	2	13325
26.666	0.25	1	2	13333
26.682	0.25	1	2	13341
26.7	0.25	0	1	13350
26.716	0.25	0	1	13358
26.732	0.25	1	2	13366
26.75	0.25	1	2	13375
26.766	0.25	0	1	13383
26.782	0.25	0	1	13391
26.8	0.25	0	1	13400
26.816	0.25	0	1	13408
26.832	0.25	0	1	13416
26.85	0.25	0	1	13425
26.866	0.25	1	2	13433
26.882	0.25	1	2	13441
26.9	0.25	0	1	13450
26.916	0.25	0	1	13458
26.932	0.25	0	1	13466
26.95	0.25	0	1	13475
26.966	0.25	0	1	13483
26.982	0.25	0	1	13491
27.0	0.25	1	2	13500
27.016	0.25	1	2	13508
27.032	0.25	1	2	13516
27.05	0.25	1	2	13525
27.066	0.25	1	2	13533
27.082	0.25	1	2	13541
27.1	0.25	0	1	13550
27.116	0.25	0	1	13558
27.132	0.25	1	2	13566
27.15	0.25	1	2	13575
27.166	0.25	0	1	13583
27.182	0.25	0	1	13591
27.2	0.25	1	2	13600
27.216	0.25	1	2	13608
27.232	0.25	1	2	13616
27.25	0.25	1	2	13625
27.266	0.25	1	2	13633
27.282	0.25	1	2	13641
27.3	0.25	1	2	13650
27.316	0.25	1	2	13658
27.332	0.25	1	2	13666
27.35	0.25	1	2	13675
27.366	0.25	0	1	13683
27.382	0.25	0	1	13691
27.4	0.25	0	1	13700
27.416	0.25	0	1	13708
27.432	0.25	1	2	13716
27.45	0.25	1	2	13725
27.466	0.25	0	1	13733
27.482	0.25	0	1	13741
27.5	0.25	0	1	13750
27.516	0.25	0	1	13758
27.532	0.25	0	1	13766
27.55	0.25	0	1	13775
27.566	0.25	1	2	13783
27.582	0.25	1	2	13791
27.6	0.25	1	2	13800
29.082	0.25	1	2	14541
29.1	0.25	1	2	14550
29.116	0.25	1	2	14558
29.132	0.25	1	2	14566
29.15	0.25	0	1	14575
29.166	0.25	0	1	14583
29.182	0.25	1	2	14591
29.2	0.25	1	2	14600
29.216	0.25	1	2	14608
29.232	0.25	1	2	14616
29.25	0.25	0	1	14625
29.266	0.25	0	1	14633
29.282	0.25	1	2	14641
29.3	0.25	1	2	14650
29.316	0.25	1	2	14658
29.332	0.25	1	2	14666
29.35	0.25	0	1	14675
29.366	0.25	0	1	14683
29.382	0.25	1	2	14691
29.4	0.25	1	2	14700
29.416	0.25	1	2	14708
29.432	0.25	1	2	14716
29.45	0.25	0	1	14725
29.466	0.25	0	1	14733
29.482	0.25	0	1	14741
29.5	0.25	0	1	14750
29.516	0.25	0	1	14758
29.532	0.25	0	1	14766
29.55	0.25	1	2	14775
29.566	0.25	1	2	14783
29.582	0.25	1	2	14791
29.6	0.25	1	2	14800
29.616	0.25	1	2	14808
29.632	0.25	1	2	14816
29.65	0.25	0	1	14825
29.666	0.25	0	1	14833
29.682	0.25	0	1	14841
29.7	0.25	0	1	14850
29.716	0.25	0	1	14858
29.732	0.25	0	1	14866
29.75	0.25	1	2	14875
29.766	0.25	1	2	14883
29.782	0.25	1	2	14891
29.8	0.25	1	2	14900
29.816	0.25	1	2	14908
29.832	0.25	1	2	14916
29.85	0.25	1	2	14925
29.866	0.25	1	2	14933
29.882	0.25	1	2	14941
29.9	0.25	1	2	14950
29.916	0.25	0	1	14958
29.932	0.25	0	1	14966
29.95	0.25	0	1	14975
29.966	0.25	0	1	14983
29.982	0.25	1	2	14991
30.0	0.25	1	2	15000
30.016	0.25	0	1	15008
30.032	0.25	0	1	15016
30.05	0.25	1	2	15025
30.066	0.25	1	2	15033
30.082	0.25	0	1	15041
30.1	0.25	0	1	15050
30.116	0.25	0	1	15058
30.132	0.25	0	1	15066
30.15	0.25	1	2	15075
30.166	0.25	1	2	15083
30.182	0.25	1	2	15091
30.2	0.25	1	2	15100
30.216	0.25	0	1	15108
30.232	0.25	0	1	15116
30.25	0.25	0	1	15125
30.266	0.25	0	1	15133
30.282	0.25	0	1	15141
30.3	0.25	0	1	15150
30.316	0.25	0	1	15158
30.332	0.25	0	1	15166
30.35	0.25	1	2	15175
30.366	0.25	1	2	15183
30.382	0.25	0	1	15191
30.4	0.25	0	1	15200
30.416	0.25	0	1	15208
30.432	0.25	0	1	15216
30.45	0.25	0	1	15225
30.466	0.25	0	1	15233
30.482	0.25	0	1	15241
30.5	0.25	0	1	15250
30.516	0.25	1	2	15258
30.532	0.25	1	2	15266
30.55	0.25	1	2	15275
30.566	0.25	1	2	15283
30.582	0.25	1	2	15291
30.6	0.25	1	2	15300
30.616	0.25	1	2	15308
30.632	0.25	1	2	15316
30.65	0.25	1	2	15325
30.666	0.25	1	2	15333
30.682	0.25	1	2	15341
30.7	0.25	1	2	15350
30.716	0.25	0	1	15358
30.732	0.25	0	1	15366
30.75	0.25	1	2	15375
30.766	0.25	1	2	15383
30.782	0.25	0	1	15391
30.8	0.25	0	1	15400
30.816	0.25	1	2	15408
30.832	0.25	1	2	15416
30.85	0.25	0	1	15425
30.866	0.25	0	1	15433
30.882	0.25	0	1	15441
30.9	0.25	0	1	15450
30.916	0.25	1	2	15458
30.932	0.25	1	2	15466
30.95	0.25	1	2	15475
30.966	0.25	1	2	15483
30.982	0.25	0	1	15491
31.0	0.25	0	1	15500
31.016	0.25	0	1	15508
33.982	0.25	0	1	16991
34.0	0.25	0	1	17000
34.016	0.25	0	1	17008
34.032	0.25	0	1	17016
34.05	0.25	1	2	17025
34.066	0.25	1	2	17033
34.082	0.25	1	2	17041
34.1	0.25	1	2	17050
34.116	0.25	0	1	17058
34.132	0.25	0	1	17066
34.15	0.25	0	1	17075
34.166	0.25	0	1	17083
34.182	0.25	0	1	17091
34.2	0.25	0	1	17100
34.216	0.25	0	1	17108
34.232	0.25	0	1	17116
34.25	0.25	1	2	17125
34.266	0.25	1	2	17133
34.282	0.25	1	2	17141
34.3	0.25	1	2	17150
34.316	0.25	1	2	17158
34.332	0.25	1	2	17166
34.35	0.25	1	2	17175
34.366	0.25	1	2	17183
34.382	0.25	1	2	17191
34.4	0.25	1	2	17200
34.416	0.25	0	1	17208
34.432	0.25	0	1	17216
34.45	0.25	0	1	17225
34.466	0.25	0	1	17233
34.482	0.25	0	1	17241
34.5	0.25	0	1	17250
34.516	0.25	0	1	17258
34.532	0.25	0	1	17266
34.55	0.25	0	1	17275
34.566	0.25	0	1	17283
34.582	0.25	0	1	17291
34.6	0.25	0	1	17300
34.616	0.25	1	2	17308
34.632	0.25	1	2	17316
34.65	0.25	1	2	17325
34.666	0.25	1	2	17333
34.682	0.25	0	1	17341
34.7	0.25	0	1	17350
34.716	0.25	0	1	17358
34.732	0.25	0	1	17366
34.75	0.25	1	2	17375
34.766	0.25	1	2	17383
34.782	0.25	0	1	17391
34.8	0.25	0	1	17400
34.816	0.25	1	2	17408
34.832	0.25	1	2	17416
34.85	0.25	0	1	17425
34.866	0.25	0	1	17433
34.882	0.25	1	2	17441
34.9	0.25	1	2	17450
34.916	0.25	0	1	17458
34.932	0.25	0	1	17466
34.95	0.25	1	2	17475
34.966	0.25	1	2	17483
34.982	0.25	1	2	17491
35.0	0.25	1	2	17500
35.016	0.25	0	1	17508
35.032	0.25	0	1	17516
35.05	0.25	1	2	17525
35.066	0.25	1	2	17533
35.082	0.25	0	1	17541
35.1	0.25	0	1	17550
35.116	0.25	0	1	17558
35.132	0.25	0	1	17566
35.15	0.25	0	1	17575
35.166	0.25	0	1	17583
35.182	0.25	1	2	17591
35.2	0.25	1	2	17600
35.216	0.25	0	1	17608
35.232	0.25	0	1	17616
35.25	0.25	0	1	17625
35.266	0.25	0	1	17633
35.282	0.25	0	1	17641
35.3	0.25	0	1	17650
35.316	0.25	1	2	17658
35.332	0.25	1	2	17666
35.35	0.25	1	2	17675
35.366	0.25	1	2	17683
35.382	0.25	1	2	17691
35.4	0.25	1	2	17700
35.416	0.25	0	1	17708
35.432	0.25	0	1	17716
35.45	0.25	1	2	17725
35.466	0.25	1	2	17733
35.482	0.25	0	1	17741
35.5	0.25	0	1	17750
35.516	0.25	1	2	17758
35.532	0.25	1	2	17766
35.55	0.25	1	2	17775
35.566	0.25	1	2	17783
35.582	0.25	1	2	17791
35.6	0.25	1	2	17800
35.616	0.25	1	2	17808
35.632	0.25	1	2	17816
35.65	0.25	1	2	17825
35.666	0.25	1	2	17833
35.682	0.25	0	1	17841
35.7	0.25	0	1	17850
35.716	0.25	0	1	17858
35.732	0.25	0	1	17866
35.75	0.25	1	2	17875
35.766	0.25	1	2	17883
35.782	0.25	0	1	17891
35.8	0.25	0	1	17900
35.816	0.25	0	1	17908
35.832	0.25	0	1	17916
35.85	0.25	0	1	17925
35.866	0.25	0	1	17933
35.882	0.25	1	2	17941
35.9	0.25	1	2	17950
35.916	0.25	1	2	17958
37.4	0.25	1	2	18700
37.416	0.25	1	2	18708
37.432	0.25	1	2	18716
37.45	0.25	1	2	18725
37.466	0.25	0	1	18733
37.482	0.25	0	1	18741
37.5	0.25	1	2	18750
37.516	0.25	1	2	18758
37.532	0.25	1	2	18766
37.55	0.25	1	2	18775
37.566	0.25	0	1	18783
37.582	0.25	0	1	18791
37.6	0.25	1	2	18800
37.616	0.25	1	2	18808
37.632	0.25	1	2	18816
37.65	0.25	1	2	18825
37.666	0.25	0	1	18833
37.682	0.25	0	1	18841
37.7	0.25	1	2	18850
37.716	0.25	1	2	18858
37.732	0.25	1	2	18866
37.75	0.25	1	2	18875
37.766	0.25	0	1	18883
37.782	0.25	0	1	18891
37.8	0.25	0	1	18900
37.816	0.25	0	1	18908
37.832	0.25	0	1	18916
37.85	0.25	0	1	18925
37.866	0.25	1	2	18933
37.882	0.25	1	2	18941
37.9	0.25	1	2	18950
37.916	0.25	1	2	18958
37.932	0.25	1	2	18966
37.95	0.25	1	2	18975
37.966	0.25	0	1	18983
37.982	0.25	0	1	18991
38.0	0.25	0	1	19000
38.016	0.25	0	1	19008
38.032	0.25	0	1	19016
38.05	0.25	0	1	19025
38.066	0.25	1	2	19033
38.082	0.25	1	2	19041
38.1	0.25	1	2	19050
38.116	0.25	1	2	19058
38.132	0.25	1	2	19066
38.15	0.25	1	2	19075
38.166	0.25	1	2	19083
38.182	0.25	1	2	19091
38.2	0.25	1	2	19100
38.216	0.25	1	2	19108
38.232	0.25	0	1	19116
38.25	0.25	0	1	19125
38.266	0.25	0	1	19133
38.282	0.25	0	1	19141
38.3	0.25	1	2	19150
38.316	0.25	1	2	19158
38.332	0.25	0	1	19166
38.35	0.25	0	1	19175
38.366	0.25	1	2	19183
38.382	0.25	1	2	19191
38.4	0.25	0	1	19200
38.416	0.25	0	1	19208
38.432	0.25	0	1	19216
38.45	0.25	0	1	19225
38.466	0.25	1	2	19233
38.482	0.25	1	2	19241
38.5	0.25	1	2	19250
38.516	0.25	1	2	19258
38.532	0.25	0	1	19266
38.55	0.25	0	1	19275
38.566	0.25	0	1	19283
38.582	0.25	0	1	19291
38.6	0.25	0	1	19300
38.616	0.25	0	1	19308
38.632	0.25	0	1	19316
38.65	0.25	0	1	19325
38.666	0.25	1	2	19333
38.682	0.25	1	2	19341
38.7	0.25	0	1	19350
38.716	0.25	0	1	19358
38.732	0.25	0	1	19366
38.75	0.25	0	1	19375
38.766	0.25	0	1	19383
38.782	0.25	0	1	19391
38.8	0.25	0	1	19400
38.816	0.25	0	1	19408
38.832	0.25	1	2	19416
38.85	0.25	1	2	19425
38.866	0.25	1	2	19433
38.882	0.25	1	2	19441
38.9	0.25	1	2	19450
38.916	0.25	1	2	19458
38.932	0.25	1	2	19466
38.95	0.25	1	2	19475
38.966	0.25	1	2	19483
38.982	0.25	1	2	19491
39.0	0.25	1	2	19500
39.016	0.25	1	2	19508
39.032	0.25	0	1	19516
39.05	0.25	0	1	19525
39.066	0.25	1	2	19533
39.082	0.25	1	2	19541
39.1	0.25	0	1	19550
39.116	0.25	0	1	19558
39.132	0.25	1	2	19566
39.15	0.25	1	2	19575
39.166	0.25	0	1	19583
39.182	0.25	0	1	19591
39.2	0.25	0	1	19600
39.216	0.25	0	1	19608
39.232	0.25	1	2	19616
39.25	0.25	1	2	19625
39.266	0.25	1	2	19633
39.282	0.25	1	2	19641
39.3	0.25	0	1	19650
39.316	0.25	0	1	19658
39.332	0.25	0	1	19666
40.816	0.25	1	2	20408
40.832	0.25	1	2	20416
40.85	0.25	1	2	20425
40.866	0.25	1	2	20433
40.882	0.25	1	2	20441
40.9	0.25	1	2	20450
40.916	0.25	1	2	20458
40.932	0.25	1	2	20466
40.95	0.25	1	2	20475
40.966	0.25	1	2	20483
40.982	0.25	1	2	20491
41.0	0.25	1	2	20500
41.016	0.25	1	2	20508
41.032	0.25	1	2	20516
41.05	0.25	0	1	20525
41.066	0.25	0	1	20533
41.082	0.25	0	1	20541
41.1	0.25	0	1	20550
41.116	0.25	1	2	20558
41.132	0.25	1	2	20566
41.15	0.25	1	2	20575
41.166	0.25	1	2	20583
41.182	0.25	0	1	20591
41.2	0.25	0	1	20600
41.216	0.25	0	1	20608
41.232	0.25	0	1	20616
41.25	0.25	1	2	20625
41.266	0.25	1	2	20633
41.282	0.25	1	2	20641
41.3	0.25	1	2	20650
41.316	0.25	0	1	20658
41.332	0.25	0	1	20666
41.35	0.25	0	1	20675
41.366	0.25	0	1	20683
41.382	0.25	1	2	20691
41.4	0.25	1	2	20700
41.416	0.25	0	1	20708
41.432	0.25	0	1	20716
41.45	0.25	1	2	20725
41.466	0.25	1	2	20733
41.482	0.25	1	2	20741
41.5	0.25	1	2	20750
41.516	0.25	0	1	20758
41.532	0.25	0	1	20766
41.55	0.25	1	2	20775
41.566	0.25	1	2	20783
41.582	0.25	0	1	20791
41.6	0.25	0	1	20800
41.616	0.25	0	1	20808
41.632	0.25	0	1	20816
41.65	0.25	1	2	20825
41.666	0.25	1	2	20833
41.682	0.25	0	1	20841
41.7	0.25	0	1	20850
41.716	0.25	1	2	20858
41.732	0.25	1	2	20866
41.75	0.25	1	2	20875
41.766	0.25	1	2	20883
41.782	0.25	1	2	20891
41.8	0.25	1	2	20900
41.816	0.25	0	1	20908
41.832	0.25	0	1	20916
41.85	0.25	0	1	20925
41.866	0.25	0	1	20933
41.882	0.25	0	1	20941
41.9	0.25	0	1	20950
41.916	0.25	1	2	20958
41.932	0.25	1	2	20966
41.95	0.25	0	1	20975
41.966	0.25	0	1	20983
41.982	0.25	1	2	20991
42.0	0.25	1	2	21000
42.016	0.25	1	2	21008
42.032	0.25	1	2	21016
42.05	0.25	1	2	21025
42.066	0.25	1	2	21033
42.082	0.25	0	1	21041
42.1	0.25	0	1	21050
42.116	0.25	0	1	21058
42.132	0.25	0	1	21066
42.15	0.25	1	2	21075
42.166	0.25	1	2	21083
42.182	0.25	0	1	21091
42.2	0.25	0	1	21100
42.216	0.25	1	2	21108
42.232	0.25	1	2	21116
42.25	0.25	0	1	21125
42.266	0.25	0	1	21133
42.282	0.25	0	1	21141
42.3	0.25	0	1	21150
42.316	0.25	0	1	21158
42.332	0.25	0	1	21166
42.35	0.25	1	2	21175
42.366	0.25	1	2	21183
42.382	0.25	1	2	21191
42.4	0.25	1	2	21200
42.416	0.25	0	1	21208
42.432	0.25	0	1	21216
42.45	0.25	1	2	21225
42.466	0.25	1	2	21233
42.482	0.25	0	1	21241
42.5	0.25	0	1	21250
42.516	0.25	0	1	21258
42.532	0.25	0	1	21266
42.55	0.25	0	1	21275
42.566	0.25	0	1	21283
42.582	0.25	1	2	21291
42.6	0.25	1	2	21300
42.616	0.25	0	1	21308
42.632	0.25	0	1	21316
42.65	0.25	1	2	21325
42.666	0.25	1	2	21333
42.682	0.25	0	1	21341
42.7	0.25	0	1	21350
42.716	0.25	0	1	21358
42.732	0.25	0	1	21366
42.75	0.25	1	2	21375
44.232	0.25	1	2	22116
44.25	0.25	1	2	22125
44.266	0.25	1	2	22133
44.282	0.25	1	2	22141
44.3	0.25	0	1	22150
44.316	0.25	0	1	22158
44.332	0.25	0	1	22166
44.35	0.25	0	1	22175
44.366	0.25	0	1	22183
44.382	0.25	0	1	22191
44.4	0.25	0	1	22200
44.416	0.25	0	1	22208
44.432	0.25	1	2	22216
44.45	0.25	1	2	22225
44.466	0.25	0	1	22233
44.482	0.25	0	1	22241
44.5	0.25	0	1	22250
44.516	0.25	0	1	22258
44.532	0.25	1	2	22266
44.55	0.25	1	2	22275
44.566	0.25	1	2	22283
44.582	0.25	1	2	22291
44.6	0.25	0	1	22300
44.616	0.25	0	1	22308
44.632	0.25	0	1	22316
44.65	0.25	0	1	22325
44.666	0.25	0	1	22333
44.682	0.25	0	1	22341
44.7	0.25	0	1	22350
44.716	0.25	0	1	22358
44.732	0.25	0	1	22366
44.75	0.25	0	1	22375
44.766	0.25	0	1	22383
44.782	0.25	0	1	22391
44.8	0.25	1	2	22400
44.816	0.25	1	2	22408
44.832	0.25	0	1	22416
44.85	0.25	0	1	22425
44.866	0.25	1	2	22433
44.882	0.25	1	2	22441
44.9	0.25	1	2	22450
44.916	0.25	1	2	22458
44.932	0.25	0	1	22466
44.95	0.25	0	1	22475
44.966	0.25	1	2	22483
44.982	0.25	1	2	22491
45.0	0.25	0	1	22500
45.016	0.25	0	1	22508
45.032	0.25	1	2	22516
45.05	0.25	1	2	22525
45.066	0.25	0	1	22533
45.082	0.25	0	1	22541
45.1	0.25	1	2	22550
45.116	0.25	1	2	22558
45.132	0.25	0	1	22566
45.15	0.25	0	1	22575
45.166	0.25	0	1	22583
45.182	0.25	0	1	22591
45.2	0.25	0	1	22600
45.216	0.25	0	1	22608
45.232	0.25	1	2	22616
45.25	0.25	1	2	22625
45.266	0.25	1	2	22633
45.282	0.25	1	2	22641
45.3	0.25	1	2	22650
45.316	0.25	1	2	22658
45.332	0.25	0	1	22666
45.35	0.25	0	1	22675
45.366	0.25	1	2	22683
45.382	0.25	1	2	22691
45.4	0.25	1	2	22700
45.416	0.25	1	2	22708
45.432	0.25	1	2	22716
45.45	0.25	1	2	22725
45.466	0.25	0	1	22733
45.482	0.25	0	1	22741
45.5	0.25	1	2	22750
45.516	0.25	1	2	22758
45.532	0.25	0	1	22766
45.55	0.25	0	1	22775
45.566	0.25	1	2	22783
45.582	0.25	1	2	22791
45.6	0.25	1	2	22800
45.616	0.25	1	2	22808
45.632	0.25	0	1	22816
45.65	0.25	0	1	22825
45.666	0.25	0	1	22833
45.682	0.25	0	1	22841
45.7	0.25	0	1	22850
45.716	0.25	0	1	22858
45.732	0.25	1	2	22866
45.75	0.25	1	2	22875
45.766	0.25	1	2	22883
45.782	0.25	1	2	22891
45.8	0.25	0	1	22900
45.816	0.25	0	1	22908
45.832	0.25	1	2	22916
45.85	0.25	1	2	22925
45.866	0.25	1	2	22933
45.882	0.25	1	2	22941
45.9	0.25	1	2	22950
45.916	0.25	1	2	22958
45.932	0.25	0	1	22966
45.95	0.25	0	1	22975
45.966	0.25	0	1	22983
45.982	0.25	0	1	22991
46.0	0.25	0	1	23000
46.016	0.25	0	1	23008
46.032	0.25	0	1	23016
46.05	0.25	0	1	23025
46.066	0.25	0	1	23033
46.082	0.25	0	1	23041
46.1	0.25	1	2	23050
46.116	0.25	1	2	23058
46.132	0.25	1	2	23066
46.15	0.25	1	2	23075
46.166	0.25	1	2	23083
48.416	0.25	1	2	24208
48.432	0.25	1	2	24216
48.45	0.25	1	2	24225
48.466	0.25	1	2	24233
48.482	0.25	0	1	24241
48.5	0.25	0	1	24250
48.516	0.25	0	1	24258
48.532	0.25	0	1	24266
48.55	0.25	0	1	24275
48.566	0.25	0	1	24283
48.582	0.25	0	1	24291
48.6	0.25	0	1	24300
48.616	0.25	1	2	24308
48.632	0.25	1	2	24316
48.65	0.25	0	1	24325
48.666	0.25	0	1	24333
48.682	0.25	0	1	24341
48.7	0.25	0	1	24350
48.716	0.25	1	2	24358
48.732	0.25	1	2	24366
48.75	0.25	1	2	24375
48.766	0.25	1	2	24383
48.782	0.25	0	1	24391
48.8	0.25	0	1	24400
48.816	0.25	0	1	24408
48.832	0.25	0	1	24416
48.85	0.25	0	1	24425
48.866	0.25	0	1	24433
48.882	0.25	0	1	24441
48.9	0.25	0	1	24450
48.916	0.25	0	1	24458
48.932	0.25	0	1	24466
48.95	0.25	0	1	24475
48.966	0.25	0	1	24483
48.982	0.25	1	2	24491
49.0	0.25	1	2	24500
49.016	0.25	0	1	24508
49.032	0.25	0	1	24516
49.05	0.25	1	2	24525
49.066	0.25	1	2	24533
49.082	0.25	1	2	24541
49.1	0.25	1	2	24550
49.116	0.25	0	1	24558
49.132	0.25	0	1	24566
49.15	0.25	1	2	24575
49.166	0.25	1	2	24583
49.182	0.25	0	1	24591
49.2	0.25	0	1	24600
49.216	0.25	1	2	24608
49.232	0.25	1	2	24616
49.25	0.25	0	1	24625
49.266	0.25	0	1	24633
49.282	0.25	1	2	24641
49.3	0.25	1	2	24650
49.316	0.25	0	1	24658
49.332	0.25	0	1	24666
49.35	0.25	0	1	24675
49.366	0.25	0	1	24683
49.382	0.25	0	1	24691
49.4	0.25	0	1	24700
49.416	0.25	1	2	24708
49.432	0.25	1	2	24716
49.45	0.25	1	2	24725
49.466	0.25	1	2	24733
49.482	0.25	1	2	24741
49.5	0.25	1	2	24750
49.516	0.25	0	1	24758
49.532	0.25	0	1	24766
49.55	0.25	1	2	24775
49.566	0.25	1	2	24783
49.582	0.25	1	2	24791
49.6	0.25	1	2	24800
49.616	0.25	1	2	24808
49.632	0.25	1	2	24816
49.65	0.25	0	1	24825
49.666	0.25	0	1	24833
49.682	0.25	1	2	24841
49.7	0.25	1	2	24850
49.716	0.25	0	1	24858
49.732	0.25	0	1	24866
49.75	0.25	1	2	24875
49.766	0.25	1	2	24883
49.782	0.25	1	2	24891
49.8	0.25	1	2	24900
49.816	0.25	0	1	24908
49.832	0.25	0	1	24916
49.85	0.25	0	1	24925
49.866	0.25	0	1	24933
49.882	0.25	0	1	24941
49.9	0.25	0	1	24950
49.916	0.25	1	2	24958
49.932	0.25	1	2	24966
49.95	0.25	1	2	24975
49.966	0.25	1	2	24983
49.982	0.25	0	1	24991
50.0	0.25	0	1	25000
50.016	0.25	1	2	25008
50.032	0.25	1	2	25016
50.05	0.25	1	2	25025
50.066	0.25	1	2	25033
50.082	0.25	1	2	25041
50.1	0.25	1	2	25050
50.116	0.25	0	1	25058
50.132	0.25	0	1	25066
50.15	0.25	0	1	25075
50.166	0.25	0	1	25083
50.182	0.25	0	1	25091
50.2	0.25	0	1	25100
50.216	0.25	0	1	25108
50.232	0.25	0	1	25116
50.25	0.25	0	1	25125
50.266	0.25	0	1	25133
50.282	0.25	1	2	25141
50.3	0.25	1	2	25150
50.316	0.25	1	2	25158
50.332	0.25	1	2	25166
50.35	0.25	1	2	25175
51.832	0.25	0	1	25916
51.85	0.25	0	1	25925
51.866	0.25	0	1	25933
51.882	0.25	0	1	25941
51.9	0.25	1	2	25950
51.916	0.25	1	2	25958
51.932	0.25	1	2	25966
51.95	0.25	1	2	25975
51.966	0.25	0	1	25983
51.982	0.25	0	1	25991
52.0	0.25	0	1	26000
52.016	0.25	0	1	26008
52.032	0.25	0	1	26016
52.05	0.25	0	1	26025
52.066	0.25	0	1	26033
52.082	0.25	0	1	26041
52.1	0.25	1	2	26050
52.116	0.25	1	2	26058
52.132	0.25	1	2	26066
52.15	0.25	1	2	26075
52.166	0.25	1	2	26083
52.182	0.25	1	2	26091
52.2	0.25	1	2	26100
52.216	0.25	1	2	26108
52.232	0.25	1	2	26116
52.25	0.25	1	2	26125
52.266	0.25	0	1	26133
52.282	0.25	0	1	26141
52.3	0.25	0	1	26150
52.316	0.25	0	1	26158
52.332	0.25	0	1	26166
52.35	0.25	0	1	26175
52.366	0.25	0	1	26183
52.382	0.25	0	1	26191
52.4	0.25	0	1	26200
52.416	0.25	0	1	26208
52.432	0.25	0	1	26216
52.45	0.25	0	1	26225
52.466	0.25	1	2	26233
52.482	0.25	1	2	26241
52.5	0.25	1	2	26250
52.516	0.25	1	2	26258
52.532	0.25	0	1	26266
52.55	0.25	0	1	26275
52.566	0.25	0	1	26283
52.582	0.25	0	1	26291
52.6	0.25	1	2	26300
52.616	0.25	1	2	26308
52.632	0.25	0	1	26316
52.65	0.25	0	1	26325
52.666	0.25	1	2	26333
52.682	0.25	1	2	26341
52.7	0.25	0	1	26350
52.716	0.25	0	1	26358
52.732	0.25	1	2	26366
52.75	0.25	1	2	26375
52.766	0.25	0	1	26383
52.782	0.25	0	1	26391
52.8	0.25	1	2	26400
52.816	0.25	1	2	26408
52.832	0.25	1	2	26416
52.85	0.25	1	2	26425
52.866	0.25	0	1	26433
52.882	0.25	0	1	26441
52.9	0.25	1	2	26450
52.916	0.25	1	2	26458
52.932	0.25	0	1	26466
52.95	0.25	0	1	26475
52.966	0.25	0	1	26483
52.982	0.25	0	1	26491
53.0	0.25	0	1	26500
53.016	0.25	0	1	26508
53.032	0.25	1	2	26516
53.05	0.25	1	2	26525
53.066	0.25	0	1	26533
53.082	0.25	0	1	26541
53.1	0.25	0	1	26550
53.116	0.25	0	1	26558
53.132	0.25	0	1	26566
53.15	0.25	0	1	26575
53.166	0.25	1	2	26583
53.182	0.25	1	2	26591
53.2	0.25	1	2	26600
53.216	0.25	1	2	26608
53.232	0.25	1	2	26616
53.25	0.25	1	2	26625
53.266	0.25	0	1	26633
53.282	0.25	0	1	26641
53.3	0.25	1	2	26650
53.316	0.25	1	2	26658
53.332	0.25	0	1	26666
53.35	0.25	0	1	26675
53.366	0.25	1	2	26683
53.382	0.25	1	2	26691
53.4	0.25	1	2	26700
53.416	0.25	1	2	26708
53.432	0.25	1	2	26716
53.45	0.25	1	2	26725
53.466	0.25	1	2	26733
53.482	0.25	1	2	26741
53.5	0.25	1	2	26750
53.516	0.25	1	2	26758
53.532	0.25	0	1	26766
53.55	0.25	0	1	26775
53.566	0.25	0	1	26783
53.582	0.25	0	1	26791
53.6	0.25	1	2	26800
53.616	0.25	1	2	26808
53.632	0.25	0	1	26816
53.65	0.25	0	1	26825
53.666	0.25	0	1	26833
53.682	0.25	0	1	26841
53.7	0.25	0	1	26850
53.716	0.25	0	1	26858
53.732	0.25	1	2	26866
53.75	0.25	1	2	26875
53.766	0.25	1	2	26883
55.25	0.25	1	2	27625
55.266	0.25	1	2	27633
55.282	0.25	1	2	27641
55.3	0.25	1	2	27650
55.316	0.25	1	2	27658
55.332	0.25	1	2	27666
55.35	0.25	1	2	27675
55.366	0.25	1	2	27683
55.382	0.25	1	2	27691
55.4	0.25	1	2	27700
55.416	0.25	1	2	27708
55.432	0.25	1	2	27716
55.45	0.25	1	2	27725
55.466	0.25	1	2	27733
55.482	0.25	0	1	27741
55.5	0.25	0	1	27750
55.516	0.25	0	1	27758
55.532	0.25	0	1	27766
55.55	0.25	1	2	27775
55.566	0.25	1	2	27783
55.582	0.25	1	2	27791
55.6	0.25	1	2	27800
55.616	0.25	0	1	27808
55.632	0.25	0	1	27816
55.65	0.25	0	1	27825
55.666	0.25	0	1	27833
55.682	0.25	1	2	27841
55.7	0.25	1	2	27850
55.716	0.25	1	2	27858
55.732	0.25	1	2	27866
55.75	0.25	0	1	27875
55.766	0.25	0	1	27883
55.782	0.25	0	1	27891
55.8	0.25	0	1	27900
55.816	0.25	1	2	27908
55.832	0.25	1	2	27916
55.85	0.25	0	1	27925
55.866	0.25	0	1	27933
55.882	0.25	1	2	27941
55.9	0.25	1	2	27950
55.916	0.25	1	2	27958
55.932	0.25	1	2	27966
55.95	0.25	0	1	27975
55.966	0.25	0	1	27983
55.982	0.25	1	2	27991
56.0	0.25	1	2	28000
56.016	0.25	0	1	28008
56.032	0.25	0	1	28016
56.05	0.25	0	1	28025
56.066	0.25	0	1	28033
56.082	0.25	1	2	28041
56.1	0.25	1	2	28050
56.116	0.25	0	1	28058
56.132	0.25	0	1	28066
56.15	0.25	1	2	28075
56.166	0.25	1	2	28083
56.182	0.25	1	2	28091
56.2	0.25	1	2	28100
56.216	0.25	1	2	28108
56.232	0.25	1	2	28116
56.25	0.25	0	1	28125
56.266	0.25	0	1	28133
56.282	0.25	0	1	28141
56.3	0.25	0	1	28150
56.316	0.25	0	1	28158
56.332	0.25	0	1	28166
56.35	0.25	1	2	28175
56.366	0.25	1	2	28183
56.382	0.25	0	1	28191
56.4	0.25	0	1	28200
56.416	0.25	1	2	28208
56.432	0.25	1	2	28216
56.45	0.25	1	2	28225
56.466	0.25	1	2	28233
56.482	0.25	1	2	28241
56.5	0.25	1	2	28250
56.516	0.25	0	1	28258
56.532	0.25	0	1	28266
56.55	0.25	0	1	28275
56.566	0.25	0	1	28283
56.582	0.25	1	2	28291
56.6	0.25	1	2	28300
56.616	0.25	0	1	28308
56.632	0.25	0	1	28316
56.65	0.25	1	2	28325
56.666	0.25	1	2	28333
56.682	0.25	0	1	28341
56.7	0.25	0	1	28350
56.716	0.25	0	1	28358
56.732	0.25	0	1	28366
56.75	0.25	0	1	28375
56.766	0.25	0	1	28383
56.782	0.25	1	2	28391
56.8	0.25	1	2	28400
56.816	0.25	1	2	28408
56.832	0.25	1	2	28416
56.85	0.25	0	1	28425
56.866	0.25	0	1	28433
56.882	0.25	1	2	28441
56.9	0.25	1	2	28450
56.916	0.25	0	1	28458
56.932	0.25	0	1	28466
56.95	0.25	0	1	28475
56.966	0.25	0	1	28483
56.982	0.25	0	1	28491
57.0	0.25	0	1	28500
57.016	0.25	1	2	28508
57.032	0.25	1	2	28516
57.05	0.25	0	1	28525
57.066	0.25	0	1	28533
57.082	0.25	1	2	28541
57.1	0.25	1	2	28550
57.116	0.25	0	1	28558
57.132	0.25	0	1	28566
57.15	0.25	0	1	28575
57.166	0.25	0	1	28583
57.182	0.25	1	2	28591
58.666	0.25	1	2	29333
58.682	0.25	1	2	29341
58.7	0.25	1	2	29350
58.716	0.25	1	2	29358
58.732	0.25	0	1	29366
58.75	0.25	0	1	29375
58.766	0.25	1	2	29383
58.782	0.25	1	2	29391
58.8	0.25	1	2	29400
58.816	0.25	1	2	29408
58.832	0.25	0	1	29416
58.85	0.25	0	1	29425
58.866	0.25	1	2	29433
58.882	0.25	1	2	29441
58.9	0.25	1	2	29450
58.916	0.25	1	2	29458
58.932	0.25	0	1	29466
58.95	0.25	0	1	29475
58.966	0.25	1	2	29483
58.982	0.25	1	2	29491
59.0	0.25	1	2	29500
59.016	0.25	1	2	29508
59.032	0.25	0	1	29516
59.05	0.25	0	1	29525
59.066	0.25	0	1	29533
59.082	0.25	0	1	29541
59.1	0.25	0	1	29550
59.116	0.25	0	1	29558
59.132	0.25	1	2	29566
59.15	0.25	1	2	29575
59.166	0.25	1	2	29583
59.182	0.25	1	2	29591
59.2	0.25	1	2	29600
59.216	0.25	1	2	29608
59.232	0.25	0	1	29616
59.25	0.25	0	1	29625
59.266	0.25	0	1	29633
59.282	0.25	0	1	29641
59.3	0.25	0	1	29650
59.316	0.25	0	1	29658
59.332	0.25	1	2	29666
59.35	0.25	1	2	29675
59.366	0.25	1	2	29683
59.382	0.25	1	2	29691
59.4	0.25	1	2	29700
59.416	0.25	1	2	29708
59.432	0.25	1	2	29716
59.45	0.25	1	2	29725
59.466	0.25	1	2	29733
59.482	0.25	1	2	29741
59.5	0.25	0	1	29750
59.516	0.25	0	1	29758
59.532	0.25	0	1	29766
59.55	0.25	0	1	29775
59.566	0.25	1	2	29783
59.582	0.25	1	2	29791
59.6	0.25	0	1	29800
59.616	0.25	0	1	29808
59.632	0.25	1	2	29816
59.65	0.25	1	2	29825
59.666	0.25	0	1	29833
59.682	0.25	0	1	29841
59.7	0.25	0	1	29850
59.716	0.25	0	1	29858
59.732	0.25	1	2	29866
59.75	0.25	1	2	29875
59.766	0.25	1	2	29883
59.782	0.25	1	2	29891
59.8	0.25	0	1	29900
59.816	0.25	0	1	29908
59.832	0.25	0	1	29916
59.85	0.25	0	1	29925
59.866	0.25	0	1	29933
59.882	0.25	0	1	29941
59.9	0.25	0	1	29950
59.916	0.25	0	1	29958
59.932	0.25	1	2	29966
59.95	0.25	1	2	29975
59.966	0.25	0	1	29983
59.982	0.25	0	1	29991
60.0	0.25	0	1	30000
60.016	0.25	0	1	30008
60.032	0.25	0	1	30016
60.05	0.25	0	1	30025
60.066	0.25	0	1	30033
60.082	0.25	0	1	30041
60.1	0.25	1	2	30050
60.116	0.25	1	2	30058
60.132	0.25	1	2	30066
60.15	0.25	1	2	30075
60.166	0.25	1	2	30083
60.182	0.25	1	2	30091
60.2	0.25	1	2	30100
60.216	0.25	1	2	30108
60.232	0.25	1	2	30116
60.25	0.25	1	2	30125
60.266	0.25	1	2	30133
60.282	0.25	1	2	30141
60.3	0.25	0	1	30150
60.316	0.25	0	1	30158
60.332	0.25	1	2	30166
60.35	0.25	1	2	30175
60.366	0.25	0	1	30183
60.382	0.25	0	1	30191
60.4	0.25	1	2	30200
60.416	0.25	1	2	30208
60.432	0.25	0	1	30216
60.45	0.25	0	1	30225
60.466	0.25	0	1	30233
60.482	0.25	0	1	30241
60.5	0.25	1	2	30250
60.516	0.25	1	2	30258
60.532	0.25	1	2	30266
60.55	0.25	1	2	30275
60.566	0.25	0	1	30283
60.582	0.25	0	1	30291
60.6	0.25	0	1	30300
62.832	0.25	1	2	31416
62.85	0.25	1	2	31425
62.866	0.25	1	2	31433
62.882	0.25	1	2	31441
62.9	0.25	0	1	31450
62.916	0.25	0	1	31458
62.932	0.25	1	2	31466
62.95	0.25	1	2	31475
62.966	0.25	1	2	31483
62.982	0.25	1	2	31491
63.0	0.25	0	1	31500
63.016	0.25	0	1	31508
63.032	0.25	1	2	31516
63.05	0.25	1	2	31525
63.066	0.25	1	2	31533
63.082	0.25	1	2	31541
63.1	0.25	0	1	31550
63.116	0.25	0	1	31558
63.132	0.25	1	2	31566
63.15	0.25	1	2	31575
63.166	0.25	1	2	31583
63.182	0.25	1	2	31591
63.2	0.25	0	1	31600
63.216	0.25	0	1	31608
63.232	0.25	0	1	31616
63.25	0.25	0	1	31625
63.266	0.25	0	1	31633
63.282	0.25	0	1	31641
63.3	0.25	1	2	31650
63.316	0.25	1	2	31658
63.332	0.25	1	2	31666
63.35	0.25	1	2	31675
63.366	0.25	1	2	31683
63.382	0.25	1	2	31691
63.4	0.25	0	1	31700
63.416	0.25	0	1	31708
63.432	0.25	0	1	31716
63.45	0.25	0	1	31725
63.466	0.25	0	1	31733
63.482	0.25	0	1	31741
63.5	0.25	1	2	31750
63.516	0.25	1	2	31758
63.532	0.25	1	2	31766
63.55	0.25	1	2	31775
63.566	0.25	1	2	31783
63.582	0.25	1	2	31791
63.6	0.25	1	2	31800
63.616	0.25	1	2	31808
63.632	0.25	1	2	31816
63.65	0.25	1	2	31825
63.666	0.25	0	1	31833
63.682	0.25	0	1	31841
63.7	0.25	0	1	31850
63.716	0.25	0	1	31858
63.732	0.25	1	2	31866
63.75	0.25	1	2	31875
63.766	0.25	0	1	31883
63.782	0.25	0	1	31891
63.8	0.25	1	2	31900
63.816	0.25	1	2	31908
63.832	0.25	0	1	31916
63.85	0.25	0	1	31925
63.866	0.25	0	1	31933
63.882	0.25	0	1	31941
63.9	0.25	1	2	31950
63.916	0.25	1	2	31958
63.932	0.25	1	2	31966
63.95	0.25	1	2	31975
63.966	0.25	0	1	31983
63.982	0.25	0	1	31991
64.0	0.25	0	1	32000
64.016	0.25	0	1	32008
64.032	0.25	0	1	32016
64.05	0.25	0	1	32025
64.066	0.25	0	1	32033
64.082	0.25	0	1	32041
64.098	0.25	1	2	32049
64.116	0.25	1	2	32058
64.132	0.25	0	1	32066
64.15	0.25	0	1	32075
64.166	0.25	0	1	32083
64.182	0.25	0	1	32091
64.2	0.25	0	1	32100
64.216	0.25	0	1	32108
64.232	0.25	0	1	32116
64.25	0.25	0	1	32125
64.266	0.25	1	2	32133
64.282	0.25	1	2	32141
64.3	0.25	1	2	32150
64.316	0.25	1	2	32158
64.332	0.25	1	2	32166
64.348	0.25	1	2	32174
64.366	0.25	1	2	32183
64.382	0.25	1	2	32191
64.4	0.25	1	2	32200
64.416	0.25	1	2	32208
64.432	0.25	1	2	32216
64.45	0.25	1	2	32225
64.466	0.25	0	1	32233
64.482	0.25	0	1	32241
64.5	0.25	1	2	32250
64.516	0.25	1	2	32258
64.532	0.25	0	1	32266
64.55	0.25	0	1	32275
64.566	0.25	1	2	32283
64.582	0.25	1	2	32291
64.598	0.25	0	1	32299
64.616	0.25	0	1	32308
64.632	0.25	0	1	32316
64.65	0.25	0	1	32325
64.666	0.25	1	2	32333
64.682	0.25	1	2	32341
64.7	0.25	1	2	32350
64.716	0.25	1	2	32358
64.732	0.25	0	1	32366
64.75	0.25	0	1	32375
64.766	0.25	0	1	32383
66.25	0.25	1	2	33125
66.266	0.25	1	2	33133
66.282	0.25	1	2	33141
66.3	0.25	1	2	33150
66.316	0.25	0	1	33158
66.332	0.25	0	1	33166
66.35	0.25	0	1	33175
66.366	0.25	0	1	33183
66.382	0.25	0	1	33191
66.4	0.25	0	1	33200
66.416	0.25	0	1	33208
66.432	0.25	0	1	33216
66.45	0.25	1	2	33225
66.466	0.25	1	2	33233
66.482	0.25	0	1	33241
66.5	0.25	0	1	33250
66.516	0.25	0	1	33258
66.532	0.25	0	1	33266
66.55	0.25	1	2	33275
66.566	0.25	1	2	33283
66.582	0.25	1	2	33291
66.6	0.25	1	2	33300
66.616	0.25	0	1	33308
66.632	0.25	0	1	33316
66.65	0.25	0	1	33325
66.666	0.25	0	1	33333
66.682	0.25	0	1	33341
66.7	0.25	0	1	33350
66.716	0.25	0	1	33358
66.732	0.25	0	1	33366
66.75	0.25	0	1	33375
66.766	0.25	0	1	33383
66.782	0.25	0	1	33391
66.8	0.25	0	1	33400
66.816	0.25	1	2	33408
66.832	0.25	1	2	33416
66.85	0.25	0	1	33425
66.866	0.25	0	1	33433
66.882	0.25	1	2	33441
66.9	0.25	1	2	33450
66.916	0.25	1	2	33458
66.932	0.25	1	2	33466
66.95	0.25	0	1	33475
66.966	0.25	0	1	33483
66.982	0.25	1	2	33491
67.0	0.25	1	2	33500
67.016	0.25	0	1	33508
67.032	0.25	0	1	33516
67.05	0.25	1	2	33525
67.066	0.25	1	2	33533
67.082	0.25	0	1	33541
67.1	0.25	0	1	33550
67.116	0.25	1	2	33558
67.132	0.25	1	2	33566
67.15	0.25	0	1	33575
67.166	0.25	0	1	33583
67.182	0.25	0	1	33591
67.2	0.25	0	1	33600
67.216	0.25	0	1	33608
67.232	0.25	0	1	33616
67.25	0.25	1	2	33625
67.266	0.25	1	2	33633
67.282	0.25	1	2	33641
67.3	0.25	1	2	33650
67.316	0.25	1	2	33658
67.332	0.25	1	2	33666
67.35	0.25	0	1	33675
67.366	0.25	0	1	33683
67.382	0.25	1	2	33691
67.4	0.25	1	2	33700
67.416	0.25	1	2	33708
67.432	0.25	1	2	33716
67.45	0.25	1	2	33725
67.466	0.25	1	2	33733
67.482	0.25	0	1	33741
67.5	0.25	0	1	33750
67.516	0.25	1	2	33758
67.532	0.25	1	2	33766
67.55	0.25	0	1	33775
67.566	0.25	0	1	33783
67.582	0.25	1	2	33791
67.6	0.25	1	2	33800
67.616	0.25	1	2	33808
67.632	0.25	1	2	33816
67.65	0.25	0	1	33825
67.666	0.25	0	1	33833
67.682	0.25	0	1	33841
67.7	0.25	0	1	33850
67.716	0.25	0	1	33858
67.732	0.25	0	1	33866
67.75	0.25	1	2	33875
67.766	0.25	1	2	33883
67.782	0.25	1	2	33891
67.8	0.25	1	2	33900
67.816	0.25	0	1	33908
67.832	0.25	0	1	33916
67.85	0.25	1	2	33925
67.866	0.25	1	2	33933
67.882	0.25	1	2	33941
67.9	0.25	1	2	33950
67.916	0.25	1	2	33958
67.932	0.25	1	2	33966
67.95	0.25	0	1	33975
67.966	0.25	0	1	33983
67.982	0.25	0	1	33991
68.0	0.25	0	1	34000
68.016	0.25	0	1	34008
68.032	0.25	0	1	34016
68.05	0.25	0	1	34025
68.066	0.25	0	1	34033
68.082	0.25	0	1	34041
68.1	0.25	0	1	34050
68.116	0.25	1	2	34058
68.132	0.25	1	2	34066
68.15	0.25	1	2	34075
68.166	0.25	1	2	34083
68.182	0.25	1	2	34091
69.666	0.25	0	1	34833
69.682	0.25	0	1	34841
69.7	0.25	0	1	34850
69.716	0.25	0	1	34858
69.732	0.25	1	2	34866
69.75	0.25	1	2	34875
69.766	0.25	1	2	34883
69.782	0.25	1	2	34891
69.8	0.25	0	1	34900
69.816	0.25	0	1	34908
69.832	0.25	0	1	34916
69.85	0.25	0	1	34925
69.866	0.25	0	1	34933
69.882	0.25	0	1	34941
69.9	0.25	0	1	34950
69.916	0.25	0	1	34958
69.932	0.25	1	2	34966
69.95	0.25	1	2	34975
69.966	0.25	1	2	34983
69.982	0.25	1	2	34991
70.0	0.25	1	2	35000
70.016	0.25	1	2	35008
70.032	0.25	1	2	35016
70.05	0.25	1	2	35025
70.066	0.25	1	2	35033
70.082	0.25	1	2	35041
70.1	0.25	0	1	35050
70.116	0.25	0	1	35058
70.132	0.25	0	1	35066
70.15	0.25	0	1	35075
70.166	0.25	0	1	35083
70.182	0.25	0	1	35091
70.2	0.25	0	1	35100
70.216	0.25	0	1	35108
70.232	0.25	0	1	35116
70.25	0.25	0	1	35125
70.266	0.25	0	1	35133
70.282	0.25	0	1	35141
70.3	0.25	1	2	35150
70.316	0.25	1	2	35158
70.332	0.25	1	2	35166
70.35	0.25	1	2	35175
70.366	0.25	0	1	35183
70.382	0.25	0	1	35191
70.4	0.25	0	1	35200
70.416	0.25	0	1	35208
70.432	0.25	1	2	35216
70.45	0.25	1	2	35225
70.466	0.25	0	1	35233
70.482	0.25	0	1	35241
70.5	0.25	1	2	35250
70.516	0.25	1	2	35258
70.532	0.25	0	1	35266
70.55	0.25	0	1	35275
70.566	0.25	1	2	35283
70.582	0.25	1	2	35291
70.6	0.25	0	1	35300
70.616	0.25	0	1	35308
70.632	0.25	1	2	35316
70.65	0.25	1	2	35325
70.666	0.25	1	2	35333
70.682	0.25	1	2	35341
70.7	0.25	0	1	35350
70.716	0.25	0	1	35358
70.732	0.25	1	2	35366
70.75	0.25	1	2	35375
70.766	0.25	0	1	35383
70.782	0.25	0	1	35391
70.8	0.25	0	1	35400
70.816	0.25	0	1	35408
70.832	0.25	0	1	35416
70.85	0.25	0	1	35425
70.866	0.25	1	2	35433
70.882	0.25	1	2	35441
70.9	0.25	0	1	35450
70.916	0.25	0	1	35458
70.932	0.25	0	1	35466
70.95	0.25	0	1	35475
70.966	0.25	0	1	35483
70.982	0.25	0	1	35491
71.0	0.25	1	2	35500
71.016	0.25	1	2	35508
71.032	0.25	1	2	35516
71.05	0.25	1	2	35525
71.066	0.25	1	2	35533
71.082	0.25	1	2	35541
71.1	0.25	0	1	35550
71.116	0.25	0	1	35558
71.132	0.25	1	2	35566
71.15	0.25	1	2	35575
71.166	0.25	0	1	35583
71.182	0.25	0	1	35591
71.2	0.25	1	2	35600
71.216	0.25	1	2	35608
71.232	0.25	1	2	35616
71.25	0.25	1	2	35625
71.266	0.25	1	2	35633
71.282	0.25	1	2	35641
71.3	0.25	1	2	35650
71.316	0.25	1	2	35658
71.332	0.25	1	2	35666
71.35	0.25	1	2	35675
71.366	0.25	0	1	35683
71.382	0.25	0	1	35691
71.4	0.25	0	1	35700
71.416	0.25	0	1	35708
71.432	0.25	1	2	35716
71.45	0.25	1	2	35725
71.466	0.25	0	1	35733
71.482	0.25	0	1	35741
71.5	0.25	0	1	35750
71.516	0.25	0	1	35758
71.532	0.25	0	1	35766
71.55	0.25	0	1	35775
71.566	0.25	1	2	35783
71.582	0.25	1	2	35791
71.6	0.25	1	2	35800
73.082	0.25	1	2	36541
73.1	0.25	1	2	36550
73.116	0.25	1	2	36558
73.132	0.25	1	2	36566
73.15	0.25	1	2	36575
73.166	0.25	1	2	36583
73.182	0.25	1	2	36591
73.2	0.25	1	2	36600
73.216	0.25	1	2	36608
73.232	0.25	1	2	36616
73.25	0.25	1	2	36625
73.266	0.25	1	2	36633
73.282	0.25	1	2	36641
73.3	0.25	1	2	36650
73.316	0.25	0	1	36658
73.332	0.25	0	1	36666
73.35	0.25	0	1	36675
73.366	0.25	0	1	36683
73.382	0.25	1	2	36691
73.4	0.25	1	2	36700
73.416	0.25	1	2	36708
73.432	0.25	1	2	36716
73.45	0.25	0	1	36725
73.466	0.25	0	1	36733
73.482	0.25	0	1	36741
73.5	0.25	0	1	36750
73.516	0.25	1	2	36758
73.532	0.25	1	2	36766
73.55	0.25	1	2	36775
73.566	0.25	1	2	36783
73.582	0.25	0	1	36791
73.6	0.25	0	1	36800
73.616	0.25	0	1	36808
73.632	0.25	0	1	36816
73.65	0.25	1	2	36825
73.666	0.25	1	2	36833
73.682	0.25	0	1	36841
73.7	0.25	0	1	36850
73.716	0.25	1	2	36858
73.732	0.25	1	2	36866
73.75	0.25	1	2	36875
73.766	0.25	1	2	36883
73.782	0.25	0	1	36891
73.8	0.25	0	1	36900
73.816	0.25	1	2	36908
73.832	0.25	1	2	36916
73.85	0.25	0	1	36925
73.866	0.25	0	1	36933
73.882	0.25	0	1	36941
73.9	0.25	0	1	36950
73.916	0.25	1	2	36958
73.932	0.25	1	2	36966
73.95	0.25	0	1	36975
73.966	0.25	0	1	36983
73.982	0.25	1	2	36991
74.0	0.25	1	2	37000
74.016	0.25	1	2	37008
74.032	0.25	1	2	37016
74.05	0.25	1	2	37025
74.066	0.25	1	2	37033
74.082	0.25	0	1	37041
74.1	0.25	0	1	37050
74.116	0.25	0	1	37058
74.132	0.25	0	1	37066
74.15	0.25	0	1	37075
74.166	0.25	0	1	37083
74.182	0.25	1	2	37091
74.2	0.25	1	2	37100
74.216	0.25	0	1	37108
74.232	0.25	0	1	37116
74.25	0.25	1	2	37125
74.266	0.25	1	2	37133
74.282	0.25	1	2	37141
74.3	0.25	1	2	37150
74.316	0.25	1	2	37158
74.332	0.25	1	2	37166
74.35	0.25	0	1	37175
74.366	0.25	0	1	37183
74.382	0.25	0	1	37191
74.4	0.25	0	1	37200
74.416	0.25	1	2	37208
74.432	0.25	1	2	37216
74.45	0.25	0	1	37225
74.466	0.25	0	1	37233
74.482	0.25	1	2	37241
74.5	0.25	1	2	37250
74.516	0.25	0	1	37258
74.532	0.25	0	1	37266
74.55	0.25	0	1	37275
74.566	0.25	0	1	37283
74.582	0.25	0	1	37291
74.6	0.25	0	1	37300
74.616	0.25	1	2	37308
74.632	0.25	1	2	37316
74.65	0.25	1	2	37325
74.666	0.25	1	2	37333
74.682	0.25	0	1	37341
74.7	0.25	0	1	37350
74.716	0.25	1	2	37358
74.732	0.25	1	2	37366
74.75	0.25	0	1	37375
74.766	0.25	0	1	37383
74.782	0.25	0	1	37391
74.8	0.25	0	1	37400
74.816	0.25	0	1	37408
74.832	0.25	0	1	37416
74.85	0.25	1	2	37425
74.866	0.25	1	2	37433
74.882	0.25	0	1	37441
74.9	0.25	0	1	37450
74.916	0.25	1	2	37458
74.932	0.25	1	2	37466
74.95	0.25	0	1	37475
74.966	0.25	0	1	37483
74.982	0.25	0	1	37491
75.0	0.25	0	1	37500
75.016	0.25	1	2	37508
77.15	0.25	1	2	38575
77.166	0.25	1	2	38583
77.182	0.25	1	2	38591
77.2	0.25	1	2	38600
77.216	0.25	1	2	38608
77.232	0.25	1	2	38616
77.25	0.25	1	2	38625
77.266	0.25	1	2	38633
77.282	0.25	1	2	38641
77.3	0.25	1	2	38650
77.316	0.25	1	2	38658
77.332	0.25	1	2	38666
77.35	0.25	1	2	38675
77.366	0.25	1	2	38683
77.382	0.25	0	1	38691
77.4	0.25	0	1	38700
77.416	0.25	0	1	38708
77.432	0.25	0	1	38716
77.45	0.25	1	2	38725
77.466	0.25	1	2	38733
77.482	0.25	1	2	38741
77.5	0.25	1	2	38750
77.516	0.25	0	1	38758
77.532	0.25	0	1	38766
77.55	0.25	0	1	38775
77.566	0.25	0	1	38783
77.582	0.25	1	2	38791
77.6	0.25	1	2	38800
77.616	0.25	1	2	38808
77.632	0.25	1	2	38816
77.65	0.25	0	1	38825
77.666	0.25	0	1	38833
77.682	0.25	0	1	38841
77.7	0.25	0	1	38850
77.716	0.25	1	2	38858
77.732	0.25	1	2	38866
77.75	0.25	0	1	38875
77.766	0.25	0	1	38883
77.782	0.25	1	2	38891
77.8	0.25	1	2	38900
77.816	0.25	1	2	38908
77.832	0.25	1	2	38916
77.85	0.25	0	1	38925
77.866	0.25	0	1	38933
77.882	0.25	1	2	38941
77.9	0.25	1	2	38950
77.916	0.25	0	1	38958
77.932	0.25	0	1	38966
77.95	0.25	0	1	38975
77.966	0.25	0	1	38983
77.982	0.25	1	2	38991
78.0	0.25	1	2	39000
78.016	0.25	0	1	39008
78.032	0.25	0	1	39016
78.05	0.25	1	2	39025
78.066	0.25	1	2	39033
78.082	0.25	1	2	39041
78.1	0.25	1	2	39050
78.116	0.25	1	2	39058
78.132	0.25	1	2	39066
78.15	0.25	0	1	39075
78.166	0.25	0	1	39083
78.182	0.25	0	1	39091
78.2	0.25	0	1	39100
78.216	0.25	0	1	39108
78.232	0.25	0	1	39116
78.25	0.25	1	2	39125
78.266	0.25	1	2	39133
78.282	0.25	0	1	39141
78.3	0.25	0	1	39150
78.316	0.25	1	2	39158
78.332	0.25	1	2	39166
78.35	0.25	1	2	39175
78.366	0.25	1	2	39183
78.382	0.25	1	2	39191
78.4	0.25	1	2	39200
78.416	0.25	0	1	39208
78.432	0.25	0	1	39216
78.45	0.25	0	1	39225
78.466	0.25	0	1	39233
78.482	0.25	1	2	39241
78.5	0.25	1	2	39250
78.516	0.25	0	1	39258
78.532	0.25	0	1	39266
78.55	0.25	1	2	39275
78.566	0.25	1	2	39283
78.582	0.25	0	1	39291
78.6	0.25	0	1	39300
78.616	0.25	0	1	39308
78.632	0.25	0	1	39316
78.65	0.25	0	1	39325
78.666	0.25	0	1	39333
78.682	0.25	1	2	39341
78.7	0.25	1	2	39350
78.716	0.25	1	2	39358
78.732	0.25	1	2	39366
78.75	0.25	0	1	39375
78.766	0.25	0	1	39383
78.782	0.25	1	2	39391
78.8	0.25	1	2	39400
78.816	0.25	0	1	39408
78.832	0.25	0	1	39416
78.85	0.25	0	1	39425
78.866	0.25	0	1	39433
78.882	0.25	0	1	39441
78.9	0.25	0	1	39450
78.916	0.25	1	2	39458
78.932	0.25	1	2	39466
78.95	0.25	0	1	39475
78.966	0.25	0	1	39483
78.982	0.25	1	2	39491
79.0	0.25	1	2	39500
79.016	0.25	0	1	39508
79.032	0.25	0	1	39516
79.05	0.25	0	1	39525
79.066	0.25	0	1	39533
79.082	0.25	1	2	39541
80.566	0.25	1	2	40283
80.582	0.25	1	2	40291
80.6	0.25	1	2	40300
80.616	0.25	1	2	40308
80.632	0.25	0	1	40316
80.65	0.25	0	1	40325
80.666	0.25	1	2	40333
80.682	0.25	1	2	40341
80.7	0.25	1	2	40350
80.716	0.25	1	2	40358
80.732	0.25	0	1	40366
80.75	0.25	0	1	40375
80.766	0.25	1	2	40383
80.782	0.25	1	2	40391
80.8	0.25	1	2	40400
80.816	0.25	1	2	40408
80.832	0.25	0	1	40416
80.85	0.25	0	1	40425
80.866	0.25	1	2	40433
80.882	0.25	1	2	40441
80.9	0.25	1	2	40450
80.916	0.25	1	2	40458
80.932	0.25	0	1	40466
80.95	0.25	0	1	40475
80.966	0.25	0	1	40483
80.982	0.25	0	1	40491
81.0	0.25	0	1	40500
81.016	0.25	0	1	40508
81.032	0.25	1	2	40516
81.05	0.25	1	2	40525
81.066	0.25	1	2	40533
81.082	0.25	1	2	40541
81.1	0.25	1	2	40550
81.116	0.25	1	2	40558
81.132	0.25	0	1	40566
81.15	0.25	0	1	40575
81.166	0.25	0	1	40583
81.182	0.25	0	1	40591
81.2	0.25	0	1	40600
81.216	0.25	0	1	40608
81.232	0.25	1	2	40616
81.25	0.25	1	2	40625
81.266	0.25	1	2	40633
81.282	0.25	1	2	40641
81.3	0.25	1	2	40650
81.316	0.25	1	2	40658
81.332	0.25	1	2	40666
81.35	0.25	1	2	40675
81.366	0.25	1	2	40683
81.382	0.25	1	2	40691
81.4	0.25	0	1	40700
81.416	0.25	0	1	40708
81.432	0.25	0	1	40716
81.45	0.25	0	1	40725
81.466	0.25	1	2	40733
81.482	0.25	1	2	40741
81.5	0.25	0	1	40750
81.516	0.25	0	1	40758
81.532	0.25	1	2	40766
81.55	0.25	1	2	40775
81.566	0.25	0	1	40783
81.582	0.25	0	1	40791
81.6	0.25	0	1	40800
81.616	0.25	0	1	40808
81.632	0.25	1	2	40816
81.65	0.25	1	2	40825
81.666	0.25	1	2	40833
81.682	0.25	1	2	40841
81.7	0.25	0	1	40850
81.716	0.25	0	1	40858
81.732	0.25	0	1	40866
81.75	0.25	0	1	40875
81.766	0.25	0	1	40883
81.782	0.25	0	1	40891
81.8	0.25	0	1	40900
81.816	0.25	0	1	40908
81.832	0.25	1	2	40916
81.85	0.25	1	2	40925
81.866	0.25	0	1	40933
81.882	0.25	0	1	40941
81.9	0.25	0	1	40950
81.916	0.25	0	1	40958
81.932	0.25	0	1	40966
81.95	0.25	0	1	40975
81.966	0.25	0	1	40983
81.982	0.25	0	1	40991
82.0	0.25	1	2	41000
82.016	0.25	1	2	41008
82.032	0.25	1	2	41016
82.05	0.25	1	2	41025
82.066	0.25	1	2	41033
82.082	0.25	1	2	41041
82.1	0.25	1	2	41050
82.116	0.25	1	2	41058
82.132	0.25	1	2	41066
82.15	0.25	1	2	41075
82.166	0.25	1	2	41083
82.182	0.25	1	2	41091
82.2	0.25	0	1	41100
82.216	0.25	0	1	41108
82.232	0.25	1	2	41116
82.25	0.25	1	2	41125
82.266	0.25	0	1	41133
82.282	0.25	0	1	41141
82.3	0.25	1	2	41150
82.316	0.25	1	2	41158
82.332	0.25	0	1	41166
82.35	0.25	0	1	41175
82.366	0.25	0	1	41183
82.382	0.25	0	1	41191
82.4	0.25	1	2	41200
82.416	0.25	1	2	41208
82.432	0.25	1	2	41216
82.45	0.25	1	2	41225
82.466	0.25	0	1	41233
82.482	0.25	0	1	41241
82.5	0.25	0	1	41250
83.982	0.25	1	2	41991
84.0	0.25	1	2	42000
84.016	0.25	1	2	42008
84.032	0.25	1	2	42016
84.05	0.25	0	1	42025
84.066	0.25	0	1	42033
84.082	0.25	0	1	42041
84.1	0.25	0	1	42050
84.116	0.25	0	1	42058
84.132	0.25	0	1	42066
84.15	0.25	0	1	42075
84.166	0.25	0	1	42083
84.182	0.25	1	2	42091
84.2	0.25	1	2	42100
84.216	0.25	0	1	42108
84.232	0.25	0	1	42116
84.25	0.25	0	1	42125
84.266	0.25	0	1	42133
84.282	0.25	1	2	42141
84.3	0.25	1	2	42150
84.316	0.25	1	2	42158
84.332	0.25	1	2	42166
84.35	0.25	0	1	42175
84.366	0.25	0	1	42183
84.382	0.25	0	1	42191
84.4	0.25	0	1	42200
84.416	0.25	0	1	42208
84.432	0.25	0	1	42216
84.45	0.25	0	1	42225
84.466	0.25	0	1	42233
84.482	0.25	0	1	42241
84.5	0.25	0	1	42250
84.516	0.25	0	1	42258
84.532	0.25	0	1	42266
84.55	0.25	1	2	42275
84.566	0.25	1	2	42283
84.582	0.25	0	1	42291
84.6	0.25	0	1	42300
84.616	0.25	1	2	42308
84.632	0.25	1	2	42316
84.65	0.25	1	2	42325
84.666	0.25	1	2	42333
84.682	0.25	0	1	42341
84.7	0.25	0	1	42350
84.716	0.25	1	2	42358
84.732	0.25	1	2	42366
84.75	0.25	0	1	42375
84.766	0.25	0	1	42383
84.782	0.25	1	2	42391
84.8	0.25	1	2	42400
84.816	0.25	0	1	42408
84.832	0.25	0	1	42416
84.85	0.25	1	2	42425
84.866	0.25	1	2	42433
84.882	0.25	0	1	42441
84.9	0.25	0	1	42450
84.916	0.25	0	1	42458
84.932	0.25	0	1	42466
84.95	0.25	0	1	42475
84.966	0.25	0	1	42483
84.982	0.25	1	2	42491
85.0	0.25	1	2	42500
85.016	0.25	1	2	42508
85.032	0.25	1	2	42516
85.05	0.25	1	2	42525
85.066	0.25	1	2	42533
85.082	0.25	0	1	42541
85.1	0.25	0	1	42550
85.116	0.25	1	2	42558
85.132	0.25	1	2	42566
85.15	0.25	1	2	42575
85.166	0.25	1	2	42583
85.182	0.25	1	2	42591
85.2	0.25	1	2	42600
85.216	0.25	0	1	42608
85.232	0.25	0	1	42616
85.25	0.25	1	2	42625
85.266	0.25	1	2	42633
85.282	0.25	0	1	42641
85.3	0.25	0	1	42650
85.316	0.25	1	2	42658
85.332	0.25	1	2	42666
85.35	0.25	1	2	42675
85.366	0.25	1	2	42683
85.382	0.25	0	1	42691
85.4	0.25	0	1	42700
85.416	0.25	0	1	42708
85.432	0.25	0	1	42716
85.45	0.25	0	1	42725
85.466	0.25	0	1	42733
85.482	0.25	1	2	42741
85.5	0.25	1	2	42750
85.516	0.25	1	2	42758
85.532	0.25	1	2	42766
85.55	0.25	0	1	42775
85.566	0.25	0	1	42783
85.582	0.25	1	2	42791
85.6	0.25	1	2	42800
85.616	0.25	1	2	42808
85.632	0.25	1	2	42816
85.65	0.25	1	2	42825
85.666	0.25	1	2	42833
85.682	0.25	0	1	42841
85.7	0.25	0	1	42850
85.716	0.25	0	1	42858
85.732	0.25	0	1	42866
85.75	0.25	0	1	42875
85.766	0.25	0	1	42883
85.782	0.25	0	1	42891
85.8	0.25	0	1	42900
85.816	0.25	0	1	42908
85.832	0.25	0	1	42916
85.85	0.25	1	2	42925
85.866	0.25	1	2	42933
85.882	0.25	1	2	42941
85.9	0.25	1	2	42950
85.916	0.25	1	2	42958
87.4	0.25	0	1	43700
87.416	0.25	0	1	43708
87.432	0.25	0	1	43716
87.45	0.25	0	1	43725
87.466	0.25	1	2	43733
87.482	0.25	1	2	43741
87.5	0.25	1	2	43750
87.516	0.25	1	2	43758
87.532	0.25	0	1	43766
87.55	0.25	0	1	43775
87.566	0.25	0	1	43783
87.582	0.25	0	1	43791
87.6	0.25	0	1	43800
87.616	0.25	0	1	43808
87.632	0.25	0	1	43816
87.65	0.25	0	1	43825
87.666	0.25	1	2	43833
87.682	0.25	1	2	43841
87.7	0.25	1	2	43850
87.716	0.25	1	2	43858
87.732	0.25	1	2	43866
87.75	0.25	1	2	43875
87.766	0.25	1	2	43883
87.782	0.25	1	2	43891
87.8	0.25	1	2	43900
87.816	0.25	1	2	43908
87.832	0.25	0	1	43916
87.85	0.25	0	1	43925
87.866	0.25	0	1	43933
87.882	0.25	0	1	43941
87.9	0.25	0	1	43950
87.916	0.25	0	1	43958
87.932	0.25	0	1	43966
87.95	0.25	0	1	43975
87.966	0.25	0	1	43983
87.982	0.25	0	1	43991
88.0	0.25	0	1	44000
88.016	0.25	0	1	44008
88.032	0.25	1	2	44016
88.05	0.25	1	2	44025
88.066	0.25	1	2	44033
88.082	0.25	1	2	44041
88.1	0.25	0	1	44050
88.116	0.25	0	1	44058
88.132	0.25	0	1	44066
88.15	0.25	0	1	44075
88.166	0.25	1	2	44083
88.182	0.25	1	2	44091
88.2	0.25	0	1	44100
88.216	0.25	0	1	44108
88.232	0.25	1	2	44116
88.25	0.25	1	2	44125
88.266	0.25	0	1	44133
88.282	0.25	0	1	44141
88.3	0.25	1	2	44150
88.316	0.25	1	2	44158
88.332	0.25	0	1	44166
88.35	0.25	0	1	44175
88.366	0.25	1	2	44183
88.382	0.25	1	2	44191
88.4	0.25	1	2	44200
88.416	0.25	1	2	44208
88.432	0.25	0	1	44216
88.45	0.25	0	1	44225
88.466	0.25	1	2	44233
88.482	0.25	1	2	44241
88.5	0.25	0	1	44250
88.516	0.25	0	1	44258
88.532	0.25	0	1	44266
88.55	0.25	0	1	44275
88.566	0.25	0	1	44283
88.582	0.25	0	1	44291
88.6	0.25	1	2	44300
88.616	0.25	1	2	44308
88.632	0.25	0	1	44316
88.65	0.25	0	1	44325
88.666	0.25	0	1	44333
88.682	0.25	0	1	44341
88.7	0.25	0	1	44350
88.716	0.25	0	1	44358
88.732	0.25	1	2	44366
88.75	0.25	1	2	44375
88.766	0.25	1	2	44383
88.782	0.25	1	2	44391
88.8	0.25	1	2	44400
88.816	0.25	1	2	44408
88.832	0.25	0	1	44416
88.85	0.25	0	1	44425
88.866	0.25	1	2	44433
88.882	0.25	1	2	44441
88.9	0.25	0	1	44450
88.916	0.25	0	1	44458
88.932	0.25	1	2	44466
88.95	0.25	1	2	44475
88.966	0.25	1	2	44483
88.982	0.25	1	2	44491
89.0	0.25	1	2	44500
89.016	0.25	1	2	44508
89.032	0.25	1	2	44516
89.05	0.25	1	2	44525
89.066	0.25	1	2	44533
89.082	0.25	1	2	44541
89.1	0.25	0	1	44550
89.116	0.25	0	1	44558
89.132	0.25	0	1	44566
89.15	0.25	0	1	44575
89.166	0.25	1	2	44583
89.182	0.25	1	2	44591
89.2	0.25	0	1	44600
89.216	0.25	0	1	44608
89.232	0.25	0	1	44616
89.25	0.25	0	1	44625
89.266	0.25	0	1	44633
89.282	0.25	0	1	44641
89.3	0.25	1	2	44650
89.316	0.25	1	2	44658
89.332	0.25	1	2	44666
91.65	0.25	0	1	45825
91.666	0.25	0	1	45833
91.682	0.25	0	1	45841
91.7	0.25	0	1	45850
91.716	0.25	1	2	45858
91.732	0.25	1	2	45866
91.75	0.25	1	2	45875
91.766	0.25	1	2	45883
91.782	0.25	0	1	45891
91.8	0.25	0	1	45900
91.816	0.25	0	1	45908
91.832	0.25	0	1	45916
91.85	0.25	0	1	45925
91.866	0.25	0	1	45933
91.882	0.25	0	1	45941
91.9	0.25	0	1	45950
91.916	0.25	1	2	45958
91.932	0.25	1	2	45966
91.95	0.25	1	2	45975
91.966	0.25	1	2	45983
91.982	0.25	1	2	45991
92.0	0.25	1	2	46000
92.016	0.25	1	2	46008
92.032	0.25	1	2	46016
92.05	0.25	1	2	46025
92.066	0.25	1	2	46033
92.082	0.25	0	1	46041
92.1	0.25	0	1	46050
92.116	0.25	0	1	46058
92.132	0.25	0	1	46066
92.15	0.25	0	1	46075
92.166	0.25	0	1	46083
92.182	0.25	0	1	46091
92.2	0.25	0	1	46100
92.216	0.25	0	1	46108
92.232	0.25	0	1	46116
92.25	0.25	0	1	46125
92.266	0.25	0	1	46133
92.282	0.25	1	2	46141
92.3	0.25	1	2	46150
92.316	0.25	1	2	46158
92.332	0.25	1	2	46166
92.35	0.25	0	1	46175
92.366	0.25	0	1	46183
92.382	0.25	0	1	46191
92.4	0.25	0	1	46200
92.416	0.25	1	2	46208
92.432	0.25	1	2	46216
92.45	0.25	0	1	46225
92.466	0.25	0	1	46233
92.482	0.25	1	2	46241
92.5	0.25	1	2	46250
92.516	0.25	0	1	46258
92.532	0.25	0	1	46266
92.55	0.25	1	2	46275
92.566	0.25	1	2	46283
92.582	0.25	0	1	46291
92.6	0.25	0	1	46300
92.616	0.25	1	2	46308
92.632	0.25	1	2	46316
92.65	0.25	1	2	46325
92.666	0.25	1	2	46333
92.682	0.25	0	1	46341
92.7	0.25	0	1	46350
92.716	0.25	1	2	46358
92.732	0.25	1	2	46366
92.75	0.25	0	1	46375
92.766	0.25	0	1	46383
92.782	0.25	0	1	46391
92.8	0.25	0	1	46400
92.816	0.25	0	1	46408
92.832	0.25	0	1	46416
92.85	0.25	1	2	46425
92.866	0.25	1	2	46433
92.882	0.25	0	1	46441
92.9	0.25	0	1	46450
92.916	0.25	0	1	46458
92.932	0.25	0	1	46466
92.95	0.25	0	1	46475
92.966	0.25	0	1	46483
92.982	0.25	1	2	46491
93.0	0.25	1	2	46500
93.016	0.25	1	2	46508
93.032	0.25	1	2	46516
93.05	0.25	1	2	46525
93.066	0.25	1	2	46533
93.082	0.25	0	1	46541
93.1	0.25	0	1	46550
93.116	0.25	1	2	46558
93.132	0.25	1	2	46566
93.15	0.25	0	1	46575
93.166	0.25	0	1	46583
93.182	0.25	1	2	46591
93.2	0.25	1	2	46600
93.216	0.25	1	2	46608
93.232	0.25	1	2	46616
93.25	0.25	1	2	46625
93.266	0.25	1	2	46633
93.282	0.25	1	2	46641
93.3	0.25	1	2	46650
93.316	0.25	1	2	46658
93.332	0.25	1	2	46666
93.35	0.25	0	1	46675
93.366	0.25	0	1	46683
93.382	0.25	0	1	46691
93.4	0.25	0	1	46700
93.416	0.25	1	2	46708
93.432	0.25	1	2	46716
93.45	0.25	0	1	46725
93.466	0.25	0	1	46733
93.482	0.25	0	1	46741
93.5	0.25	0	1	46750
93.516	0.25	0	1	46758
93.532	0.25	0	1	46766
93.55	0.25	1	2	46775
93.566	0.25	1	2	46783
93.582	0.25	1	2	46791
95.066	0.25	1	2	47533
95.082	0.25	1	2	47541
95.1	0.25	1	2	47550
95.116	0.25	1	2	47558
95.132	0.25	0	1	47566
95.15	0.25	0	1	47575
95.166	0.25	1	2	47583
95.182	0.25	1	2	47591
95.2	0.25	1	2	47600
95.216	0.25	1	2	47608
95.232	0.25	0	1	47616
95.25	0.25	0	1	47625
95.266	0.25	1	2	47633
95.282	0.25	1	2	47641
95.3	0.25	1	2	47650
95.316	0.25	1	2	47658
95.332	0.25	0	1	47666
95.35	0.25	0	1	47675
95.366	0.25	1	2	47683
95.382	0.25	1	2	47691
95.4	0.25	1	2	47700
95.416	0.25	1	2	47708
95.432	0.25	0	1	47716
95.45	0.25	0	1	47725
95.466	0.25	0	1	47733
95.482	0.25	0	1	47741
95.5	0.25	0	1	47750
95.516	0.25	0	1	47758
95.532	0.25	1	2	47766
95.55	0.25	1	2	47775
95.566	0.25	1	2	47783
95.582	0.25	1	2	47791
95.6	0.25	1	2	47800
95.616	0.25	1	2	47808
95.632	0.25	0	1	47816
95.65	0.25	0	1	47825
95.666	0.25	0	1	47833
95.682	0.25	0	1	47841
95.7	0.25	0	1	47850
95.716	0.25	0	1	47858
95.732	0.25	1	2	47866
95.75	0.25	1	2	47875
95.766	0.25	1	2	47883
95.782	0.25	1	2	47891
95.8	0.25	1	2	47900
95.816	0.25	1	2	47908
95.832	0.25	1	2	47916
95.85	0.25	1	2	47925
95.866	0.25	1	2	47933
95.882	0.25	1	2	47941
95.9	0.25	0	1	47950
95.916	0.25	0	1	47958
95.932	0.25	0	1	47966
95.95	0.25	0	1	47975
95.966	0.25	1	2	47983
95.982	0.25	1	2	47991
96.0	0.25	0	1	48000
96.016	0.25	0	1	48008
96.032	0.25	1	2	48016
96.05	0.25	1	2	48025
96.066	0.25	0	1	48033
96.082	0.25	0	1	48041
96.1	0.25	0	1	48050
96.116	0.25	0	1	48058
96.132	0.25	1	2	48066
96.15	0.25	1	2	48075
96.166	0.25	1	2	48083
96.182	0.25	1	2	48091
96.2	0.25	0	1	48100
96.216	0.25	0	1	48108
96.232	0.25	0	1	48116
96.25	0.25	0	1	48125
96.266	0.25	0	1	48133
96.282	0.25	0	1	48141
96.3	0.25	0	1	48150
96.316	0.25	0	1	48158
96.332	0.25	1	2	48166
96.35	0.25	1	2	48175
96.366	0.25	0	1	48183
96.382	0.25	0	1	48191
96.4	0.25	0	1	48200
96.416	0.25	0	1	48208
96.432	0.25	0	1	48216
96.45	0.25	0	1	48225
96.466	0.25	0	1	48233
96.482	0.25	0	1	48241
96.5	0.25	1	2	48250
96.516	0.25	1	2	48258
96.532	0.25	1	2	48266
96.55	0.25	1	2	48275
96.566	0.25	1	2	48283
96.582	0.25	1	2	48291
96.6	0.25	1	2	48300
96.616	0.25	1	2	48308
96.632	0.25	1	2	48316
96.65	0.25	1	2	48325
96.666	0.25	1	2	48333
96.682	0.25	1	2	48341
96.7	0.25	0	1	48350
96.716	0.25	0	1	48358
96.732	0.25	1	2	48366
96.75	0.25	1	2	48375
96.766	0.25	0	1	48383
96.782	0.25	0	1	48391
96.8	0.25	1	2	48400
96.816	0.25	1	2	48408
96.832	0.25	0	1	48416
96.85	0.25	0	1	48425
96.866	0.25	0	1	48433
96.882	0.25	0	1	48441
96.9	0.25	1	2	48450
96.916	0.25	1	2	48458
96.932	0.25	1	2	48466
96.95	0.25	1	2	48475
96.966	0.25	0	1	48483
96.982	0.25	0	1	48491
97.0	0.25	0	1	48500
98.482	0.25	1	2	49241
98.5	0.25	1	2	49250
98.516	0.25	1	2	49258
98.532	0.25	1	2	49266
98.55	0.25	1	2	49275
98.566	0.25	1	2	49283
98.582	0.25	1	2	49291
98.6	0.25	1	2	49300
98.616	0.25	1	2	49308
98.632	0.25	1	2	49316
98.65	0.25	1	2	49325
98.666	0.25	1	2	49333
98.682	0.25	1	2	49341
98.7	0.25	1	2	49350
98.716	0.25	0	1	49358
98.732	0.25	0	1	49366
98.75	0.25	0	1	49375
98.766	0.25	0	1	49383
98.782	0.25	1	2	49391
98.8	0.25	1	2	49400
98.816	0.25	1	2	49408
98.832	0.25	1	2	49416
98.85	0.25	0	1	49425
98.866	0.25	0	1	49433
98.882	0.25	0	1	49441
98.9	0.25	0	1	49450
98.916	0.25	1	2	49458
98.932	0.25	1	2	49466
98.95	0.25	1	2	49475
98.966	0.25	1	2	49483
98.982	0.25	0	1	49491
99.0	0.25	0	1	49500
99.016	0.25	0	1	49508
99.032	0.25	0	1	49516
99.05	0.25	1	2	49525
99.066	0.25	1	2	49533
99.082	0.25	0	1	49541
99.1	0.25	0	1	49550
99.116	0.25	1	2	49558
99.132	0.25	1	2	49566
99.15	0.25	1	2	49575
99.166	0.25	1	2	49583
99.182	0.25	0	1	49591
99.2	0.25	0	1	49600
99.216	0.25	1	2	49608
99.232	0.25	1	2	49616
99.25	0.25	0	1	49625
99.266	0.25	0	1	49633
99.282	0.25	0	1	49641
99.3	0.25	0	1	49650
99.316	0.25	1	2	49658
99.332	0.25	1	2	49666
99.35	0.25	0	1	49675
99.366	0.25	0	1	49683
99.382	0.25	1	2	49691
99.4	0.25	1	2	49700
99.416	0.25	1	2	49708
99.432	0.25	1	2	49716
99.45	0.25	1	2	49725
99.466	0.25	1	2	49733
99.482	0.25	0	1	49741
99.5	0.25	0	1	49750
99.516	0.25	0	1	49758
99.532	0.25	0	1	49766
99.55	0.25	0	1	49775
99.566	0.25	0	1	49783
99.582	0.25	1	2	49791
99.6	0.25	1	2	49800
99.616	0.25	0	1	49808
99.632	0.25	0	1	49816
99.65	0.25	1	2	49825
99.666	0.25	1	2	49833
99.682	0.25	1	2	49841
99.7	0.25	1	2	49850
99.716	0.25	1	2	49858
99.732	0.25	1	2	49866
99.75	0.25	0	1	49875
99.766	0.25	0	1	49883
99.782	0.25	0	1	49891
99.8	0.25	0	1	49900
99.816	0.25	1	2	49908
99.832	0.25	1	2	49916
99.85	0.25	0	1	49925
99.866	0.25	0	1	49933
99.882	0.25	1	2	49941
99.9	0.25	1	2	49950
99.916	0.25	0	1	49958
99.932	0.25	0	1	49966
99.95	0.25	0	1	49975
99.966	0.25	0	1	49983
99.982	0.25	0	1	49991
100.0	0.25	0	1	50000
100.016	0.25	1	2	50008
100.032	0.25	1	2	50016
100.05	0.25	1	2	50025
100.066	0.25	1	2	50033
100.082	0.25	0	1	50041
100.1	0.25	0	1	50050
100.116	0.25	1	2	50058
100.132	0.25	1	2	50066
100.15	0.25	0	1	50075
100.166	0.25	0	1	50083
100.182	0.25	0	1	50091
100.2	0.25	0	1	50100
100.216	0.25	0	1	50108
100.232	0.25	0	1	50116
100.25	0.25	1	2	50125
100.266	0.25	1	2	50133
100.282	0.25	0	1	50141
100.3	0.25	0	1	50150
100.316	0.25	1	2	50158
100.332	0.25	1	2	50166
100.35	0.25	0	1	50175
100.366	0.25	0	1	50183
100.382	0.25	0	1	50191
100.4	0.25	0	1	50200
100.416	0.25	1	2	50208
101.9	0.25	1	2	50950
101.916	0.25	1	2	50958
101.932	0.25	1	2	50966
101.95	0.25	1	2	50975
101.966	0.25	0	1	50983
101.982	0.25	0	1	50991
102.0	0.25	0	1	51000
102.016	0.25	0	1	51008
102.032	0.25	0	1	51016
102.05	0.25	0	1	51025
102.066	0.25	0	1	51033
102.082	0.25	0	1	51041
102.1	0.25	1	2	51050
102.116	0.25	1	2	51058
102.132	0.25	0	1	51066
102.15	0.25	0	1	51075
102.166	0.25	0	1	51083
102.182	0.25	0	1	51091
102.2	0.25	1	2	51100
102.216	0.25	1	2	51108
102.232	0.25	1	2	51116
102.25	0.25	1	2	51125
102.266	0.25	0	1	51133
102.282	0.25	0	1	51141
102.3	0.25	0	1	51150
102.316	0.25	0	1	51158
102.332	0.25	0	1	51166
102.35	0.25	0	1	51175
102.366	0.25	0	1	51183
102.382	0.25	0	1	51191
102.4	0.25	0	1	51200
102.416	0.25	0	1	51208
102.432	0.25	0	1	51216
102.45	0.25	0	1	51225
102.466	0.25	1	2	51233
102.482	0.25	1	2	51241
102.5	0.25	0	1	51250
102.516	0.25	0	1	51258
102.532	0.25	1	2	51266
102.55	0.25	1	2	51275
102.566	0.25	1	2	51283
102.582	0.25	1	2	51291
102.6	0.25	0	1	51300
102.616	0.25	0	1	51308
102.632	0.25	1	2	51316
102.65	0.25	1	2	51325
102.666	0.25	0	1	51333
102.682	0.25	0	1	51341
102.7	0.25	1	2	51350
102.716	0.25	1	2	51358
102.732	0.25	0	1	51366
102.75	0.25	0	1	51375
102.766	0.25	1	2	51383
102.782	0.25	1	2	51391
102.8	0.25	0	1	51400
102.816	0.25	0	1	51408
102.832	0.25	0	1	51416
102.85	0.25	0	1	51425
102.866	0.25	0	1	51433
102.882	0.25	0	1	51441
102.9	0.25	1	2	51450
102.916	0.25	1	2	51458
102.932	0.25	1	2	51466
102.95	0.25	1	2	51475
102.966	0.25	1	2	51483
102.982	0.25	1	2	51491
103.0	0.25	0	1	51500
103.016	0.25	0	1	51508
103.032	0.25	1	2	51516
103.05	0.25	1	2	51525
103.066	0.25	1	2	51533
103.082	0.25	1	2	51541
103.1	0.25	1	2	51550
103.116	0.25	1	2	51558
103.132	0.25	0	1	51566
103.15	0.25	0	1	51575
103.166	0.25	1	2	51583
103.182	0.25	1	2	51591
103.2	0.25	0	1	51600
103.216	0.25	0	1	51608
103.232	0.25	1	2	51616
103.25	0.25	1	2	51625
103.266	0.25	1	2	51633
103.282	0.25	1	2	51641
103.3	0.25	0	1	51650
103.316	0.25	0	1	51658
103.332	0.25	0	1	51666
103.35	0.25	0	1	51675
103.366	0.25	0	1	51683
103.382	0.25	0	1	51691
103.4	0.25	1	2	51700
103.416	0.25	1	2	51708
103.432	0.25	1	2	51716
103.45	0.25	1	2	51725
103.466	0.25	0	1	51733
103.482	0.25	0	1	51741
103.5	0.25	1	2	51750
103.516	0.25	1	2	51758
103.532	0.25	1	2	51766
103.55	0.25	1	2	51775
103.566	0.25	1	2	51783
103.582	0.25	1	2	51791
103.6	0.25	0	1	51800
103.616	0.25	0	1	51808
103.632	0.25	0	1	51816
103.65	0.25	0	1	51825
103.666	0.25	0	1	51833
103.682	0.25	0	1	51841
103.7	0.25	0	1	51850
103.716	0.25	0	1	51858
103.732	0.25	0	1	51866
103.75	0.25	0	1	51875
103.766	0.25	1	2	51883
103.782	0.25	1	2	51891
103.8	0.25	1	2	51900
103.816	0.25	1	2	51908
103.832	0.25	1	2	51916
106.1	0.25	0	1	53050
106.116	0.25	0	1	53058
106.132	0.25	0	1	53066
106.15	0.25	0	1	53075
106.166	0.25	1	2	53083
106.182	0.25	1	2	53091
106.2	0.25	1	2	53100
106.216	0.25	1	2	53108
106.232	0.25	0	1	53116
106.25	0.25	0	1	53125
106.266	0.25	0	1	53133
106.282	0.25	0	1	53141
106.3	0.25	0	1	53150
106.316	0.25	0	1	53158
106.332	0.25	0	1	53166
106.35	0.25	0	1	53175
106.366	0.25	1	2	53183
106.382	0.25	1	2	53191
106.4	0.25	1	2	53200
106.416	0.25	1	2	53208
106.432	0.25	1	2	53216
106.45	0.25	1	2	53225
106.466	0.25	1	2	53233
106.482	0.25	1	2	53241
106.5	0.25	1	2	53250
106.516	0.25	1	2	53258
106.532	0.25	0	1	53266
106.55	0.25	0	1	53275
106.566	0.25	0	1	53283
106.582	0.25	0	1	53291
106.6	0.25	0	1	53300
106.616	0.25	0	1	53308
106.632	0.25	0	1	53316
106.65	0.25	0	1	53325
106.666	0.25	0	1	53333
106.682	0.25	0	1	53341
106.7	0.25	0	1	53350
106.716	0.25	0	1	53358
106.732	0.25	1	2	53366
106.75	0.25	1	2	53375
106.766	0.25	1	2	53383
106.782	0.25	1	2	53391
106.8	0.25	0	1	53400
106.816	0.25	0	1	53408
106.832	0.25	0	1	53416
106.85	0.25	0	1	53425
106.866	0.25	1	2	53433
106.882	0.25	1	2	53441
106.9	0.25	0	1	53450
106.916	0.25	0	1	53458
106.932	0.25	1	2	53466
106.95	0.25	1	2	53475
106.966	0.25	0	1	53483
106.982	0.25	0	1	53491
107.0	0.25	1	2	53500
107.016	0.25	1	2	53508
107.032	0.25	0	1	53516
107.05	0.25	0	1	53525
107.066	0.25	1	2	53533
107.082	0.25	1	2	53541
107.1	0.25	1	2	53550
107.116	0.25	1	2	53558
107.132	0.25	0	1	53566
107.15	0.25	0	1	53575
107.166	0.25	1	2	53583
107.182	0.25	1	2	53591
107.2	0.25	0	1	53600
107.216	0.25	0	1	53608
107.232	0.25	0	1	53616
107.25	0.25	0	1	53625
107.266	0.25	0	1	53633
107.282	0.25	0	1	53641
107.3	0.25	1	2	53650
107.316	0.25	1	2	53658
107.332	0.25	0	1	53666
107.35	0.25	0	1	53675
107.366	0.25	0	1	53683
107.382	0.25	0	1	53691
107.4	0.25	0	1	53700
107.416	0.25	0	1	53708
107.432	0.25	1	2	53716
107.45	0.25	1	2	53725
107.466	0.25	1	2	53733
107.482	0.25	1	2	53741
107.5	0.25	1	2	53750
107.516	0.25	1	2	53758
107.532	0.25	0	1	53766
107.55	0.25	0	1	53775
107.566	0.25	1	2	53783
107.582	0.25	1	2	53791
107.6	0.25	0	1	53800
107.616	0.25	0	1	53808
107.632	0.25	1	2	53816
107.65	0.25	1	2	53825
107.666	0.25	1	2	53833
107.682	0.25	1	2	53841
107.7	0.25	1	2	53850
107.716	0.25	1	2	53858
107.732	0.25	1	2	53866
107.75	0.25	1	2	53875
107.766	0.25	1	2	53883
107.782	0.25	1	2	53891
107.8	0.25	0	1	53900
107.816	0.25	0	1	53908
107.832	0.25	0	1	53916
107.85	0.25	0	1	53925
107.866	0.25	1	2	53933
107.882	0.25	1	2	53941
107.9	0.25	0	1	53950
107.916	0.25	0	1	53958
107.932	0.25	0	1	53966
107.95	0.25	0	1	53975
107.966	0.25	0	1	53983
107.982	0.25	0	1	53991
108.0	0.25	1	2	54000
108.016	0.25	1	2	54008
108.032	0.25	1	2	54016
109.516	0.25	1	2	54758
109.532	0.25	1	2	54766
109.55	0.25	1	2	54775
109.566	0.25	1	2	54783
109.582	0.25	0	1	54791
109.6	0.25	0	1	54800
109.616	0.25	0	1	54808
109.632	0.25	0	1	54816
109.65	0.25	0	1	54825
109.666	0.25	0	1	54833
109.682	0.25	0	1	54841
109.7	0.25	0	1	54850
109.716	0.25	1	2	54858
109.732	0.25	1	2	54866
109.75	0.25	0	1	54875
109.766	0.25	0	1	54883
109.782	0.25	0	1	54891
109.8	0.25	0	1	54900
109.816	0.25	1	2	54908
109.832	0.25	1	2	54916
109.85	0.25	1	2	54925
109.866	0.25	1	2	54933
109.882	0.25	0	1	54941
109.9	0.25	0	1	54950
109.916	0.25	0	1	54958
109.932	0.25	0	1	54966
109.95	0.25	0	1	54975
109.966	0.25	0	1	54983
109.982	0.25	0	1	54991
110.0	0.25	0	1	55000
110.016	0.25	0	1	55008
110.032	0.25	0	1	55016
110.05	0.25	0	1	55025
110.066	0.25	0	1	55033
110.082	0.25	1	2	55041
110.1	0.25	1	2	55050
110.116	0.25	0	1	55058
110.132	0.25	0	1	55066
110.15	0.25	1	2	55075
110.166	0.25	1	2	55083
110.182	0.25	1	2	55091
110.2	0.25	1	2	55100
110.216	0.25	0	1	55108
110.232	0.25	0	1	55116
110.25	0.25	1	2	55125
110.266	0.25	1	2	55133
110.282	0.25	0	1	55141
110.3	0.25	0	1	55150
110.316	0.25	1	2	55158
110.332	0.25	1	2	55166
110.35	0.25	0	1	55175
110.366	0.25	0	1	55183
110.382	0.25	1	2	55191
110.4	0.25	1	2	55200
110.416	0.25	0	1	55208
110.432	0.25	0	1	55216
110.45	0.25	0	1	55225
110.466	0.25	0	1	55233
110.482	0.25	0	1	55241
110.5	0.25	0	1	55250
110.516	0.25	1	2	55258
110.532	0.25	1	2	55266
110.55	0.25	1	2	55275
110.566	0.25	1	2	55283
110.582	0.25	1	2	55291
110.6	0.25	1	2	55300
110.616	0.25	0	1	55308
110.632	0.25	0	1	55316
110.65	0.25	1	2	55325
110.666	0.25	1	2	55333
110.682	0.25	1	2	55341
110.7	0.25	1	2	55350
110.716	0.25	1	2	55358
110.732	0.25	1	2	55366
110.75	0.25	0	1	55375
110.766	0.25	0	1	55383
110.782	0.25	1	2	55391
110.8	0.25	1	2	55400
110.816	0.25	0	1	55408
110.832	0.25	0	1	55416
110.85	0.25	1	2	55425
110.866	0.25	1	2	55433
110.882	0.25	1	2	55441
110.9	0.25	1	2	55450
110.916	0.25	0	1	55458
110.932	0.25	0	1	55466
110.95	0.25	0	1	55475
110.966	0.25	0	1	55483
110.982	0.25	0	1	55491
111.0	0.25	0	1	55500
111.016	0.25	1	2	55508
111.032	0.25	1	2	55516
111.05	0.25	1	2	55525
111.066	0.25	1	2	55533
111.082	0.25	0	1	55541
111.1	0.25	0	1	55550
111.116	0.25	1	2	55558
111.132	0.25	1	2	55566
111.15	0.25	1	2	55575
111.166	0.25	1	2	55583
111.182	0.25	1	2	55591
111.2	0.25	1	2	55600
111.216	0.25	0	1	55608
111.232	0.25	0	1	55616
111.25	0.25	0	1	55625
111.266	0.25	0	1	55633
111.282	0.25	0	1	55641
111.3	0.25	0	1	55650
111.316	0.25	0	1	55658
111.332	0.25	0	1	55666
111.35	0.25	0	1	55675
111.366	0.25	0	1	55683
111.382	0.25	1	2	55691
111.4	0.25	1	2	55700
111.416	0.25	1	2	55708
111.432	0.25	1	2	55716
111.45	0.25	1	2	55725
112.932	0.25	1	2	56466
112.95	0.25	1	2	56475
112.966	0.25	1	2	56483
112.982	0.25	1	2	56491
113.0	0.25	0	1	56500
113.016	0.25	0	1	56508
113.032	0.25	1	2	56516
113.05	0.25	1	2	56525
113.066	0.25	1	2	56533
113.082	0.25	1	2	56541
113.1	0.25	0	1	56550
113.116	0.25	0	1	56558
113.132	0.25	1	2	56566
113.15	0.25	1	2	56575
113.166	0.25	1	2	56583
113.182	0.25	1	2	56591
113.2	0.25	0	1	56600
113.216	0.25	0	1	56608
113.232	0.25	1	2	56616
113.25	0.25	1	2	56625
113.266	0.25	1	2	56633
113.282	0.25	1	2	56641
113.3	0.25	0	1	56650
113.316	0.25	0	1	56658
113.332	0.25	0	1	56666
113.35	0.25	0	1	56675
113.366	0.25	0	1	56683
113.382	0.25	0	1	56691
113.4	0.25	1	2	56700
113.416	0.25	1	2	56708
113.432	0.25	1	2	56716
113.45	0.25	1	2	56725
113.466	0.25	1	2	56733
113.482	0.25	1	2	56741
113.5	0.25	0	1	56750
113.516	0.25	0	1	56758
113.532	0.25	0	1	56766
113.55	0.25	0	1	56775
113.566	0.25	0	1	56783
113.582	0.25	0	1	56791
113.6	0.25	1	2	56800
113.616	0.25	1	2	56808
113.632	0.25	1	2	56816
113.65	0.25	1	2	56825
113.666	0.25	1	2	56833
113.682	0.25	1	2	56841
113.7	0.25	1	2	56850
113.716	0.25	1	2	56858
113.732	0.25	1	2	56866
113.75	0.25	1	2	56875
113.766	0.25	0	1	56883
113.782	0.25	0	1	56891
113.8	0.25	0	1	56900
113.816	0.25	0	1	56908
113.832	0.25	1	2	56916
113.85	0.25	1	2	56925
113.866	0.25	0	1	56933
113.882	0.25	0	1	56941
113.9	0.25	1	2	56950
113.916	0.25	1	2	56958
113.932	0.25	0	1	56966
113.95	0.25	0	1	56975
113.966	0.25	0	1	56983
113.982	0.25	0	1	56991
114.0	0.25	1	2	57000
114.016	0.25	1	2	57008
114.032	0.25	1	2	57016
114.05	0.25	1	2	57025
114.066	0.25	0	1	57033
114.082	0.25	0	1	57041
114.1	0.25	0	1	57050
114.116	0.25	0	1	57058
114.132	0.25	0	1	57066
114.15	0.25	0	1	57075
114.166	0.25	0	1	57083
114.182	0.25	0	1	57091
114.2	0.25	1	2	57100
114.216	0.25	1	2	57108
114.232	0.25	0	1	57116
114.25	0.25	0	1	57125
114.266	0.25	0	1	57133
114.282	0.25	0	1	57141
114.3	0.25	0	1	57150
114.316	0.25	0	1	57158
114.332	0.25	0	1	57166
114.35	0.25	0	1	57175
114.366	0.25	1	2	57183
114.382	0.25	1	2	57191
114.4	0.25	1	2	57200
114.416	0.25	1	2	57208
114.432	0.25	1	2	57216
114.45	0.25	1	2	57225
114.466	0.25	1	2	57233
114.482	0.25	1	2	57241
114.5	0.25	1	2	57250
114.516	0.25	1	2	57258
114.532	0.25	1	2	57266
114.55	0.25	1	2	57275
114.566	0.25	0	1	57283
114.582	0.25	0	1	57291
114.6	0.25	1	2	57300
114.616	0.25	1	2	57308
114.632	0.25	0	1	57316
114.65	0.25	0	1	57325
114.666	0.25	1	2	57333
114.682	0.25	1	2	57341
114.7	0.25	0	1	57350
114.716	0.25	0	1	57358
114.732	0.25	0	1	57366
114.75	0.25	0	1	57375
114.766	0.25	1	2	57383
114.782	0.25	1	2	57391
114.8	0.25	1	2	57400
114.816	0.25	1	2	57408
114.832	0.25	0	1	57416
114.85	0.25	0	1	57425
114.866	0.25	0	1	57433
116.35	0.25	1	2	58175
116.366	0.25	1	2	58183
116.382	0.25	1	2	58191
116.4	0.25	1	2	58200
116.416	0.25	1	2	58208
116.432	0.25	1	2	58216
116.45	0.25	1	2	58225
116.466	0.25	1	2	58233
116.482	0.25	1	2	58241
116.5	0.25	1	2	58250
116.516	0.25	1	2	58258
116.532	0.25	1	2	58266
116.55	0.25	1	2	58275
116.566	0.25	1	2	58283
116.582	0.25	0	1	58291
116.6	0.25	0	1	58300
116.616	0.25	0	1	58308
116.632	0.25	0	1	58316
116.65	0.25	1	2	58325
116.666	0.25	1	2	58333
116.682	0.25	1	2	58341
116.7	0.25	1	2	58350
116.716	0.25	0	1	58358
116.732	0.25	0	1	58366
116.75	0.25	0	1	58375
116.766	0.25	0	1	58383
116.782	0.25	1	2	58391
116.8	0.25	1	2	58400
116.816	0.25	1	2	58408
116.832	0.25	1	2	58416
116.85	0.25	0	1	58425
116.866	0.25	0	1	58433
116.882	0.25	0	1	58441
116.9	0.25	0	1	58450
116.916	0.25	1	2	58458
116.932	0.25	1	2	58466
116.95	0.25	0	1	58475
116.966	0.25	0	1	58483
116.982	0.25	1	2	58491
117.0	0.25	1	2	58500
117.016	0.25	1	2	58508
117.032	0.25	1	2	58516
117.05	0.25	0	1	58525
117.066	0.25	0	1	58533
117.082	0.25	1	2	58541
117.1	0.25	1	2	58550
117.116	0.25	0	1	58558
117.132	0.25	0	1	58566
117.15	0.25	0	1	58575
117.166	0.25	0	1	58583
117.182	0.25	1	2	58591
117.2	0.25	1	2	58600
117.216	0.25	0	1	58608
117.232	0.25	0	1	58616
117.25	0.25	1	2	58625
117.266	0.25	1	2	58633
117.282	0.25	1	2	58641
117.3	0.25	1	2	58650
117.316	0.25	1	2	58658
117.332	0.25	1	2	58666
117.35	0.25	0	1	58675
117.366	0.25	0	1	58683
117.382	0.25	0	1	58691
117.4	0.25	0	1	58700
117.416	0.25	0	1	58708
117.432	0.25	0	1	58716
117.45	0.25	1	2	58725
117.466	0.25	1	2	58733
117.482	0.25	0	1	58741
117.5	0.25	0	1	58750
117.516	0.25	1	2	58758
117.532	0.25	1	2	58766
117.55	0.25	1	2	58775
117.566	0.25	1	2	58783
117.582	0.25	1	2	58791
117.6	0.25	1	2	58800
117.616	0.25	0	1	58808
117.632	0.25	0	1	58816
117.65	0.25	0	1	58825
117.666	0.25	0	1	58833
117.682	0.25	1	2	58841
117.7	0.25	1	2	58850
117.716	0.25	0	1	58858
117.732	0.25	0	1	58866
117.75	0.25	1	2	58875
117.766	0.25	1	2	58883
117.782	0.25	0	1	58891
117.8	0.25	0	1	58900
117.816	0.25	0	1	58908
117.832	0.25	0	1	58916
117.85	0.25	0	1	58925
117.866	0.25	0	1	58933
117.882	0.25	1	2	58941
117.9	0.25	1	2	58950
117.916	0.25	1	2	58958
117.932	0.25	1	2	58966
117.95	0.25	0	1	58975
117.966	0.25	0	1	58983
117.982	0.25	1	2	58991
118.0	0.25	1	2	59000
118.016	0.25	0	1	59008
118.032	0.25	0	1	59016
118.05	0.25	0	1	59025
118.066	0.25	0	1	59033
118.082	0.25	0	1	59041
118.1	0.25	0	1	59050
118.116	0.25	1	2	59058
118.132	0.25	1	2	59066
118.15	0.25	0	1	59075
118.166	0.25	0	1	59083
118.182	0.25	1	2	59091
118.2	0.25	1	2	59100
118.216	0.25	0	1	59108
118.232	0.25	0	1	59116
118.25	0.25	0	1	59125
118.266	0.25	0	1	59133
118.282	0.25	1	2	59141
120.632	0.25	1	2	60316
120.65	0.25	1	2	60325
120.666	0.25	1	2	60333
120.682	0.25	1	2	60341
120.7	0.25	1	2	60350
120.716	0.25	1	2	60358
120.732	0.25	1	2	60366
120.75	0.25	1	2	60375
120.766	0.25	1	2	60383
120.782	0.25	1	2	60391
120.8	0.25	1	2	60400
120.816	0.25	1	2	60408
120.832	0.25	1	2	60416
120.85	0.25	1	2	60425
120.866	0.25	0	1	60433
120.882	0.25	0	1	60441
120.9	0.25	0	1	60450
120.916	0.25	0	1	60458
120.932	0.25	1	2	60466
120.95	0.25	1	2	60475
120.966	0.25	1	2	60483
120.982	0.25	1	2	60491
121.0	0.25	0	1	60500
121.016	0.25	0	1	60508
121.032	0.25	0	1	60516
121.05	0.25	0	1	60525
121.066	0.25	1	2	60533
121.082	0.25	1	2	60541
121.1	0.25	1	2	60550
121.116	0.25	1	2	60558
121.132	0.25	0	1	60566
121.15	0.25	0	1	60575
121.166	0.25	0	1	60583
121.182	0.25	0	1	60591
121.2	0.25	1	2	60600
121.216	0.25	1	2	60608
121.232	0.25	0	1	60616
121.25	0.25	0	1	60625
121.266	0.25	1	2	60633
121.282	0.25	1	2	60641
121.3	0.25	1	2	60650
121.316	0.25	1	2	60658
121.332	0.25	0	1	60666
121.35	0.25	0	1	60675
121.366	0.25	1	2	60683
121.382	0.25	1	2	60691
121.4	0.25	0	1	60700
121.416	0.25	0	1	60708
121.432	0.25	0	1	60716
121.45	0.25	0	1	60725
121.466	0.25	1	2	60733
121.482	0.25	1	2	60741
121.5	0.25	0	1	60750
121.516	0.25	0	1	60758
121.532	0.25	1	2	60766
121.55	0.25	1	2	60775
121.566	0.25	1	2	60783
121.582	0.25	1	2	60791
121.6	0.25	1	2	60800
121.616	0.25	1	2	60808
121.632	0.25	0	1	60816
121.65	0.25	0	1	60825
121.666	0.25	0	1	60833
121.682	0.25	0	1	60841
121.7	0.25	0	1	60850
121.716	0.25	0	1	60858
121.732	0.25	1	2	60866
121.75	0.25	1	2	60875
121.766	0.25	0	1	60883
121.782	0.25	0	1	60891
121.8	0.25	1	2	60900
121.816	0.25	1	2	60908
121.832	0.25	1	2	60916
121.85	0.25	1	2	60925
121.866	0.25	1	2	60933
121.882	0.25	1	2	60941
121.9	0.25	0	1	60950
121.916	0.25	0	1	60958
121.932	0.25	0	1	60966
121.95	0.25	0	1	60975
121.966	0.25	1	2	60983
121.982	0.25	1	2	60991
122.0	0.25	0	1	61000
122.016	0.25	0	1	61008
122.032	0.25	1	2	61016
122.05	0.25	1	2	61025
122.066	0.25	0	1	61033
122.082	0.25	0	1	61041
122.1	0.25	0	1	61050
122.116	0.25	0	1	61058
122.132	0.25	0	1	61066
122.15	0.25	0	1	61075
122.166	0.25	1	2	61083
122.182	0.25	1	2	61091
122.2	0.25	1	2	61100
122.216	0.25	1	2	61108
122.232	0.25	0	1	61116
122.25	0.25	0	1	61125
122.266	0.25	1	2	61133
122.282	0.25	1	2	61141
122.3	0.25	0	1	61150
122.316	0.25	0	1	61158
122.332	0.25	0	1	61166
122.35	0.25	0	1	61175
122.366	0.25	0	1	61183
122.382	0.25	0	1	61191
122.4	0.25	1	2	61200
122.416	0.25	1	2	61208
122.432	0.25	0	1	61216
122.45	0.25	0	1	61225
122.466	0.25	1	2	61233
122.482	0.25	1	2	61241
122.5	0.25	0	1	61250
122.516	0.25	0	1	61258
122.532	0.25	0	1	61266
122.55	0.25	0	1	61275
122.566	0.25	1	2	61283
124.05	0.25	0	1	62025
124.066	0.25	0	1	62033
124.082	0.25	0	1	62041
124.1	0.25	0	1	62050
124.116	0.25	1	2	62058
124.132	0.25	1	2	62066
124.15	0.25	1	2	62075
124.166	0.25	1	2	62083
124.182	0.25	0	1	62091
124.2	0.25	0	1	62100
124.216	0.25	0	1	62108
124.232	0.25	0	1	62116
124.25	0.25	0	1	62125
124.266	0.25	0	1	62133
124.282	0.25	0	1	62141
124.3	0.25	0	1	62150
124.316	0.25	1	2	62158
124.332	0.25	1	2	62166
124.35	0.25	1	2	62175
124.366	0.25	1	2	62183
124.382	0.25	1	2	62191
124.4	0.25	1	2	62200
124.416	0.25	1	2	62208
124.432	0.25	1	2	62216
124.45	0.25	1	2	62225
124.466	0.25	1	2	62233
124.482	0.25	0	1	62241
124.5	0.25	0	1	62250
124.516	0.25	0	1	62258
124.532	0.25	0	1	62266
124.55	0.25	0	1	62275
124.566	0.25	0	1	62283
124.582	0.25	0	1	62291
124.6	0.25	0	1	62300
124.616	0.25	0	1	62308
124.632	0.25	0	1	62316
124.65	0.25	0	1	62325
124.666	0.25	0	1	62333
124.682	0.25	1	2	62341
124.7	0.25	1	2	62350
124.716	0.25	1	2	62358
124.732	0.25	1	2	62366
124.75	0.25	0	1	62375
124.766	0.25	0	1	62383
124.782	0.25	0	1	62391
124.8	0.25	0	1	62400
124.816	0.25	1	2	62408
124.832	0.25	1	2	62416
124.85	0.25	0	1	62425
124.866	0.25	0	1	62433
124.882	0.25	1	2	62441
124.9	0.25	1	2	62450
124.916	0.25	0	1	62458
124.932	0.25	0	1	62466
124.95	0.25	1	2	62475
124.966	0.25	1	2	62483
124.982	0.25	0	1	62491
125.0	0.25	0	1	62500
125.016	0.25	1	2	62508
125.032	0.25	1	2	62516
125.05	0.25	1	2	62525
125.066	0.25	1	2	62533
125.082	0.25	0	1	62541
125.1	0.25	0	1	62550
125.116	0.25	1	2	62558
125.132	0.25	1	2	62566
125.15	0.25	0	1	62575
125.166	0.25	0	1	62583
125.182	0.25	0	1	62591
125.2	0.25	0	1	62600
125.216	0.25	0	1	62608
125.232	0.25	0	1	62616
125.25	0.25	1	2	62625
125.266	0.25	1	2	62633
125.282	0.25	0	1	62641
125.3	0.25	0	1	62650
125.316	0.25	0	1	62658
125.332	0.25	0	1	62666
125.35	0.25	0	1	62675
125.366	0.25	0	1	62683
125.382	0.25	1	2	62691
125.4	0.25	1	2	62700
125.416	0.25	1	2	62708
125.432	0.25	1	2	62716
125.45	0.25	1	2	62725
125.466	0.25	1	2	62733
125.482	0.25	0	1	62741
125.5	0.25	0	1	62750
125.516	0.25	1	2	62758
125.532	0.25	1	2	62766
125.55	0.25	0	1	62775
125.566	0.25	0	1	62783
125.582	0.25	1	2	62791
125.6	0.25	1	2	62800
125.616	0.25	1	2	62808
125.632	0.25	1	2	62816
125.65	0.25	1	2	62825
125.666	0.25	1	2	62833
125.682	0.25	1	2	62841
125.7	0.25	1	2	62850
125.716	0.25	1	2	62858
125.732	0.25	1	2	62866
125.75	0.25	0	1	62875
125.766	0.25	0	1	62883
125.782	0.25	0	1	62891
125.8	0.25	0	1	62900
125.816	0.25	1	2	62908
125.832	0.25	1	2	62916
125.85	0.25	0	1	62925
125.866	0.25	0	1	62933
125.882	0.25	0	1	62941
125.9	0.25	0	1	62950
125.916	0.25	0	1	62958
125.932	0.25	0	1	62966
125.95	0.25	1	2	62975
125.966	0.25	1	2	62983
125.982	0.25	1	2	62991
127.466	0.25	1	2	63733
127.482	0.25	1	2	63741
127.5	0.25	1	2	63750
127.516	0.25	1	2	63758
127.532	0.25	0	1	63766
127.55	0.25	0	1	63775
127.566	0.25	0	1	63783
127.582	0.25	0	1	63791
127.6	0.25	0	1	63800
127.616	0.25	0	1	63808
127.632	0.25	0	1	63816
127.65	0.25	0	1	63825
127.666	0.25	1	2	63833
127.682	0.25	1	2	63841
127.7	0.25	0	1	63850
127.716	0.25	0	1	63858
127.732	0.25	0	1	63866
127.75	0.25	0	1	63875
127.766	0.25	1	2	63883
127.782	0.25	1	2	63891
127.8	0.25	1	2	63900
127.816	0.25	1	2	63908
127.832	0.25	0	1	63916
127.85	0.25	0	1	63925
127.866	0.25	0	1	63933
127.882	0.25	0	1	63941
127.9	0.25	0	1	63950
127.916	0.25	0	1	63958
127.932	0.25	0	1	63966
127.95	0.25	0	1	63975
127.966	0.25	0	1	63983
127.982	0.25	0	1	63991
128.0	0.25	0	1	64000
128.016	0.25	0	1	64008
128.032	0.25	1	2	64016
128.05	0.25	1	2	64025
128.066	0.25	0	1	64033
128.082	0.25	0	1	64041
128.1	0.25	1	2	64050
128.116	0.25	1	2	64058
128.132	0.25	1	2	64066
128.15	0.25	1	2	64075
128.166	0.25	0	1	64083
128.182	0.25	0	1	64091
128.198	0.25	1	2	64099
128.216	0.25	1	2	64108
128.232	0.25	0	1	64116
128.25	0.25	0	1	64125
128.266	0.25	1	2	64133
128.282	0.25	1	2	64141
128.3	0.25	0	1	64150
128.316	0.25	0	1	64158
128.332	0.25	1	2	64166
128.35	0.25	1	2	64175
128.366	0.25	0	1	64183
128.382	0.25	0	1	64191
128.4	0.25	0	1	64200
128.416	0.25	0	1	64208
128.432	0.25	0	1	64216
128.448	0.25	0	1	64224
128.466	0.25	1	2	64233
128.482	0.25	1	2	64241
128.5	0.25	1	2	64250
128.516	0.25	1	2	64258
128.532	0.25	1	2	64266
128.55	0.25	1	2	64275
128.566	0.25	0	1	64283
128.582	0.25	0	1	64291
128.6	0.25	1	2	64300
128.616	0.25	1	2	64308
128.632	0.25	1	2	64316
128.65	0.25	1	2	64325
128.666	0.25	1	2	64333
128.682	0.25	1	2	64341
128.698	0.25	0	1	64349
128.716	0.25	0	1	64358
128.732	0.25	1	2	64366
128.75	0.25	1	2	64375
128.766	0.25	0	1	64383
128.782	0.25	0	1	64391
128.8	0.25	1	2	64400
128.816	0.25	1	2	64408
128.832	0.25	1	2	64416
128.85	0.25	1	2	64425
128.866	0.25	0	1	64433
128.882	0.25	0	1	64441
128.9	0.25	0	1	64450
128.916	0.25	0	1	64458
128.932	0.25	0	1	64466
128.948	0.25	0	1	64474
128.966	0.25	1	2	64483
128.982	0.25	1	2	64491
129.0	0.25	1	2	64500
129.016	0.25	1	2	64508
129.032	0.25	0	1	64516
129.05	0.25	0	1	64525
129.066	0.25	1	2	64533
129.082	0.25	1	2	64541
129.1	0.25	1	2	64550
129.116	0.25	1	2	64558
129.132	0.25	1	2	64566
129.15	0.25	1	2	64575
129.166	0.25	0	1	64583
129.182	0.25	0	1	64591
129.198	0.25	0	1	64599
129.216	0.25	0	1	64608
129.232	0.25	0	1	64616
129.25	0.25	0	1	64625
129.266	0.25	0	1	64633
129.282	0.25	0	1	64641
129.3	0.25	0	1	64650
129.316	0.25	0	1	64658
129.332	0.25	1	2	64666
129.35	0.25	1	2	64675
129.366	0.25	1	2	64683
129.382	0.25	1	2	64691
129.4	0.25	1	2	64700
130.882	0.25	1	2	65441
130.9	0.25	1	2	65450
130.916	0.25	1	2	65458
130.932	0.25	1	2	65466
130.948	0.25	0	1	65474
130.966	0.25	0	1	65483
130.982	0.25	1	2	65491
131.0	0.25	1	2	65500
131.016	0.25	1	2	65508
131.032	0.25	1	2	65516
131.05	0.25	0	1	65525
131.066	0.25	0	1	65533
131.082	0.25	1	2	65541
131.1	0.25	1	2	65550
131.116	0.25	1	2	65558
131.132	0.25	1	2	65566
131.15	0.25	0	1	65575
131.166	0.25	0	1	65583
131.182	0.25	1	2	65591
131.2	0.25	1	2	65600
131.216	0.25	1	2	65608
131.232	0.25	1	2	65616
131.25	0.25	0	1	65625
131.266	0.25	0	1	65633
131.282	0.25	0	1	65641
131.3	0.25	0	1	65650
131.316	0.25	0	1	65658
131.332	0.25	0	1	65666
131.35	0.25	1	2	65675
131.366	0.25	1	2	65683
131.382	0.25	1	2	65691
131.4	0.25	1	2	65700
131.416	0.25	1	2	65708
131.432	0.25	1	2	65716
131.45	0.25	0	1	65725
131.466	0.25	0	1	65733
131.482	0.25	0	1	65741
131.5	0.25	0	1	65750
131.516	0.25	0	1	65758
131.532	0.25	0	1	65766
131.55	0.25	1	2	65775
131.566	0.25	1	2	65783
131.582	0.25	1	2	65791
131.6	0.25	1	2	65800
131.616	0.25	1	2	65808
131.632	0.25	1	2	65816
131.65	0.25	1	2	65825
131.666	0.25	1	2	65833
131.682	0.25	1	2	65841
131.7	0.25	1	2	65850
131.716	0.25	0	1	65858
131.732	0.25	0	1	65866
131.75	0.25	0	1	65875
131.766	0.25	0	1	65883
131.782	0.25	1	2	65891
131.8	0.25	1	2	65900
131.816	0.25	0	1	65908
131.832	0.25	0	1	65916
131.85	0.25	1	2	65925
131.866	0.25	1	2	65933
131.882	0.25	0	1	65941
131.9	0.25	0	1	65950
131.916	0.25	0	1	65958
131.932	0.25	0	1	65966
131.95	0.25	1	2	65975
131.966	0.25	1	2	65983
131.982	0.25	1	2	65991
132.0	0.25	1	2	66000
132.016	0.25	0	1	66008
132.032	0.25	0	1	66016
132.05	0.25	0	1	66025
132.066	0.25	0	1	66033
132.082	0.25	0	1	66041
132.1	0.25	0	1	66050
132.116	0.25	0	1	66058
132.132	0.25	0	1	66066
132.15	0.25	1	2	66075
132.166	0.25	1	2	66083
132.182	0.25	0	1	66091
132.2	0.25	0	1	66100
132.216	0.25	0	1	66108
132.232	0.25	0	1	66116
132.25	0.25	0	1	66125
132.266	0.25	0	1	66133
132.282	0.25	0	1	66141
132.3	0.25	0	1	66150
132.316	0.25	1	2	66158
132.332	0.25	1	2	66166
132.35	0.25	1	2	66175
132.366	0.25	1	2	66183
132.382	0.25	1	2	66191
132.4	0.25	1	2	66200
132.416	0.25	1	2	66208
132.432	0.25	1	2	66216
132.45	0.25	1	2	66225
132.466	0.25	1	2	66233
132.482	0.25	1	2	66241
132.5	0.25	1	2	66250
132.516	0.25	0	1	66258
132.532	0.25	0	1	66266
132.55	0.25	1	2	66275
132.566	0.25	1	2	66283
132.582	0.25	0	1	66291
132.6	0.25	0	1	66300
132.616	0.25	1	2	66308
132.632	0.25	1	2	66316
132.65	0.25	0	1	66325
132.666	0.25	0	1	66333
132.682	0.25	0	1	66341
132.7	0.25	0	1	66350
132.716	0.25	1	2	66358
132.732	0.25	1	2	66366
132.75	0.25	1	2	66375
132.766	0.25	1	2	66383
132.782	0.25	0	1	66391
132.8	0.25	0	1	66400
132.816	0.25	0	1	66408
135.116	0.25	1	2	67558
135.132	0.25	1	2	67566
135.15	0.25	1	2	67575
135.166	0.25	1	2	67583
135.182	0.25	1	2	67591
135.2	0.25	1	2	67600
135.216	0.25	1	2	67608
135.232	0.25	1	2	67616
135.25	0.25	1	2	67625
135.266	0.25	1	2	67633
135.282	0.25	1	2	67641
135.3	0.25	1	2	67650
135.316	0.25	1	2	67658
135.332	0.25	1	2	67666
135.35	0.25	0	1	67675
135.366	0.25	0	1	67683
135.382	0.25	0	1	67691
135.4	0.25	0	1	67700
135.416	0.25	1	2	67708
135.432	0.25	1	2	67716
135.45	0.25	1	2	67725
135.466	0.25	1	2	67733
135.482	0.25	0	1	67741
135.5	0.25	0	1	67750
135.516	0.25	0	1	67758
135.532	0.25	0	1	67766
135.55	0.25	1	2	67775
135.566	0.25	1	2	67783
135.582	0.25	1	2	67791
135.6	0.25	1	2	67800
135.616	0.25	0	1	67808
135.632	0.25	0	1	67816
135.65	0.25	0	1	67825
135.666	0.25	0	1	67833
135.682	0.25	1	2	67841
135.7	0.25	1	2	67850
135.716	0.25	0	1	67858
135.732	0.25	0	1	67866
135.75	0.25	1	2	67875
135.766	0.25	1	2	67883
135.782	0.25	1	2	67891
135.8	0.25	1	2	67900
135.816	0.25	0	1	67908
135.832	0.25	0	1	67916
135.85	0.25	1	2	67925
135.866	0.25	1	2	67933
135.882	0.25	0	1	67941
135.9	0.25	0	1	67950
135.916	0.25	0	1	67958
135.932	0.25	0	1	67966
135.95	0.25	1	2	67975
135.966	0.25	1	2	67983
135.982	0.25	0	1	67991
136.0	0.25	0	1	68000
136.016	0.25	1	2	68008
136.032	0.25	1	2	68016
136.05	0.25	1	2	68025
136.066	0.25	1	2	68033
136.082	0.25	1	2	68041
136.1	0.25	1	2	68050
136.116	0.25	0	1	68058
136.132	0.25	0	1	68066
136.15	0.25	0	1	68075
136.166	0.25	0	1	68083
136.182	0.25	0	1	68091
136.2	0.25	0	1	68100
136.216	0.25	1	2	68108
136.232	0.25	1	2	68116
136.25	0.25	0	1	68125
136.266	0.25	0	1	68133
136.282	0.25	1	2	68141
136.3	0.25	1	2	68150
136.316	0.25	1	2	68158
136.332	0.25	1	2	68166
136.35	0.25	1	2	68175
136.366	0.25	1	2	68183
136.382	0.25	0	1	68191
136.4	0.25	0	1	68200
136.416	0.25	0	1	68208
136.432	0.25	0	1	68216
136.45	0.25	1	2	68225
136.466	0.25	1	2	68233
136.482	0.25	0	1	68241
136.5	0.25	0	1	68250
136.516	0.25	1	2	68258
136.532	0.25	1	2	68266
136.55	0.25	0	1	68275
136.566	0.25	0	1	68283
136.582	0.25	0	1	68291
136.6	0.25	0	1	68300
136.616	0.25	0	1	68308
136.632	0.25	0	1	68316
136.65	0.25	1	2	68325
136.666	0.25	1	2	68333
136.682	0.25	1	2	68341
136.7	0.25	1	2	68350
136.716	0.25	0	1	68358
136.732	0.25	0	1	68366
136.75	0.25	1	2	68375
136.766	0.25	1	2	68383
136.782	0.25	0	1	68391
136.8	0.25	0	1	68400
136.816	0.25	0	1	68408
136.832	0.25	0	1	68416
136.85	0.25	0	1	68425
136.866	0.25	0	1	68433
136.882	0.25	1	2	68441
136.9	0.25	1	2	68450
136.916	0.25	0	1	68458
136.932	0.25	0	1	68466
136.95	0.25	1	2	68475
136.966	0.25	1	2	68483
136.982	0.25	0	1	68491
137.0	0.25	0	1	68500
137.016	0.25	0	1	68508
137.032	0.25	0	1	68516
137.05	0.25	1	2	68525
138.532	0.25	1	2	69266
138.55	0.25	1	2	69275
138.566	0.25	1	2	69283
138.582	0.25	1	2	69291
138.6	0.25	0	1	69300
138.616	0.25	0	1	69308
138.632	0.25	0	1	69316
138.65	0.25	0	1	69325
138.666	0.25	0	1	69333
138.682	0.25	0	1	69341
138.7	0.25	0	1	69350
138.716	0.25	0	1	69358
138.732	0.25	1	2	69366
138.75	0.25	1	2	69375
138.766	0.25	0	1	69383
138.782	0.25	0	1	69391
138.8	0.25	0	1	69400
138.816	0.25	0	1	69408
138.832	0.25	1	2	69416
138.85	0.25	1	2	69425
138.866	0.25	1	2	69433
138.882	0.25	1	2	69441
138.9	0.25	0	1	69450
138.916	0.25	0	1	69458
138.932	0.25	0	1	69466
138.95	0.25	0	1	69475
138.966	0.25	0	1	69483
138.982	0.25	0	1	69491
139.0	0.25	0	1	69500
139.016	0.25	0	1	69508
139.032	0.25	0	1	69516
139.05	0.25	0	1	69525
139.066	0.25	0	1	69533
139.082	0.25	0	1	69541
139.1	0.25	1	2	69550
139.116	0.25	1	2	69558
139.132	0.25	0	1	69566
139.15	0.25	0	1	69575
139.166	0.25	1	2	69583
139.182	0.25	1	2	69591
139.2	0.25	1	2	69600
139.216	0.25	1	2	69608
139.232	0.25	0	1	69616
139.25	0.25	0	1	69625
139.266	0.25	1	2	69633
139.282	0.25	1	2	69641
139.3	0.25	0	1	69650
139.316	0.25	0	1	69658
139.332	0.25	1	2	69666
139.35	0.25	1	2	69675
139.366	0.25	0	1	69683
139.382	0.25	0	1	69691
139.4	0.25	1	2	69700
139.416	0.25	1	2	69708
139.432	0.25	0	1	69716
139.45	0.25	0	1	69725
139.466	0.25	0	1	69733
139.482	0.25	0	1	69741
139.5	0.25	0	1	69750
139.516	0.25	0	1	69758
139.532	0.25	1	2	69766
139.55	0.25	1	2	69775
139.566	0.25	1	2	69783
139.582	0.25	1	2	69791
139.6	0.25	1	2	69800
139.616	0.25	1	2	69808
139.632	0.25	0	1	69816
139.65	0.25	0	1	69825
139.666	0.25	1	2	69833
139.682	0.25	1	2	69841
139.7	0.25	1	2	69850
139.716	0.25	1	2	69858
139.732	0.25	1	2	69866
139.75	0.25	1	2	69875
139.766	0.25	0	1	69883
139.782	0.25	0	1	69891
139.8	0.25	1	2	69900
139.816	0.25	1	2	69908
139.832	0.25	0	1	69916
139.85	0.25	0	1	69925
139.866	0.25	1	2	69933
139.882	0.25	1	2	69941
139.9	0.25	1	2	69950
139.916	0.25	1	2	69958
139.932	0.25	0	1	69966
139.95	0.25	0	1	69975
139.966	0.25	0	1	69983
139.982	0.25	0	1	69991
140.0	0.25	0	1	70000
140.016	0.25	0	1	70008
140.032	0.25	1	2	70016
140.05	0.25	1	2	70025
140.066	0.25	1	2	70033
140.082	0.25	1	2	70041
140.1	0.25	0	1	70050
140.116	0.25	0	1	70058
140.132	0.25	1	2	70066
140.15	0.25	1	2	70075
140.166	0.25	1	2	70083
140.182	0.25	1	2	70091
140.2	0.25	1	2	70100
140.216	0.25	1	2	70108
140.232	0.25	0	1	70116
140.25	0.25	0	1	70125
140.266	0.25	0	1	70133
140.282	0.25	0	1	70141
140.3	0.25	0	1	70150
140.316	0.25	0	1	70158
140.332	0.25	0	1	70166
140.35	0.25	0	1	70175
140.366	0.25	0	1	70183
140.382	0.25	0	1	70191
140.4	0.25	1	2	70200
140.416	0.25	1	2	70208
140.432	0.25	1	2	70216
140.45	0.25	1	2	70225
140.466	0.25	1	2	70233
141.95	0.25	0	1	70975
141.966	0.25	0	1	70983
141.982	0.25	0	1	70991
142.0	0.25	0	1	71000
142.016	0.25	1	2	71008
142.032	0.25	1	2	71016
142.05	0.25	1	2	71025
142.066	0.25	1	2	71033
142.082	0.25	0	1	71041
142.1	0.25	0	1	71050
142.116	0.25	0	1	71058
142.132	0.25	0	1	71066
142.15	0.25	0	1	71075
142.166	0.25	0	1	71083
142.182	0.25	0	1	71091
142.2	0.25	0	1	71100
142.216	0.25	1	2	71108
142.232	0.25	1	2	71116
142.25	0.25	1	2	71125
142.266	0.25	1	2	71133
142.282	0.25	1	2	71141
142.3	0.25	1	2	71150
142.316	0.25	1	2	71158
142.332	0.25	1	2	71166
142.35	0.25	1	2	71175
142.366	0.25	1	2	71183
142.382	0.25	0	1	71191
142.4	0.25	0	1	71200
142.416	0.25	0	1	71208
142.432	0.25	0	1	71216
142.45	0.25	0	1	71225
142.466	0.25	0	1	71233
142.482	0.25	0	1	71241
142.5	0.25	0	1	71250
142.516	0.25	0	1	71258
142.532	0.25	0	1	71266
142.55	0.25	0	1	71275
142.566	0.25	0	1	71283
142.582	0.25	1	2	71291
142.6	0.25	1	2	71300
142.616	0.25	1	2	71308
142.632	0.25	1	2	71316
142.65	0.25	0	1	71325
142.666	0.25	0	1	71333
142.682	0.25	0	1	71341
142.7	0.25	0	1	71350
142.716	0.25	1	2	71358
142.732	0.25	1	2	71366
142.75	0.25	0	1	71375
142.766	0.25	0	1	71383
142.782	0.25	1	2	71391
142.8	0.25	1	2	71400
142.816	0.25	0	1	71408
142.832	0.25	0	1	71416
142.85	0.25	1	2	71425
142.866	0.25	1	2	71433
142.882	0.25	0	1	71441
142.9	0.25	0	1	71450
142.916	0.25	1	2	71458
142.932	0.25	1	2	71466
142.95	0.25	1	2	71475
142.966	0.25	1	2	71483
142.982	0.25	0	1	71491
143.0	0.25	0	1	71500
143.016	0.25	1	2	71508
143.032	0.25	1	2	71516
143.05	0.25	0	1	71525
143.066	0.25	0	1	71533
143.082	0.25	0	1	71541
143.1	0.25	0	1	71550
143.116	0.25	0	1	71558
143.132	0.25	0	1	71566
143.15	0.25	1	2	71575
143.166	0.25	1	2	71583
143.182	0.25	0	1	71591
143.2	0.25	0	1	71600
143.216	0.25	0	1	71608
143.232	0.25	0	1	71616
143.25	0.25	0	1	71625
143.266	0.25	0	1	71633
143.282	0.25	1	2	71641
143.3	0.25	1	2	71650
143.316	0.25	1	2	71658
143.332	0.25	1	2	71666
143.35	0.25	1	2	71675
143.366	0.25	1	2	71683
143.382	0.25	0	1	71691
143.4	0.25	0	1	71700
143.416	0.25	1	2	71708
143.432	0.25	1	2	71716
143.45	0.25	0	1	71725
143.466	0.25	0	1	71733
143.482	0.25	1	2	71741
143.5	0.25	1	2	71750
143.516	0.25	1	2	71758
143.532	0.25	1	2	71766
143.55	0.25	1	2	71775
143.566	0.25	1	2	71783
143.582	0.25	1	2	71791
143.6	0.25	1	2	71800
143.616	0.25	1	2	71808
143.632	0.25	1	2	71816
143.65	0.25	0	1	71825
143.666	0.25	0	1	71833
143.682	0.25	0	1	71841
143.7	0.25	0	1	71850
143.716	0.25	1	2	71858
143.732	0.25	1	2	71866
143.75	0.25	0	1	71875
143.766	0.25	0	1	71883
143.782	0.25	0	1	71891
143.8	0.25	0	1	71900
143.816	0.25	0	1	71908
143.832	0.25	0	1	71916
143.85	0.25	1	2	71925
143.866	0.25	1	2	71933
143.882	0.25	1	2	71941
145.366	0.25	1	2	72683
145.382	0.25	1	2	72691
145.4	0.25	1	2	72700
145.416	0.25	1	2	72708
145.432	0.25	0	1	72716
145.45	0.25	0	1	72725
145.466	0.25	1	2	72733
145.482	0.25	1	2	72741
145.5	0.25	1	2	72750
145.516	0.25	1	2	72758
145.532	0.25	0	1	72766
145.55	0.25	0	1	72775
145.566	0.25	1	2	72783
145.582	0.25	1	2	72791
145.6	0.25	1	2	72800
145.616	0.25	1	2	72808
145.632	0.25	0	1	72816
145.65	0.25	0	1	72825
145.666	0.25	1	2	72833
145.682	0.25	1	2	72841
145.7	0.25	1	2	72850
145.716	0.25	1	2	72858
145.732	0.25	0	1	72866
145.75	0.25	0	1	72875
145.766	0.25	0	1	72883
145.782	0.25	0	1	72891
145.8	0.25	0	1	72900
145.816	0.25	0	1	72908
145.832	0.25	1	2	72916
145.85	0.25	1	2	72925
145.866	0.25	1	2	72933
145.882	0.25	1	2	72941
145.9	0.25	1	2	72950
145.916	0.25	1	2	72958
145.932	0.25	0	1	72966
145.95	0.25	0	1	72975
145.966	0.25	0	1	72983
145.982	0.25	0	1	72991
146.0	0.25	0	1	73000
146.016	0.25	0	1	73008
146.032	0.25	1	2	73016
146.05	0.25	1	2	73025
146.066	0.25	1	2	73033
146.082	0.25	1	2	73041
146.1	0.25	1	2	73050
146.116	0.25	1	2	73058
146.132	0.25	1	2	73066
146.15	0.25	1	2	73075
146.166	0.25	1	2	73083
146.182	0.25	1	2	73091
146.2	0.25	0	1	73100
146.216	0.25	0	1	73108
146.232	0.25	0	1	73116
146.25	0.25	0	1	73125
146.266	0.25	1	2	73133
146.282	0.25	1	2	73141
146.3	0.25	0	1	73150
146.316	0.25	0	1	73158
146.332	0.25	1	2	73166
146.35	0.25	1	2	73175
146.366	0.25	0	1	73183
146.382	0.25	0	1	73191
146.4	0.25	0	1	73200
146.416	0.25	0	1	73208
146.432	0.25	1	2	73216
146.45	0.25	1	2	73225
146.466	0.25	1	2	73233
146.482	0.25	1	2	73241
146.5	0.25	0	1	73250
146.516	0.25	0	1	73258
146.532	0.25	0	1	73266
146.55	0.25	0	1	73275
146.566	0.25	0	1	73283
146.582	0.25	0	1	73291
146.6	0.25	0	1	73300
146.616	0.25	0	1	73308
146.632	0.25	1	2	73316
146.65	0.25	1	2	73325
146.666	0.25	0	1	73333
146.682	0.25	0	1	73341
146.7	0.25	0	1	73350
146.716	0.25	0	1	73358
146.732	0.25	0	1	73366
146.75	0.25	0	1	73375
146.766	0.25	0	1	73383
146.782	0.25	0	1	73391
146.8	0.25	1	2	73400
146.816	0.25	1	2	73408
146.832	0.25	1	2	73416
146.85	0.25	1	2	73425
146.866	0.25	1	2	73433
146.882	0.25	1	2	73441
146.9	0.25	1	2	73450
146.916	0.25	1	2	73458
146.932	0.25	1	2	73466
146.95	0.25	1	2	73475
146.966	0.25	1	2	73483
146.982	0.25	1	2	73491
147.0	0.25	0	1	73500
147.016	0.25	0	1	73508
147.032	0.25	1	2	73516
147.05	0.25	1	2	73525
147.066	0.25	0	1	73533
147.082	0.25	0	1	73541
147.1	0.25	1	2	73550
147.116	0.25	1	2	73558
147.132	0.25	0	1	73566
147.15	0.25	0	1	73575
147.166	0.25	0	1	73583
147.182	0.25	0	1	73591
147.2	0.25	1	2	73600
147.216	0.25	1	2	73608
147.232	0.25	1	2	73616
147.25	0.25	1	2	73625
147.266	0.25	0	1	73633
147.282	0.25	0	1	73641
147.3	0.25	0	1	73650
149.616	0.25	0	1	74808
149.632	0.25	0	1	74816
149.65	0.25	0	1	74825
149.666	0.25	0	1	74833
149.682	0.25	1	2	74841
149.7	0.25	1	2	74850
149.716	0.25	1	2	74858
149.732	0.25	1	2	74866
149.75	0.25	0	1	74875
149.766	0.25	0	1	74883
149.782	0.25	0	1	74891
149.8	0.25	0	1	74900
149.816	0.25	0	1	74908
149.832	0.25	0	1	74916
149.85	0.25	0	1	74925
149.866	0.25	0	1	74933
149.882	0.25	1	2	74941
149.9	0.25	1	2	74950
149.916	0.25	1	2	74958
149.932	0.25	1	2	74966
149.95	0.25	1	2	74975
149.966	0.25	1	2	74983
149.982	0.25	1	2	74991
150.0	0.25	1	2	75000
150.016	0.25	1	2	75008
150.032	0.25	1	2	75016
150.05	0.25	0	1	75025
150.066	0.25	0	1	75033
150.082	0.25	0	1	75041
150.1	0.25	0	1	75050
150.116	0.25	0	1	75058
150.132	0.25	0	1	75066
150.15	0.25	0	1	75075
150.166	0.25	0	1	75083
150.182	0.25	0	1	75091
150.2	0.25	0	1	75100
150.216	0.25	0	1	75108
150.232	0.25	0	1	75116
150.25	0.25	1	2	75125
150.266	0.25	1	2	75133
150.282	0.25	1	2	75141
150.3	0.25	1	2	75150
150.316	0.25	0	1	75158
150.332	0.25	0	1	75166
150.35	0.25	0	1	75175
150.366	0.25	0	1	75183
150.382	0.25	1	2	75191
150.4	0.25	1	2	75200
150.416	0.25	0	1	75208
150.432	0.25	0	1	75216
150.45	0.25	1	2	75225
150.466	0.25	1	2	75233
150.482	0.25	0	1	75241
150.5	0.25	0	1	75250
150.516	0.25	1	2	75258
150.532	0.25	1	2	75266
150.55	0.25	0	1	75275
150.566	0.25	0	1	75283
150.582	0.25	1	2	75291
150.6	0.25	1	2	75300
150.616	0.25	1	2	75308
150.632	0.25	1	2	75316
150.65	0.25	0	1	75325
150.666	0.25	0	1	75333
150.682	0.25	1	2	75341
150.7	0.25	1	2	75350
150.716	0.25	0	1	75358
150.732	0.25	0	1	75366
150.75	0.25	0	1	75375
150.766	0.25	0	1	75383
150.782	0.25	0	1	75391
150.8	0.25	0	1	75400
150.816	0.25	1	2	75408
150.832	0.25	1	2	75416
150.85	0.25	0	1	75425
150.866	0.25	0	1	75433
150.882	0.25	0	1	75441
150.9	0.25	0	1	75450
150.916	0.25	0	1	75458
150.932	0.25	0	1	75466
150.95	0.25	1	2	75475
150.966	0.25	1	2	75483
150.982	0.25	1	2	75491
151.0	0.25	1	2	75500
151.016	0.25	1	2	75508
151.032	0.25	1	2	75516
151.05	0.25	0	1	75525
151.066	0.25	0	1	75533
151.082	0.25	1	2	75541
151.1	0.25	1	2	75550
151.116	0.25	0	1	75558
151.132	0.25	0	1	75566
151.15	0.25	1	2	75575
151.166	0.25	1	2	75583
151.182	0.25	1	2	75591
151.2	0.25	1	2	75600
151.216	0.25	1	2	75608
151.232	0.25	1	2	75616
151.25	0.25	1	2	75625
151.266	0.25	1	2	75633
151.282	0.25	1	2	75641
151.3	0.25	1	2	75650
151.316	0.25	0	1	75658
151.332	0.25	0	1	75666
151.35	0.25	0	1	75675
151.366	0.25	0	1	75683
151.382	0.25	1	2	75691
151.4	0.25	1	2	75700
151.416	0.25	0	1	75708
151.432	0.25	0	1	75716
151.45	0.25	0	1	75725
151.466	0.25	0	1	75733
151.482	0.25	0	1	75741
151.5	0.25	0	1	75750
151.516	0.25	1	2	75758
151.532	0.25	1	2	75766
151.55	0.25	1	2	75775
153.032	0.25	1	2	76516
153.05	0.25	1	2	76525
153.066	0.25	1	2	76533
153.082	0.25	1	2	76541
153.1	0.25	1	2	76550
153.116	0.25	1	2	76558
153.132	0.25	1	2	76566
153.15	0.25	1	2	76575
153.166	0.25	1	2	76583
153.182	0.25	1	2	76591
153.2	0.25	1	2	76600
153.216	0.25	1	2	76608
153.232	0.25	1	2	76616
153.25	0.25	1	2	76625
153.266	0.25	0	1	76633
153.282	0.25	0	1	76641
153.3	0.25	0	1	76650
153.316	0.25	0	1	76658
153.332	0.25	1	2	76666
153.35	0.25	1	2	76675
153.366	0.25	1	2	76683
153.382	0.25	1	2	76691
153.4	0.25	0	1	76700
153.416	0.25	0	1	76708
153.432	0.25	0	1	76716
153.45	0.25	0	1	76725
153.466	0.25	1	2	76733
153.482	0.25	1	2	76741
153.5	0.25	1	2	76750
153.516	0.25	1	2	76758
153.532	0.25	0	1	76766
153.55	0.25	0	1	76775
153.566	0.25	0	1	76783
153.582	0.25	0	1	76791
153.6	0.25	1	2	76800
153.616	0.25	1	2	76808
153.632	0.25	0	1	76816
153.65	0.25	0	1	76825
153.666	0.25	1	2	76833
153.682	0.25	1	2	76841
153.7	0.25	1	2	76850
153.716	0.25	1	2	76858
153.732	0.25	0	1	76866
153.75	0.25	0	1	76875
153.766	0.25	1	2	76883
153.782	0.25	1	2	76891
153.8	0.25	0	1	76900
153.816	0.25	0	1	76908
153.832	0.25	0	1	76916
153.85	0.25	0	1	76925
153.866	0.25	1	2	76933
153.882	0.25	1	2	76941
153.9	0.25	0	1	76950
153.916	0.25	0	1	76958
153.932	0.25	1	2	76966
153.95	0.25	1	2	76975
153.966	0.25	1	2	76983
153.982	0.25	1	2	76991
154.0	0.25	1	2	77000
154.016	0.25	1	2	77008
154.032	0.25	0	1	77016
154.05	0.25	0	1	77025
154.066	0.25	0	1	77033
154.082	0.25	0	1	77041
154.1	0.25	0	1	77050
154.116	0.25	0	1	77058
154.132	0.25	1	2	77066
154.15	0.25	1	2	77075
154.166	0.25	0	1	77083
154.182	0.25	0	1	77091
154.2	0.25	1	2	77100
154.216	0.25	1	2	77108
154.232	0.25	1	2	77116
154.25	0.25	1	2	77125
154.266	0.25	1	2	77133
154.282	0.25	1	2	77141
154.3	0.25	0	1	77150
154.316	0.25	0	1	77158
154.332	0.25	0	1	77166
154.35	0.25	0	1	77175
154.366	0.25	1	2	77183
154.382	0.25	1	2	77191
154.4	0.25	0	1	77200
154.416	0.25	0	1	77208
154.432	0.25	1	2	77216
154.45	0.25	1	2	77225
154.466	0.25	0	1	77233
154.482	0.25	0	1	77241
154.5	0.25	0	1	77250
154.516	0.25	0	1	77258
154.532	0.25	0	1	77266
154.55	0.25	0	1	77275
154.566	0.25	1	2	77283
154.582	0.25	1	2	77291
154.6	0.25	1	2	77300
154.616	0.25	1	2	77308
154.632	0.25	0	1	77316
154.65	0.25	0	1	77325
154.666	0.25	1	2	77333
154.682	0.25	1	2	77341
154.7	0.25	0	1	77350
154.716	0.25	0	1	77358
154.732	0.25	0	1	77366
154.75	0.25	0	1	77375
154.766	0.25	0	1	77383
154.782	0.25	0	1	77391
154.8	0.25	1	2	77400
154.816	0.25	1	2	77408
154.832	0.25	0	1	77416
154.85	0.25	0	1	77425
154.866	0.25	1	2	77433
154.882	0.25	1	2	77441
154.9	0.25	0	1	77450
154.916	0.25	0	1	77458
154.932	0.25	0	1	77466
154.95	0.25	0	1	77475
154.966	0.25	1	2	77483
156.45	0.25	1	2	78225
156.466	0.25	1	2	78233
156.482	0.25	1	2	78241
156.5	0.25	1	2	78250
156.516	0.25	0	1	78258
156.532	0.25	0	1	78266
156.55	0.25	1	2	78275
156.566	0.25	1	2	78283
156.582	0.25	1	2	78291
156.6	0.25	1	2	78300
156.616	0.25	0	1	78308
156.632	0.25	0	1	78316
156.65	0.25	1	2	78325
156.666	0.25	1	2	78333
156.682	0.25	1	2	78341
156.7	0.25	1	2	78350
156.716	0.25	0	1	78358
156.732	0.25	0	1	78366
156.75	0.25	1	2	78375
156.766	0.25	1	2	78383
156.782	0.25	1	2	78391
156.8	0.25	1	2	78400
156.816	0.25	0	1	78408
156.832	0.25	0	1	78416
156.85	0.25	0	1	78425
156.866	0.25	0	1	78433
156.882	0.25	0	1	78441
156.9	0.25	0	1	78450
156.916	0.25	1	2	78458
156.932	0.25	1	2	78466
156.95	0.25	1	2	78475
156.966	0.25	1	2	78483
156.982	0.25	1	2	78491
157.0	0.25	1	2	78500
157.016	0.25	0	1	78508
157.032	0.25	0	1	78516
157.05	0.25	0	1	78525
157.066	0.25	0	1	78533
157.082	0.25	0	1	78541
157.1	0.25	0	1	78550
157.116	0.25	1	2	78558
157.132	0.25	1	2	78566
157.15	0.25	1	2	78575
157.166	0.25	1	2	78583
157.182	0.25	1	2	78591
157.2	0.25	1	2	78600
157.216	0.25	1	2	78608
157.232	0.25	1	2	78616
157.25	0.25	1	2	78625
157.266	0.25	1	2	78633
157.282	0.25	0	1	78641
157.3	0.25	0	1	78650
157.316	0.25	0	1	78658
157.332	0.25	0	1	78666
157.35	0.25	1	2	78675
157.366	0.25	1	2	78683
157.382	0.25	0	1	78691
157.4	0.25	0	1	78700
157.416	0.25	1	2	78708
157.432	0.25	1	2	78716
157.45	0.25	0	1	78725
157.466	0.25	0	1	78733
157.482	0.25	0	1	78741
157.5	0.25	0	1	78750
157.516	0.25	1	2	78758
157.532	0.25	1	2	78766
157.55	0.25	1	2	78775
157.566	0.25	1	2	78783
157.582	0.25	0	1	78791
157.6	0.25	0	1	78800
157.616	0.25	0	1	78808
157.632	0.25	0	1	78816
157.65	0.25	0	1	78825
157.666	0.25	0	1	78833
157.682	0.25	0	1	78841
157.7	0.25	0	1	78850
157.716	0.25	1	2	78858
157.732	0.25	1	2	78866
157.75	0.25	0	1	78875
157.766	0.25	0	1	78883
157.782	0.25	0	1	78891
157.8	0.25	0	1	78900
157.816	0.25	0	1	78908
157.832	0.25	0	1	78916
157.85	0.25	0	1	78925
157.866	0.25	0	1	78933
157.882	0.25	1	2	78941
157.9	0.25	1	2	78950
157.916	0.25	1	2	78958
157.932	0.25	1	2	78966
157.95	0.25	1	2	78975
157.966	0.25	1	2	78983
157.982	0.25	1	2	78991
158.0	0.25	1	2	79000
158.016	0.25	1	2	79008
158.032	0.25	1	2	79016
158.05	0.25	1	2	79025
158.066	0.25	1	2	79033
158.082	0.25	0	1	79041
158.1	0.25	0	1	79050
158.116	0.25	1	2	79058
158.132	0.25	1	2	79066
158.15	0.25	0	1	79075
158.166	0.25	0	1	79083
158.182	0.25	1	2	79091
158.2	0.25	1	2	79100
158.216	0.25	0	1	79108
158.232	0.25	0	1	79116
158.25	0.25	0	1	79125
158.266	0.25	0	1	79133
158.282	0.25	1	2	79141
158.3	0.25	1	2	79150
158.316	0.25	1	2	79158
158.332	0.25	1	2	79166
158.35	0.25	0	1	79175
158.366	0.25	0	1	79183
158.382	0.25	0	1	79191
159.866	0.25	1	2	79933
159.882	0.25	1	2	79941
159.9	0.25	1	2	79950
159.916	0.25	1	2	79958
159.932	0.25	0	1	79966
159.95	0.25	0	1	79975
159.966	0.25	0	1	79983
159.982	0.25	0	1	79991
160.0	0.25	0	1	80000
160.016	0.25	0	1	80008
160.032	0.25	0	1	80016
160.05	0.25	0	1	80025
160.066	0.25	1	2	80033
160.082	0.25	1	2	80041
160.1	0.25	0	1	80050
160.116	0.25	0	1	80058
160.132	0.25	0	1	80066
160.15	0.25	0	1	80075
160.166	0.25	1	2	80083
160.182	0.25	1	2	80091
160.2	0.25	1	2	80100
160.216	0.25	1	2	80108
160.232	0.25	0	1	80116
160.25	0.25	0	1	80125
160.266	0.25	0	1	80133
160.282	0.25	0	1	80141
160.3	0.25	0	1	80150
160.316	0.25	0	1	80158
160.332	0.25	0	1	80166
160.35	0.25	0	1	80175
160.366	0.25	0	1	80183
160.382	0.25	0	1	80191
160.4	0.25	0	1	80200
160.416	0.25	0	1	80208
160.432	0.25	1	2	80216
160.45	0.25	1	2	80225
160.466	0.25	0	1	80233
160.482	0.25	0	1	80241
160.5	0.25	1	2	80250
160.516	0.25	1	2	80258
160.532	0.25	1	2	80266
160.55	0.25	1	2	80275
160.566	0.25	0	1	80283
160.582	0.25	0	1	80291
160.6	0.25	1	2	80300
160.616	0.25	1	2	80308
160.632	0.25	0	1	80316
160.65	0.25	0	1	80325
160.666	0.25	1	2	80333
160.682	0.25	1	2	80341
160.7	0.25	0	1	80350
160.716	0.25	0	1	80358
160.732	0.25	1	2	80366
160.75	0.25	1	2	80375
160.766	0.25	0	1	80383
160.782	0.25	0	1	80391
160.8	0.25	0	1	80400
160.816	0.25	0	1	80408
160.832	0.25	0	1	80416
160.85	0.25	0	1	80425
160.866	0.25	1	2	80433
160.882	0.25	1	2	80441
160.9	0.25	1	2	80450
160.916	0.25	1	2	80458
160.932	0.25	1	2	80466
160.95	0.25	1	2	80475
160.966	0.25	0	1	80483
160.982	0.25	0	1	80491
161.0	0.25	1	2	80500
161.016	0.25	1	2	80508
161.032	0.25	1	2	80516
161.05	0.25	1	2	80525
161.066	0.25	1	2	80533
161.082	0.25	1	2	80541
161.1	0.25	0	1	80550
161.116	0.25	0	1	80558
161.132	0.25	1	2	80566
161.15	0.25	1	2	80575
161.166	0.25	0	1	80583
161.182	0.25	0	1	80591
161.2	0.25	1	2	80600
161.216	0.25	1	2	80608
161.232	0.25	1	2	80616
161.25	0.25	1	2	80625
161.266	0.25	0	1	80633
161.282	0.25	0	1	80641
161.3	0.25	0	1	80650
161.316	0.25	0	1	80658
161.332	0.25	0	1	80666
161.35	0.25	0	1	80675
161.366	0.25	1	2	80683
161.382	0.25	1	2	80691
161.4	0.25	1	2	80700
161.416	0.25	1	2	80708
161.432	0.25	0	1	80716
161.45	0.25	0	1	80725
161.466	0.25	1	2	80733
161.482	0.25	1	2	80741
161.5	0.25	1	2	80750
161.516	0.25	1	2	80758
161.532	0.25	1	2	80766
161.55	0.25	1	2	80775
161.566	0.25	0	1	80783
161.582	0.25	0	1	80791
161.6	0.25	0	1	80800
161.616	0.25	0	1	80808
161.632	0.25	0	1	80816
161.65	0.25	0	1	80825
161.666	0.25	0	1	80833
161.682	0.25	0	1	80841
161.7	0.25	0	1	80850
161.716	0.25	0	1	80858
161.732	0.25	1	2	80866
161.75	0.25	1	2	80875
161.766	0.25	1	2	80883
161.782	0.25	1	2	80891
161.8	0.25	1	2	80900
164.0	0.25	0	1	82000
164.016	0.25	0	1	82008
164.032	0.25	0	1	82016
164.05	0.25	0	1	82025
164.066	0.25	1	2	82033
164.082	0.25	1	2	82041
164.1	0.25	1	2	82050
164.116	0.25	1	2	82058
164.132	0.25	0	1	82066
164.15	0.25	0	1	82075
164.166	0.25	0	1	82083
164.182	0.25	0	1	82091
164.2	0.25	0	1	82100
164.216	0.25	0	1	82108
164.232	0.25	0	1	82116
164.25	0.25	0	1	82125
164.266	0.25	1	2	82133
164.282	0.25	1	2	82141
164.3	0.25	1	2	82150
164.316	0.25	1	2	82158
164.332	0.25	1	2	82166
164.35	0.25	1	2	82175
164.366	0.25	1	2	82183
164.382	0.25	1	2	82191
164.4	0.25	1	2	82200
164.416	0.25	1	2	82208
164.432	0.25	0	1	82216
164.45	0.25	0	1	82225
164.466	0.25	0	1	82233
164.482	0.25	0	1	82241
164.5	0.25	0	1	82250
164.516	0.25	0	1	82258
164.532	0.25	0	1	82266
164.55	0.25	0	1	82275
164.566	0.25	0	1	82283
164.582	0.25	0	1	82291
164.6	0.25	0	1	82300
164.616	0.25	0	1	82308
164.632	0.25	1	2	82316
164.65	0.25	1	2	82325
164.666	0.25	1	2	82333
164.682	0.25	1	2	82341
164.7	0.25	0	1	82350
164.716	0.25	0	1	82358
164.732	0.25	0	1	82366
164.75	0.25	0	1	82375
164.766	0.25	1	2	82383
164.782	0.25	1	2	82391
164.8	0.25	0	1	82400
164.816	0.25	0	1	82408
164.832	0.25	1	2	82416
164.85	0.25	1	2	82425
164.866	0.25	0	1	82433
164.882	0.25	0	1	82441
164.9	0.25	1	2	82450
164.916	0.25	1	2	82458
164.932	0.25	0	1	82466
164.95	0.25	0	1	82475
164.966	0.25	1	2	82483
164.982	0.25	1	2	82491
165.0	0.25	1	2	82500
165.016	0.25	1	2	82508
165.032	0.25	0	1	82516
165.05	0.25	0	1	82525
165.066	0.25	1	2	82533
165.082	0.25	1	2	82541
165.1	0.25	0	1	82550
165.116	0.25	0	1	82558
165.132	0.25	0	1	82566
165.15	0.25	0	1	82575
165.166	0.25	0	1	82583
165.182	0.25	0	1	82591
165.2	0.25	1	2	82600
165.216	0.25	1	2	82608
165.232	0.25	0	1	82616
165.25	0.25	0	1	82625
165.266	0.25	0	1	82633
165.282	0.25	0	1	82641
165.3	0.25	0	1	82650
165.316	0.25	0	1	82658
165.332	0.25	1	2	82666
165.35	0.25	1	2	82675
165.366	0.25	1	2	82683
165.382	0.25	1	2	82691
165.4	0.25	1	2	82700
165.416	0.25	1	2	82708
165.432	0.25	0	1	82716
165.45	0.25	0	1	82725
165.466	0.25	1	2	82733
165.482	0.25	1	2	82741
165.5	0.25	0	1	82750
165.516	0.25	0	1	82758
165.532	0.25	1	2	82766
165.55	0.25	1	2	82775
165.566	0.25	1	2	82783
165.582	0.25	1	2	82791
165.6	0.25	1	2	82800
165.616	0.25	1	2	82808
165.632	0.25	1	2	82816
165.65	0.25	1	2	82825
165.666	0.25	1	2	82833
165.682	0.25	1	2	82841
165.7	0.25	0	1	82850
165.716	0.25	0	1	82858
165.732	0.25	0	1	82866
165.75	0.25	0	1	82875
165.766	0.25	1	2	82883
165.782	0.25	1	2	82891
165.8	0.25	0	1	82900
165.816	0.25	0	1	82908
165.832	0.25	0	1	82916
165.85	0.25	0	1	82925
165.866	0.25	0	1	82933
165.882	0.25	0	1	82941
165.9	0.25	1	2	82950
165.916	0.25	1	2	82958
165.932	0.25	1	2	82966
167.416	0.25	1	2	83708
167.432	0.25	1	2	83716
167.45	0.25	1	2	83725
167.466	0.25	1	2	83733
167.482	0.25	1	2	83741
167.5	0.25	1	2	83750
167.516	0.25	1	2	83758
167.532	0.25	1	2	83766
167.55	0.25	1	2	83775
167.566	0.25	1	2	83783
167.582	0.25	1	2	83791
167.6	0.25	1	2	83800
167.616	0.25	1	2	83808
167.632	0.25	1	2	83816
167.65	0.25	0	1	83825
167.666	0.25	0	1	83833
167.682	0.25	0	1	83841
167.7	0.25	0	1	83850
167.716	0.25	1	2	83858
167.732	0.25	1	2	83866
167.75	0.25	1	2	83875
167.766	0.25	1	2	83883
167.782	0.25	0	1	83891
167.8	0.25	0	1	83900
167.816	0.25	0	1	83908
167.832	0.25	0	1	83916
167.85	0.25	1	2	83925
167.866	0.25	1	2	83933
167.882	0.25	1	2	83941
167.9	0.25	1	2	83950
167.916	0.25	0	1	83958
167.932	0.25	0	1	83966
167.95	0.25	0	1	83975
167.966	0.25	0	1	83983
167.982	0.25	1	2	83991
168.0	0.25	1	2	84000
168.016	0.25	0	1	84008
168.032	0.25	0	1	84016
168.05	0.25	1	2	84025
168.066	0.25	1	2	84033
168.082	0.25	1	2	84041
168.1	0.25	1	2	84050
168.116	0.25	0	1	84058
168.132	0.25	0	1	84066
168.15	0.25	1	2	84075
168.166	0.25	1	2	84083
168.182	0.25	0	1	84091
168.2	0.25	0	1	84100
168.216	0.25	0	1	84108
168.232	0.25	0	1	84116
168.25	0.25	1	2	84125
168.266	0.25	1	2	84133
168.282	0.25	0	1	84141
168.3	0.25	0	1	84150
168.316	0.25	1	2	84158
168.332	0.25	1	2	84166
168.35	0.25	1	2	84175
168.366	0.25	1	2	84183
168.382	0.25	1	2	84191
168.4	0.25	1	2	84200
168.416	0.25	0	1	84208
168.432	0.25	0	1	84216
168.45	0.25	0	1	84225
168.466	0.25	0	1	84233
168.482	0.25	0	1	84241
168.5	0.25	0	1	84250
168.516	0.25	1	2	84258
168.532	0.25	1	2	84266
168.55	0.25	0	1	84275
168.566	0.25	0	1	84283
168.582	0.25	1	2	84291
168.6	0.25	1	2	84300
168.616	0.25	1	2	84308
168.632	0.25	1	2	84316
168.65	0.25	1	2	84325
168.666	0.25	1	2	84333
168.682	0.25	0	1	84341
168.7	0.25	0	1	84350
168.716	0.25	0	1	84358
168.732	0.25	0	1	84366
168.75	0.25	1	2	84375
168.766	0.25	1	2	84383
168.782	0.25	0	1	84391
168.8	0.25	0	1	84400
168.816	0.25	1	2	84408
168.832	0.25	1	2	84416
168.85	0.25	0	1	84425
168.866	0.25	0	1	84433
168.882	0.25	0	1	84441
168.9	0.25	0	1	84450
168.916	0.25	0	1	84458
168.932	0.25	0	1	84466
168.95	0.25	1	2	84475
168.966	0.25	1	2	84483
168.982	0.25	1	2	84491
169.0	0.25	1	2	84500
169.016	0.25	0	1	84508
169.032	0.25	0	1	84516
169.05	0.25	1	2	84525
169.066	0.25	1	2	84533
169.082	0.25	0	1	84541
169.1	0.25	0	1	84550
169.116	0.25	0	1	84558
169.132	0.25	0	1	84566
169.15	0.25	0	1	84575
169.166	0.25	0	1	84583
169.182	0.25	1	2	84591
169.2	0.25	1	2	84600
169.216	0.25	0	1	84608
169.232	0.25	0	1	84616
169.25	0.25	1	2	84625
169.266	0.25	1	2	84633
169.282	0.25	0	1	84641
169.3	0.25	0	1	84650
169.316	0.25	0	1	84658
169.332	0.25	0	1	84666
169.35	0.25	1	2	84675
170.832	0.25	1	2	85416
170.85	0.25	1	2	85425
170.866	0.25	1	2	85433
170.882	0.25	1	2	85441
170.9	0.25	0	1	85450
170.916	0.25	0	1	85458
170.932	0.25	1	2	85466
170.95	0.25	1	2	85475
170.966	0.25	1	2	85483
170.982	0.25	1	2	85491
171.0	0.25	0	1	85500
171.016	0.25	0	1	85508
171.032	0.25	1	2	85516
171.05	0.25	1	2	85525
171.066	0.25	1	2	85533
171.082	0.25	1	2	85541
171.1	0.25	0	1	85550
171.116	0.25	0	1	85558
171.132	0.25	1	2	85566
171.15	0.25	1	2	85575
171.166	0.25	1	2	85583
171.182	0.25	1	2	85591
171.2	0.25	0	1	85600
171.216	0.25	0	1	85608
171.232	0.25	0	1	85616
171.25	0.25	0	1	85625
171.266	0.25	0	1	85633
171.282	0.25	0	1	85641
171.3	0.25	1	2	85650
171.316	0.25	1	2	85658
171.332	0.25	1	2	85666
171.35	0.25	1	2	85675
171.366	0.25	1	2	85683
171.382	0.25	1	2	85691
171.4	0.25	0	1	85700
171.416	0.25	0	1	85708
171.432	0.25	0	1	85716
171.45	0.25	0	1	85725
171.466	0.25	0	1	85733
171.482	0.25	0	1	85741
171.5	0.25	1	2	85750
171.516	0.25	1	2	85758
171.532	0.25	1	2	85766
171.55	0.25	1	2	85775
171.566	0.25	1	2	85783
171.582	0.25	1	2	85791
171.6	0.25	1	2	85800
171.616	0.25	1	2	85808
171.632	0.25	1	2	85816
171.65	0.25	1	2	85825
171.666	0.25	0	1	85833
171.682	0.25	0	1	85841
171.7	0.25	0	1	85850
171.716	0.25	0	1	85858
171.732	0.25	1	2	85866
171.75	0.25	1	2	85875
171.766	0.25	0	1	85883
171.782	0.25	0	1	85891
171.8	0.25	1	2	85900
171.816	0.25	1	2	85908
171.832	0.25	0	1	85916
171.85	0.25	0	1	85925
171.866	0.25	0	1	85933
171.882	0.25	0	1	85941
171.9	0.25	1	2	85950
171.916	0.25	1	2	85958
171.932	0.25	1	2	85966
171.95	0.25	1	2	85975
171.966	0.25	0	1	85983
171.982	0.25	0	1	85991
172.0	0.25	0	1	86000
172.016	0.25	0	1	86008
172.032	0.25	0	1	86016
172.05	0.25	0	1	86025
172.066	0.25	0	1	86033
172.082	0.25	0	1	86041
172.1	0.25	1	2	86050
172.116	0.25	1	2	86058
172.132	0.25	0	1	86066
172.15	0.25	0	1	86075
172.166	0.25	0	1	86083
172.182	0.25	0	1	86091
172.2	0.25	0	1	86100
172.216	0.25	0	1	86108
172.232	0.25	0	1	86116
172.25	0.25	0	1	86125
172.266	0.25	1	2	86133
172.282	0.25	1	2	86141
172.3	0.25	1	2	86150
172.316	0.25	1	2	86158
172.332	0.25	1	2	86166
172.35	0.25	1	2	86175
172.366	0.25	1	2	86183
172.382	0.25	1	2	86191
172.4	0.25	1	2	86200
172.416	0.25	1	2	86208
172.432	0.25	1	2	86216
172.45	0.25	1	2	86225
172.466	0.25	0	1	86233
172.482	0.25	0	1	86241
172.5	0.25	1	2	86250
172.516	0.25	1	2	86258
172.532	0.25	0	1	86266
172.55	0.25	0	1	86275
172.566	0.25	1	2	86283
172.582	0.25	1	2	86291
172.6	0.25	0	1	86300
172.616	0.25	0	1	86308
172.632	0.25	0	1	86316
172.65	0.25	0	1	86325
172.666	0.25	1	2	86333
172.682	0.25	1	2	86341
172.7	0.25	1	2	86350
172.716	0.25	1	2	86358
172.732	0.25	0	1	86366
172.75	0.25	0	1	86375
172.766	0.25	0	1	86383
174.25	0.25	1	2	87125
174.266	0.25	1	2	87133
174.282	0.25	1	2	87141
174.3	0.25	1	2	87150
174.316	0.25	0	1	87158
174.332	0.25	0	1	87166
174.35	0.25	0	1	87175
174.366	0.25	0	1	87183
174.382	0.25	0	1	87191
174.4	0.25	0	1	87200
174.416	0.25	0	1	87208
174.432	0.25	0	1	87216
174.45	0.25	1	2	87225
174.466	0.25	1	2	87233
174.482	0.25	0	1	87241
174.5	0.25	0	1	87250
174.516	0.25	0	1	87258
174.532	0.25	0	1	87266
174.55	0.25	1	2	87275
174.566	0.25	1	2	87283
174.582	0.25	1	2	87291
174.6	0.25	1	2	87300
174.616	0.25	0	1	87308
174.632	0.25	0	1	87316
174.65	0.25	0	1	87325
174.666	0.25	0	1	87333
174.682	0.25	0	1	87341
174.7	0.25	0	1	87350
174.716	0.25	0	1	87358
174.732	0.25	0	1	87366
174.75	0.25	0	1	87375
174.766	0.25	0	1	87383
174.782	0.25	0	1	87391
174.8	0.25	0	1	87400
174.816	0.25	1	2	87408
174.832	0.25	1	2	87416
174.85	0.25	0	1	87425
174.866	0.25	0	1	87433
174.882	0.25	1	2	87441
174.9	0.25	1	2	87450
174.916	0.25	1	2	87458
174.932	0.25	1	2	87466
174.95	0.25	0	1	87475
174.966	0.25	0	1	87483
174.982	0.25	1	2	87491
175.0	0.25	1	2	87500
175.016	0.25	0	1	87508
175.032	0.25	0	1	87516
175.05	0.25	1	2	87525
175.066	0.25	1	2	87533
175.082	0.25	0	1	87541
175.1	0.25	0	1	87550
175.116	0.25	1	2	87558
175.132	0.25	1	2	87566
175.15	0.25	0	1	87575
175.166	0.25	0	1	87583
175.182	0.25	0	1	87591
175.2	0.25	0	1	87600
175.216	0.25	0	1	87608
175.232	0.25	0	1	87616
175.25	0.25	1	2	87625
175.266	0.25	1	2	87633
175.282	0.25	1	2	87641
175.3	0.25	1	2	87650
175.316	0.25	1	2	87658
175.332	0.25	1	2	87666
175.35	0.25	0	1	87675
175.366	0.25	0	1	87683
175.382	0.25	1	2	87691
175.4	0.25	1	2	87700
175.416	0.25	1	2	87708
175.432	0.25	1	2	87716
175.45	0.25	1	2	87725
175.466	0.25	1	2	87733
175.482	0.25	0	1	87741
175.5	0.25	0	1	87750
175.516	0.25	1	2	87758
175.532	0.25	1	2	87766
175.55	0.25	0	1	87775
175.566	0.25	0	1	87783
175.582	0.25	1	2	87791
175.6	0.25	1	2	87800
175.616	0.25	1	2	87808
175.632	0.25	1	2	87816
175.65	0.25	0	1	87825
175.666	0.25	0	1	87833
175.682	0.25	0	1	87841
175.7	0.25	0	1	87850
175.716	0.25	0	1	87858
175.732	0.25	0	1	87866
175.75	0.25	1	2	87875
175.766	0.25	1	2	87883
175.782	0.25	1	2	87891
175.8	0.25	1	2	87900
175.816	0.25	0	1	87908
175.832	0.25	0	1	87916
175.85	0.25	1	2	87925
175.866	0.25	1	2	87933
175.882	0.25	1	2	87941
175.9	0.25	1	2	87950
175.916	0.25	1	2	87958
175.932	0.25	1	2	87966
175.95	0.25	0	1	87975
175.966	0.25	0	1	87983
175.982	0.25	0	1	87991
176.0	0.25	0	1	88000
176.016	0.25	0	1	88008
176.032	0.25	0	1	88016
176.05	0.25	0	1	88025
176.066	0.25	0	1	88033
176.082	0.25	0	1	88041
176.1	0.25	0	1	88050
176.116	0.25	1	2	88058
176.132	0.25	1	2	88066
176.15	0.25	1	2	88075
176.166	0.25	1	2	88083
176.182	0.25	1	2	88091
178.45	0.25	1	2	89225
178.466	0.25	1	2	89233
178.482	0.25	1	2	89241
178.5	0.25	1	2	89250
178.516	0.25	1	2	89258
178.532	0.25	1	2	89266
178.55	0.25	1	2	89275
178.566	0.25	1	2	89283
178.582	0.25	1	2	89291
178.6	0.25	1	2	89300
178.616	0.25	1	2	89308
178.632	0.25	1	2	89316
178.65	0.25	1	2	89325
178.666	0.25	1	2	89333
178.682	0.25	0	1	89341
178.7	0.25	0	1	89350
178.716	0.25	0	1	89358
178.732	0.25	0	1	89366
178.75	0.25	1	2	89375
178.766	0.25	1	2	89383
178.782	0.25	1	2	89391
178.8	0.25	1	2	89400
178.816	0.25	0	1	89408
178.832	0.25	0	1	89416
178.85	0.25	0	1	89425
178.866	0.25	0	1	89433
178.882	0.25	1	2	89441
178.9	0.25	1	2	89450
178.916	0.25	1	2	89458
178.932	0.25	1	2	89466
178.95	0.25	0	1	89475
178.966	0.25	0	1	89483
178.982	0.25	0	1	89491
179.0	0.25	0	1	89500
179.016	0.25	1	2	89508
179.032	0.25	1	2	89516
179.05	0.25	0	1	89525
179.066	0.25	0	1	89533
179.082	0.25	1	2	89541
179.1	0.25	1	2	89550
179.116	0.25	1	2	89558
179.132	0.25	1	2	89566
179.15	0.25	0	1	89575
179.166	0.25	0	1	89583
179.182	0.25	1	2	89591
179.2	0.25	1	2	89600
179.216	0.25	0	1	89608
179.232	0.25	0	1	89616
179.25	0.25	0	1	89625
179.266	0.25	0	1	89633
179.282	0.25	1	2	89641
179.3	0.25	1	2	89650
179.316	0.25	0	1	89658
179.332	0.25	0	1	89666
179.35	0.25	1	2	89675
179.366	0.25	1	2	89683
179.382	0.25	1	2	89691
179.4	0.25	1	2	89700
179.416	0.25	1	2	89708
179.432	0.25	1	2	89716
179.45	0.25	0	1	89725
179.466	0.25	0	1	89733
179.482	0.25	0	1	89741
179.5	0.25	0	1	89750
179.516	0.25	0	1	89758
179.532	0.25	0	1	89766
179.55	0.25	1	2	89775
179.566	0.25	1	2	89783
179.582	0.25	0	1	89791
179.6	0.25	0	1	89800
179.616	0.25	1	2	89808
179.632	0.25	1	2	89816
179.65	0.25	1	2	89825
179.666	0.25	1	2	89833
179.682	0.25	1	2	89841
179.7	0.25	1	2	89850
179.716	0.25	0	1	89858
179.732	0.25	0	1	89866
179.75	0.25	0	1	89875
179.766	0.25	0	1	89883
179.782	0.25	1	2	89891
179.8	0.25	1	2	89900
179.816	0.25	0	1	89908
179.832	0.25	0	1	89916
179.85	0.25	1	2	89925
179.866	0.25	1	2	89933
179.882	0.25	0	1	89941
179.9	0.25	0	1	89950
179.916	0.25	0	1	89958
179.932	0.25	0	1	89966
179.95	0.25	0	1	89975
179.966	0.25	0	1	89983
179.982	0.25	1	2	89991
180.0	0.25	1	2	90000
180.016	0.25	1	2	90008
180.032	0.25	1	2	90016
180.05	0.25	0	1	90025
180.066	0.25	0	1	90033
180.082	0.25	1	2	90041
180.1	0.25	1	2	90050
180.116	0.25	0	1	90058
180.132	0.25	0	1	90066
180.15	0.25	0	1	90075
180.166	0.25	0	1	90083
180.182	0.25	0	1	90091
180.2	0.25	0	1	90100
180.216	0.25	1	2	90108
180.232	0.25	1	2	90116
180.25	0.25	0	1	90125
180.266	0.25	0	1	90133
180.282	0.25	1	2	90141
180.3	0.25	1	2	90150
180.316	0.25	0	1	90158
180.332	0.25	0	1	90166
180.35	0.25	0	1	90175
180.366	0.25	0	1	90183
180.382	0.25	1	2	90191
181.866	0.25	1	2	90933
181.882	0.25	1	2	90941
181.9	0.25	1	2	90950
181.916	0.25	1	2	90958
181.932	0.25	0	1	90966
181.95	0.25	0	1	90975
181.966	0.25	0	1	90983
181.982	0.25	0	1	90991
182.0	0.25	0	1	91000
182.016	0.25	0	1	91008
182.032	0.25	0	1	91016
182.05	0.25	0	1	91025
182.066	0.25	1	2	91033
182.082	0.25	1	2	91041
182.1	0.25	0	1	91050
182.116	0.25	0	1	91058
182.132	0.25	0	1	91066
182.15	0.25	0	1	91075
182.166	0.25	1	2	91083
182.182	0.25	1	2	91091
182.2	0.25	1	2	91100
182.216	0.25	1	2	91108
182.232	0.25	0	1	91116
182.25	0.25	0	1	91125
182.266	0.25	0	1	91133
182.282	0.25	0	1	91141
182.3	0.25	0	1	91150
182.316	0.25	0	1	91158
182.332	0.25	0	1	91166
182.35	0.25	0	1	91175
182.366	0.25	0	1	91183
182.382	0.25	0	1	91191
182.4	0.25	0	1	91200
182.416	0.25	0	1	91208
182.432	0.25	1	2	91216
182.45	0.25	1	2	91225
182.466	0.25	0	1	91233
182.482	0.25	0	1	91241
182.5	0.25	1	2	91250
182.516	0.25	1	2	91258
182.532	0.25	1	2	91266
182.55	0.25	1	2	91275
182.566	0.25	0	1	91283
182.582	0.25	0	1	91291
182.6	0.25	1	2	91300
182.616	0.25	1	2	91308
182.632	0.25	0	1	91316
182.65	0.25	0	1	91325
182.666	0.25	1	2	91333
182.682	0.25	1	2	91341
182.7	0.25	0	1	91350
182.716	0.25	0	1	91358
182.732	0.25	1	2	91366
182.75	0.25	1	2	91375
182.766	0.25	0	1	91383
182.782	0.25	0	1	91391
182.8	0.25	0	1	91400
182.816	0.25	0	1	91408
182.832	0.25	0	1	91416
182.85	0.25	0	1	91425
182.866	0.25	1	2	91433
182.882	0.25	1	2	91441
182.9	0.25	1	2	91450
182.916	0.25	1	2	91458
182.932	0.25	1	2	91466
182.95	0.25	1	2	91475
182.966	0.25	0	1	91483
182.982	0.25	0	1	91491
183.0	0.25	1	2	91500
183.016	0.25	1	2	91508
183.032	0.25	1	2	91516
183.05	0.25	1	2	91525
183.066	0.25	1	2	91533
183.082	0.25	1	2	91541
183.1	0.25	0	1	91550
183.116	0.25	0	1	91558
183.132	0.25	1	2	91566
183.15	0.25	1	2	91575
183.166	0.25	0	1	91583
183.182	0.25	0	1	91591
183.2	0.25	1	2	91600
183.216	0.25	1	2	91608
183.232	0.25	1	2	91616
183.25	0.25	1	2	91625
183.266	0.25	0	1	91633
183.282	0.25	0	1	91641
183.3	0.25	0	1	91650
183.316	0.25	0	1	91658
183.332	0.25	0	1	91666
183.35	0.25	0	1	91675
183.366	0.25	1	2	91683
183.382	0.25	1	2	91691
183.4	0.25	1	2	91700
183.416	0.25	1	2	91708
183.432	0.25	0	1	91716
183.45	0.25	0	1	91725
183.466	0.25	1	2	91733
183.482	0.25	1	2	91741
183.5	0.25	1	2	91750
183.516	0.25	1	2	91758
183.532	0.25	1	2	91766
183.55	0.25	1	2	91775
183.566	0.25	0	1	91783
183.582	0.25	0	1	91791
183.6	0.25	0	1	91800
183.616	0.25	0	1	91808
183.632	0.25	0	1	91816
183.65	0.25	0	1	91825
183.666	0.25	0	1	91833
183.682	0.25	0	1	91841
183.7	0.25	0	1	91850
183.716	0.25	0	1	91858
183.732	0.25	1	2	91866
183.75	0.25	1	2	91875
183.766	0.25	1	2	91883
183.782	0.25	1	2	91891
183.8	0.25	1	2	91900
185.282	0.25	0	1	92641
185.3	0.25	0	1	92650
185.316	0.25	0	1	92658
185.332	0.25	0	1	92666
185.35	0.25	1	2	92675
185.366	0.25	1	2	92683
185.382	0.25	1	2	92691
185.4	0.25	1	2	92700
185.416	0.25	0	1	92708
185.432	0.25	0	1	92716
185.45	0.25	0	1	92725
185.466	0.25	0	1	92733
185.482	0.25	0	1	92741
185.5	0.25	0	1	92750
185.516	0.25	0	1	92758
185.532	0.25	0	1	92766
185.55	0.25	1	2	92775
185.566	0.25	1	2	92783
185.582	0.25	1	2	92791
185.6	0.25	1	2	92800
185.616	0.25	1	2	92808
185.632	0.25	1	2	92816
185.65	0.25	1	2	92825
185.666	0.25	1	2	92833
185.682	0.25	1	2	92841
185.7	0.25	1	2	92850
185.716	0.25	0	1	92858
185.732	0.25	0	1	92866
185.75	0.25	0	1	92875
185.766	0.25	0	1	92883
185.782	0.25	0	1	92891
185.8	0.25	0	1	92900
185.816	0.25	0	1	92908
185.832	0.25	0	1	92916
185.85	0.25	0	1	92925
185.866	0.25	0	1	92933
185.882	0.25	0	1	92941
185.9	0.25	0	1	92950
185.916	0.25	1	2	92958
185.932	0.25	1	2	92966
185.95	0.25	1	2	92975
185.966	0.25	1	2	92983
185.982	0.25	0	1	92991
186.0	0.25	0	1	93000
186.016	0.25	0	1	93008
186.032	0.25	0	1	93016
186.05	0.25	1	2	93025
186.066	0.25	1	2	93033
186.082	0.25	0	1	93041
186.1	0.25	0	1	93050
186.116	0.25	1	2	93058
186.132	0.25	1	2	93066
186.15	0.25	0	1	93075
186.166	0.25	0	1	93083
186.182	0.25	1	2	93091
186.2	0.25	1	2	93100
186.216	0.25	0	1	93108
186.232	0.25	0	1	93116
186.25	0.25	1	2	93125
186.266	0.25	1	2	93133
186.282	0.25	1	2	93141
186.3	0.25	1	2	93150
186.316	0.25	0	1	93158
186.332	0.25	0	1	93166
186.35	0.25	1	2	93175
186.366	0.25	1	2	93183
186.382	0.25	0	1	93191
186.4	0.25	0	1	93200
186.416	0.25	0	1	93208
186.432	0.25	0	1	93216
186.45	0.25	0	1	93225
186.466	0.25	0	1	93233
186.482	0.25	1	2	93241
186.5	0.25	1	2	93250
186.516	0.25	0	1	93258
186.532	0.25	0	1	93266
186.55	0.25	0	1	93275
186.566	0.25	0	1	93283
186.582	0.25	0	1	93291
186.6	0.25	0	1	93300
186.616	0.25	1	2	93308
186.632	0.25	1	2	93316
186.65	0.25	1	2	93325
186.666	0.25	1	2	93333
186.682	0.25	1	2	93341
186.7	0.25	1	2	93350
186.716	0.25	0	1	93358
186.732	0.25	0	1	93366
186.75	0.25	1	2	93375
186.766	0.25	1	2	93383
186.782	0.25	0	1	93391
186.8	0.25	0	1	93400
186.816	0.25	1	2	93408
186.832	0.25	1	2	93416
186.85	0.25	1	2	93425
186.866	0.25	1	2	93433
186.882	0.25	1	2	93441
186.9	0.25	1	2	93450
186.916	0.25	1	2	93458
186.932	0.25	1	2	93466
186.95	0.25	1	2	93475
186.966	0.25	1	2	93483
186.982	0.25	0	1	93491
187.0	0.25	0	1	93500
187.016	0.25	0	1	93508
187.032	0.25	0	1	93516
187.05	0.25	1	2	93525
187.066	0.25	1	2	93533
187.082	0.25	0	1	93541
187.1	0.25	0	1	93550
187.116	0.25	0	1	93558
187.132	0.25	0	1	93566
187.15	0.25	0	1	93575
187.166	0.25	0	1	93583
187.182	0.25	1	2	93591
187.2	0.25	1	2	93600
187.216	0.25	1	2	93608
188.7	0.25	1	2	94350
188.716	0.25	1	2	94358
188.732	0.25	1	2	94366
188.75	0.25	1	2	94375
188.766	0.25	0	1	94383
188.782	0.25	0	1	94391
188.8	0.25	1	2	94400
188.816	0.25	1	2	94408
188.832	0.25	1	2	94416
188.85	0.25	1	2	94425
188.866	0.25	0	1	94433
188.882	0.25	0	1	94441
188.9	0.25	1	2	94450
188.916	0.25	1	2	94458
188.932	0.25	1	2	94466
188.95	0.25	1	2	94475
188.966	0.25	0	1	94483
188.982	0.25	0	1	94491
189.0	0.25	1	2	94500
189.016	0.25	1	2	94508
189.032	0.25	1	2	94516
189.05	0.25	1	2	94525
189.066	0.25	0	1	94533
189.082	0.25	0	1	94541
189.1	0.25	0	1	94550
189.116	0.25	0	1	94558
189.132	0.25	0	1	94566
189.15	0.25	0	1	94575
189.166	0.25	1	2	94583
189.182	0.25	1	2	94591
189.2	0.25	1	2	94600
189.216	0.25	1	2	94608
189.232	0.25	1	2	94616
189.25	0.25	1	2	94625
189.266	0.25	0	1	94633
189.282	0.25	0	1	94641
189.3	0.25	0	1	94650
189.316	0.25	0	1	94658
189.332	0.25	0	1	94666
189.35	0.25	0	1	94675
189.366	0.25	1	2	94683
189.382	0.25	1	2	94691
189.4	0.25	1	2	94700
189.416	0.25	1	2	94708
189.432	0.25	1	2	94716
189.45	0.25	1	2	94725
189.466	0.25	1	2	94733
189.482	0.25	1	2	94741
189.5	0.25	1	2	94750
189.516	0.25	1	2	94758
189.532	0.25	0	1	94766
189.55	0.25	0	1	94775
189.566	0.25	0	1	94783
189.582	0.25	0	1	94791
189.6	0.25	1	2	94800
189.616	0.25	1	2	94808
189.632	0.25	0	1	94816
189.65	0.25	0	1	94825
189.666	0.25	1	2	94833
189.682	0.25	1	2	94841
189.7	0.25	0	1	94850
189.716	0.25	0	1	94858
189.732	0.25	0	1	94866
189.75	0.25	0	1	94875
189.766	0.25	1	2	94883
189.782	0.25	1	2	94891
189.8	0.25	1	2	94900
189.816	0.25	1	2	94908
189.832	0.25	0	1	94916
189.85	0.25	0	1	94925
189.866	0.25	0	1	94933
189.882	0.25	0	1	94941
189.9	0.25	0	1	94950
189.916	0.25	0	1	94958
189.932	0.25	0	1	94966
189.95	0.25	0	1	94975
189.966	0.25	1	2	94983
189.982	0.25	1	2	94991
190.0	0.25	0	1	95000
190.016	0.25	0	1	95008
190.032	0.25	0	1	95016
190.05	0.25	0	1	95025
190.066	0.25	0	1	95033
190.082	0.25	0	1	95041
190.1	0.25	0	1	95050
190.116	0.25	0	1	95058
190.132	0.25	1	2	95066
190.15	0.25	1	2	95075
190.166	0.25	1	2	95083
190.182	0.25	1	2	95091
190.2	0.25	1	2	95100
190.216	0.25	1	2	95108
190.232	0.25	1	2	95116
190.25	0.25	1	2	95125
190.266	0.25	1	2	95133
190.282	0.25	1	2	95141
190.3	0.25	1	2	95150
190.316	0.25	1	2	95158
190.332	0.25	0	1	95166
190.35	0.25	0	1	95175
190.366	0.25	1	2	95183
190.382	0.25	1	2	95191
190.4	0.25	0	1	95200
190.416	0.25	0	1	95208
190.432	0.25	1	2	95216
190.45	0.25	1	2	95225
190.466	0.25	0	1	95233
190.482	0.25	0	1	95241
190.5	0.25	0	1	95250
190.516	0.25	0	1	95258
190.532	0.25	1	2	95266
190.55	0.25	1	2	95275
190.566	0.25	1	2	95283
190.582	0.25	1	2	95291
190.6	0.25	0	1	95300
190.616	0.25	0	1	95308
190.632	0.25	0	1	95316
192.932	0.25	1	2	96466
192.95	0.25	1	2	96475
192.966	0.25	1	2	96483
192.982	0.25	1	2	96491
193.0	0.25	1	2	96500
193.016	0.25	1	2	96508
193.032	0.25	1	2	96516
193.05	0.25	1	2	96525
193.066	0.25	1	2	96533
193.082	0.25	1	2	96541
193.1	0.25	1	2	96550
193.116	0.25	1	2	96558
193.132	0.25	1	2	96566
193.15	0.25	1	2	96575
193.166	0.25	0	1	96583
193.182	0.25	0	1	96591
193.2	0.25	0	1	96600
193.216	0.25	0	1	96608
193.232	0.25	1	2	96616
193.25	0.25	1	2	96625
193.266	0.25	1	2	96633
193.282	0.25	1	2	96641
193.3	0.25	0	1	96650
193.316	0.25	0	1	96658
193.332	0.25	0	1	96666
193.35	0.25	0	1	96675
193.366	0.25	1	2	96683
193.382	0.25	1	2	96691
193.4	0.25	1	2	96700
193.416	0.25	1	2	96708
193.432	0.25	0	1	96716
193.45	0.25	0	1	96725
193.466	0.25	0	1	96733
193.482	0.25	0	1	96741
193.5	0.25	1	2	96750
193.516	0.25	1	2	96758
193.532	0.25	0	1	96766
193.55	0.25	0	1	96775
193.566	0.25	1	2	96783
193.582	0.25	1	2	96791
193.6	0.25	1	2	96800
193.616	0.25	1	2	96808
193.632	0.25	0	1	96816
193.65	0.25	0	1	96825
193.666	0.25	1	2	96833
193.682	0.25	1	2	96841
193.7	0.25	0	1	96850
193.716	0.25	0	1	96858
193.732	0.25	0	1	96866
193.75	0.25	0	1	96875
193.766	0.25	1	2	96883
193.782	0.25	1	2	96891
193.8	0.25	0	1	96900
193.816	0.25	0	1	96908
193.832	0.25	1	2	96916
193.85	0.25	1	2	96925
193.866	0.25	1	2	96933
193.882	0.25	1	2	96941
193.9	0.25	1	2	96950
193.916	0.25	1	2	96958
193.932	0.25	0	1	96966
193.95	0.25	0	1	96975
193.966	0.25	0	1	96983
193.982	0.25	0	1	96991
194.0	0.25	0	1	97000
194.016	0.25	0	1	97008
194.032	0.25	1	2	97016
194.05	0.25	1	2	97025
194.066	0.25	0	1	97033
194.082	0.25	0	1	97041
194.1	0.25	1	2	97050
194.116	0.25	1	2	97058
194.132	0.25	1	2	97066
194.15	0.25	1	2	97075
194.166	0.25	1	2	97083
194.182	0.25	1	2	97091
194.2	0.25	0	1	97100
194.216	0.25	0	1	97108
194.232	0.25	0	1	97116
194.25	0.25	0	1	97125
194.266	0.25	1	2	97133
194.282	0.25	1	2	97141
194.3	0.25	0	1	97150
194.316	0.25	0	1	97158
194.332	0.25	1	2	97166
194.35	0.25	1	2	97175
194.366	0.25	0	1	97183
194.382	0.25	0	1	97191
194.4	0.25	0	1	97200
194.416	0.25	0	1	97208
194.432	0.25	0	1	97216
194.45	0.25	0	1	97225
194.466	0.25	1	2	97233
194.482	0.25	1	2	97241
194.5	0.25	1	2	97250
194.516	0.25	1	2	97258
194.532	0.25	0	1	97266
194.55	0.25	0	1	97275
194.566	0.25	1	2	97283
194.582	0.25	1	2	97291
194.6	0.25	0	1	97300
194.616	0.25	0	1	97308
194.632	0.25	0	1	97316
194.65	0.25	0	1	97325
194.666	0.25	0	1	97333
194.682	0.25	0	1	97341
194.7	0.25	1	2	97350
194.716	0.25	1	2	97358
194.732	0.25	0	1	97366
194.75	0.25	0	1	97375
194.766	0.25	1	2	97383
194.782	0.25	1	2	97391
194.8	0.25	0	1	97400
194.816	0.25	0	1	97408
194.832	0.25	0	1	97416
194.85	0.25	0	1	97425
194.866	0.25	1	2	97433
196.35	0.25	0	1	98175
196.366	0.25	0	1	98183
196.382	0.25	0	1	98191
196.4	0.25	0	1	98200
196.416	0.25	1	2	98208
196.432	0.25	1	2	98216
196.45	0.25	1	2	98225
196.466	0.25	1	2	98233
196.482	0.25	0	1	98241
196.5	0.25	0	1	98250
196.516	0.25	0	1	98258
196.532	0.25	0	1	98266
196.55	0.25	0	1	98275
196.566	0.25	0	1	98283
196.582	0.25	0	1	98291
196.6	0.25	0	1	98300
196.616	0.25	1	2	98308
196.632	0.25	1	2	98316
196.65	0.25	1	2	98325
196.666	0.25	1	2	98333
196.682	0.25	1	2	98341
196.7	0.25	1	2	98350
196.716	0.25	1	2	98358
196.732	0.25	1	2	98366
196.75	0.25	1	2	98375
196.766	0.25	1	2	98383
196.782	0.25	0	1	98391
196.8	0.25	0	1	98400
196.816	0.25	0	1	98408
196.832	0.25	0	1	98416
196.85	0.25	0	1	98425
196.866	0.25	0	1	98433
196.882	0.25	0	1	98441
196.9	0.25	0	1	98450
196.916	0.25	0	1	98458
196.932	0.25	0	1	98466
196.95	0.25	0	1	98475
196.966	0.25	0	1	98483
196.982	0.25	1	2	98491
197.0	0.25	1	2	98500
197.016	0.25	1	2	98508
197.032	0.25	1	2	98516
197.05	0.25	0	1	98525
197.066	0.25	0	1	98533
197.082	0.25	0	1	98541
197.1	0.25	0	1	98550
197.116	0.25	1	2	98558
197.132	0.25	1	2	98566
197.15	0.25	0	1	98575
197.166	0.25	0	1	98583
197.182	0.25	1	2	98591
197.2	0.25	1	2	98600
197.216	0.25	0	1	98608
197.232	0.25	0	1	98616
197.25	0.25	1	2	98625
197.266	0.25	1	2	98633
197.282	0.25	0	1	98641
197.3	0.25	0	1	98650
197.316	0.25	1	2	98658
197.332	0.25	1	2	98666
197.35	0.25	1	2	98675
197.366	0.25	1	2	98683
197.382	0.25	0	1	98691
197.4	0.25	0	1	98700
197.416	0.25	1	2	98708
197.432	0.25	1	2	98716
197.45	0.25	0	1	98725
197.466	0.25	0	1	98733
197.482	0.25	0	1	98741
197.5	0.25	0	1	98750
197.516	0.25	0	1	98758
197.532	0.25	0	1	98766
197.55	0.25	1	2	98775
197.566	0.25	1	2	98783
197.582	0.25	0	1	98791
197.6	0.25	0	1	98800
197.616	0.25	0	1	98808
197.632	0.25	0	1	98816
197.65	0.25	0	1	98825
197.666	0.25	0	1	98833
197.682	0.25	1	2	98841
197.7	0.25	1	2	98850
197.716	0.25	1	2	98858
197.732	0.25	1	2	98866
197.75	0.25	1	2	98875
197.766	0.25	1	2	98883
197.782	0.25	0	1	98891
197.8	0.25	0	1	98900
197.816	0.25	1	2	98908
197.832	0.25	1	2	98916
197.85	0.25	0	1	98925
197.866	0.25	0	1	98933
197.882	0.25	1	2	98941
197.9	0.25	1	2	98950
197.916	0.25	1	2	98958
197.932	0.25	1	2	98966
197.95	0.25	1	2	98975
197.966	0.25	1	2	98983
197.982	0.25	1	2	98991
198.0	0.25	1	2	99000
198.016	0.25	1	2	99008
198.032	0.25	1	2	99016
198.05	0.25	0	1	99025
198.066	0.25	0	1	99033
198.082	0.25	0	1	99041
198.1	0.25	0	1	99050
198.116	0.25	1	2	99058
198.132	0.25	1	2	99066
198.15	0.25	0	1	99075
198.166	0.25	0	1	99083
198.182	0.25	0	1	99091
198.2	0.25	0	1	99100
198.216	0.25	0	1	99108
198.232	0.25	0	1	99116
198.25	0.25	1	2	99125
198.266	0.25	1	2	99133
198.282	0.25	1	2	99141
199.766	0.25	1	2	99883
199.782	0.25	1	2	99891
199.8	0.25	1	2	99900
199.816	0.25	1	2	99908
199.832	0.25	0	1	99916
199.85	0.25	0	1	99925
199.866	0.25	1	2	99933
199.882	0.25	1	2	99941
199.9	0.25	1	2	99950
199.916	0.25	1	2	99958
199.932	0.25	0	1	99966
199.95	0.25	0	1	99975
199.966	0.25	1	2	99983
199.982	0.25	1	2	99991
200.0	0.25	1	2	100000
200.016	0.25	1	2	100008
200.032	0.25	0	1	100016
200.05	0.25	0	1	100025
200.066	0.25	1	2	100033
200.082	0.25	1	2	100041
200.1	0.25	1	2	100050
200.116	0.25	1	2	100058
200.132	0.25	0	1	100066
200.15	0.25	0	1	100075
200.166	0.25	0	1	100083
200.182	0.25	0	1	100091
200.2	0.25	0	1	100100
200.216	0.25	0	1	100108
200.232	0.25	1	2	100116
200.25	0.25	1	2	100125
200.266	0.25	1	2	100133
200.282	0.25	1	2	100141
200.3	0.25	1	2	100150
200.316	0.25	1	2	100158
200.332	0.25	0	1	100166
200.35	0.25	0	1	100175
200.366	0.25	0	1	100183
200.382	0.25	0	1	100191
200.4	0.25	0	1	100200
200.416	0.25	0	1	100208
200.432	0.25	1	2	100216
200.45	0.25	1	2	100225
200.466	0.25	1	2	100233
200.482	0.25	1	2	100241
200.5	0.25	1	2	100250
200.516	0.25	1	2	100258
200.532	0.25	1	2	100266
200.55	0.25	1	2	100275
200.566	0.25	1	2	100283
200.582	0.25	1	2	100291
200.6	0.25	0	1	100300
200.616	0.25	0	1	100308
200.632	0.25	0	1	100316
200.65	0.25	0	1	100325
200.666	0.25	1	2	100333
200.682	0.25	1	2	100341
200.7	0.25	0	1	100350
200.716	0.25	0	1	100358
200.732	0.25	1	2	100366
200.75	0.25	1	2	100375
200.766	0.25	0	1	100383
200.782	0.25	0	1	100391
200.8	0.25	0	1	100400
200.816	0.25	0	1	100408
200.832	0.25	1	2	100416
200.85	0.25	1	2	100425
200.866	0.25	1	2	100433
200.882	0.25	1	2	100441
200.9	0.25	0	1	100450
200.916	0.25	0	1	100458
200.932	0.25	0	1	100466
200.95	0.25	0	1	100475
200.966	0.25	0	1	100483
200.982	0.25	0	1	100491
201.0	0.25	0	1	100500
201.016	0.25	0	1	100508
201.032	0.25	1	2	100516
201.05	0.25	1	2	100525
201.066	0.25	0	1	100533
201.082	0.25	0	1	100541
201.1	0.25	0	1	100550
201.116	0.25	0	1	100558
201.132	0.25	0	1	100566
201.15	0.25	0	1	100575
201.166	0.25	0	1	100583
201.182	0.25	0	1	100591
201.2	0.25	1	2	100600
201.216	0.25	1	2	100608
201.232	0.25	1	2	100616
201.25	0.25	1	2	100625
201.266	0.25	1	2	100633
201.282	0.25	1	2	100641
201.3	0.25	1	2	100650
201.316	0.25	1	2	100658
201.332	0.25	1	2	100666
201.35	0.25	1	2	100675
201.366	0.25	1	2	100683
201.382	0.25	1	2	100691
201.4	0.25	0	1	100700
201.416	0.25	0	1	100708
201.432	0.25	1	2	100716
201.45	0.25	1	2	100725
201.466	0.25	0	1	100733
201.482	0.25	0	1	100741
201.5	0.25	1	2	100750
201.516	0.25	1	2	100758
201.532	0.25	0	1	100766
201.55	0.25	0	1	100775
201.566	0.25	0	1	100783
201.582	0.25	0	1	100791
201.6	0.25	1	2	100800
201.616	0.25	1	2	100808
201.632	0.25	1	2	100816
201.65	0.25	1	2	100825
201.666	0.25	0	1	100833
201.682	0.25	0	1	100841
201.7	0.25	0	1	100850
203.182	0.25	1	2	101591
203.2	0.25	1	2	101600
203.216	0.25	1	2	101608
203.232	0.25	1	2	101616
203.25	0.25	0	1	101625
203.266	0.25	0	1	101633
203.282	0.25	0	1	101641
203.3	0.25	0	1	101650
203.316	0.25	0	1	101658
203.332	0.25	0	1	101666
203.35	0.25	0	1	101675
203.366	0.25	0	1	101683
203.382	0.25	1	2	101691
203.4	0.25	1	2	101700
203.416	0.25	0	1	101708
203.432	0.25	0	1	101716
203.45	0.25	0	1	101725
203.466	0.25	0	1	101733
203.482	0.25	1	2	101741
203.5	0.25	1	2	101750
203.516	0.25	1	2	101758
203.532	0.25	1	2	101766
203.55	0.25	0	1	101775
203.566	0.25	0	1	101783
203.582	0.25	0	1	101791
203.6	0.25	0	1	101800
203.616	0.25	0	1	101808
203.632	0.25	0	1	101816
203.65	0.25	0	1	101825
203.666	0.25	0	1	101833
203.682	0.25	0	1	101841
203.7	0.25	0	1	101850
203.716	0.25	0	1	101858
203.732	0.25	0	1	101866
203.75	0.25	1	2	101875
203.766	0.25	1	2	101883
203.782	0.25	0	1	101891
203.8	0.25	0	1	101900
203.816	0.25	1	2	101908
203.832	0.25	1	2	101916
203.85	0.25	1	2	101925
203.866	0.25	1	2	101933
203.882	0.25	0	1	101941
203.9	0.25	0	1	101950
203.916	0.25	1	2	101958
203.932	0.25	1	2	101966
203.95	0.25	0	1	101975
203.966	0.25	0	1	101983
203.982	0.25	1	2	101991
204.0	0.25	1	2	102000
204.016	0.25	0	1	102008
204.032	0.25	0	1	102016
204.05	0.25	1	2	102025
204.066	0.25	1	2	102033
204.082	0.25	0	1	102041
204.1	0.25	0	1	102050
204.116	0.25	0	1	102058
204.132	0.25	0	1	102066
204.15	0.25	0	1	102075
204.166	0.25	0	1	102083
204.182	0.25	1	2	102091
204.2	0.25	1	2	102100
204.216	0.25	1	2	102108
204.232	0.25	1	2	102116
204.25	0.25	1	2	102125
204.266	0.25	1	2	102133
204.282	0.25	0	1	102141
204.3	0.25	0	1	102150
204.316	0.25	1	2	102158
204.332	0.25	1	2	102166
204.35	0.25	1	2	102175
204.366	0.25	1	2	102183
204.382	0.25	1	2	102191
204.4	0.25	1	2	102200
204.416	0.25	0	1	102208
204.432	0.25	0	1	102216
204.45	0.25	1	2	102225
204.466	0.25	1	2	102233
204.482	0.25	0	1	102241
204.5	0.25	0	1	102250
204.516	0.25	1	2	102258
204.532	0.25	1	2	102266
204.55	0.25	1	2	102275
204.566	0.25	1	2	102283
204.582	0.25	0	1	102291
204.6	0.25	0	1	102300
204.616	0.25	0	1	102308
204.632	0.25	0	1	102316
204.65	0.25	0	1	102325
204.666	0.25	0	1	102333
204.682	0.25	1	2	102341
204.7	0.25	1	2	102350
204.716	0.25	1	2	102358
204.732	0.25	1	2	102366
204.75	0.25	0	1	102375
204.766	0.25	0	1	102383
204.782	0.25	1	2	102391
204.8	0.25	1	2	102400
204.816	0.25	1	2	102408
204.832	0.25	1	2	102416
204.85	0.25	1	2	102425
204.866	0.25	1	2	102433
204.882	0.25	0	1	102441
204.9	0.25	0	1	102450
204.916	0.25	0	1	102458
204.932	0.25	0	1	102466
204.95	0.25	0	1	102475
204.966	0.25	0	1	102483
204.982	0.25	0	1	102491
205.0	0.25	0	1	102500
205.016	0.25	0	1	102508
205.032	0.25	0	1	102516
205.05	0.25	1	2	102525
205.066	0.25	1	2	102533
205.082	0.25	1	2	102541
205.1	0.25	1	2	102550
205.116	0.25	1	2	102558
207.516	0.25	0	1	103758
207.532	0.25	0	1	103766
207.55	0.25	0	1	103775
207.566	0.25	0	1	103783
207.582	0.25	1	2	103791
207.6	0.25	1	2	103800
207.616	0.25	1	2	103808
207.632	0.25	1	2	103816
207.65	0.25	0	1	103825
207.666	0.25	0	1	103833
207.682	0.25	0	1	103841
207.7	0.25	0	1	103850
207.716	0.25	0	1	103858
207.732	0.25	0	1	103866
207.75	0.25	0	1	103875
207.766	0.25	0	1	103883
207.782	0.25	1	2	103891
207.8	0.25	1	2	103900
207.816	0.25	1	2	103908
207.832	0.25	1	2	103916
207.85	0.25	1	2	103925
207.866	0.25	1	2	103933
207.882	0.25	1	2	103941
207.9	0.25	1	2	103950
207.916	0.25	1	2	103958
207.932	0.25	1	2	103966
207.95	0.25	0	1	103975
207.966	0.25	0	1	103983
207.982	0.25	0	1	103991
208.0	0.25	0	1	104000
208.016	0.25	0	1	104008
208.032	0.25	0	1	104016
208.05	0.25	0	1	104025
208.066	0.25	0	1	104033
208.082	0.25	0	1	104041
208.1	0.25	0	1	104050
208.116	0.25	0	1	104058
208.132	0.25	0	1	104066
208.15	0.25	1	2	104075
208.166	0.25	1	2	104083
208.182	0.25	1	2	104091
208.2	0.25	1	2	104100
208.216	0.25	0	1	104108
208.232	0.25	0	1	104116
208.25	0.25	0	1	104125
208.266	0.25	0	1	104133
208.282	0.25	1	2	104141
208.3	0.25	1	2	104150
208.316	0.25	0	1	104158
208.332	0.25	0	1	104166
208.35	0.25	1	2	104175
208.366	0.25	1	2	104183
208.382	0.25	0	1	104191
208.4	0.25	0	1	104200
208.416	0.25	1	2	104208
208.432	0.25	1	2	104216
208.45	0.25	0	1	104225
208.466	0.25	0	1	104233
208.482	0.25	1	2	104241
208.5	0.25	1	2	104250
208.516	0.25	1	2	104258
208.532	0.25	1	2	104266
208.55	0.25	0	1	104275
208.566	0.25	0	1	104283
208.582	0.25	1	2	104291
208.6	0.25	1	2	104300
208.616	0.25	0	1	104308
208.632	0.25	0	1	104316
208.65	0.25	0	1	104325
208.666	0.25	0	1	104333
208.682	0.25	0	1	104341
208.7	0.25	0	1	104350
208.716	0.25	1	2	104358
208.732	0.25	1	2	104366
208.75	0.25	0	1	104375
208.766	0.25	0	1	104383
208.782	0.25	0	1	104391
208.8	0.25	0	1	104400
208.816	0.25	0	1	104408
208.832	0.25	0	1	104416
208.85	0.25	1	2	104425
208.866	0.25	1	2	104433
208.882	0.25	1	2	104441
208.9	0.25	1	2	104450
208.916	0.25	1	2	104458
208.932	0.25	1	2	104466
208.95	0.25	0	1	104475
208.966	0.25	0	1	104483
208.982	0.25	1	2	104491
209.0	0.25	1	2	104500
209.016	0.25	0	1	104508
209.032	0.25	0	1	104516
209.05	0.25	1	2	104525
209.066	0.25	1	2	104533
209.082	0.25	1	2	104541
209.1	0.25	1	2	104550
209.116	0.25	1	2	104558
209.132	0.25	1	2	104566
209.15	0.25	1	2	104575
209.166	0.25	1	2	104583
209.182	0.25	1	2	104591
209.2	0.25	1	2	104600
209.216	0.25	0	1	104608
209.232	0.25	0	1	104616
209.25	0.25	0	1	104625
209.266	0.25	0	1	104633
209.282	0.25	1	2	104641
209.3	0.25	1	2	104650
209.316	0.25	0	1	104658
209.332	0.25	0	1	104666
209.35	0.25	0	1	104675
209.366	0.25	0	1	104683
209.382	0.25	0	1	104691
209.4	0.25	0	1	104700
209.416	0.25	1	2	104708
209.432	0.25	1	2	104716
209.45	0.25	1	2	104725
210.932	0.25	1	2	105466
210.95	0.25	1	2	105475
210.966	0.25	1	2	105483
210.982	0.25	1	2	105491
211.0	0.25	1	2	105500
211.016	0.25	1	2	105508
211.032	0.25	1	2	105516
211.05	0.25	1	2	105525
211.066	0.25	1	2	105533
211.082	0.25	1	2	105541
211.1	0.25	1	2	105550
211.116	0.25	1	2	105558
211.132	0.25	1	2	105566
211.15	0.25	1	2	105575
211.166	0.25	0	1	105583
211.182	0.25	0	1	105591
211.2	0.25	0	1	105600
211.216	0.25	0	1	105608
211.232	0.25	1	2	105616
211.25	0.25	1	2	105625
211.266	0.25	1	2	105633
211.282	0.25	1	2	105641
211.3	0.25	0	1	105650
211.316	0.25	0	1	105658
211.332	0.25	0	1	105666
211.35	0.25	0	1	105675
211.366	0.25	1	2	105683
211.382	0.25	1	2	105691
211.4	0.25	1	2	105700
211.416	0.25	1	2	105708
211.432	0.25	0	1	105716
211.45	0.25	0	1	105725
211.466	0.25	0	1	105733
211.482	0.25	0	1	105741
211.5	0.25	1	2	105750
211.516	0.25	1	2	105758
211.532	0.25	0	1	105766
211.55	0.25	0	1	105775
211.566	0.25	1	2	105783
211.582	0.25	1	2	105791
211.6	0.25	1	2	105800
211.616	0.25	1	2	105808
211.632	0.25	0	1	105816
211.65	0.25	0	1	105825
211.666	0.25	1	2	105833
211.682	0.25	1	2	105841
211.7	0.25	0	1	105850
211.716	0.25	0	1	105858
211.732	0.25	0	1	105866
211.75	0.25	0	1	105875
211.766	0.25	1	2	105883
211.782	0.25	1	2	105891
211.8	0.25	0	1	105900
211.816	0.25	0	1	105908
211.832	0.25	1	2	105916
211.85	0.25	1	2	105925
211.866	0.25	1	2	105933
211.882	0.25	1	2	105941
211.9	0.25	1	2	105950
211.916	0.25	1	2	105958
211.932	0.25	0	1	105966
211.95	0.25	0	1	105975
211.966	0.25	0	1	105983
211.982	0.25	0	1	105991
212.0	0.25	0	1	106000
212.016	0.25	0	1	106008
212.032	0.25	1	2	106016
212.05	0.25	1	2	106025
212.066	0.25	0	1	106033
212.082	0.25	0	1	106041
212.1	0.25	1	2	106050
212.116	0.25	1	2	106058
212.132	0.25	1	2	106066
212.15	0.25	1	2	106075
212.166	0.25	1	2	106083
212.182	0.25	1	2	106091
212.2	0.25	0	1	106100
212.216	0.25	0	1	106108
212.232	0.25	0	1	106116
212.25	0.25	0	1	106125
212.266	0.25	1	2	106133
212.282	0.25	1	2	106141
212.3	0.25	0	1	106150
212.316	0.25	0	1	106158
212.332	0.25	1	2	106166
212.35	0.25	1	2	106175
212.366	0.25	0	1	106183
212.382	0.25	0	1	106191
212.4	0.25	0	1	106200
212.416	0.25	0	1	106208
212.432	0.25	0	1	106216
212.45	0.25	0	1	106225
212.466	0.25	1	2	106233
212.482	0.25	1	2	106241
212.5	0.25	1	2	106250
212.516	0.25	1	2	106258
212.532	0.25	0	1	106266
212.55	0.25	0	1	106275
212.566	0.25	1	2	106283
212.582	0.25	1	2	106291
212.6	0.25	0	1	106300
212.616	0.25	0	1	106308
212.632	0.25	0	1	106316
212.65	0.25	0	1	106325
212.666	0.25	0	1	106333
212.682	0.25	0	1	106341
212.7	0.25	1	2	106350
212.716	0.25	1	2	106358
212.732	0.25	0	1	106366
212.75	0.25	0	1	106375
212.766	0.25	1	2	106383
212.782	0.25	1	2	106391
212.8	0.25	0	1	106400
212.816	0.25	0	1	106408
212.832	0.25	0	1	106416
212.85	0.25	0	1	106425
212.866	0.25	1	2	106433
214.35	0.25	1	2	107175
214.366	0.25	1	2	107183
214.382	0.25	1	2	107191
214.4	0.25	1	2	107200
214.416	0.25	0	1	107208
214.432	0.25	0	1	107216
214.45	0.25	1	2	107225
214.466	0.25	1	2	107233
214.482	0.25	1	2	107241
214.5	0.25	1	2	107250
214.516	0.25	0	1	107258
214.532	0.25	0	1	107266
214.55	0.25	1	2	107275
214.566	0.25	1	2	107283
214.582	0.25	1	2	107291
214.6	0.25	1	2	107300
214.616	0.25	0	1	107308
214.632	0.25	0	1	107316
214.65	0.25	1	2	107325
214.666	0.25	1	2	107333
214.682	0.25	1	2	107341
214.7	0.25	1	2	107350
214.716	0.25	0	1	107358
214.732	0.25	0	1	107366
214.75	0.25	0	1	107375
214.766	0.25	0	1	107383
214.782	0.25	0	1	107391
214.8	0.25	0	1	107400
214.816	0.25	1	2	107408
214.832	0.25	1	2	107416
214.85	0.25	1	2	107425
214.866	0.25	1	2	107433
214.882	0.25	1	2	107441
214.9	0.25	1	2	107450
214.916	0.25	0	1	107458
214.932	0.25	0	1	107466
214.95	0.25	0	1	107475
214.966	0.25	0	1	107483
214.982	0.25	0	1	107491
215.0	0.25	0	1	107500
215.016	0.25	1	2	107508
215.032	0.25	1	2	107516
215.05	0.25	1	2	107525
215.066	0.25	1	2	107533
215.082	0.25	1	2	107541
215.1	0.25	1	2	107550
215.116	0.25	1	2	107558
215.132	0.25	1	2	107566
215.15	0.25	1	2	107575
215.166	0.25	1	2	107583
215.182	0.25	0	1	107591
215.2	0.25	0	1	107600
215.216	0.25	0	1	107608
215.232	0.25	0	1	107616
215.25	0.25	1	2	107625
215.266	0.25	1	2	107633
215.282	0.25	0	1	107641
215.3	0.25	0	1	107650
215.316	0.25	1	2	107658
215.332	0.25	1	2	107666
215.35	0.25	0	1	107675
215.366	0.25	0	1	107683
215.382	0.25	0	1	107691
215.4	0.25	0	1	107700
215.416	0.25	1	2	107708
215.432	0.25	1	2	107716
215.45	0.25	1	2	107725
215.466	0.25	1	2	107733
215.482	0.25	0	1	107741
215.5	0.25	0	1	107750
215.516	0.25	0	1	107758
215.532	0.25	0	1	107766
215.55	0.25	0	1	107775
215.566	0.25	0	1	107783
215.582	0.25	0	1	107791
215.6	0.25	0	1	107800
215.616	0.25	1	2	107808
215.632	0.25	1	2	107816
215.65	0.25	0	1	107825
215.666	0.25	0	1	107833
215.682	0.25	0	1	107841
215.7	0.25	0	1	107850
215.716	0.25	0	1	107858
215.732	0.25	0	1	107866
215.75	0.25	0	1	107875
215.766	0.25	0	1	107883
215.782	0.25	1	2	107891
215.8	0.25	1	2	107900
215.816	0.25	1	2	107908
215.832	0.25	1	2	107916
215.85	0.25	1	2	107925
215.866	0.25	1	2	107933
215.882	0.25	1	2	107941
215.9	0.25	1	2	107950
215.916	0.25	1	2	107958
215.932	0.25	1	2	107966
215.95	0.25	1	2	107975
215.966	0.25	1	2	107983
215.982	0.25	0	1	107991
216.0	0.25	0	1	108000
216.016	0.25	1	2	108008
216.032	0.25	1	2	108016
216.05	0.25	0	1	108025
216.066	0.25	0	1	108033
216.082	0.25	1	2	108041
216.1	0.25	1	2	108050
216.116	0.25	0	1	108058
216.132	0.25	0	1	108066
216.15	0.25	0	1	108075
216.166	0.25	0	1	108083
216.182	0.25	1	2	108091
216.2	0.25	1	2	108100
216.216	0.25	1	2	108108
216.232	0.25	1	2	108116
216.25	0.25	0	1	108125
216.266	0.25	0	1	108133
216.282	0.25	0	1	108141
217.766	0.25	1	2	108883
217.782	0.25	1	2	108891
217.8	0.25	1	2	108900
217.816	0.25	1	2	108908
217.832	0.25	0	1	108916
217.85	0.25	0	1	108925
217.866	0.25	0	1	108933
217.882	0.25	0	1	108941
217.9	0.25	0	1	108950
217.916	0.25	0	1	108958
217.932	0.25	0	1	108966
217.95	0.25	0	1	108975
217.966	0.25	1	2	108983
217.982	0.25	1	2	108991
218.0	0.25	0	1	109000
218.016	0.25	0	1	109008
218.032	0.25	0	1	109016
218.05	0.25	0	1	109025
218.066	0.25	1	2	109033
218.082	0.25	1	2	109041
218.1	0.25	1	2	109050
218.116	0.25	1	2	109058
218.132	0.25	0	1	109066
218.15	0.25	0	1	109075
218.166	0.25	0	1	109083
218.182	0.25	0	1	109091
218.2	0.25	0	1	109100
218.216	0.25	0	1	109108
218.232	0.25	0	1	109116
218.25	0.25	0	1	109125
218.266	0.25	0	1	109133
218.282	0.25	0	1	109141
218.3	0.25	0	1	109150
218.316	0.25	0	1	109158
218.332	0.25	1	2	109166
218.35	0.25	1	2	109175
218.366	0.25	0	1	109183
218.382	0.25	0	1	109191
218.4	0.25	1	2	109200
218.416	0.25	1	2	109208
218.432	0.25	1	2	109216
218.45	0.25	1	2	109225
218.466	0.25	0	1	109233
218.482	0.25	0	1	109241
218.5	0.25	1	2	109250
218.516	0.25	1	2	109258
218.532	0.25	0	1	109266
218.55	0.25	0	1	109275
218.566	0.25	1	2	109283
218.582	0.25	1	2	109291
218.6	0.25	0	1	109300
218.616	0.25	0	1	109308
218.632	0.25	1	2	109316
218.65	0.25	1	2	109325
218.666	0.25	0	1	109333
218.682	0.25	0	1	109341
218.7	0.25	0	1	109350
218.716	0.25	0	1	109358
218.732	0.25	0	1	109366
218.75	0.25	0	1	109375
218.766	0.25	1	2	109383
218.782	0.25	1	2	109391
218.8	0.25	1	2	109400
218.816	0.25	1	2	109408
218.832	0.25	1	2	109416
218.85	0.25	1	2	109425
218.866	0.25	0	1	109433
218.882	0.25	0	1	109441
218.9	0.25	1	2	109450
218.916	0.25	1	2	109458
218.932	0.25	1	2	109466
218.95	0.25	1	2	109475
218.966	0.25	1	2	109483
218.982	0.25	1	2	109491
219.0	0.25	0	1	109500
219.016	0.25	0	1	109508
219.032	0.25	1	2	109516
219.05	0.25	1	2	109525
219.066	0.25	0	1	109533
219.082	0.25	0	1	109541
219.1	0.25	1	2	109550
219.116	0.25	1	2	109558
219.132	0.25	1	2	109566
219.15	0.25	1	2	109575
219.166	0.25	0	1	109583
219.182	0.25	0	1	109591
219.2	0.25	0	1	109600
219.216	0.25	0	1	109608
219.232	0.25	0	1	109616
219.25	0.25	0	1	109625
219.266	0.25	1	2	109633
219.282	0.25	1	2	109641
219.3	0.25	1	2	109650
219.316	0.25	1	2	109658
219.332	0.25	0	1	109666
219.35	0.25	0	1	109675
219.366	0.25	1	2	109683
219.382	0.25	1	2	109691
219.4	0.25	1	2	109700
219.416	0.25	1	2	109708
219.432	0.25	1	2	109716
219.45	0.25	1	2	109725
219.466	0.25	0	1	109733
219.482	0.25	0	1	109741
219.5	0.25	0	1	109750
219.516	0.25	0	1	109758
219.532	0.25	0	1	109766
219.55	0.25	0	1	109775
219.566	0.25	0	1	109783
219.582	0.25	0	1	109791
219.6	0.25	0	1	109800
219.616	0.25	0	1	109808
219.632	0.25	1	2	109816
219.65	0.25	1	2	109825
219.666	0.25	1	2	109833
219.682	0.25	1	2	109841
219.7	0.25	1	2	109850
222.332	0.25	1	2	111166
222.35	0.25	1	2	111175
222.366	0.25	1	2	111183
222.382	0.25	1	2	111191
222.4	0.25	1	2	111200
222.416	0.25	1	2	111208
222.432	0.25	1	2	111216
222.45	0.25	1	2	111225
222.466	0.25	1	2	111233
222.482	0.25	1	2	111241
222.5	0.25	1	2	111250
222.516	0.25	1	2	111258
222.532	0.25	1	2	111266
222.55	0.25	1	2	111275
222.566	0.25	0	1	111283
222.582	0.25	0	1	111291
222.6	0.25	0	1	111300
222.616	0.25	0	1	111308
222.632	0.25	1	2	111316
222.65	0.25	1	2	111325
222.666	0.25	1	2	111333
222.682	0.25	1	2	111341
222.7	0.25	0	1	111350
222.716	0.25	0	1	111358
222.732	0.25	0	1	111366
222.75	0.25	0	1	111375
222.766	0.25	1	2	111383
222.782	0.25	1	2	111391
222.8	0.25	1	2	111400
222.816	0.25	1	2	111408
222.832	0.25	0	1	111416
222.85	0.25	0	1	111425
222.866	0.25	0	1	111433
222.882	0.25	0	1	111441
222.9	0.25	1	2	111450
222.916	0.25	1	2	111458
222.932	0.25	0	1	111466
222.95	0.25	0	1	111475
222.966	0.25	1	2	111483
222.982	0.25	1	2	111491
223.0	0.25	1	2	111500
223.016	0.25	1	2	111508
223.032	0.25	0	1	111516
223.05	0.25	0	1	111525
223.066	0.25	1	2	111533
223.082	0.25	1	2	111541
223.1	0.25	0	1	111550
223.116	0.25	0	1	111558
223.132	0.25	0	1	111566
223.15	0.25	0	1	111575
223.166	0.25	1	2	111583
223.182	0.25	1	2	111591
223.2	0.25	0	1	111600
223.216	0.25	0	1	111608
223.232	0.25	1	2	111616
223.25	0.25	1	2	111625
223.266	0.25	1	2	111633
223.282	0.25	1	2	111641
223.3	0.25	1	2	111650
223.316	0.25	1	2	111658
223.332	0.25	0	1	111666
223.35	0.25	0	1	111675
223.366	0.25	0	1	111683
223.382	0.25	0	1	111691
223.4	0.25	0	1	111700
223.416	0.25	0	1	111708
223.432	0.25	1	2	111716
223.45	0.25	1	2	111725
223.466	0.25	0	1	111733
223.482	0.25	0	1	111741
223.5	0.25	1	2	111750
223.516	0.25	1	2	111758
223.532	0.25	1	2	111766
223.55	0.25	1	2	111775
223.566	0.25	1	2	111783
223.582	0.25	1	2	111791
223.6	0.25	0	1	111800
223.616	0.25	0	1	111808
223.632	0.25	0	1	111816
223.65	0.25	0	1	111825
223.666	0.25	1	2	111833
223.682	0.25	1	2	111841
223.7	0.25	0	1	111850
223.716	0.25	0	1	111858
223.732	0.25	1	2	111866
223.75	0.25	1	2	111875
223.766	0.25	0	1	111883
223.782	0.25	0	1	111891
223.8	0.25	0	1	111900
223.816	0.25	0	1	111908
223.832	0.25	0	1	111916
223.85	0.25	0	1	111925
223.866	0.25	1	2	111933
223.882	0.25	1	2	111941
223.9	0.25	1	2	111950
223.916	0.25	1	2	111958
223.932	0.25	0	1	111966
223.95	0.25	0	1	111975
223.966	0.25	1	2	111983
223.982	0.25	1	2	111991
224.0	0.25	0	1	112000
224.016	0.25	0	1	112008
224.032	0.25	0	1	112016
224.05	0.25	0	1	112025
224.066	0.25	0	1	112033
224.082	0.25	0	1	112041
224.1	0.25	1	2	112050
224.116	0.25	1	2	112058
224.132	0.25	0	1	112066
224.15	0.25	0	1	112075
224.166	0.25	1	2	112083
224.182	0.25	1	2	112091
224.2	0.25	0	1	112100
224.216	0.25	0	1	112108
224.232	0.25	0	1	112116
224.25	0.25	0	1	112125
224.266	0.25	1	2	112133
225.75	0.25	1	2	112875
225.766	0.25	1	2	112883
225.782	0.25	1	2	112891
225.8	0.25	1	2	112900
225.816	0.25	0	1	112908
225.832	0.25	0	1	112916
225.85	0.25	1	2	112925
225.866	0.25	1	2	112933
225.882	0.25	1	2	112941
225.9	0.25	1	2	112950
225.916	0.25	0	1	112958
225.932	0.25	0	1	112966
225.95	0.25	1	2	112975
225.966	0.25	1	2	112983
225.982	0.25	1	2	112991
226.0	0.25	1	2	113000
226.016	0.25	0	1	113008
226.032	0.25	0	1	113016
226.05	0.25	1	2	113025
226.066	0.25	1	2	113033
226.082	0.25	1	2	113041
226.1	0.25	1	2	113050
226.116	0.25	0	1	113058
226.132	0.25	0	1	113066
226.15	0.25	0	1	113075
226.166	0.25	0	1	113083
226.182	0.25	0	1	113091
226.2	0.25	0	1	113100
226.216	0.25	1	2	113108
226.232	0.25	1	2	113116
226.25	0.25	1	2	113125
226.266	0.25	1	2	113133
226.282	0.25	1	2	113141
226.3	0.25	1	2	113150
226.316	0.25	0	1	113158
226.332	0.25	0	1	113166
226.35	0.25	0	1	113175
226.366	0.25	0	1	113183
226.382	0.25	0	1	113191
226.4	0.25	0	1	113200
226.416	0.25	1	2	113208
226.432	0.25	1	2	113216
226.45	0.25	1	2	113225
226.466	0.25	1	2	113233
226.482	0.25	1	2	113241
226.5	0.25	1	2	113250
226.516	0.25	1	2	113258
226.532	0.25	1	2	113266
226.55	0.25	1	2	113275
226.566	0.25	1	2	113283
226.582	0.25	0	1	113291
226.6	0.25	0	1	113300
226.616	0.25	0	1	113308
226.632	0.25	0	1	113316
226.65	0.25	1	2	113325
226.666	0.25	1	2	113333
226.682	0.25	0	1	113341
226.7	0.25	0	1	113350
226.716	0.25	1	2	113358
226.732	0.25	1	2	113366
226.75	0.25	0	1	113375
226.766	0.25	0	1	113383
226.782	0.25	0	1	113391
226.8	0.25	0	1	113400
226.816	0.25	1	2	113408
226.832	0.25	1	2	113416
226.85	0.25	1	2	113425
226.866	0.25	1	2	113433
226.882	0.25	0	1	113441
226.9	0.25	0	1	113450
226.916	0.25	0	1	113458
226.932	0.25	0	1	113466
226.95	0.25	0	1	113475
226.966	0.25	0	1	113483
226.982	0.25	0	1	113491
227.0	0.25	0	1	113500
227.016	0.25	1	2	113508
227.032	0.25	1	2	113516
227.05	0.25	0	1	113525
227.066	0.25	0	1	113533
227.082	0.25	0	1	113541
227.1	0.25	0	1	113550
227.116	0.25	0	1	113558
227.132	0.25	0	1	113566
227.15	0.25	0	1	113575
227.166	0.25	0	1	113583
227.182	0.25	1	2	113591
227.2	0.25	1	2	113600
227.216	0.25	1	2	113608
227.232	0.25	1	2	113616
227.25	0.25	1	2	113625
227.266	0.25	1	2	113633
227.282	0.25	1	2	113641
227.3	0.25	1	2	113650
227.316	0.25	1	2	113658
227.332	0.25	1	2	113666
227.35	0.25	1	2	113675
227.366	0.25	1	2	113683
227.382	0.25	0	1	113691
227.4	0.25	0	1	113700
227.416	0.25	1	2	113708
227.432	0.25	1	2	113716
227.45	0.25	0	1	113725
227.466	0.25	0	1	113733
227.482	0.25	1	2	113741
227.5	0.25	1	2	113750
227.516	0.25	0	1	113758
227.532	0.25	0	1	113766
227.55	0.25	0	1	113775
227.566	0.25	0	1	113783
227.582	0.25	1	2	113791
227.6	0.25	1	2	113800
227.616	0.25	1	2	113808
227.632	0.25	1	2	113816
227.65	0.25	0	1	113825
227.666	0.25	0	1	113833
227.682	0.25	0	1	113841
229.166	0.25	1	2	114583
229.182	0.25	1	2	114591
229.2	0.25	1	2	114600
229.216	0.25	1	2	114608
229.232	0.25	0	1	114616
229.25	0.25	0	1	114625
229.266	0.25	0	1	114633
229.282	0.25	0	1	114641
229.3	0.25	0	1	114650
229.316	0.25	0	1	114658
229.332	0.25	0	1	114666
229.35	0.25	0	1	114675
229.366	0.25	1	2	114683
229.382	0.25	1	2	114691
229.4	0.25	0	1	114700
229.416	0.25	0	1	114708
229.432	0.25	0	1	114716
229.45	0.25	0	1	114725
229.466	0.25	1	2	114733
229.482	0.25	1	2	114741
229.5	0.25	1	2	114750
229.516	0.25	1	2	114758
229.532	0.25	0	1	114766
229.55	0.25	0	1	114775
229.566	0.25	0	1	114783
229.582	0.25	0	1	114791
229.6	0.25	0	1	114800
229.616	0.25	0	1	114808
229.632	0.25	0	1	114816
229.65	0.25	0	1	114825
229.666	0.25	0	1	114833
229.682	0.25	0	1	114841
229.7	0.25	0	1	114850
229.716	0.25	0	1	114858
229.732	0.25	1	2	114866
229.75	0.25	1	2	114875
229.766	0.25	0	1	114883
229.782	0.25	0	1	114891
229.8	0.25	1	2	114900
229.816	0.25	1	2	114908
229.832	0.25	1	2	114916
229.85	0.25	1	2	114925
229.866	0.25	0	1	114933
229.882	0.25	0	1	114941
229.9	0.25	1	2	114950
229.916	0.25	1	2	114958
229.932	0.25	0	1	114966
229.95	0.25	0	1	114975
229.966	0.25	1	2	114983
229.982	0.25	1	2	114991
230.0	0.25	0	1	115000
230.016	0.25	0	1	115008
230.032	0.25	1	2	115016
230.05	0.25	1	2	115025
230.066	0.25	0	1	115033
230.082	0.25	0	1	115041
230.1	0.25	0	1	115050
230.116	0.25	0	1	115058
230.132	0.25	0	1	115066
230.15	0.25	0	1	115075
230.166	0.25	1	2	115083
230.182	0.25	1	2	115091
230.2	0.25	1	2	115100
230.216	0.25	1	2	115108
230.232	0.25	1	2	115116
230.25	0.25	1	2	115125
230.266	0.25	0	1	115133
230.282	0.25	0	1	115141
230.3	0.25	1	2	115150
230.316	0.25	1	2	115158
230.332	0.25	1	2	115166
230.35	0.25	1	2	115175
230.366	0.25	1	2	115183
230.382	0.25	1	2	115191
230.4	0.25	0	1	115200
230.416	0.25	0	1	115208
230.432	0.25	1	2	115216
230.45	0.25	1	2	115225
230.466	0.25	0	1	115233
230.482	0.25	0	1	115241
230.5	0.25	1	2	115250
230.516	0.25	1	2	115258
230.532	0.25	1	2	115266
230.55	0.25	1	2	115275
230.566	0.25	0	1	115283
230.582	0.25	0	1	115291
230.6	0.25	0	1	115300
230.616	0.25	0	1	115308
230.632	0.25	0	1	115316
230.65	0.25	0	1	115325
230.666	0.25	1	2	115333
230.682	0.25	1	2	115341
230.7	0.25	1	2	115350
230.716	0.25	1	2	115358
230.732	0.25	0	1	115366
230.75	0.25	0	1	115375
230.766	0.25	1	2	115383
230.782	0.25	1	2	115391
230.8	0.25	1	2	115400
230.816	0.25	1	2	115408
230.832	0.25	1	2	115416
230.85	0.25	1	2	115425
230.866	0.25	0	1	115433
230.882	0.25	0	1	115441
230.9	0.25	0	1	115450
230.916	0.25	0	1	115458
230.932	0.25	0	1	115466
230.95	0.25	0	1	115475
230.966	0.25	0	1	115483
230.982	0.25	0	1	115491
231.0	0.25	0	1	115500
231.016	0.25	0	1	115508
231.032	0.25	1	2	115516
231.05	0.25	1	2	115525
231.066	0.25	1	2	115533
231.082	0.25	1	2	115541
231.1	0.25	1	2	115550
232.582	0.25	0	1	116291
232.6	0.25	0	1	116300
232.616	0.25	0	1	116308
232.632	0.25	0	1	116316
232.65	0.25	1	2	116325
232.666	0.25	1	2	116333
232.682	0.25	1	2	116341
232.7	0.25	1	2	116350
232.716	0.25	0	1	116358
232.732	0.25	0	1	116366
232.75	0.25	0	1	116375
232.766	0.25	0	1	116383
232.782	0.25	0	1	116391
232.8	0.25	0	1	116400
232.816	0.25	0	1	116408
232.832	0.25	0	1	116416
232.85	0.25	1	2	116425
232.866	0.25	1	2	116433
232.882	0.25	1	2	116441
232.9	0.25	1	2	116450
232.916	0.25	1	2	116458
232.932	0.25	1	2	116466
232.95	0.25	1	2	116475
232.966	0.25	1	2	116483
232.982	0.25	1	2	116491
233.0	0.25	1	2	116500
233.016	0.25	0	1	116508
233.032	0.25	0	1	116516
233.05	0.25	0	1	116525
233.066	0.25	0	1	116533
233.082	0.25	0	1	116541
233.1	0.25	0	1	116550
233.116	0.25	0	1	116558
233.132	0.25	0	1	116566
233.15	0.25	0	1	116575
233.166	0.25	0	1	116583
233.182	0.25	0	1	116591
233.2	0.25	0	1	116600
233.216	0.25	1	2	116608
233.232	0.25	1	2	116616
233.25	0.25	1	2	116625
233.266	0.25	1	2	116633
233.282	0.25	0	1	116641
233.3	0.25	0	1	116650
233.316	0.25	0	1	116658
233.332	0.25	0	1	116666
233.35	0.25	1	2	116675
233.366	0.25	1	2	116683
233.382	0.25	0	1	116691
233.4	0.25	0	1	116700
233.416	0.25	1	2	116708
233.432	0.25	1	2	116716
233.45	0.25	0	1	116725
233.466	0.25	0	1	116733
233.482	0.25	1	2	116741
233.5	0.25	1	2	116750
233.516	0.25	0	1	116758
233.532	0.25	0	1	116766
233.55	0.25	1	2	116775
233.566	0.25	1	2	116783
233.582	0.25	1	2	116791
233.6	0.25	1	2	116800
233.616	0.25	0	1	116808
233.632	0.25	0	1	116816
233.65	0.25	1	2	116825
233.666	0.25	1	2	116833
233.682	0.25	0	1	116841
233.7	0.25	0	1	116850
233.716	0.25	0	1	116858
233.732	0.25	0	1	116866
233.75	0.25	0	1	116875
233.766	0.25	0	1	116883
233.782	0.25	1	2	116891
233.8	0.25	1	2	116900
233.816	0.25	0	1	116908
233.832	0.25	0	1	116916
233.85	0.25	0	1	116925
233.866	0.25	0	1	116933
233.882	0.25	0	1	116941
233.9	0.25	0	1	116950
233.916	0.25	1	2	116958
233.932	0.25	1	2	116966
233.95	0.25	1	2	116975
233.966	0.25	1	2	116983
233.982	0.25	1	2	116991
234.0	0.25	1	2	117000
234.016	0.25	0	1	117008
234.032	0.25	0	1	117016
234.05	0.25	1	2	117025
234.066	0.25	1	2	117033
234.082	0.25	0	1	117041
234.1	0.25	0	1	117050
234.116	0.25	1	2	117058
234.132	0.25	1	2	117066
234.15	0.25	1	2	117075
234.166	0.25	1	2	117083
234.182	0.25	1	2	117091
234.2	0.25	1	2	117100
234.216	0.25	1	2	117108
234.232	0.25	1	2	117116
234.25	0.25	1	2	117125
234.266	0.25	1	2	117133
234.282	0.25	0	1	117141
234.3	0.25	0	1	117150
234.316	0.25	0	1	117158
234.332	0.25	0	1	117166
234.35	0.25	1	2	117175
234.366	0.25	1	2	117183
234.382	0.25	0	1	117191
234.4	0.25	0	1	117200
234.416	0.25	0	1	117208
234.432	0.25	0	1	117216
234.45	0.25	0	1	117225
234.466	0.25	0	1	117233
234.482	0.25	1	2	117241
234.5	0.25	1	2	117250
234.516	0.25	1	2	117258
