onset	duration	trial_type	value	sample
13.982	0.25	1	2	6991
14.0	0.25	1	2	7000
14.016	0.25	1	2	7008
14.032	0.25	1	2	7016
14.05	0.25	0	1	7025
14.066	0.25	0	1	7033
14.082	0.25	1	2	7041
14.1	0.25	1	2	7050
14.116	0.25	1	2	7058
14.132	0.25	1	2	7066
14.15	0.25	0	1	7075
14.166	0.25	0	1	7083
14.182	0.25	1	2	7091
14.2	0.25	1	2	7100
14.216	0.25	1	2	7108
14.232	0.25	1	2	7116
14.25	0.25	0	1	7125
14.266	0.25	0	1	7133
14.282	0.25	1	2	7141
14.3	0.25	1	2	7150
14.316	0.25	1	2	7158
14.332	0.25	1	2	7166
14.35	0.25	0	1	7175
14.366	0.25	0	1	7183
14.382	0.25	0	1	7191
14.4	0.25	0	1	7200
14.416	0.25	0	1	7208
14.432	0.25	0	1	7216
14.45	0.25	1	2	7225
14.466	0.25	1	2	7233
14.482	0.25	1	2	7241
14.5	0.25	1	2	7250
14.516	0.25	1	2	7258
14.532	0.25	1	2	7266
14.55	0.25	0	1	7275
14.566	0.25	0	1	7283
14.582	0.25	0	1	7291
14.6	0.25	0	1	7300
14.616	0.25	0	1	7308
14.632	0.25	0	1	7316
14.65	0.25	1	2	7325
14.666	0.25	1	2	7333
14.682	0.25	1	2	7341
14.7	0.25	1	2	7350
14.716	0.25	1	2	7358
14.732	0.25	1	2	7366
14.75	0.25	1	2	7375
14.766	0.25	1	2	7383
14.782	0.25	1	2	7391
14.8	0.25	1	2	7400
14.816	0.25	0	1	7408
14.832	0.25	0	1	7416
14.85	0.25	0	1	7425
14.866	0.25	0	1	7433
14.882	0.25	1	2	7441
14.9	0.25	1	2	7450
14.916	0.25	0	1	7458
14.932	0.25	0	1	7466
14.95	0.25	1	2	7475
14.966	0.25	1	2	7483
14.982	0.25	0	1	7491
15.0	0.25	0	1	7500
15.016	0.25	0	1	7508
15.032	0.25	0	1	7516
15.05	0.25	1	2	7525
15.066	0.25	1	2	7533
15.082	0.25	1	2	7541
15.1	0.25	1	2	7550
15.116	0.25	0	1	7558
15.132	0.25	0	1	7566
15.15	0.25	0	1	7575
15.166	0.25	0	1	7583
15.182	0.25	0	1	7591
15.2	0.25	0	1	7600
15.216	0.25	0	1	7608
15.232	0.25	0	1	7616
15.25	0.25	1	2	7625
15.266	0.25	1	2	7633
15.282	0.25	0	1	7641
15.3	0.25	0	1	7650
15.316	0.25	0	1	7658
15.332	0.25	0	1	7666
15.35	0.25	0	1	7675
15.366	0.25	0	1	7683
15.382	0.25	0	1	7691
15.4	0.25	0	1	7700
15.416	0.25	1	2	7708
15.432	0.25	1	2	7716
15.45	0.25	1	2	7725
15.466	0.25	1	2	7733
15.482	0.25	1	2	7741
15.5	0.25	1	2	7750
15.516	0.25	1	2	7758
15.532	0.25	1	2	7766
15.55	0.25	1	2	7775
15.566	0.25	1	2	7783
15.582	0.25	1	2	7791
15.6	0.25	1	2	7800
15.616	0.25	0	1	7808
15.632	0.25	0	1	7816
15.65	0.25	1	2	7825
15.666	0.25	1	2	7833
15.682	0.25	0	1	7841
15.7	0.25	0	1	7850
15.716	0.25	1	2	7858
15.732	0.25	1	2	7866
15.75	0.25	0	1	7875
15.766	0.25	0	1	7883
15.782	0.25	0	1	7891
15.8	0.25	0	1	7900
15.816	0.25	1	2	7908
15.832	0.25	1	2	7916
15.85	0.25	1	2	7925
15.866	0.25	1	2	7933
15.882	0.25	0	1	7941
15.9	0.25	0	1	7950
15.916	0.25	0	1	7958
17.4	0.25	0	1	8700
17.416	0.25	0	1	8708
17.432	0.25	0	1	8716
17.45	0.25	0	1	8725
17.466	0.25	1	2	8733
17.482	0.25	1	2	8741
17.5	0.25	1	2	8750
17.516	0.25	1	2	8758
17.532	0.25	0	1	8766
17.55	0.25	0	1	8775
17.566	0.25	0	1	8783
17.582	0.25	0	1	8791
17.6	0.25	0	1	8800
17.616	0.25	0	1	8808
17.632	0.25	0	1	8816
17.65	0.25	0	1	8825
17.666	0.25	1	2	8833
17.682	0.25	1	2	8841
17.7	0.25	1	2	8850
17.716	0.25	1	2	8858
17.732	0.25	1	2	8866
17.75	0.25	1	2	8875
17.766	0.25	1	2	8883
17.782	0.25	1	2	8891
17.8	0.25	1	2	8900
17.816	0.25	1	2	8908
17.832	0.25	0	1	8916
17.85	0.25	0	1	8925
17.866	0.25	0	1	8933
17.882	0.25	0	1	8941
17.9	0.25	0	1	8950
17.916	0.25	0	1	8958
17.932	0.25	0	1	8966
17.95	0.25	0	1	8975
17.966	0.25	0	1	8983
17.982	0.25	0	1	8991
18.0	0.25	0	1	9000
18.016	0.25	0	1	9008
18.032	0.25	1	2	9016
18.05	0.25	1	2	9025
18.066	0.25	1	2	9033
18.082	0.25	1	2	9041
18.1	0.25	0	1	9050
18.116	0.25	0	1	9058
18.132	0.25	0	1	9066
18.15	0.25	0	1	9075
18.166	0.25	1	2	9083
18.182	0.25	1	2	9091
18.2	0.25	0	1	9100
18.216	0.25	0	1	9108
18.232	0.25	1	2	9116
18.25	0.25	1	2	9125
18.266	0.25	0	1	9133
18.282	0.25	0	1	9141
18.3	0.25	1	2	9150
18.316	0.25	1	2	9158
18.332	0.25	0	1	9166
18.35	0.25	0	1	9175
18.366	0.25	1	2	9183
18.382	0.25	1	2	9191
18.4	0.25	1	2	9200
18.416	0.25	1	2	9208
18.432	0.25	0	1	9216
18.45	0.25	0	1	9225
18.466	0.25	1	2	9233
18.482	0.25	1	2	9241
18.5	0.25	0	1	9250
18.516	0.25	0	1	9258
18.532	0.25	0	1	9266
18.55	0.25	0	1	9275
18.566	0.25	0	1	9283
18.582	0.25	0	1	9291
18.6	0.25	1	2	9300
18.616	0.25	1	2	9308
18.632	0.25	0	1	9316
18.65	0.25	0	1	9325
18.666	0.25	0	1	9333
18.682	0.25	0	1	9341
18.7	0.25	0	1	9350
18.716	0.25	0	1	9358
18.732	0.25	1	2	9366
18.75	0.25	1	2	9375
18.766	0.25	1	2	9383
18.782	0.25	1	2	9391
18.8	0.25	1	2	9400
18.816	0.25	1	2	9408
18.832	0.25	0	1	9416
18.85	0.25	0	1	9425
18.866	0.25	1	2	9433
18.882	0.25	1	2	9441
18.9	0.25	0	1	9450
18.916	0.25	0	1	9458
18.932	0.25	1	2	9466
18.95	0.25	1	2	9475
18.966	0.25	1	2	9483
18.982	0.25	1	2	9491
19.0	0.25	1	2	9500
19.016	0.25	1	2	9508
19.032	0.25	1	2	9516
19.05	0.25	1	2	9525
19.066	0.25	1	2	9533
19.082	0.25	1	2	9541
19.1	0.25	0	1	9550
19.116	0.25	0	1	9558
19.132	0.25	0	1	9566
19.15	0.25	0	1	9575
19.166	0.25	1	2	9583
19.182	0.25	1	2	9591
19.2	0.25	0	1	9600
19.216	0.25	0	1	9608
19.232	0.25	0	1	9616
19.25	0.25	0	1	9625
19.266	0.25	0	1	9633
19.282	0.25	0	1	9641
19.3	0.25	1	2	9650
19.316	0.25	1	2	9658
19.332	0.25	1	2	9666
20.816	0.25	1	2	10408
20.832	0.25	1	2	10416
20.85	0.25	1	2	10425
20.866	0.25	1	2	10433
20.882	0.25	0	1	10441
20.9	0.25	0	1	10450
20.916	0.25	0	1	10458
20.932	0.25	0	1	10466
20.95	0.25	0	1	10475
20.966	0.25	0	1	10483
20.982	0.25	0	1	10491
21.0	0.25	0	1	10500
21.016	0.25	1	2	10508
21.032	0.25	1	2	10516
21.05	0.25	0	1	10525
21.066	0.25	0	1	10533
21.082	0.25	0	1	10541
21.1	0.25	0	1	10550
21.116	0.25	1	2	10558
21.132	0.25	1	2	10566
21.15	0.25	1	2	10575
21.166	0.25	1	2	10583
21.182	0.25	0	1	10591
21.2	0.25	0	1	10600
21.216	0.25	0	1	10608
21.232	0.25	0	1	10616
21.25	0.25	0	1	10625
21.266	0.25	0	1	10633
21.282	0.25	0	1	10641
21.3	0.25	0	1	10650
21.316	0.25	0	1	10658
21.332	0.25	0	1	10666
21.35	0.25	0	1	10675
21.366	0.25	0	1	10683
21.382	0.25	1	2	10691
21.4	0.25	1	2	10700
21.416	0.25	0	1	10708
21.432	0.25	0	1	10716
21.45	0.25	1	2	10725
21.466	0.25	1	2	10733
21.482	0.25	1	2	10741
21.5	0.25	1	2	10750
21.516	0.25	0	1	10758
21.532	0.25	0	1	10766
21.55	0.25	1	2	10775
21.566	0.25	1	2	10783
21.582	0.25	0	1	10791
21.6	0.25	0	1	10800
21.616	0.25	1	2	10808
21.632	0.25	1	2	10816
21.65	0.25	0	1	10825
21.666	0.25	0	1	10833
21.682	0.25	1	2	10841
21.7	0.25	1	2	10850
21.716	0.25	0	1	10858
21.732	0.25	0	1	10866
21.75	0.25	0	1	10875
21.766	0.25	0	1	10883
21.782	0.25	0	1	10891
21.8	0.25	0	1	10900
21.816	0.25	1	2	10908
21.832	0.25	1	2	10916
21.85	0.25	1	2	10925
21.866	0.25	1	2	10933
21.882	0.25	1	2	10941
21.9	0.25	1	2	10950
21.916	0.25	0	1	10958
21.932	0.25	0	1	10966
21.95	0.25	1	2	10975
21.966	0.25	1	2	10983
21.982	0.25	1	2	10991
22.0	0.25	1	2	11000
22.016	0.25	1	2	11008
22.032	0.25	1	2	11016
22.05	0.25	0	1	11025
22.066	0.25	0	1	11033
22.082	0.25	1	2	11041
22.1	0.25	1	2	11050
22.116	0.25	0	1	11058
22.132	0.25	0	1	11066
22.15	0.25	1	2	11075
22.166	0.25	1	2	11083
22.182	0.25	1	2	11091
22.2	0.25	1	2	11100
22.216	0.25	0	1	11108
22.232	0.25	0	1	11116
22.25	0.25	0	1	11125
22.266	0.25	0	1	11133
22.282	0.25	0	1	11141
22.3	0.25	0	1	11150
22.316	0.25	1	2	11158
22.332	0.25	1	2	11166
22.35	0.25	1	2	11175
22.366	0.25	1	2	11183
22.382	0.25	0	1	11191
22.4	0.25	0	1	11200
22.416	0.25	1	2	11208
22.432	0.25	1	2	11216
22.45	0.25	1	2	11225
22.466	0.25	1	2	11233
22.482	0.25	1	2	11241
22.5	0.25	1	2	11250
22.516	0.25	0	1	11258
22.532	0.25	0	1	11266
22.55	0.25	0	1	11275
22.566	0.25	0	1	11283
22.582	0.25	0	1	11291
22.6	0.25	0	1	11300
22.616	0.25	0	1	11308
22.632	0.25	0	1	11316
22.65	0.25	0	1	11325
22.666	0.25	0	1	11333
22.682	0.25	1	2	11341
22.7	0.25	1	2	11350
22.716	0.25	1	2	11358
22.732	0.25	1	2	11366
22.75	0.25	1	2	11375
24.232	0.25	1	2	12116
24.25	0.25	1	2	12125
24.266	0.25	1	2	12133
24.282	0.25	1	2	12141
24.3	0.25	1	2	12150
24.316	0.25	1	2	12158
24.332	0.25	1	2	12166
24.35	0.25	1	2	12175
24.366	0.25	1	2	12183
24.382	0.25	1	2	12191
24.4	0.25	1	2	12200
24.416	0.25	1	2	12208
24.432	0.25	1	2	12216
24.45	0.25	1	2	12225
24.466	0.25	0	1	12233
24.482	0.25	0	1	12241
24.5	0.25	0	1	12250
24.516	0.25	0	1	12258
24.532	0.25	1	2	12266
24.55	0.25	1	2	12275
24.566	0.25	1	2	12283
24.582	0.25	1	2	12291
24.6	0.25	0	1	12300
24.616	0.25	0	1	12308
24.632	0.25	0	1	12316
24.65	0.25	0	1	12325
24.666	0.25	1	2	12333
24.682	0.25	1	2	12341
24.7	0.25	1	2	12350
24.716	0.25	1	2	12358
24.732	0.25	0	1	12366
24.75	0.25	0	1	12375
24.766	0.25	0	1	12383
24.782	0.25	0	1	12391
24.8	0.25	1	2	12400
24.816	0.25	1	2	12408
24.832	0.25	0	1	12416
24.85	0.25	0	1	12425
24.866	0.25	1	2	12433
24.882	0.25	1	2	12441
24.9	0.25	1	2	12450
24.916	0.25	1	2	12458
24.932	0.25	0	1	12466
24.95	0.25	0	1	12475
24.966	0.25	1	2	12483
24.982	0.25	1	2	12491
25.0	0.25	0	1	12500
25.016	0.25	0	1	12508
25.032	0.25	0	1	12516
25.05	0.25	0	1	12525
25.066	0.25	1	2	12533
25.082	0.25	1	2	12541
25.1	0.25	0	1	12550
25.116	0.25	0	1	12558
25.132	0.25	1	2	12566
25.15	0.25	1	2	12575
25.166	0.25	1	2	12583
25.182	0.25	1	2	12591
25.2	0.25	1	2	12600
25.216	0.25	1	2	12608
25.232	0.25	0	1	12616
25.25	0.25	0	1	12625
25.266	0.25	0	1	12633
25.282	0.25	0	1	12641
25.3	0.25	0	1	12650
25.316	0.25	0	1	12658
25.332	0.25	1	2	12666
25.35	0.25	1	2	12675
25.366	0.25	0	1	12683
25.382	0.25	0	1	12691
25.4	0.25	1	2	12700
25.416	0.25	1	2	12708
25.432	0.25	1	2	12716
25.45	0.25	1	2	12725
25.466	0.25	1	2	12733
25.482	0.25	1	2	12741
25.5	0.25	0	1	12750
25.516	0.25	0	1	12758
25.532	0.25	0	1	12766
25.55	0.25	0	1	12775
25.566	0.25	1	2	12783
25.582	0.25	1	2	12791
25.6	0.25	0	1	12800
25.616	0.25	0	1	12808
25.632	0.25	1	2	12816
25.65	0.25	1	2	12825
25.666	0.25	0	1	12833
25.682	0.25	0	1	12841
25.7	0.25	0	1	12850
25.716	0.25	0	1	12858
25.732	0.25	0	1	12866
25.75	0.25	0	1	12875
25.766	0.25	1	2	12883
25.782	0.25	1	2	12891
25.8	0.25	1	2	12900
25.816	0.25	1	2	12908
25.832	0.25	0	1	12916
25.85	0.25	0	1	12925
25.866	0.25	1	2	12933
25.882	0.25	1	2	12941
25.9	0.25	0	1	12950
25.916	0.25	0	1	12958
25.932	0.25	0	1	12966
25.95	0.25	0	1	12975
25.966	0.25	0	1	12983
25.982	0.25	0	1	12991
26.0	0.25	1	2	13000
26.016	0.25	1	2	13008
26.032	0.25	0	1	13016
26.05	0.25	0	1	13025
26.066	0.25	1	2	13033
26.082	0.25	1	2	13041
26.1	0.25	0	1	13050
26.116	0.25	0	1	13058
26.132	0.25	0	1	13066
26.15	0.25	0	1	13075
26.166	0.25	1	2	13083
28.45	0.25	0	1	14225
28.466	0.25	0	1	14233
28.482	0.25	0	1	14241
28.5	0.25	0	1	14250
28.516	0.25	1	2	14258
28.532	0.25	1	2	14266
28.55	0.25	1	2	14275
28.566	0.25	1	2	14283
28.582	0.25	0	1	14291
28.6	0.25	0	1	14300
28.616	0.25	0	1	14308
28.632	0.25	0	1	14316
28.65	0.25	0	1	14325
28.666	0.25	0	1	14333
28.682	0.25	0	1	14341
28.7	0.25	0	1	14350
28.716	0.25	1	2	14358
28.732	0.25	1	2	14366
28.75	0.25	1	2	14375
28.766	0.25	1	2	14383
28.782	0.25	1	2	14391
28.8	0.25	1	2	14400
28.816	0.25	1	2	14408
28.832	0.25	1	2	14416
28.85	0.25	1	2	14425
28.866	0.25	1	2	14433
28.882	0.25	0	1	14441
28.9	0.25	0	1	14450
28.916	0.25	0	1	14458
28.932	0.25	0	1	14466
28.95	0.25	0	1	14475
28.966	0.25	0	1	14483
28.982	0.25	0	1	14491
29.0	0.25	0	1	14500
29.016	0.25	0	1	14508
29.032	0.25	0	1	14516
29.05	0.25	0	1	14525
29.066	0.25	0	1	14533
29.082	0.25	1	2	14541
29.1	0.25	1	2	14550
29.116	0.25	1	2	14558
29.132	0.25	1	2	14566
29.15	0.25	0	1	14575
29.166	0.25	0	1	14583
29.182	0.25	0	1	14591
29.2	0.25	0	1	14600
29.216	0.25	1	2	14608
29.232	0.25	1	2	14616
29.25	0.25	0	1	14625
29.266	0.25	0	1	14633
29.282	0.25	1	2	14641
29.3	0.25	1	2	14650
29.316	0.25	0	1	14658
29.332	0.25	0	1	14666
29.35	0.25	1	2	14675
29.366	0.25	1	2	14683
29.382	0.25	0	1	14691
29.4	0.25	0	1	14700
29.416	0.25	1	2	14708
29.432	0.25	1	2	14716
29.45	0.25	1	2	14725
29.466	0.25	1	2	14733
29.482	0.25	0	1	14741
29.5	0.25	0	1	14750
29.516	0.25	1	2	14758
29.532	0.25	1	2	14766
29.55	0.25	0	1	14775
29.566	0.25	0	1	14783
29.582	0.25	0	1	14791
29.6	0.25	0	1	14800
29.616	0.25	0	1	14808
29.632	0.25	0	1	14816
29.65	0.25	1	2	14825
29.666	0.25	1	2	14833
29.682	0.25	0	1	14841
29.7	0.25	0	1	14850
29.716	0.25	0	1	14858
29.732	0.25	0	1	14866
29.75	0.25	0	1	14875
29.766	0.25	0	1	14883
29.782	0.25	1	2	14891
29.8	0.25	1	2	14900
29.816	0.25	1	2	14908
29.832	0.25	1	2	14916
29.85	0.25	1	2	14925
29.866	0.25	1	2	14933
29.882	0.25	0	1	14941
29.9	0.25	0	1	14950
29.916	0.25	1	2	14958
29.932	0.25	1	2	14966
29.95	0.25	0	1	14975
29.966	0.25	0	1	14983
29.982	0.25	1	2	14991
30.0	0.25	1	2	15000
30.016	0.25	1	2	15008
30.032	0.25	1	2	15016
30.05	0.25	1	2	15025
30.066	0.25	1	2	15033
30.082	0.25	1	2	15041
30.1	0.25	1	2	15050
30.116	0.25	1	2	15058
30.132	0.25	1	2	15066
30.15	0.25	0	1	15075
30.166	0.25	0	1	15083
30.182	0.25	0	1	15091
30.2	0.25	0	1	15100
30.216	0.25	1	2	15108
30.232	0.25	1	2	15116
30.25	0.25	0	1	15125
30.266	0.25	0	1	15133
30.282	0.25	0	1	15141
30.3	0.25	0	1	15150
30.316	0.25	0	1	15158
30.332	0.25	0	1	15166
30.35	0.25	1	2	15175
30.366	0.25	1	2	15183
30.382	0.25	1	2	15191
31.866	0.25	1	2	15933
31.882	0.25	1	2	15941
31.9	0.25	1	2	15950
31.916	0.25	1	2	15958
31.932	0.25	0	1	15966
31.95	0.25	0	1	15975
31.966	0.25	0	1	15983
31.982	0.25	0	1	15991
32.0	0.25	0	1	16000
32.016	0.25	0	1	16008
32.032	0.25	0	1	16016
32.048	0.25	0	1	16024
32.066	0.25	1	2	16033
32.082	0.25	1	2	16041
32.1	0.25	0	1	16050
32.116	0.25	0	1	16058
32.132	0.25	0	1	16066
32.15	0.25	0	1	16075
32.166	0.25	1	2	16083
32.182	0.25	1	2	16091
32.2	0.25	1	2	16100
32.216	0.25	1	2	16108
32.232	0.25	0	1	16116
32.25	0.25	0	1	16125
32.266	0.25	0	1	16133
32.282	0.25	0	1	16141
32.298	0.25	0	1	16149
32.316	0.25	0	1	16158
32.332	0.25	0	1	16166
32.35	0.25	0	1	16175
32.366	0.25	0	1	16183
32.382	0.25	0	1	16191
32.4	0.25	0	1	16200
32.416	0.25	0	1	16208
32.432	0.25	1	2	16216
32.45	0.25	1	2	16225
32.466	0.25	0	1	16233
32.482	0.25	0	1	16241
32.5	0.25	1	2	16250
32.516	0.25	1	2	16258
32.532	0.25	1	2	16266
32.548	0.25	1	2	16274
32.566	0.25	0	1	16283
32.582	0.25	0	1	16291
32.6	0.25	1	2	16300
32.616	0.25	1	2	16308
32.632	0.25	0	1	16316
32.65	0.25	0	1	16325
32.666	0.25	1	2	16333
32.682	0.25	1	2	16341
32.7	0.25	0	1	16350
32.716	0.25	0	1	16358
32.732	0.25	1	2	16366
32.75	0.25	1	2	16375
32.766	0.25	0	1	16383
32.782	0.25	0	1	16391
32.8	0.25	0	1	16400
32.816	0.25	0	1	16408
32.832	0.25	0	1	16416
32.85	0.25	0	1	16425
32.866	0.25	1	2	16433
32.882	0.25	1	2	16441
32.9	0.25	1	2	16450
32.916	0.25	1	2	16458
32.932	0.25	1	2	16466
32.95	0.25	1	2	16475
32.966	0.25	0	1	16483
32.982	0.25	0	1	16491
33.0	0.25	1	2	16500
33.016	0.25	1	2	16508
33.032	0.25	1	2	16516
33.05	0.25	1	2	16525
33.066	0.25	1	2	16533
33.082	0.25	1	2	16541
33.1	0.25	0	1	16550
33.116	0.25	0	1	16558
33.132	0.25	1	2	16566
33.15	0.25	1	2	16575
33.166	0.25	0	1	16583
33.182	0.25	0	1	16591
33.2	0.25	1	2	16600
33.216	0.25	1	2	16608
33.232	0.25	1	2	16616
33.25	0.25	1	2	16625
33.266	0.25	0	1	16633
33.282	0.25	0	1	16641
33.3	0.25	0	1	16650
33.316	0.25	0	1	16658
33.332	0.25	0	1	16666
33.35	0.25	0	1	16675
33.366	0.25	1	2	16683
33.382	0.25	1	2	16691
33.4	0.25	1	2	16700
33.416	0.25	1	2	16708
33.432	0.25	0	1	16716
33.45	0.25	0	1	16725
33.466	0.25	1	2	16733
33.482	0.25	1	2	16741
33.5	0.25	1	2	16750
33.516	0.25	1	2	16758
33.532	0.25	1	2	16766
33.55	0.25	1	2	16775
33.566	0.25	0	1	16783
33.582	0.25	0	1	16791
33.6	0.25	0	1	16800
33.616	0.25	0	1	16808
33.632	0.25	0	1	16816
33.65	0.25	0	1	16825
33.666	0.25	0	1	16833
33.682	0.25	0	1	16841
33.7	0.25	0	1	16850
33.716	0.25	0	1	16858
33.732	0.25	1	2	16866
33.75	0.25	1	2	16875
33.766	0.25	1	2	16883
33.782	0.25	1	2	16891
33.8	0.25	1	2	16900
35.282	0.25	1	2	17641
35.3	0.25	1	2	17650
35.316	0.25	1	2	17658
35.332	0.25	1	2	17666
35.35	0.25	1	2	17675
35.366	0.25	1	2	17683
35.382	0.25	1	2	17691
35.4	0.25	1	2	17700
35.416	0.25	1	2	17708
35.432	0.25	1	2	17716
35.45	0.25	1	2	17725
35.466	0.25	1	2	17733
35.482	0.25	1	2	17741
35.5	0.25	1	2	17750
35.516	0.25	0	1	17758
35.532	0.25	0	1	17766
35.55	0.25	0	1	17775
35.566	0.25	0	1	17783
35.582	0.25	1	2	17791
35.6	0.25	1	2	17800
35.616	0.25	1	2	17808
35.632	0.25	1	2	17816
35.65	0.25	0	1	17825
35.666	0.25	0	1	17833
35.682	0.25	0	1	17841
35.7	0.25	0	1	17850
35.716	0.25	1	2	17858
35.732	0.25	1	2	17866
35.75	0.25	1	2	17875
35.766	0.25	1	2	17883
35.782	0.25	0	1	17891
35.8	0.25	0	1	17900
35.816	0.25	0	1	17908
35.832	0.25	0	1	17916
35.85	0.25	1	2	17925
35.866	0.25	1	2	17933
35.882	0.25	0	1	17941
35.9	0.25	0	1	17950
35.916	0.25	1	2	17958
35.932	0.25	1	2	17966
35.95	0.25	1	2	17975
35.966	0.25	1	2	17983
35.982	0.25	0	1	17991
36.0	0.25	0	1	18000
36.016	0.25	1	2	18008
36.032	0.25	1	2	18016
36.05	0.25	0	1	18025
36.066	0.25	0	1	18033
36.082	0.25	0	1	18041
36.1	0.25	0	1	18050
36.116	0.25	1	2	18058
36.132	0.25	1	2	18066
36.15	0.25	0	1	18075
36.166	0.25	0	1	18083
36.182	0.25	1	2	18091
36.2	0.25	1	2	18100
36.216	0.25	1	2	18108
36.232	0.25	1	2	18116
36.25	0.25	1	2	18125
36.266	0.25	1	2	18133
36.282	0.25	0	1	18141
36.3	0.25	0	1	18150
36.316	0.25	0	1	18158
36.332	0.25	0	1	18166
36.35	0.25	0	1	18175
36.366	0.25	0	1	18183
36.382	0.25	1	2	18191
36.4	0.25	1	2	18200
36.416	0.25	0	1	18208
36.432	0.25	0	1	18216
36.45	0.25	1	2	18225
36.466	0.25	1	2	18233
36.482	0.25	1	2	18241
36.5	0.25	1	2	18250
36.516	0.25	1	2	18258
36.532	0.25	1	2	18266
36.55	0.25	0	1	18275
36.566	0.25	0	1	18283
36.582	0.25	0	1	18291
36.6	0.25	0	1	18300
36.616	0.25	1	2	18308
36.632	0.25	1	2	18316
36.65	0.25	0	1	18325
36.666	0.25	0	1	18333
36.682	0.25	1	2	18341
36.7	0.25	1	2	18350
36.716	0.25	0	1	18358
36.732	0.25	0	1	18366
36.75	0.25	0	1	18375
36.766	0.25	0	1	18383
36.782	0.25	0	1	18391
36.8	0.25	0	1	18400
36.816	0.25	1	2	18408
36.832	0.25	1	2	18416
36.85	0.25	1	2	18425
36.866	0.25	1	2	18433
36.882	0.25	0	1	18441
36.9	0.25	0	1	18450
36.916	0.25	1	2	18458
36.932	0.25	1	2	18466
36.95	0.25	0	1	18475
36.966	0.25	0	1	18483
36.982	0.25	0	1	18491
37.0	0.25	0	1	18500
37.016	0.25	0	1	18508
37.032	0.25	0	1	18516
37.05	0.25	1	2	18525
37.066	0.25	1	2	18533
37.082	0.25	0	1	18541
37.1	0.25	0	1	18550
37.116	0.25	1	2	18558
37.132	0.25	1	2	18566
37.15	0.25	0	1	18575
37.166	0.25	0	1	18583
37.182	0.25	0	1	18591
37.2	0.25	0	1	18600
37.216	0.25	1	2	18608
38.7	0.25	1	2	19350
38.716	0.25	1	2	19358
38.732	0.25	1	2	19366
38.75	0.25	1	2	19375
38.766	0.25	0	1	19383
38.782	0.25	0	1	19391
38.8	0.25	1	2	19400
38.816	0.25	1	2	19408
38.832	0.25	1	2	19416
38.85	0.25	1	2	19425
38.866	0.25	0	1	19433
38.882	0.25	0	1	19441
38.9	0.25	1	2	19450
38.916	0.25	1	2	19458
38.932	0.25	1	2	19466
38.95	0.25	1	2	19475
38.966	0.25	0	1	19483
38.982	0.25	0	1	19491
39.0	0.25	1	2	19500
39.016	0.25	1	2	19508
39.032	0.25	1	2	19516
39.05	0.25	1	2	19525
39.066	0.25	0	1	19533
39.082	0.25	0	1	19541
39.1	0.25	0	1	19550
39.116	0.25	0	1	19558
39.132	0.25	0	1	19566
39.15	0.25	0	1	19575
39.166	0.25	1	2	19583
39.182	0.25	1	2	19591
39.2	0.25	1	2	19600
39.216	0.25	1	2	19608
39.232	0.25	1	2	19616
39.25	0.25	1	2	19625
39.266	0.25	0	1	19633
39.282	0.25	0	1	19641
39.3	0.25	0	1	19650
39.316	0.25	0	1	19658
39.332	0.25	0	1	19666
39.35	0.25	0	1	19675
39.366	0.25	1	2	19683
39.382	0.25	1	2	19691
39.4	0.25	1	2	19700
39.416	0.25	1	2	19708
39.432	0.25	1	2	19716
39.45	0.25	1	2	19725
39.466	0.25	1	2	19733
39.482	0.25	1	2	19741
39.5	0.25	1	2	19750
39.516	0.25	1	2	19758
39.532	0.25	0	1	19766
39.55	0.25	0	1	19775
39.566	0.25	0	1	19783
39.582	0.25	0	1	19791
39.6	0.25	1	2	19800
39.616	0.25	1	2	19808
39.632	0.25	0	1	19816
39.65	0.25	0	1	19825
39.666	0.25	1	2	19833
39.682	0.25	1	2	19841
39.7	0.25	0	1	19850
39.716	0.25	0	1	19858
39.732	0.25	0	1	19866
39.75	0.25	0	1	19875
39.766	0.25	1	2	19883
39.782	0.25	1	2	19891
39.8	0.25	1	2	19900
39.816	0.25	1	2	19908
39.832	0.25	0	1	19916
39.85	0.25	0	1	19925
39.866	0.25	0	1	19933
39.882	0.25	0	1	19941
39.9	0.25	0	1	19950
39.916	0.25	0	1	19958
39.932	0.25	0	1	19966
39.95	0.25	0	1	19975
39.966	0.25	1	2	19983
39.982	0.25	1	2	19991
40.0	0.25	0	1	20000
40.016	0.25	0	1	20008
40.032	0.25	0	1	20016
40.05	0.25	0	1	20025
40.066	0.25	0	1	20033
40.082	0.25	0	1	20041
40.1	0.25	0	1	20050
40.116	0.25	0	1	20058
40.132	0.25	1	2	20066
40.15	0.25	1	2	20075
40.166	0.25	1	2	20083
40.182	0.25	1	2	20091
40.2	0.25	1	2	20100
40.216	0.25	1	2	20108
40.232	0.25	1	2	20116
40.25	0.25	1	2	20125
40.266	0.25	1	2	20133
40.282	0.25	1	2	20141
40.3	0.25	1	2	20150
40.316	0.25	1	2	20158
40.332	0.25	0	1	20166
40.35	0.25	0	1	20175
40.366	0.25	1	2	20183
40.382	0.25	1	2	20191
40.4	0.25	0	1	20200
40.416	0.25	0	1	20208
40.432	0.25	1	2	20216
40.45	0.25	1	2	20225
40.466	0.25	0	1	20233
40.482	0.25	0	1	20241
40.5	0.25	0	1	20250
40.516	0.25	0	1	20258
40.532	0.25	1	2	20266
40.55	0.25	1	2	20275
40.566	0.25	1	2	20283
40.582	0.25	1	2	20291
40.6	0.25	0	1	20300
40.616	0.25	0	1	20308
40.632	0.25	0	1	20316
43.35	0.25	1	2	21675
43.366	0.25	1	2	21683
43.382	0.25	1	2	21691
43.4	0.25	1	2	21700
43.416	0.25	0	1	21708
43.432	0.25	0	1	21716
43.45	0.25	1	2	21725
43.466	0.25	1	2	21733
43.482	0.25	1	2	21741
43.5	0.25	1	2	21750
43.516	0.25	0	1	21758
43.532	0.25	0	1	21766
43.55	0.25	1	2	21775
43.566	0.25	1	2	21783
43.582	0.25	1	2	21791
43.6	0.25	1	2	21800
43.616	0.25	0	1	21808
43.632	0.25	0	1	21816
43.65	0.25	1	2	21825
43.666	0.25	1	2	21833
43.682	0.25	1	2	21841
43.7	0.25	1	2	21850
43.716	0.25	0	1	21858
43.732	0.25	0	1	21866
43.75	0.25	0	1	21875
43.766	0.25	0	1	21883
43.782	0.25	0	1	21891
43.8	0.25	0	1	21900
43.816	0.25	1	2	21908
43.832	0.25	1	2	21916
43.85	0.25	1	2	21925
43.866	0.25	1	2	21933
43.882	0.25	1	2	21941
43.9	0.25	1	2	21950
43.916	0.25	0	1	21958
43.932	0.25	0	1	21966
43.95	0.25	0	1	21975
43.966	0.25	0	1	21983
43.982	0.25	0	1	21991
44.0	0.25	0	1	22000
44.016	0.25	1	2	22008
44.032	0.25	1	2	22016
44.05	0.25	1	2	22025
44.066	0.25	1	2	22033
44.082	0.25	1	2	22041
44.1	0.25	1	2	22050
44.116	0.25	1	2	22058
44.132	0.25	1	2	22066
44.15	0.25	1	2	22075
44.166	0.25	1	2	22083
44.182	0.25	0	1	22091
44.2	0.25	0	1	22100
44.216	0.25	0	1	22108
44.232	0.25	0	1	22116
44.25	0.25	1	2	22125
44.266	0.25	1	2	22133
44.282	0.25	0	1	22141
44.3	0.25	0	1	22150
44.316	0.25	1	2	22158
44.332	0.25	1	2	22166
44.35	0.25	0	1	22175
44.366	0.25	0	1	22183
44.382	0.25	0	1	22191
44.4	0.25	0	1	22200
44.416	0.25	1	2	22208
44.432	0.25	1	2	22216
44.45	0.25	1	2	22225
44.466	0.25	1	2	22233
44.482	0.25	0	1	22241
44.5	0.25	0	1	22250
44.516	0.25	0	1	22258
44.532	0.25	0	1	22266
44.55	0.25	0	1	22275
44.566	0.25	0	1	22283
44.582	0.25	0	1	22291
44.6	0.25	0	1	22300
44.616	0.25	1	2	22308
44.632	0.25	1	2	22316
44.65	0.25	0	1	22325
44.666	0.25	0	1	22333
44.682	0.25	0	1	22341
44.7	0.25	0	1	22350
44.716	0.25	0	1	22358
44.732	0.25	0	1	22366
44.75	0.25	0	1	22375
44.766	0.25	0	1	22383
44.782	0.25	1	2	22391
44.8	0.25	1	2	22400
44.816	0.25	1	2	22408
44.832	0.25	1	2	22416
44.85	0.25	1	2	22425
44.866	0.25	1	2	22433
44.882	0.25	1	2	22441
44.9	0.25	1	2	22450
44.916	0.25	1	2	22458
44.932	0.25	1	2	22466
44.95	0.25	1	2	22475
44.966	0.25	1	2	22483
44.982	0.25	0	1	22491
45.0	0.25	0	1	22500
45.016	0.25	1	2	22508
45.032	0.25	1	2	22516
45.05	0.25	0	1	22525
45.066	0.25	0	1	22533
45.082	0.25	1	2	22541
45.1	0.25	1	2	22550
45.116	0.25	0	1	22558
45.132	0.25	0	1	22566
45.15	0.25	0	1	22575
45.166	0.25	0	1	22583
45.182	0.25	1	2	22591
45.2	0.25	1	2	22600
45.216	0.25	1	2	22608
45.232	0.25	1	2	22616
45.25	0.25	0	1	22625
45.266	0.25	0	1	22633
45.282	0.25	0	1	22641
46.766	0.25	0	1	23383
46.782	0.25	0	1	23391
46.8	0.25	0	1	23400
46.816	0.25	0	1	23408
46.832	0.25	1	2	23416
46.85	0.25	1	2	23425
46.866	0.25	1	2	23433
46.882	0.25	1	2	23441
46.9	0.25	0	1	23450
46.916	0.25	0	1	23458
46.932	0.25	0	1	23466
46.95	0.25	0	1	23475
46.966	0.25	0	1	23483
46.982	0.25	0	1	23491
47.0	0.25	0	1	23500
47.016	0.25	0	1	23508
47.032	0.25	1	2	23516
47.05	0.25	1	2	23525
47.066	0.25	1	2	23533
47.082	0.25	1	2	23541
47.1	0.25	1	2	23550
47.116	0.25	1	2	23558
47.132	0.25	1	2	23566
47.15	0.25	1	2	23575
47.166	0.25	1	2	23583
47.182	0.25	1	2	23591
47.2	0.25	0	1	23600
47.216	0.25	0	1	23608
47.232	0.25	0	1	23616
47.25	0.25	0	1	23625
47.266	0.25	0	1	23633
47.282	0.25	0	1	23641
47.3	0.25	0	1	23650
47.316	0.25	0	1	23658
47.332	0.25	0	1	23666
47.35	0.25	0	1	23675
47.366	0.25	0	1	23683
47.382	0.25	0	1	23691
47.4	0.25	1	2	23700
47.416	0.25	1	2	23708
47.432	0.25	1	2	23716
47.45	0.25	1	2	23725
47.466	0.25	0	1	23733
47.482	0.25	0	1	23741
47.5	0.25	0	1	23750
47.516	0.25	0	1	23758
47.532	0.25	1	2	23766
47.55	0.25	1	2	23775
47.566	0.25	0	1	23783
47.582	0.25	0	1	23791
47.6	0.25	1	2	23800
47.616	0.25	1	2	23808
47.632	0.25	0	1	23816
47.65	0.25	0	1	23825
47.666	0.25	1	2	23833
47.682	0.25	1	2	23841
47.7	0.25	0	1	23850
47.716	0.25	0	1	23858
47.732	0.25	1	2	23866
47.75	0.25	1	2	23875
47.766	0.25	1	2	23883
47.782	0.25	1	2	23891
47.8	0.25	0	1	23900
47.816	0.25	0	1	23908
47.832	0.25	1	2	23916
47.85	0.25	1	2	23925
47.866	0.25	0	1	23933
47.882	0.25	0	1	23941
47.9	0.25	0	1	23950
47.916	0.25	0	1	23958
47.932	0.25	0	1	23966
47.95	0.25	0	1	23975
47.966	0.25	1	2	23983
47.982	0.25	1	2	23991
48.0	0.25	0	1	24000
48.016	0.25	0	1	24008
48.032	0.25	0	1	24016
48.05	0.25	0	1	24025
48.066	0.25	0	1	24033
48.082	0.25	0	1	24041
48.1	0.25	1	2	24050
48.116	0.25	1	2	24058
48.132	0.25	1	2	24066
48.15	0.25	1	2	24075
48.166	0.25	1	2	24083
48.182	0.25	1	2	24091
48.2	0.25	0	1	24100
48.216	0.25	0	1	24108
48.232	0.25	1	2	24116
48.25	0.25	1	2	24125
48.266	0.25	0	1	24133
48.282	0.25	0	1	24141
48.3	0.25	1	2	24150
48.316	0.25	1	2	24158
48.332	0.25	1	2	24166
48.35	0.25	1	2	24175
48.366	0.25	1	2	24183
48.382	0.25	1	2	24191
48.4	0.25	1	2	24200
48.416	0.25	1	2	24208
48.432	0.25	1	2	24216
48.45	0.25	1	2	24225
48.466	0.25	0	1	24233
48.482	0.25	0	1	24241
48.5	0.25	0	1	24250
48.516	0.25	0	1	24258
48.532	0.25	1	2	24266
48.55	0.25	1	2	24275
48.566	0.25	0	1	24283
48.582	0.25	0	1	24291
48.6	0.25	0	1	24300
48.616	0.25	0	1	24308
48.632	0.25	0	1	24316
48.65	0.25	0	1	24325
48.666	0.25	1	2	24333
48.682	0.25	1	2	24341
48.7	0.25	1	2	24350
50.182	0.25	1	2	25091
50.2	0.25	1	2	25100
50.216	0.25	1	2	25108
50.232	0.25	1	2	25116
50.25	0.25	0	1	25125
50.266	0.25	0	1	25133
50.282	0.25	0	1	25141
50.3	0.25	0	1	25150
50.316	0.25	0	1	25158
50.332	0.25	0	1	25166
50.35	0.25	0	1	25175
50.366	0.25	0	1	25183
50.382	0.25	1	2	25191
50.4	0.25	1	2	25200
50.416	0.25	0	1	25208
50.432	0.25	0	1	25216
50.45	0.25	0	1	25225
50.466	0.25	0	1	25233
50.482	0.25	1	2	25241
50.5	0.25	1	2	25250
50.516	0.25	1	2	25258
50.532	0.25	1	2	25266
50.55	0.25	0	1	25275
50.566	0.25	0	1	25283
50.582	0.25	0	1	25291
50.6	0.25	0	1	25300
50.616	0.25	0	1	25308
50.632	0.25	0	1	25316
50.65	0.25	0	1	25325
50.666	0.25	0	1	25333
50.682	0.25	0	1	25341
50.7	0.25	0	1	25350
50.716	0.25	0	1	25358
50.732	0.25	0	1	25366
50.75	0.25	1	2	25375
50.766	0.25	1	2	25383
50.782	0.25	0	1	25391
50.8	0.25	0	1	25400
50.816	0.25	1	2	25408
50.832	0.25	1	2	25416
50.85	0.25	1	2	25425
50.866	0.25	1	2	25433
50.882	0.25	0	1	25441
50.9	0.25	0	1	25450
50.916	0.25	1	2	25458
50.932	0.25	1	2	25466
50.95	0.25	0	1	25475
50.966	0.25	0	1	25483
50.982	0.25	1	2	25491
51.0	0.25	1	2	25500
51.016	0.25	0	1	25508
51.032	0.25	0	1	25516
51.05	0.25	1	2	25525
51.066	0.25	1	2	25533
51.082	0.25	0	1	25541
51.1	0.25	0	1	25550
51.116	0.25	0	1	25558
51.132	0.25	0	1	25566
51.15	0.25	0	1	25575
51.166	0.25	0	1	25583
51.182	0.25	1	2	25591
51.2	0.25	1	2	25600
51.216	0.25	1	2	25608
51.232	0.25	1	2	25616
51.25	0.25	1	2	25625
51.266	0.25	1	2	25633
51.282	0.25	0	1	25641
51.3	0.25	0	1	25650
51.316	0.25	1	2	25658
51.332	0.25	1	2	25666
51.35	0.25	1	2	25675
51.366	0.25	1	2	25683
51.382	0.25	1	2	25691
51.4	0.25	1	2	25700
51.416	0.25	0	1	25708
51.432	0.25	0	1	25716
51.45	0.25	1	2	25725
51.466	0.25	1	2	25733
51.482	0.25	0	1	25741
51.5	0.25	0	1	25750
51.516	0.25	1	2	25758
51.532	0.25	1	2	25766
51.55	0.25	1	2	25775
51.566	0.25	1	2	25783
51.582	0.25	0	1	25791
51.6	0.25	0	1	25800
51.616	0.25	0	1	25808
51.632	0.25	0	1	25816
51.65	0.25	0	1	25825
51.666	0.25	0	1	25833
51.682	0.25	1	2	25841
51.7	0.25	1	2	25850
51.716	0.25	1	2	25858
51.732	0.25	1	2	25866
51.75	0.25	0	1	25875
51.766	0.25	0	1	25883
51.782	0.25	1	2	25891
51.8	0.25	1	2	25900
51.816	0.25	1	2	25908
51.832	0.25	1	2	25916
51.85	0.25	1	2	25925
51.866	0.25	1	2	25933
51.882	0.25	0	1	25941
51.9	0.25	0	1	25950
51.916	0.25	0	1	25958
51.932	0.25	0	1	25966
51.95	0.25	0	1	25975
51.966	0.25	0	1	25983
51.982	0.25	0	1	25991
52.0	0.25	0	1	26000
52.016	0.25	0	1	26008
52.032	0.25	0	1	26016
52.05	0.25	1	2	26025
52.066	0.25	1	2	26033
52.082	0.25	1	2	26041
52.1	0.25	1	2	26050
52.116	0.25	1	2	26058
53.6	0.25	1	2	26800
53.616	0.25	1	2	26808
53.632	0.25	1	2	26816
53.65	0.25	1	2	26825
53.666	0.25	1	2	26833
53.682	0.25	1	2	26841
53.7	0.25	1	2	26850
53.716	0.25	1	2	26858
53.732	0.25	1	2	26866
53.75	0.25	1	2	26875
53.766	0.25	1	2	26883
53.782	0.25	1	2	26891
53.8	0.25	1	2	26900
53.816	0.25	1	2	26908
53.832	0.25	0	1	26916
53.85	0.25	0	1	26925
53.866	0.25	0	1	26933
53.882	0.25	0	1	26941
53.9	0.25	1	2	26950
53.916	0.25	1	2	26958
53.932	0.25	1	2	26966
53.95	0.25	1	2	26975
53.966	0.25	0	1	26983
53.982	0.25	0	1	26991
54.0	0.25	0	1	27000
54.016	0.25	0	1	27008
54.032	0.25	1	2	27016
54.05	0.25	1	2	27025
54.066	0.25	1	2	27033
54.082	0.25	1	2	27041
54.1	0.25	0	1	27050
54.116	0.25	0	1	27058
54.132	0.25	0	1	27066
54.15	0.25	0	1	27075
54.166	0.25	1	2	27083
54.182	0.25	1	2	27091
54.2	0.25	0	1	27100
54.216	0.25	0	1	27108
54.232	0.25	1	2	27116
54.25	0.25	1	2	27125
54.266	0.25	1	2	27133
54.282	0.25	1	2	27141
54.3	0.25	0	1	27150
54.316	0.25	0	1	27158
54.332	0.25	1	2	27166
54.35	0.25	1	2	27175
54.366	0.25	0	1	27183
54.382	0.25	0	1	27191
54.4	0.25	0	1	27200
54.416	0.25	0	1	27208
54.432	0.25	1	2	27216
54.45	0.25	1	2	27225
54.466	0.25	0	1	27233
54.482	0.25	0	1	27241
54.5	0.25	1	2	27250
54.516	0.25	1	2	27258
54.532	0.25	1	2	27266
54.55	0.25	1	2	27275
54.566	0.25	1	2	27283
54.582	0.25	1	2	27291
54.6	0.25	0	1	27300
54.616	0.25	0	1	27308
54.632	0.25	0	1	27316
54.65	0.25	0	1	27325
54.666	0.25	0	1	27333
54.682	0.25	0	1	27341
54.7	0.25	1	2	27350
54.716	0.25	1	2	27358
54.732	0.25	0	1	27366
54.75	0.25	0	1	27375
54.766	0.25	1	2	27383
54.782	0.25	1	2	27391
54.8	0.25	1	2	27400
54.816	0.25	1	2	27408
54.832	0.25	1	2	27416
54.85	0.25	1	2	27425
54.866	0.25	0	1	27433
54.882	0.25	0	1	27441
54.9	0.25	0	1	27450
54.916	0.25	0	1	27458
54.932	0.25	1	2	27466
54.95	0.25	1	2	27475
54.966	0.25	0	1	27483
54.982	0.25	0	1	27491
55.0	0.25	1	2	27500
55.016	0.25	1	2	27508
55.032	0.25	0	1	27516
55.05	0.25	0	1	27525
55.066	0.25	0	1	27533
55.082	0.25	0	1	27541
55.1	0.25	0	1	27550
55.116	0.25	0	1	27558
55.132	0.25	1	2	27566
55.15	0.25	1	2	27575
55.166	0.25	1	2	27583
55.182	0.25	1	2	27591
55.2	0.25	0	1	27600
55.216	0.25	0	1	27608
55.232	0.25	1	2	27616
55.25	0.25	1	2	27625
55.266	0.25	0	1	27633
55.282	0.25	0	1	27641
55.3	0.25	0	1	27650
55.316	0.25	0	1	27658
55.332	0.25	0	1	27666
55.35	0.25	0	1	27675
55.366	0.25	1	2	27683
55.382	0.25	1	2	27691
55.4	0.25	0	1	27700
55.416	0.25	0	1	27708
55.432	0.25	1	2	27716
55.45	0.25	1	2	27725
55.466	0.25	0	1	27733
55.482	0.25	0	1	27741
55.5	0.25	0	1	27750
55.516	0.25	0	1	27758
55.532	0.25	1	2	27766
58.716	0.25	0	1	29358
58.732	0.25	0	1	29366
58.75	0.25	0	1	29375
58.766	0.25	0	1	29383
58.782	0.25	1	2	29391
58.8	0.25	1	2	29400
58.816	0.25	1	2	29408
58.832	0.25	1	2	29416
58.85	0.25	0	1	29425
58.866	0.25	0	1	29433
58.882	0.25	0	1	29441
58.9	0.25	0	1	29450
58.916	0.25	0	1	29458
58.932	0.25	0	1	29466
58.95	0.25	0	1	29475
58.966	0.25	0	1	29483
58.982	0.25	1	2	29491
59.0	0.25	1	2	29500
59.016	0.25	1	2	29508
59.032	0.25	1	2	29516
59.05	0.25	1	2	29525
59.066	0.25	1	2	29533
59.082	0.25	1	2	29541
59.1	0.25	1	2	29550
59.116	0.25	1	2	29558
59.132	0.25	1	2	29566
59.15	0.25	0	1	29575
59.166	0.25	0	1	29583
59.182	0.25	0	1	29591
59.2	0.25	0	1	29600
59.216	0.25	0	1	29608
59.232	0.25	0	1	29616
59.25	0.25	0	1	29625
59.266	0.25	0	1	29633
59.282	0.25	0	1	29641
59.3	0.25	0	1	29650
59.316	0.25	0	1	29658
59.332	0.25	0	1	29666
59.35	0.25	1	2	29675
59.366	0.25	1	2	29683
59.382	0.25	1	2	29691
59.4	0.25	1	2	29700
59.416	0.25	0	1	29708
59.432	0.25	0	1	29716
59.45	0.25	0	1	29725
59.466	0.25	0	1	29733
59.482	0.25	1	2	29741
59.5	0.25	1	2	29750
59.516	0.25	0	1	29758
59.532	0.25	0	1	29766
59.55	0.25	1	2	29775
59.566	0.25	1	2	29783
59.582	0.25	0	1	29791
59.6	0.25	0	1	29800
59.616	0.25	1	2	29808
59.632	0.25	1	2	29816
59.65	0.25	0	1	29825
59.666	0.25	0	1	29833
59.682	0.25	1	2	29841
59.7	0.25	1	2	29850
59.716	0.25	1	2	29858
59.732	0.25	1	2	29866
59.75	0.25	0	1	29875
59.766	0.25	0	1	29883
59.782	0.25	1	2	29891
59.8	0.25	1	2	29900
59.816	0.25	0	1	29908
59.832	0.25	0	1	29916
59.85	0.25	0	1	29925
59.866	0.25	0	1	29933
59.882	0.25	0	1	29941
59.9	0.25	0	1	29950
59.916	0.25	1	2	29958
59.932	0.25	1	2	29966
59.95	0.25	0	1	29975
59.966	0.25	0	1	29983
59.982	0.25	0	1	29991
60.0	0.25	0	1	30000
60.016	0.25	0	1	30008
60.032	0.25	0	1	30016
60.05	0.25	1	2	30025
60.066	0.25	1	2	30033
60.082	0.25	1	2	30041
60.1	0.25	1	2	30050
60.116	0.25	1	2	30058
60.132	0.25	1	2	30066
60.15	0.25	0	1	30075
60.166	0.25	0	1	30083
60.182	0.25	1	2	30091
60.2	0.25	1	2	30100
60.216	0.25	0	1	30108
60.232	0.25	0	1	30116
60.25	0.25	1	2	30125
60.266	0.25	1	2	30133
60.282	0.25	1	2	30141
60.3	0.25	1	2	30150
60.316	0.25	1	2	30158
60.332	0.25	1	2	30166
60.35	0.25	1	2	30175
60.366	0.25	1	2	30183
60.382	0.25	1	2	30191
60.4	0.25	1	2	30200
60.416	0.25	0	1	30208
60.432	0.25	0	1	30216
60.45	0.25	0	1	30225
60.466	0.25	0	1	30233
60.482	0.25	1	2	30241
60.5	0.25	1	2	30250
60.516	0.25	0	1	30258
60.532	0.25	0	1	30266
60.55	0.25	0	1	30275
60.566	0.25	0	1	30283
60.582	0.25	0	1	30291
60.6	0.25	0	1	30300
60.616	0.25	1	2	30308
60.632	0.25	1	2	30316
60.65	0.25	1	2	30325
62.132	0.25	1	2	31066
62.15	0.25	1	2	31075
62.166	0.25	1	2	31083
62.182	0.25	1	2	31091
62.2	0.25	1	2	31100
62.216	0.25	1	2	31108
62.232	0.25	1	2	31116
62.25	0.25	1	2	31125
62.266	0.25	1	2	31133
62.282	0.25	1	2	31141
62.3	0.25	1	2	31150
62.316	0.25	1	2	31158
62.332	0.25	1	2	31166
62.35	0.25	1	2	31175
62.366	0.25	0	1	31183
62.382	0.25	0	1	31191
62.4	0.25	0	1	31200
62.416	0.25	0	1	31208
62.432	0.25	1	2	31216
62.45	0.25	1	2	31225
62.466	0.25	1	2	31233
62.482	0.25	1	2	31241
62.5	0.25	0	1	31250
62.516	0.25	0	1	31258
62.532	0.25	0	1	31266
62.55	0.25	0	1	31275
62.566	0.25	1	2	31283
62.582	0.25	1	2	31291
62.6	0.25	1	2	31300
62.616	0.25	1	2	31308
62.632	0.25	0	1	31316
62.65	0.25	0	1	31325
62.666	0.25	0	1	31333
62.682	0.25	0	1	31341
62.7	0.25	1	2	31350
62.716	0.25	1	2	31358
62.732	0.25	0	1	31366
62.75	0.25	0	1	31375
62.766	0.25	1	2	31383
62.782	0.25	1	2	31391
62.8	0.25	1	2	31400
62.816	0.25	1	2	31408
62.832	0.25	0	1	31416
62.85	0.25	0	1	31425
62.866	0.25	1	2	31433
62.882	0.25	1	2	31441
62.9	0.25	0	1	31450
62.916	0.25	0	1	31458
62.932	0.25	0	1	31466
62.95	0.25	0	1	31475
62.966	0.25	1	2	31483
62.982	0.25	1	2	31491
63.0	0.25	0	1	31500
63.016	0.25	0	1	31508
63.032	0.25	1	2	31516
63.05	0.25	1	2	31525
63.066	0.25	1	2	31533
63.082	0.25	1	2	31541
63.1	0.25	1	2	31550
63.116	0.25	1	2	31558
63.132	0.25	0	1	31566
63.15	0.25	0	1	31575
63.166	0.25	0	1	31583
63.182	0.25	0	1	31591
63.2	0.25	0	1	31600
63.216	0.25	0	1	31608
63.232	0.25	1	2	31616
63.25	0.25	1	2	31625
63.266	0.25	0	1	31633
63.282	0.25	0	1	31641
63.3	0.25	1	2	31650
63.316	0.25	1	2	31658
63.332	0.25	1	2	31666
63.35	0.25	1	2	31675
63.366	0.25	1	2	31683
63.382	0.25	1	2	31691
63.4	0.25	0	1	31700
63.416	0.25	0	1	31708
63.432	0.25	0	1	31716
63.45	0.25	0	1	31725
63.466	0.25	1	2	31733
63.482	0.25	1	2	31741
63.5	0.25	0	1	31750
63.516	0.25	0	1	31758
63.532	0.25	1	2	31766
63.55	0.25	1	2	31775
63.566	0.25	0	1	31783
63.582	0.25	0	1	31791
63.6	0.25	0	1	31800
63.616	0.25	0	1	31808
63.632	0.25	0	1	31816
63.65	0.25	0	1	31825
63.666	0.25	1	2	31833
63.682	0.25	1	2	31841
63.7	0.25	1	2	31850
63.716	0.25	1	2	31858
63.732	0.25	0	1	31866
63.75	0.25	0	1	31875
63.766	0.25	1	2	31883
63.782	0.25	1	2	31891
63.8	0.25	0	1	31900
63.816	0.25	0	1	31908
63.832	0.25	0	1	31916
63.85	0.25	0	1	31925
63.866	0.25	0	1	31933
63.882	0.25	0	1	31941
63.9	0.25	1	2	31950
63.916	0.25	1	2	31958
63.932	0.25	0	1	31966
63.95	0.25	0	1	31975
63.966	0.25	1	2	31983
63.982	0.25	1	2	31991
64.0	0.25	0	1	32000
64.016	0.25	0	1	32008
64.032	0.25	0	1	32016
64.05	0.25	0	1	32025
64.066	0.25	1	2	32033
65.55	0.25	1	2	32775
65.566	0.25	1	2	32783
65.582	0.25	1	2	32791
65.6	0.25	1	2	32800
65.616	0.25	0	1	32808
65.632	0.25	0	1	32816
65.65	0.25	1	2	32825
65.666	0.25	1	2	32833
65.682	0.25	1	2	32841
65.7	0.25	1	2	32850
65.716	0.25	0	1	32858
65.732	0.25	0	1	32866
65.75	0.25	1	2	32875
65.766	0.25	1	2	32883
65.782	0.25	1	2	32891
65.8	0.25	1	2	32900
65.816	0.25	0	1	32908
65.832	0.25	0	1	32916
65.85	0.25	1	2	32925
65.866	0.25	1	2	32933
65.882	0.25	1	2	32941
65.9	0.25	1	2	32950
65.916	0.25	0	1	32958
65.932	0.25	0	1	32966
65.95	0.25	0	1	32975
65.966	0.25	0	1	32983
65.982	0.25	0	1	32991
66.0	0.25	0	1	33000
66.016	0.25	1	2	33008
66.032	0.25	1	2	33016
66.05	0.25	1	2	33025
66.066	0.25	1	2	33033
66.082	0.25	1	2	33041
66.1	0.25	1	2	33050
66.116	0.25	0	1	33058
66.132	0.25	0	1	33066
66.15	0.25	0	1	33075
66.166	0.25	0	1	33083
66.182	0.25	0	1	33091
66.2	0.25	0	1	33100
66.216	0.25	1	2	33108
66.232	0.25	1	2	33116
66.25	0.25	1	2	33125
66.266	0.25	1	2	33133
66.282	0.25	1	2	33141
66.3	0.25	1	2	33150
66.316	0.25	1	2	33158
66.332	0.25	1	2	33166
66.35	0.25	1	2	33175
66.366	0.25	1	2	33183
66.382	0.25	0	1	33191
66.4	0.25	0	1	33200
66.416	0.25	0	1	33208
66.432	0.25	0	1	33216
66.45	0.25	1	2	33225
66.466	0.25	1	2	33233
66.482	0.25	0	1	33241
66.5	0.25	0	1	33250
66.516	0.25	1	2	33258
66.532	0.25	1	2	33266
66.55	0.25	0	1	33275
66.566	0.25	0	1	33283
66.582	0.25	0	1	33291
66.6	0.25	0	1	33300
66.616	0.25	1	2	33308
66.632	0.25	1	2	33316
66.65	0.25	1	2	33325
66.666	0.25	1	2	33333
66.682	0.25	0	1	33341
66.7	0.25	0	1	33350
66.716	0.25	0	1	33358
66.732	0.25	0	1	33366
66.75	0.25	0	1	33375
66.766	0.25	0	1	33383
66.782	0.25	0	1	33391
66.8	0.25	0	1	33400
66.816	0.25	1	2	33408
66.832	0.25	1	2	33416
66.85	0.25	0	1	33425
66.866	0.25	0	1	33433
66.882	0.25	0	1	33441
66.9	0.25	0	1	33450
66.916	0.25	0	1	33458
66.932	0.25	0	1	33466
66.95	0.25	0	1	33475
66.966	0.25	0	1	33483
66.982	0.25	1	2	33491
67.0	0.25	1	2	33500
67.016	0.25	1	2	33508
67.032	0.25	1	2	33516
67.05	0.25	1	2	33525
67.066	0.25	1	2	33533
67.082	0.25	1	2	33541
67.1	0.25	1	2	33550
67.116	0.25	1	2	33558
67.132	0.25	1	2	33566
67.15	0.25	1	2	33575
67.166	0.25	1	2	33583
67.182	0.25	0	1	33591
67.2	0.25	0	1	33600
67.216	0.25	1	2	33608
67.232	0.25	1	2	33616
67.25	0.25	0	1	33625
67.266	0.25	0	1	33633
67.282	0.25	1	2	33641
67.3	0.25	1	2	33650
67.316	0.25	0	1	33658
67.332	0.25	0	1	33666
67.35	0.25	0	1	33675
67.366	0.25	0	1	33683
67.382	0.25	1	2	33691
67.4	0.25	1	2	33700
67.416	0.25	1	2	33708
67.432	0.25	1	2	33716
67.45	0.25	0	1	33725
67.466	0.25	0	1	33733
67.482	0.25	0	1	33741
68.966	0.25	1	2	34483
68.982	0.25	1	2	34491
69.0	0.25	1	2	34500
69.016	0.25	1	2	34508
69.032	0.25	0	1	34516
69.05	0.25	0	1	34525
69.066	0.25	0	1	34533
69.082	0.25	0	1	34541
69.1	0.25	0	1	34550
69.116	0.25	0	1	34558
69.132	0.25	0	1	34566
69.15	0.25	0	1	34575
69.166	0.25	1	2	34583
69.182	0.25	1	2	34591
69.2	0.25	0	1	34600
69.216	0.25	0	1	34608
69.232	0.25	0	1	34616
69.25	0.25	0	1	34625
69.266	0.25	1	2	34633
69.282	0.25	1	2	34641
69.3	0.25	1	2	34650
69.316	0.25	1	2	34658
69.332	0.25	0	1	34666
69.35	0.25	0	1	34675
69.366	0.25	0	1	34683
69.382	0.25	0	1	34691
69.4	0.25	0	1	34700
69.416	0.25	0	1	34708
69.432	0.25	0	1	34716
69.45	0.25	0	1	34725
69.466	0.25	0	1	34733
69.482	0.25	0	1	34741
69.5	0.25	0	1	34750
69.516	0.25	0	1	34758
69.532	0.25	1	2	34766
69.55	0.25	1	2	34775
69.566	0.25	0	1	34783
69.582	0.25	0	1	34791
69.6	0.25	1	2	34800
69.616	0.25	1	2	34808
69.632	0.25	1	2	34816
69.65	0.25	1	2	34825
69.666	0.25	0	1	34833
69.682	0.25	0	1	34841
69.7	0.25	1	2	34850
69.716	0.25	1	2	34858
69.732	0.25	0	1	34866
69.75	0.25	0	1	34875
69.766	0.25	1	2	34883
69.782	0.25	1	2	34891
69.8	0.25	0	1	34900
69.816	0.25	0	1	34908
69.832	0.25	1	2	34916
69.85	0.25	1	2	34925
69.866	0.25	0	1	34933
69.882	0.25	0	1	34941
69.9	0.25	0	1	34950
69.916	0.25	0	1	34958
69.932	0.25	0	1	34966
69.95	0.25	0	1	34975
69.966	0.25	1	2	34983
69.982	0.25	1	2	34991
70.0	0.25	1	2	35000
70.016	0.25	1	2	35008
70.032	0.25	1	2	35016
70.05	0.25	1	2	35025
70.066	0.25	0	1	35033
70.082	0.25	0	1	35041
70.1	0.25	1	2	35050
70.116	0.25	1	2	35058
70.132	0.25	1	2	35066
70.15	0.25	1	2	35075
70.166	0.25	1	2	35083
70.182	0.25	1	2	35091
70.2	0.25	0	1	35100
70.216	0.25	0	1	35108
70.232	0.25	1	2	35116
70.25	0.25	1	2	35125
70.266	0.25	0	1	35133
70.282	0.25	0	1	35141
70.3	0.25	1	2	35150
70.316	0.25	1	2	35158
70.332	0.25	1	2	35166
70.35	0.25	1	2	35175
70.366	0.25	0	1	35183
70.382	0.25	0	1	35191
70.4	0.25	0	1	35200
70.416	0.25	0	1	35208
70.432	0.25	0	1	35216
70.45	0.25	0	1	35225
70.466	0.25	1	2	35233
70.482	0.25	1	2	35241
70.5	0.25	1	2	35250
70.516	0.25	1	2	35258
70.532	0.25	0	1	35266
70.55	0.25	0	1	35275
70.566	0.25	1	2	35283
70.582	0.25	1	2	35291
70.6	0.25	1	2	35300
70.616	0.25	1	2	35308
70.632	0.25	1	2	35316
70.65	0.25	1	2	35325
70.666	0.25	0	1	35333
70.682	0.25	0	1	35341
70.7	0.25	0	1	35350
70.716	0.25	0	1	35358
70.732	0.25	0	1	35366
70.75	0.25	0	1	35375
70.766	0.25	0	1	35383
70.782	0.25	0	1	35391
70.8	0.25	0	1	35400
70.816	0.25	0	1	35408
70.832	0.25	1	2	35416
70.85	0.25	1	2	35425
70.866	0.25	1	2	35433
70.882	0.25	1	2	35441
70.9	0.25	1	2	35450
74.15	0.25	1	2	37075
74.166	0.25	1	2	37083
74.182	0.25	1	2	37091
74.2	0.25	1	2	37100
74.216	0.25	1	2	37108
74.232	0.25	1	2	37116
74.25	0.25	1	2	37125
74.266	0.25	1	2	37133
74.282	0.25	1	2	37141
74.3	0.25	1	2	37150
74.316	0.25	1	2	37158
74.332	0.25	1	2	37166
74.35	0.25	1	2	37175
74.366	0.25	1	2	37183
74.382	0.25	0	1	37191
74.4	0.25	0	1	37200
74.416	0.25	0	1	37208
74.432	0.25	0	1	37216
74.45	0.25	1	2	37225
74.466	0.25	1	2	37233
74.482	0.25	1	2	37241
74.5	0.25	1	2	37250
74.516	0.25	0	1	37258
74.532	0.25	0	1	37266
74.55	0.25	0	1	37275
74.566	0.25	0	1	37283
74.582	0.25	1	2	37291
74.6	0.25	1	2	37300
74.616	0.25	1	2	37308
74.632	0.25	1	2	37316
74.65	0.25	0	1	37325
74.666	0.25	0	1	37333
74.682	0.25	0	1	37341
74.7	0.25	0	1	37350
74.716	0.25	1	2	37358
74.732	0.25	1	2	37366
74.75	0.25	0	1	37375
74.766	0.25	0	1	37383
74.782	0.25	1	2	37391
74.8	0.25	1	2	37400
74.816	0.25	1	2	37408
74.832	0.25	1	2	37416
74.85	0.25	0	1	37425
74.866	0.25	0	1	37433
74.882	0.25	1	2	37441
74.9	0.25	1	2	37450
74.916	0.25	0	1	37458
74.932	0.25	0	1	37466
74.95	0.25	0	1	37475
74.966	0.25	0	1	37483
74.982	0.25	1	2	37491
75.0	0.25	1	2	37500
75.016	0.25	0	1	37508
75.032	0.25	0	1	37516
75.05	0.25	1	2	37525
75.066	0.25	1	2	37533
75.082	0.25	1	2	37541
75.1	0.25	1	2	37550
75.116	0.25	1	2	37558
75.132	0.25	1	2	37566
75.15	0.25	0	1	37575
75.166	0.25	0	1	37583
75.182	0.25	0	1	37591
75.2	0.25	0	1	37600
75.216	0.25	0	1	37608
75.232	0.25	0	1	37616
75.25	0.25	1	2	37625
75.266	0.25	1	2	37633
75.282	0.25	0	1	37641
75.3	0.25	0	1	37650
75.316	0.25	1	2	37658
75.332	0.25	1	2	37666
75.35	0.25	1	2	37675
75.366	0.25	1	2	37683
75.382	0.25	1	2	37691
75.4	0.25	1	2	37700
75.416	0.25	0	1	37708
75.432	0.25	0	1	37716
75.45	0.25	0	1	37725
75.466	0.25	0	1	37733
75.482	0.25	1	2	37741
75.5	0.25	1	2	37750
75.516	0.25	0	1	37758
75.532	0.25	0	1	37766
75.55	0.25	1	2	37775
75.566	0.25	1	2	37783
75.582	0.25	0	1	37791
75.6	0.25	0	1	37800
75.616	0.25	0	1	37808
75.632	0.25	0	1	37816
75.65	0.25	0	1	37825
75.666	0.25	0	1	37833
75.682	0.25	1	2	37841
75.7	0.25	1	2	37850
75.716	0.25	1	2	37858
75.732	0.25	1	2	37866
75.75	0.25	0	1	37875
75.766	0.25	0	1	37883
75.782	0.25	1	2	37891
75.8	0.25	1	2	37900
75.816	0.25	0	1	37908
75.832	0.25	0	1	37916
75.85	0.25	0	1	37925
75.866	0.25	0	1	37933
75.882	0.25	0	1	37941
75.9	0.25	0	1	37950
75.916	0.25	1	2	37958
75.932	0.25	1	2	37966
75.95	0.25	0	1	37975
75.966	0.25	0	1	37983
75.982	0.25	1	2	37991
76.0	0.25	1	2	38000
76.016	0.25	0	1	38008
76.032	0.25	0	1	38016
76.05	0.25	0	1	38025
76.066	0.25	0	1	38033
76.082	0.25	1	2	38041
77.566	0.25	0	1	38783
77.582	0.25	0	1	38791
77.6	0.25	0	1	38800
77.616	0.25	0	1	38808
77.632	0.25	1	2	38816
77.65	0.25	1	2	38825
77.666	0.25	1	2	38833
77.682	0.25	1	2	38841
77.7	0.25	0	1	38850
77.716	0.25	0	1	38858
77.732	0.25	0	1	38866
77.75	0.25	0	1	38875
77.766	0.25	0	1	38883
77.782	0.25	0	1	38891
77.8	0.25	0	1	38900
77.816	0.25	0	1	38908
77.832	0.25	1	2	38916
77.85	0.25	1	2	38925
77.866	0.25	1	2	38933
77.882	0.25	1	2	38941
77.9	0.25	1	2	38950
77.916	0.25	1	2	38958
77.932	0.25	1	2	38966
77.95	0.25	1	2	38975
77.966	0.25	1	2	38983
77.982	0.25	1	2	38991
78.0	0.25	0	1	39000
78.016	0.25	0	1	39008
78.032	0.25	0	1	39016
78.05	0.25	0	1	39025
78.066	0.25	0	1	39033
78.082	0.25	0	1	39041
78.1	0.25	0	1	39050
78.116	0.25	0	1	39058
78.132	0.25	0	1	39066
78.15	0.25	0	1	39075
78.166	0.25	0	1	39083
78.182	0.25	0	1	39091
78.2	0.25	1	2	39100
78.216	0.25	1	2	39108
78.232	0.25	1	2	39116
78.25	0.25	1	2	39125
78.266	0.25	0	1	39133
78.282	0.25	0	1	39141
78.3	0.25	0	1	39150
78.316	0.25	0	1	39158
78.332	0.25	1	2	39166
78.35	0.25	1	2	39175
78.366	0.25	0	1	39183
78.382	0.25	0	1	39191
78.4	0.25	1	2	39200
78.416	0.25	1	2	39208
78.432	0.25	0	1	39216
78.45	0.25	0	1	39225
78.466	0.25	1	2	39233
78.482	0.25	1	2	39241
78.5	0.25	0	1	39250
78.516	0.25	0	1	39258
78.532	0.25	1	2	39266
78.55	0.25	1	2	39275
78.566	0.25	1	2	39283
78.582	0.25	1	2	39291
78.6	0.25	0	1	39300
78.616	0.25	0	1	39308
78.632	0.25	1	2	39316
78.65	0.25	1	2	39325
78.666	0.25	0	1	39333
78.682	0.25	0	1	39341
78.7	0.25	0	1	39350
78.716	0.25	0	1	39358
78.732	0.25	0	1	39366
78.75	0.25	0	1	39375
78.766	0.25	1	2	39383
78.782	0.25	1	2	39391
78.8	0.25	0	1	39400
78.816	0.25	0	1	39408
78.832	0.25	0	1	39416
78.85	0.25	0	1	39425
78.866	0.25	0	1	39433
78.882	0.25	0	1	39441
78.9	0.25	1	2	39450
78.916	0.25	1	2	39458
78.932	0.25	1	2	39466
78.95	0.25	1	2	39475
78.966	0.25	1	2	39483
78.982	0.25	1	2	39491
79.0	0.25	0	1	39500
79.016	0.25	0	1	39508
79.032	0.25	1	2	39516
79.05	0.25	1	2	39525
79.066	0.25	0	1	39533
79.082	0.25	0	1	39541
79.1	0.25	1	2	39550
79.116	0.25	1	2	39558
79.132	0.25	1	2	39566
79.15	0.25	1	2	39575
79.166	0.25	1	2	39583
79.182	0.25	1	2	39591
79.2	0.25	1	2	39600
79.216	0.25	1	2	39608
79.232	0.25	1	2	39616
79.25	0.25	1	2	39625
79.266	0.25	0	1	39633
79.282	0.25	0	1	39641
79.3	0.25	0	1	39650
79.316	0.25	0	1	39658
79.332	0.25	1	2	39666
79.35	0.25	1	2	39675
79.366	0.25	0	1	39683
79.382	0.25	0	1	39691
79.4	0.25	0	1	39700
79.416	0.25	0	1	39708
79.432	0.25	0	1	39716
79.45	0.25	0	1	39725
79.466	0.25	1	2	39733
79.482	0.25	1	2	39741
79.5	0.25	1	2	39750
80.982	0.25	1	2	40491
81.0	0.25	1	2	40500
81.016	0.25	1	2	40508
81.032	0.25	1	2	40516
81.05	0.25	0	1	40525
81.066	0.25	0	1	40533
81.082	0.25	1	2	40541
81.1	0.25	1	2	40550
81.116	0.25	1	2	40558
81.132	0.25	1	2	40566
81.15	0.25	0	1	40575
81.166	0.25	0	1	40583
81.182	0.25	1	2	40591
81.2	0.25	1	2	40600
81.216	0.25	1	2	40608
81.232	0.25	1	2	40616
81.25	0.25	0	1	40625
81.266	0.25	0	1	40633
81.282	0.25	1	2	40641
81.3	0.25	1	2	40650
81.316	0.25	1	2	40658
81.332	0.25	1	2	40666
81.35	0.25	0	1	40675
81.366	0.25	0	1	40683
81.382	0.25	0	1	40691
81.4	0.25	0	1	40700
81.416	0.25	0	1	40708
81.432	0.25	0	1	40716
81.45	0.25	1	2	40725
81.466	0.25	1	2	40733
81.482	0.25	1	2	40741
81.5	0.25	1	2	40750
81.516	0.25	1	2	40758
81.532	0.25	1	2	40766
81.55	0.25	0	1	40775
81.566	0.25	0	1	40783
81.582	0.25	0	1	40791
81.6	0.25	0	1	40800
81.616	0.25	0	1	40808
81.632	0.25	0	1	40816
81.65	0.25	1	2	40825
81.666	0.25	1	2	40833
81.682	0.25	1	2	40841
81.7	0.25	1	2	40850
81.716	0.25	1	2	40858
81.732	0.25	1	2	40866
81.75	0.25	1	2	40875
81.766	0.25	1	2	40883
81.782	0.25	1	2	40891
81.8	0.25	1	2	40900
81.816	0.25	0	1	40908
81.832	0.25	0	1	40916
81.85	0.25	0	1	40925
81.866	0.25	0	1	40933
81.882	0.25	1	2	40941
81.9	0.25	1	2	40950
81.916	0.25	0	1	40958
81.932	0.25	0	1	40966
81.95	0.25	1	2	40975
81.966	0.25	1	2	40983
81.982	0.25	0	1	40991
82.0	0.25	0	1	41000
82.016	0.25	0	1	41008
82.032	0.25	0	1	41016
82.05	0.25	1	2	41025
82.066	0.25	1	2	41033
82.082	0.25	1	2	41041
82.1	0.25	1	2	41050
82.116	0.25	0	1	41058
82.132	0.25	0	1	41066
82.15	0.25	0	1	41075
82.166	0.25	0	1	41083
82.182	0.25	0	1	41091
82.2	0.25	0	1	41100
82.216	0.25	0	1	41108
82.232	0.25	0	1	41116
82.25	0.25	1	2	41125
82.266	0.25	1	2	41133
82.282	0.25	0	1	41141
82.3	0.25	0	1	41150
82.316	0.25	0	1	41158
82.332	0.25	0	1	41166
82.35	0.25	0	1	41175
82.366	0.25	0	1	41183
82.382	0.25	0	1	41191
82.4	0.25	0	1	41200
82.416	0.25	1	2	41208
82.432	0.25	1	2	41216
82.45	0.25	1	2	41225
82.466	0.25	1	2	41233
82.482	0.25	1	2	41241
82.5	0.25	1	2	41250
82.516	0.25	1	2	41258
82.532	0.25	1	2	41266
82.55	0.25	1	2	41275
82.566	0.25	1	2	41283
82.582	0.25	1	2	41291
82.6	0.25	1	2	41300
82.616	0.25	0	1	41308
82.632	0.25	0	1	41316
82.65	0.25	1	2	41325
82.666	0.25	1	2	41333
82.682	0.25	0	1	41341
82.7	0.25	0	1	41350
82.716	0.25	1	2	41358
82.732	0.25	1	2	41366
82.75	0.25	0	1	41375
82.766	0.25	0	1	41383
82.782	0.25	0	1	41391
82.8	0.25	0	1	41400
82.816	0.25	1	2	41408
82.832	0.25	1	2	41416
82.85	0.25	1	2	41425
82.866	0.25	1	2	41433
82.882	0.25	0	1	41441
82.9	0.25	0	1	41450
82.916	0.25	0	1	41458
84.4	0.25	1	2	42200
84.416	0.25	1	2	42208
84.432	0.25	1	2	42216
84.45	0.25	1	2	42225
84.466	0.25	0	1	42233
84.482	0.25	0	1	42241
84.5	0.25	0	1	42250
84.516	0.25	0	1	42258
84.532	0.25	0	1	42266
84.55	0.25	0	1	42275
84.566	0.25	0	1	42283
84.582	0.25	0	1	42291
84.6	0.25	1	2	42300
84.616	0.25	1	2	42308
84.632	0.25	0	1	42316
84.65	0.25	0	1	42325
84.666	0.25	0	1	42333
84.682	0.25	0	1	42341
84.7	0.25	1	2	42350
84.716	0.25	1	2	42358
84.732	0.25	1	2	42366
84.75	0.25	1	2	42375
84.766	0.25	0	1	42383
84.782	0.25	0	1	42391
84.8	0.25	0	1	42400
84.816	0.25	0	1	42408
84.832	0.25	0	1	42416
84.85	0.25	0	1	42425
84.866	0.25	0	1	42433
84.882	0.25	0	1	42441
84.9	0.25	0	1	42450
84.916	0.25	0	1	42458
84.932	0.25	0	1	42466
84.95	0.25	0	1	42475
84.966	0.25	1	2	42483
84.982	0.25	1	2	42491
85.0	0.25	0	1	42500
85.016	0.25	0	1	42508
85.032	0.25	1	2	42516
85.05	0.25	1	2	42525
85.066	0.25	1	2	42533
85.082	0.25	1	2	42541
85.1	0.25	0	1	42550
85.116	0.25	0	1	42558
85.132	0.25	1	2	42566
85.15	0.25	1	2	42575
85.166	0.25	0	1	42583
85.182	0.25	0	1	42591
85.2	0.25	1	2	42600
85.216	0.25	1	2	42608
85.232	0.25	0	1	42616
85.25	0.25	0	1	42625
85.266	0.25	1	2	42633
85.282	0.25	1	2	42641
85.3	0.25	0	1	42650
85.316	0.25	0	1	42658
85.332	0.25	0	1	42666
85.35	0.25	0	1	42675
85.366	0.25	0	1	42683
85.382	0.25	0	1	42691
85.4	0.25	1	2	42700
85.416	0.25	1	2	42708
85.432	0.25	1	2	42716
85.45	0.25	1	2	42725
85.466	0.25	1	2	42733
85.482	0.25	1	2	42741
85.5	0.25	0	1	42750
85.516	0.25	0	1	42758
85.532	0.25	1	2	42766
85.55	0.25	1	2	42775
85.566	0.25	1	2	42783
85.582	0.25	1	2	42791
85.6	0.25	1	2	42800
85.616	0.25	1	2	42808
85.632	0.25	0	1	42816
85.65	0.25	0	1	42825
85.666	0.25	1	2	42833
85.682	0.25	1	2	42841
85.7	0.25	0	1	42850
85.716	0.25	0	1	42858
85.732	0.25	1	2	42866
85.75	0.25	1	2	42875
85.766	0.25	1	2	42883
85.782	0.25	1	2	42891
85.8	0.25	0	1	42900
85.816	0.25	0	1	42908
85.832	0.25	0	1	42916
85.85	0.25	0	1	42925
85.866	0.25	0	1	42933
85.882	0.25	0	1	42941
85.9	0.25	1	2	42950
85.916	0.25	1	2	42958
85.932	0.25	1	2	42966
85.95	0.25	1	2	42975
85.966	0.25	0	1	42983
85.982	0.25	0	1	42991
86.0	0.25	1	2	43000
86.016	0.25	1	2	43008
86.032	0.25	1	2	43016
86.05	0.25	1	2	43025
86.066	0.25	1	2	43033
86.082	0.25	1	2	43041
86.1	0.25	0	1	43050
86.116	0.25	0	1	43058
86.132	0.25	0	1	43066
86.15	0.25	0	1	43075
86.166	0.25	0	1	43083
86.182	0.25	0	1	43091
86.2	0.25	0	1	43100
86.216	0.25	0	1	43108
86.232	0.25	0	1	43116
86.25	0.25	0	1	43125
86.266	0.25	1	2	43133
86.282	0.25	1	2	43141
86.3	0.25	1	2	43150
86.316	0.25	1	2	43158
86.332	0.25	1	2	43166
88.7	0.25	1	2	44350
88.716	0.25	1	2	44358
88.732	0.25	1	2	44366
88.75	0.25	1	2	44375
88.766	0.25	0	1	44383
88.782	0.25	0	1	44391
88.8	0.25	1	2	44400
88.816	0.25	1	2	44408
88.832	0.25	1	2	44416
88.85	0.25	1	2	44425
88.866	0.25	0	1	44433
88.882	0.25	0	1	44441
88.9	0.25	1	2	44450
88.916	0.25	1	2	44458
88.932	0.25	1	2	44466
88.95	0.25	1	2	44475
88.966	0.25	0	1	44483
88.982	0.25	0	1	44491
89.0	0.25	1	2	44500
89.016	0.25	1	2	44508
89.032	0.25	1	2	44516
89.05	0.25	1	2	44525
89.066	0.25	0	1	44533
89.082	0.25	0	1	44541
89.1	0.25	0	1	44550
89.116	0.25	0	1	44558
89.132	0.25	0	1	44566
89.15	0.25	0	1	44575
89.166	0.25	1	2	44583
89.182	0.25	1	2	44591
89.2	0.25	1	2	44600
89.216	0.25	1	2	44608
89.232	0.25	1	2	44616
89.25	0.25	1	2	44625
89.266	0.25	0	1	44633
89.282	0.25	0	1	44641
89.3	0.25	0	1	44650
89.316	0.25	0	1	44658
89.332	0.25	0	1	44666
89.35	0.25	0	1	44675
89.366	0.25	1	2	44683
89.382	0.25	1	2	44691
89.4	0.25	1	2	44700
89.416	0.25	1	2	44708
89.432	0.25	1	2	44716
89.45	0.25	1	2	44725
89.466	0.25	1	2	44733
89.482	0.25	1	2	44741
89.5	0.25	1	2	44750
89.516	0.25	1	2	44758
89.532	0.25	0	1	44766
89.55	0.25	0	1	44775
89.566	0.25	0	1	44783
89.582	0.25	0	1	44791
89.6	0.25	1	2	44800
89.616	0.25	1	2	44808
89.632	0.25	0	1	44816
89.65	0.25	0	1	44825
89.666	0.25	1	2	44833
89.682	0.25	1	2	44841
89.7	0.25	0	1	44850
89.716	0.25	0	1	44858
89.732	0.25	0	1	44866
89.75	0.25	0	1	44875
89.766	0.25	1	2	44883
89.782	0.25	1	2	44891
89.8	0.25	1	2	44900
89.816	0.25	1	2	44908
89.832	0.25	0	1	44916
89.85	0.25	0	1	44925
89.866	0.25	0	1	44933
89.882	0.25	0	1	44941
89.9	0.25	0	1	44950
89.916	0.25	0	1	44958
89.932	0.25	0	1	44966
89.95	0.25	0	1	44975
89.966	0.25	1	2	44983
89.982	0.25	1	2	44991
90.0	0.25	0	1	45000
90.016	0.25	0	1	45008
90.032	0.25	0	1	45016
90.05	0.25	0	1	45025
90.066	0.25	0	1	45033
90.082	0.25	0	1	45041
90.1	0.25	0	1	45050
90.116	0.25	0	1	45058
90.132	0.25	1	2	45066
90.15	0.25	1	2	45075
90.166	0.25	1	2	45083
90.182	0.25	1	2	45091
90.2	0.25	1	2	45100
90.216	0.25	1	2	45108
90.232	0.25	1	2	45116
90.25	0.25	1	2	45125
90.266	0.25	1	2	45133
90.282	0.25	1	2	45141
90.3	0.25	1	2	45150
90.316	0.25	1	2	45158
90.332	0.25	0	1	45166
90.35	0.25	0	1	45175
90.366	0.25	1	2	45183
90.382	0.25	1	2	45191
90.4	0.25	0	1	45200
90.416	0.25	0	1	45208
90.432	0.25	1	2	45216
90.45	0.25	1	2	45225
90.466	0.25	0	1	45233
90.482	0.25	0	1	45241
90.5	0.25	0	1	45250
90.516	0.25	0	1	45258
90.532	0.25	1	2	45266
90.55	0.25	1	2	45275
90.566	0.25	1	2	45283
90.582	0.25	1	2	45291
90.6	0.25	0	1	45300
90.616	0.25	0	1	45308
90.632	0.25	0	1	45316
92.116	0.25	1	2	46058
92.132	0.25	1	2	46066
92.15	0.25	1	2	46075
92.166	0.25	1	2	46083
92.182	0.25	1	2	46091
92.2	0.25	1	2	46100
92.216	0.25	1	2	46108
92.232	0.25	1	2	46116
92.25	0.25	1	2	46125
92.266	0.25	1	2	46133
92.282	0.25	1	2	46141
92.3	0.25	1	2	46150
92.316	0.25	1	2	46158
92.332	0.25	1	2	46166
92.35	0.25	0	1	46175
92.366	0.25	0	1	46183
92.382	0.25	0	1	46191
92.4	0.25	0	1	46200
92.416	0.25	1	2	46208
92.432	0.25	1	2	46216
92.45	0.25	1	2	46225
92.466	0.25	1	2	46233
92.482	0.25	0	1	46241
92.5	0.25	0	1	46250
92.516	0.25	0	1	46258
92.532	0.25	0	1	46266
92.55	0.25	1	2	46275
92.566	0.25	1	2	46283
92.582	0.25	1	2	46291
92.6	0.25	1	2	46300
92.616	0.25	0	1	46308
92.632	0.25	0	1	46316
92.65	0.25	0	1	46325
92.666	0.25	0	1	46333
92.682	0.25	1	2	46341
92.7	0.25	1	2	46350
92.716	0.25	0	1	46358
92.732	0.25	0	1	46366
92.75	0.25	1	2	46375
92.766	0.25	1	2	46383
92.782	0.25	1	2	46391
92.8	0.25	1	2	46400
92.816	0.25	0	1	46408
92.832	0.25	0	1	46416
92.85	0.25	1	2	46425
92.866	0.25	1	2	46433
92.882	0.25	0	1	46441
92.9	0.25	0	1	46450
92.916	0.25	0	1	46458
92.932	0.25	0	1	46466
92.95	0.25	1	2	46475
92.966	0.25	1	2	46483
92.982	0.25	0	1	46491
93.0	0.25	0	1	46500
93.016	0.25	1	2	46508
93.032	0.25	1	2	46516
93.05	0.25	1	2	46525
93.066	0.25	1	2	46533
93.082	0.25	1	2	46541
93.1	0.25	1	2	46550
93.116	0.25	0	1	46558
93.132	0.25	0	1	46566
93.15	0.25	0	1	46575
93.166	0.25	0	1	46583
93.182	0.25	0	1	46591
93.2	0.25	0	1	46600
93.216	0.25	1	2	46608
93.232	0.25	1	2	46616
93.25	0.25	0	1	46625
93.266	0.25	0	1	46633
93.282	0.25	1	2	46641
93.3	0.25	1	2	46650
93.316	0.25	1	2	46658
93.332	0.25	1	2	46666
93.35	0.25	1	2	46675
93.366	0.25	1	2	46683
93.382	0.25	0	1	46691
93.4	0.25	0	1	46700
93.416	0.25	0	1	46708
93.432	0.25	0	1	46716
93.45	0.25	1	2	46725
93.466	0.25	1	2	46733
93.482	0.25	0	1	46741
93.5	0.25	0	1	46750
93.516	0.25	1	2	46758
93.532	0.25	1	2	46766
93.55	0.25	0	1	46775
93.566	0.25	0	1	46783
93.582	0.25	0	1	46791
93.6	0.25	0	1	46800
93.616	0.25	0	1	46808
93.632	0.25	0	1	46816
93.65	0.25	1	2	46825
93.666	0.25	1	2	46833
93.682	0.25	1	2	46841
93.7	0.25	1	2	46850
93.716	0.25	0	1	46858
93.732	0.25	0	1	46866
93.75	0.25	1	2	46875
93.766	0.25	1	2	46883
93.782	0.25	0	1	46891
93.8	0.25	0	1	46900
93.816	0.25	0	1	46908
93.832	0.25	0	1	46916
93.85	0.25	0	1	46925
93.866	0.25	0	1	46933
93.882	0.25	1	2	46941
93.9	0.25	1	2	46950
93.916	0.25	0	1	46958
93.932	0.25	0	1	46966
93.95	0.25	1	2	46975
93.966	0.25	1	2	46983
93.982	0.25	0	1	46991
94.0	0.25	0	1	47000
94.016	0.25	0	1	47008
94.032	0.25	0	1	47016
94.05	0.25	1	2	47025
95.532	0.25	0	1	47766
95.55	0.25	0	1	47775
95.566	0.25	0	1	47783
95.582	0.25	0	1	47791
95.6	0.25	1	2	47800
95.616	0.25	1	2	47808
95.632	0.25	1	2	47816
95.65	0.25	1	2	47825
95.666	0.25	0	1	47833
95.682	0.25	0	1	47841
95.7	0.25	0	1	47850
95.716	0.25	0	1	47858
95.732	0.25	0	1	47866
95.75	0.25	0	1	47875
95.766	0.25	0	1	47883
95.782	0.25	0	1	47891
95.8	0.25	1	2	47900
95.816	0.25	1	2	47908
95.832	0.25	1	2	47916
95.85	0.25	1	2	47925
95.866	0.25	1	2	47933
95.882	0.25	1	2	47941
95.9	0.25	1	2	47950
95.916	0.25	1	2	47958
95.932	0.25	1	2	47966
95.95	0.25	1	2	47975
95.966	0.25	0	1	47983
95.982	0.25	0	1	47991
96.0	0.25	0	1	48000
96.016	0.25	0	1	48008
96.032	0.25	0	1	48016
96.05	0.25	0	1	48025
96.066	0.25	0	1	48033
96.082	0.25	0	1	48041
96.1	0.25	0	1	48050
96.116	0.25	0	1	48058
96.132	0.25	0	1	48066
96.15	0.25	0	1	48075
96.166	0.25	1	2	48083
96.182	0.25	1	2	48091
96.2	0.25	1	2	48100
96.216	0.25	1	2	48108
96.232	0.25	0	1	48116
96.25	0.25	0	1	48125
96.266	0.25	0	1	48133
96.282	0.25	0	1	48141
96.3	0.25	1	2	48150
96.316	0.25	1	2	48158
96.332	0.25	0	1	48166
96.35	0.25	0	1	48175
96.366	0.25	1	2	48183
96.382	0.25	1	2	48191
96.4	0.25	0	1	48200
96.416	0.25	0	1	48208
96.432	0.25	1	2	48216
96.45	0.25	1	2	48225
96.466	0.25	0	1	48233
96.482	0.25	0	1	48241
96.5	0.25	1	2	48250
96.516	0.25	1	2	48258
96.532	0.25	1	2	48266
96.55	0.25	1	2	48275
96.566	0.25	0	1	48283
96.582	0.25	0	1	48291
96.6	0.25	1	2	48300
96.616	0.25	1	2	48308
96.632	0.25	0	1	48316
96.65	0.25	0	1	48325
96.666	0.25	0	1	48333
96.682	0.25	0	1	48341
96.7	0.25	0	1	48350
96.716	0.25	0	1	48358
96.732	0.25	1	2	48366
96.75	0.25	1	2	48375
96.766	0.25	0	1	48383
96.782	0.25	0	1	48391
96.8	0.25	0	1	48400
96.816	0.25	0	1	48408
96.832	0.25	0	1	48416
96.85	0.25	0	1	48425
96.866	0.25	1	2	48433
96.882	0.25	1	2	48441
96.9	0.25	1	2	48450
96.916	0.25	1	2	48458
96.932	0.25	1	2	48466
96.95	0.25	1	2	48475
96.966	0.25	0	1	48483
96.982	0.25	0	1	48491
97.0	0.25	1	2	48500
97.016	0.25	1	2	48508
97.032	0.25	0	1	48516
97.05	0.25	0	1	48525
97.066	0.25	1	2	48533
97.082	0.25	1	2	48541
97.1	0.25	1	2	48550
97.116	0.25	1	2	48558
97.132	0.25	1	2	48566
97.15	0.25	1	2	48575
97.166	0.25	1	2	48583
97.182	0.25	1	2	48591
97.2	0.25	1	2	48600
97.216	0.25	1	2	48608
97.232	0.25	0	1	48616
97.25	0.25	0	1	48625
97.266	0.25	0	1	48633
97.282	0.25	0	1	48641
97.3	0.25	1	2	48650
97.316	0.25	1	2	48658
97.332	0.25	0	1	48666
97.35	0.25	0	1	48675
97.366	0.25	0	1	48683
97.382	0.25	0	1	48691
97.4	0.25	0	1	48700
97.416	0.25	0	1	48708
97.432	0.25	1	2	48716
97.45	0.25	1	2	48725
97.466	0.25	1	2	48733
98.95	0.25	1	2	49475
98.966	0.25	1	2	49483
98.982	0.25	1	2	49491
99.0	0.25	1	2	49500
99.016	0.25	0	1	49508
99.032	0.25	0	1	49516
99.05	0.25	0	1	49525
99.066	0.25	0	1	49533
99.082	0.25	0	1	49541
99.1	0.25	0	1	49550
99.116	0.25	0	1	49558
99.132	0.25	0	1	49566
99.15	0.25	1	2	49575
99.166	0.25	1	2	49583
99.182	0.25	0	1	49591
99.2	0.25	0	1	49600
99.216	0.25	0	1	49608
99.232	0.25	0	1	49616
99.25	0.25	1	2	49625
99.266	0.25	1	2	49633
99.282	0.25	1	2	49641
99.3	0.25	1	2	49650
99.316	0.25	0	1	49658
99.332	0.25	0	1	49666
99.35	0.25	0	1	49675
99.366	0.25	0	1	49683
99.382	0.25	0	1	49691
99.4	0.25	0	1	49700
99.416	0.25	0	1	49708
99.432	0.25	0	1	49716
99.45	0.25	0	1	49725
99.466	0.25	0	1	49733
99.482	0.25	0	1	49741
99.5	0.25	0	1	49750
99.516	0.25	1	2	49758
99.532	0.25	1	2	49766
99.55	0.25	0	1	49775
99.566	0.25	0	1	49783
99.582	0.25	1	2	49791
99.6	0.25	1	2	49800
99.616	0.25	1	2	49808
99.632	0.25	1	2	49816
99.65	0.25	0	1	49825
99.666	0.25	0	1	49833
99.682	0.25	1	2	49841
99.7	0.25	1	2	49850
99.716	0.25	0	1	49858
99.732	0.25	0	1	49866
99.75	0.25	1	2	49875
99.766	0.25	1	2	49883
99.782	0.25	0	1	49891
99.8	0.25	0	1	49900
99.816	0.25	1	2	49908
99.832	0.25	1	2	49916
99.85	0.25	0	1	49925
99.866	0.25	0	1	49933
99.882	0.25	0	1	49941
99.9	0.25	0	1	49950
99.916	0.25	0	1	49958
99.932	0.25	0	1	49966
99.95	0.25	1	2	49975
99.966	0.25	1	2	49983
99.982	0.25	1	2	49991
100.0	0.25	1	2	50000
100.016	0.25	1	2	50008
100.032	0.25	1	2	50016
100.05	0.25	0	1	50025
100.066	0.25	0	1	50033
100.082	0.25	1	2	50041
100.1	0.25	1	2	50050
100.116	0.25	1	2	50058
100.132	0.25	1	2	50066
100.15	0.25	1	2	50075
100.166	0.25	1	2	50083
100.182	0.25	0	1	50091
100.2	0.25	0	1	50100
100.216	0.25	1	2	50108
100.232	0.25	1	2	50116
100.25	0.25	0	1	50125
100.266	0.25	0	1	50133
100.282	0.25	1	2	50141
100.3	0.25	1	2	50150
100.316	0.25	1	2	50158
100.332	0.25	1	2	50166
100.35	0.25	0	1	50175
100.366	0.25	0	1	50183
100.382	0.25	0	1	50191
100.4	0.25	0	1	50200
100.416	0.25	0	1	50208
100.432	0.25	0	1	50216
100.45	0.25	1	2	50225
100.466	0.25	1	2	50233
100.482	0.25	1	2	50241
100.5	0.25	1	2	50250
100.516	0.25	0	1	50258
100.532	0.25	0	1	50266
100.55	0.25	1	2	50275
100.566	0.25	1	2	50283
100.582	0.25	1	2	50291
100.6	0.25	1	2	50300
100.616	0.25	1	2	50308
100.632	0.25	1	2	50316
100.65	0.25	0	1	50325
100.666	0.25	0	1	50333
100.682	0.25	0	1	50341
100.7	0.25	0	1	50350
100.716	0.25	0	1	50358
100.732	0.25	0	1	50366
100.75	0.25	0	1	50375
100.766	0.25	0	1	50383
100.782	0.25	0	1	50391
100.8	0.25	0	1	50400
100.816	0.25	1	2	50408
100.832	0.25	1	2	50416
100.85	0.25	1	2	50425
100.866	0.25	1	2	50433
100.882	0.25	1	2	50441
103.016	0.25	1	2	51508
103.032	0.25	1	2	51516
103.05	0.25	1	2	51525
103.066	0.25	1	2	51533
103.082	0.25	1	2	51541
103.1	0.25	1	2	51550
103.116	0.25	1	2	51558
103.132	0.25	1	2	51566
103.15	0.25	1	2	51575
103.166	0.25	1	2	51583
103.182	0.25	1	2	51591
103.2	0.25	1	2	51600
103.216	0.25	1	2	51608
103.232	0.25	1	2	51616
103.25	0.25	0	1	51625
103.266	0.25	0	1	51633
103.282	0.25	0	1	51641
103.3	0.25	0	1	51650
103.316	0.25	1	2	51658
103.332	0.25	1	2	51666
103.35	0.25	1	2	51675
103.366	0.25	1	2	51683
103.382	0.25	0	1	51691
103.4	0.25	0	1	51700
103.416	0.25	0	1	51708
103.432	0.25	0	1	51716
103.45	0.25	1	2	51725
103.466	0.25	1	2	51733
103.482	0.25	1	2	51741
103.5	0.25	1	2	51750
103.516	0.25	0	1	51758
103.532	0.25	0	1	51766
103.55	0.25	0	1	51775
103.566	0.25	0	1	51783
103.582	0.25	1	2	51791
103.6	0.25	1	2	51800
103.616	0.25	0	1	51808
103.632	0.25	0	1	51816
103.65	0.25	1	2	51825
103.666	0.25	1	2	51833
103.682	0.25	1	2	51841
103.7	0.25	1	2	51850
103.716	0.25	0	1	51858
103.732	0.25	0	1	51866
103.75	0.25	1	2	51875
103.766	0.25	1	2	51883
103.782	0.25	0	1	51891
103.8	0.25	0	1	51900
103.816	0.25	0	1	51908
103.832	0.25	0	1	51916
103.85	0.25	1	2	51925
103.866	0.25	1	2	51933
103.882	0.25	0	1	51941
103.9	0.25	0	1	51950
103.916	0.25	1	2	51958
103.932	0.25	1	2	51966
103.95	0.25	1	2	51975
103.966	0.25	1	2	51983
103.982	0.25	1	2	51991
104.0	0.25	1	2	52000
104.016	0.25	0	1	52008
104.032	0.25	0	1	52016
104.05	0.25	0	1	52025
104.066	0.25	0	1	52033
104.082	0.25	0	1	52041
104.1	0.25	0	1	52050
104.116	0.25	1	2	52058
104.132	0.25	1	2	52066
104.15	0.25	0	1	52075
104.166	0.25	0	1	52083
104.182	0.25	1	2	52091
104.2	0.25	1	2	52100
104.216	0.25	1	2	52108
104.232	0.25	1	2	52116
104.25	0.25	1	2	52125
104.266	0.25	1	2	52133
104.282	0.25	0	1	52141
104.3	0.25	0	1	52150
104.316	0.25	0	1	52158
104.332	0.25	0	1	52166
104.35	0.25	1	2	52175
104.366	0.25	1	2	52183
104.382	0.25	0	1	52191
104.4	0.25	0	1	52200
104.416	0.25	1	2	52208
104.432	0.25	1	2	52216
104.45	0.25	0	1	52225
104.466	0.25	0	1	52233
104.482	0.25	0	1	52241
104.5	0.25	0	1	52250
104.516	0.25	0	1	52258
104.532	0.25	0	1	52266
104.55	0.25	1	2	52275
104.566	0.25	1	2	52283
104.582	0.25	1	2	52291
104.6	0.25	1	2	52300
104.616	0.25	0	1	52308
104.632	0.25	0	1	52316
104.65	0.25	1	2	52325
104.666	0.25	1	2	52333
104.682	0.25	0	1	52341
104.7	0.25	0	1	52350
104.716	0.25	0	1	52358
104.732	0.25	0	1	52366
104.75	0.25	0	1	52375
104.766	0.25	0	1	52383
104.782	0.25	1	2	52391
104.8	0.25	1	2	52400
104.816	0.25	0	1	52408
104.832	0.25	0	1	52416
104.85	0.25	1	2	52425
104.866	0.25	1	2	52433
104.882	0.25	0	1	52441
104.9	0.25	0	1	52450
104.916	0.25	0	1	52458
104.932	0.25	0	1	52466
104.95	0.25	1	2	52475
106.432	0.25	0	1	53216
106.45	0.25	0	1	53225
106.466	0.25	0	1	53233
106.482	0.25	0	1	53241
106.5	0.25	1	2	53250
106.516	0.25	1	2	53258
106.532	0.25	1	2	53266
106.55	0.25	1	2	53275
106.566	0.25	0	1	53283
106.582	0.25	0	1	53291
106.6	0.25	0	1	53300
106.616	0.25	0	1	53308
106.632	0.25	0	1	53316
106.65	0.25	0	1	53325
106.666	0.25	0	1	53333
106.682	0.25	0	1	53341
106.7	0.25	1	2	53350
106.716	0.25	1	2	53358
106.732	0.25	1	2	53366
106.75	0.25	1	2	53375
106.766	0.25	1	2	53383
106.782	0.25	1	2	53391
106.8	0.25	1	2	53400
106.816	0.25	1	2	53408
106.832	0.25	1	2	53416
106.85	0.25	1	2	53425
106.866	0.25	0	1	53433
106.882	0.25	0	1	53441
106.9	0.25	0	1	53450
106.916	0.25	0	1	53458
106.932	0.25	0	1	53466
106.95	0.25	0	1	53475
106.966	0.25	0	1	53483
106.982	0.25	0	1	53491
107.0	0.25	0	1	53500
107.016	0.25	0	1	53508
107.032	0.25	0	1	53516
107.05	0.25	0	1	53525
107.066	0.25	1	2	53533
107.082	0.25	1	2	53541
107.1	0.25	1	2	53550
107.116	0.25	1	2	53558
107.132	0.25	0	1	53566
107.15	0.25	0	1	53575
107.166	0.25	0	1	53583
107.182	0.25	0	1	53591
107.2	0.25	1	2	53600
107.216	0.25	1	2	53608
107.232	0.25	0	1	53616
107.25	0.25	0	1	53625
107.266	0.25	1	2	53633
107.282	0.25	1	2	53641
107.3	0.25	0	1	53650
107.316	0.25	0	1	53658
107.332	0.25	1	2	53666
107.35	0.25	1	2	53675
107.366	0.25	0	1	53683
107.382	0.25	0	1	53691
107.4	0.25	1	2	53700
107.416	0.25	1	2	53708
107.432	0.25	1	2	53716
107.45	0.25	1	2	53725
107.466	0.25	0	1	53733
107.482	0.25	0	1	53741
107.5	0.25	1	2	53750
107.516	0.25	1	2	53758
107.532	0.25	0	1	53766
107.55	0.25	0	1	53775
107.566	0.25	0	1	53783
107.582	0.25	0	1	53791
107.6	0.25	0	1	53800
107.616	0.25	0	1	53808
107.632	0.25	1	2	53816
107.65	0.25	1	2	53825
107.666	0.25	0	1	53833
107.682	0.25	0	1	53841
107.7	0.25	0	1	53850
107.716	0.25	0	1	53858
107.732	0.25	0	1	53866
107.75	0.25	0	1	53875
107.766	0.25	1	2	53883
107.782	0.25	1	2	53891
107.8	0.25	1	2	53900
107.816	0.25	1	2	53908
107.832	0.25	1	2	53916
107.85	0.25	1	2	53925
107.866	0.25	0	1	53933
107.882	0.25	0	1	53941
107.9	0.25	1	2	53950
107.916	0.25	1	2	53958
107.932	0.25	0	1	53966
107.95	0.25	0	1	53975
107.966	0.25	1	2	53983
107.982	0.25	1	2	53991
108.0	0.25	1	2	54000
108.016	0.25	1	2	54008
108.032	0.25	1	2	54016
108.05	0.25	1	2	54025
108.066	0.25	1	2	54033
108.082	0.25	1	2	54041
108.1	0.25	1	2	54050
108.116	0.25	1	2	54058
108.132	0.25	0	1	54066
108.15	0.25	0	1	54075
108.166	0.25	0	1	54083
108.182	0.25	0	1	54091
108.2	0.25	1	2	54100
108.216	0.25	1	2	54108
108.232	0.25	0	1	54116
108.25	0.25	0	1	54125
108.266	0.25	0	1	54133
108.282	0.25	0	1	54141
108.3	0.25	0	1	54150
108.316	0.25	0	1	54158
108.332	0.25	1	2	54166
108.35	0.25	1	2	54175
108.366	0.25	1	2	54183
109.85	0.25	1	2	54925
109.866	0.25	1	2	54933
109.882	0.25	1	2	54941
109.9	0.25	1	2	54950
109.916	0.25	0	1	54958
109.932	0.25	0	1	54966
109.95	0.25	1	2	54975
109.966	0.25	1	2	54983
109.982	0.25	1	2	54991
110.0	0.25	1	2	55000
110.016	0.25	0	1	55008
110.032	0.25	0	1	55016
110.05	0.25	1	2	55025
110.066	0.25	1	2	55033
110.082	0.25	1	2	55041
110.1	0.25	1	2	55050
110.116	0.25	0	1	55058
110.132	0.25	0	1	55066
110.15	0.25	1	2	55075
110.166	0.25	1	2	55083
110.182	0.25	1	2	55091
110.2	0.25	1	2	55100
110.216	0.25	0	1	55108
110.232	0.25	0	1	55116
110.25	0.25	0	1	55125
110.266	0.25	0	1	55133
110.282	0.25	0	1	55141
110.3	0.25	0	1	55150
110.316	0.25	1	2	55158
110.332	0.25	1	2	55166
110.35	0.25	1	2	55175
110.366	0.25	1	2	55183
110.382	0.25	1	2	55191
110.4	0.25	1	2	55200
110.416	0.25	0	1	55208
110.432	0.25	0	1	55216
110.45	0.25	0	1	55225
110.466	0.25	0	1	55233
110.482	0.25	0	1	55241
110.5	0.25	0	1	55250
110.516	0.25	1	2	55258
110.532	0.25	1	2	55266
110.55	0.25	1	2	55275
110.566	0.25	1	2	55283
110.582	0.25	1	2	55291
110.6	0.25	1	2	55300
110.616	0.25	1	2	55308
110.632	0.25	1	2	55316
110.65	0.25	1	2	55325
110.666	0.25	1	2	55333
110.682	0.25	0	1	55341
110.7	0.25	0	1	55350
110.716	0.25	0	1	55358
110.732	0.25	0	1	55366
110.75	0.25	1	2	55375
110.766	0.25	1	2	55383
110.782	0.25	0	1	55391
110.8	0.25	0	1	55400
110.816	0.25	1	2	55408
110.832	0.25	1	2	55416
110.85	0.25	0	1	55425
110.866	0.25	0	1	55433
110.882	0.25	0	1	55441
110.9	0.25	0	1	55450
110.916	0.25	1	2	55458
110.932	0.25	1	2	55466
110.95	0.25	1	2	55475
110.966	0.25	1	2	55483
110.982	0.25	0	1	55491
111.0	0.25	0	1	55500
111.016	0.25	0	1	55508
111.032	0.25	0	1	55516
111.05	0.25	0	1	55525
111.066	0.25	0	1	55533
111.082	0.25	0	1	55541
111.1	0.25	0	1	55550
111.116	0.25	1	2	55558
111.132	0.25	1	2	55566
111.15	0.25	0	1	55575
111.166	0.25	0	1	55583
111.182	0.25	0	1	55591
111.2	0.25	0	1	55600
111.216	0.25	0	1	55608
111.232	0.25	0	1	55616
111.25	0.25	0	1	55625
111.266	0.25	0	1	55633
111.282	0.25	1	2	55641
111.3	0.25	1	2	55650
111.316	0.25	1	2	55658
111.332	0.25	1	2	55666
111.35	0.25	1	2	55675
111.366	0.25	1	2	55683
111.382	0.25	1	2	55691
111.4	0.25	1	2	55700
111.416	0.25	1	2	55708
111.432	0.25	1	2	55716
111.45	0.25	1	2	55725
111.466	0.25	1	2	55733
111.482	0.25	0	1	55741
111.5	0.25	0	1	55750
111.516	0.25	1	2	55758
111.532	0.25	1	2	55766
111.55	0.25	0	1	55775
111.566	0.25	0	1	55783
111.582	0.25	1	2	55791
111.6	0.25	1	2	55800
111.616	0.25	0	1	55808
111.632	0.25	0	1	55816
111.65	0.25	0	1	55825
111.666	0.25	0	1	55833
111.682	0.25	1	2	55841
111.7	0.25	1	2	55850
111.716	0.25	1	2	55858
111.732	0.25	1	2	55866
111.75	0.25	0	1	55875
111.766	0.25	0	1	55883
111.782	0.25	0	1	55891
113.266	0.25	1	2	56633
113.282	0.25	1	2	56641
113.3	0.25	1	2	56650
113.316	0.25	1	2	56658
113.332	0.25	0	1	56666
113.35	0.25	0	1	56675
113.366	0.25	0	1	56683
113.382	0.25	0	1	56691
113.4	0.25	0	1	56700
113.416	0.25	0	1	56708
113.432	0.25	0	1	56716
113.45	0.25	0	1	56725
113.466	0.25	1	2	56733
113.482	0.25	1	2	56741
113.5	0.25	0	1	56750
113.516	0.25	0	1	56758
113.532	0.25	0	1	56766
113.55	0.25	0	1	56775
113.566	0.25	1	2	56783
113.582	0.25	1	2	56791
113.6	0.25	1	2	56800
113.616	0.25	1	2	56808
113.632	0.25	0	1	56816
113.65	0.25	0	1	56825
113.666	0.25	0	1	56833
113.682	0.25	0	1	56841
113.7	0.25	0	1	56850
113.716	0.25	0	1	56858
113.732	0.25	0	1	56866
113.75	0.25	0	1	56875
113.766	0.25	0	1	56883
113.782	0.25	0	1	56891
113.8	0.25	0	1	56900
113.816	0.25	0	1	56908
113.832	0.25	1	2	56916
113.85	0.25	1	2	56925
113.866	0.25	0	1	56933
113.882	0.25	0	1	56941
113.9	0.25	1	2	56950
113.916	0.25	1	2	56958
113.932	0.25	1	2	56966
113.95	0.25	1	2	56975
113.966	0.25	0	1	56983
113.982	0.25	0	1	56991
114.0	0.25	1	2	57000
114.016	0.25	1	2	57008
114.032	0.25	0	1	57016
114.05	0.25	0	1	57025
114.066	0.25	1	2	57033
114.082	0.25	1	2	57041
114.1	0.25	0	1	57050
114.116	0.25	0	1	57058
114.132	0.25	1	2	57066
114.15	0.25	1	2	57075
114.166	0.25	0	1	57083
114.182	0.25	0	1	57091
114.2	0.25	0	1	57100
114.216	0.25	0	1	57108
114.232	0.25	0	1	57116
114.25	0.25	0	1	57125
114.266	0.25	1	2	57133
114.282	0.25	1	2	57141
114.3	0.25	1	2	57150
114.316	0.25	1	2	57158
114.332	0.25	1	2	57166
114.35	0.25	1	2	57175
114.366	0.25	0	1	57183
114.382	0.25	0	1	57191
114.4	0.25	1	2	57200
114.416	0.25	1	2	57208
114.432	0.25	1	2	57216
114.45	0.25	1	2	57225
114.466	0.25	1	2	57233
114.482	0.25	1	2	57241
114.5	0.25	0	1	57250
114.516	0.25	0	1	57258
114.532	0.25	1	2	57266
114.55	0.25	1	2	57275
114.566	0.25	0	1	57283
114.582	0.25	0	1	57291
114.6	0.25	1	2	57300
114.616	0.25	1	2	57308
114.632	0.25	1	2	57316
114.65	0.25	1	2	57325
114.666	0.25	0	1	57333
114.682	0.25	0	1	57341
114.7	0.25	0	1	57350
114.716	0.25	0	1	57358
114.732	0.25	0	1	57366
114.75	0.25	0	1	57375
114.766	0.25	1	2	57383
114.782	0.25	1	2	57391
114.8	0.25	1	2	57400
114.816	0.25	1	2	57408
114.832	0.25	0	1	57416
114.85	0.25	0	1	57425
114.866	0.25	1	2	57433
114.882	0.25	1	2	57441
114.9	0.25	1	2	57450
114.916	0.25	1	2	57458
114.932	0.25	1	2	57466
114.95	0.25	1	2	57475
114.966	0.25	0	1	57483
114.982	0.25	0	1	57491
115.0	0.25	0	1	57500
115.016	0.25	0	1	57508
115.032	0.25	0	1	57516
115.05	0.25	0	1	57525
115.066	0.25	0	1	57533
115.082	0.25	0	1	57541
115.1	0.25	0	1	57550
115.116	0.25	0	1	57558
115.132	0.25	1	2	57566
115.15	0.25	1	2	57575
115.166	0.25	1	2	57583
115.182	0.25	1	2	57591
115.2	0.25	1	2	57600
118.832	0.25	1	2	59416
118.85	0.25	1	2	59425
118.866	0.25	1	2	59433
118.882	0.25	1	2	59441
118.9	0.25	0	1	59450
118.916	0.25	0	1	59458
118.932	0.25	0	1	59466
118.95	0.25	0	1	59475
118.966	0.25	0	1	59483
118.982	0.25	0	1	59491
119.0	0.25	0	1	59500
119.016	0.25	0	1	59508
119.032	0.25	1	2	59516
119.05	0.25	1	2	59525
119.066	0.25	0	1	59533
119.082	0.25	0	1	59541
119.1	0.25	0	1	59550
119.116	0.25	0	1	59558
119.132	0.25	1	2	59566
119.15	0.25	1	2	59575
119.166	0.25	1	2	59583
119.182	0.25	1	2	59591
119.2	0.25	0	1	59600
119.216	0.25	0	1	59608
119.232	0.25	0	1	59616
119.25	0.25	0	1	59625
119.266	0.25	0	1	59633
119.282	0.25	0	1	59641
119.3	0.25	0	1	59650
119.316	0.25	0	1	59658
119.332	0.25	0	1	59666
119.35	0.25	0	1	59675
119.366	0.25	0	1	59683
119.382	0.25	0	1	59691
119.4	0.25	1	2	59700
119.416	0.25	1	2	59708
119.432	0.25	0	1	59716
119.45	0.25	0	1	59725
119.466	0.25	1	2	59733
119.482	0.25	1	2	59741
119.5	0.25	1	2	59750
119.516	0.25	1	2	59758
119.532	0.25	0	1	59766
119.55	0.25	0	1	59775
119.566	0.25	1	2	59783
119.582	0.25	1	2	59791
119.6	0.25	0	1	59800
119.616	0.25	0	1	59808
119.632	0.25	1	2	59816
119.65	0.25	1	2	59825
119.666	0.25	0	1	59833
119.682	0.25	0	1	59841
119.7	0.25	1	2	59850
119.716	0.25	1	2	59858
119.732	0.25	0	1	59866
119.75	0.25	0	1	59875
119.766	0.25	0	1	59883
119.782	0.25	0	1	59891
119.8	0.25	0	1	59900
119.816	0.25	0	1	59908
119.832	0.25	1	2	59916
119.85	0.25	1	2	59925
119.866	0.25	1	2	59933
119.882	0.25	1	2	59941
119.9	0.25	1	2	59950
119.916	0.25	1	2	59958
119.932	0.25	0	1	59966
119.95	0.25	0	1	59975
119.966	0.25	1	2	59983
119.982	0.25	1	2	59991
120.0	0.25	1	2	60000
120.016	0.25	1	2	60008
120.032	0.25	1	2	60016
120.05	0.25	1	2	60025
120.066	0.25	0	1	60033
120.082	0.25	0	1	60041
120.1	0.25	1	2	60050
120.116	0.25	1	2	60058
120.132	0.25	0	1	60066
120.15	0.25	0	1	60075
120.166	0.25	1	2	60083
120.182	0.25	1	2	60091
120.2	0.25	1	2	60100
120.216	0.25	1	2	60108
120.232	0.25	0	1	60116
120.25	0.25	0	1	60125
120.266	0.25	0	1	60133
120.282	0.25	0	1	60141
120.3	0.25	0	1	60150
120.316	0.25	0	1	60158
120.332	0.25	1	2	60166
120.35	0.25	1	2	60175
120.366	0.25	1	2	60183
120.382	0.25	1	2	60191
120.4	0.25	0	1	60200
120.416	0.25	0	1	60208
120.432	0.25	1	2	60216
120.45	0.25	1	2	60225
120.466	0.25	1	2	60233
120.482	0.25	1	2	60241
120.5	0.25	1	2	60250
120.516	0.25	1	2	60258
120.532	0.25	0	1	60266
120.55	0.25	0	1	60275
120.566	0.25	0	1	60283
120.582	0.25	0	1	60291
120.6	0.25	0	1	60300
120.616	0.25	0	1	60308
120.632	0.25	0	1	60316
120.65	0.25	0	1	60325
120.666	0.25	0	1	60333
120.682	0.25	0	1	60341
120.7	0.25	1	2	60350
120.716	0.25	1	2	60358
120.732	0.25	1	2	60366
120.75	0.25	1	2	60375
120.766	0.25	1	2	60383
122.25	0.25	0	1	61125
122.266	0.25	0	1	61133
122.282	0.25	0	1	61141
122.3	0.25	0	1	61150
122.316	0.25	1	2	61158
122.332	0.25	1	2	61166
122.35	0.25	1	2	61175
122.366	0.25	1	2	61183
122.382	0.25	0	1	61191
122.4	0.25	0	1	61200
122.416	0.25	0	1	61208
122.432	0.25	0	1	61216
122.45	0.25	0	1	61225
122.466	0.25	0	1	61233
122.482	0.25	0	1	61241
122.5	0.25	0	1	61250
122.516	0.25	1	2	61258
122.532	0.25	1	2	61266
122.55	0.25	1	2	61275
122.566	0.25	1	2	61283
122.582	0.25	1	2	61291
122.6	0.25	1	2	61300
122.616	0.25	1	2	61308
122.632	0.25	1	2	61316
122.65	0.25	1	2	61325
122.666	0.25	1	2	61333
122.682	0.25	0	1	61341
122.7	0.25	0	1	61350
122.716	0.25	0	1	61358
122.732	0.25	0	1	61366
122.75	0.25	0	1	61375
122.766	0.25	0	1	61383
122.782	0.25	0	1	61391
122.8	0.25	0	1	61400
122.816	0.25	0	1	61408
122.832	0.25	0	1	61416
122.85	0.25	0	1	61425
122.866	0.25	0	1	61433
122.882	0.25	1	2	61441
122.9	0.25	1	2	61450
122.916	0.25	1	2	61458
122.932	0.25	1	2	61466
122.95	0.25	0	1	61475
122.966	0.25	0	1	61483
122.982	0.25	0	1	61491
123.0	0.25	0	1	61500
123.016	0.25	1	2	61508
123.032	0.25	1	2	61516
123.05	0.25	0	1	61525
123.066	0.25	0	1	61533
123.082	0.25	1	2	61541
123.1	0.25	1	2	61550
123.116	0.25	0	1	61558
123.132	0.25	0	1	61566
123.15	0.25	1	2	61575
123.166	0.25	1	2	61583
123.182	0.25	0	1	61591
123.2	0.25	0	1	61600
123.216	0.25	1	2	61608
123.232	0.25	1	2	61616
123.25	0.25	1	2	61625
123.266	0.25	1	2	61633
123.282	0.25	0	1	61641
123.3	0.25	0	1	61650
123.316	0.25	1	2	61658
123.332	0.25	1	2	61666
123.35	0.25	0	1	61675
123.366	0.25	0	1	61683
123.382	0.25	0	1	61691
123.4	0.25	0	1	61700
123.416	0.25	0	1	61708
123.432	0.25	0	1	61716
123.45	0.25	1	2	61725
123.466	0.25	1	2	61733
123.482	0.25	0	1	61741
123.5	0.25	0	1	61750
123.516	0.25	0	1	61758
123.532	0.25	0	1	61766
123.55	0.25	0	1	61775
123.566	0.25	0	1	61783
123.582	0.25	1	2	61791
123.6	0.25	1	2	61800
123.616	0.25	1	2	61808
123.632	0.25	1	2	61816
123.65	0.25	1	2	61825
123.666	0.25	1	2	61833
123.682	0.25	0	1	61841
123.7	0.25	0	1	61850
123.716	0.25	1	2	61858
123.732	0.25	1	2	61866
123.75	0.25	0	1	61875
123.766	0.25	0	1	61883
123.782	0.25	1	2	61891
123.8	0.25	1	2	61900
123.816	0.25	1	2	61908
123.832	0.25	1	2	61916
123.85	0.25	1	2	61925
123.866	0.25	1	2	61933
123.882	0.25	1	2	61941
123.9	0.25	1	2	61950
123.916	0.25	1	2	61958
123.932	0.25	1	2	61966
123.95	0.25	0	1	61975
123.966	0.25	0	1	61983
123.982	0.25	0	1	61991
124.0	0.25	0	1	62000
124.016	0.25	1	2	62008
124.032	0.25	1	2	62016
124.05	0.25	0	1	62025
124.066	0.25	0	1	62033
124.082	0.25	0	1	62041
124.1	0.25	0	1	62050
124.116	0.25	0	1	62058
124.132	0.25	0	1	62066
124.15	0.25	1	2	62075
124.166	0.25	1	2	62083
124.182	0.25	1	2	62091
125.666	0.25	1	2	62833
125.682	0.25	1	2	62841
125.7	0.25	1	2	62850
125.716	0.25	1	2	62858
125.732	0.25	0	1	62866
125.75	0.25	0	1	62875
125.766	0.25	1	2	62883
125.782	0.25	1	2	62891
125.8	0.25	1	2	62900
125.816	0.25	1	2	62908
125.832	0.25	0	1	62916
125.85	0.25	0	1	62925
125.866	0.25	1	2	62933
125.882	0.25	1	2	62941
125.9	0.25	1	2	62950
125.916	0.25	1	2	62958
125.932	0.25	0	1	62966
125.95	0.25	0	1	62975
125.966	0.25	1	2	62983
125.982	0.25	1	2	62991
126.0	0.25	1	2	63000
126.016	0.25	1	2	63008
126.032	0.25	0	1	63016
126.05	0.25	0	1	63025
126.066	0.25	0	1	63033
126.082	0.25	0	1	63041
126.1	0.25	0	1	63050
126.116	0.25	0	1	63058
126.132	0.25	1	2	63066
126.15	0.25	1	2	63075
126.166	0.25	1	2	63083
126.182	0.25	1	2	63091
126.2	0.25	1	2	63100
126.216	0.25	1	2	63108
126.232	0.25	0	1	63116
126.25	0.25	0	1	63125
126.266	0.25	0	1	63133
126.282	0.25	0	1	63141
126.3	0.25	0	1	63150
126.316	0.25	0	1	63158
126.332	0.25	1	2	63166
126.35	0.25	1	2	63175
126.366	0.25	1	2	63183
126.382	0.25	1	2	63191
126.4	0.25	1	2	63200
126.416	0.25	1	2	63208
126.432	0.25	1	2	63216
126.45	0.25	1	2	63225
126.466	0.25	1	2	63233
126.482	0.25	1	2	63241
126.5	0.25	0	1	63250
126.516	0.25	0	1	63258
126.532	0.25	0	1	63266
126.55	0.25	0	1	63275
126.566	0.25	1	2	63283
126.582	0.25	1	2	63291
126.6	0.25	0	1	63300
126.616	0.25	0	1	63308
126.632	0.25	1	2	63316
126.65	0.25	1	2	63325
126.666	0.25	0	1	63333
126.682	0.25	0	1	63341
126.7	0.25	0	1	63350
126.716	0.25	0	1	63358
126.732	0.25	1	2	63366
126.75	0.25	1	2	63375
126.766	0.25	1	2	63383
126.782	0.25	1	2	63391
126.8	0.25	0	1	63400
126.816	0.25	0	1	63408
126.832	0.25	0	1	63416
126.85	0.25	0	1	63425
126.866	0.25	0	1	63433
126.882	0.25	0	1	63441
126.9	0.25	0	1	63450
126.916	0.25	0	1	63458
126.932	0.25	1	2	63466
126.95	0.25	1	2	63475
126.966	0.25	0	1	63483
126.982	0.25	0	1	63491
127.0	0.25	0	1	63500
127.016	0.25	0	1	63508
127.032	0.25	0	1	63516
127.05	0.25	0	1	63525
127.066	0.25	0	1	63533
127.082	0.25	0	1	63541
127.1	0.25	1	2	63550
127.116	0.25	1	2	63558
127.132	0.25	1	2	63566
127.15	0.25	1	2	63575
127.166	0.25	1	2	63583
127.182	0.25	1	2	63591
127.2	0.25	1	2	63600
127.216	0.25	1	2	63608
127.232	0.25	1	2	63616
127.25	0.25	1	2	63625
127.266	0.25	1	2	63633
127.282	0.25	1	2	63641
127.3	0.25	0	1	63650
127.316	0.25	0	1	63658
127.332	0.25	1	2	63666
127.35	0.25	1	2	63675
127.366	0.25	0	1	63683
127.382	0.25	0	1	63691
127.4	0.25	1	2	63700
127.416	0.25	1	2	63708
127.432	0.25	0	1	63716
127.45	0.25	0	1	63725
127.466	0.25	0	1	63733
127.482	0.25	0	1	63741
127.5	0.25	1	2	63750
127.516	0.25	1	2	63758
127.532	0.25	1	2	63766
127.55	0.25	1	2	63775
127.566	0.25	0	1	63783
127.582	0.25	0	1	63791
127.6	0.25	0	1	63800
129.082	0.25	1	2	64541
129.1	0.25	1	2	64550
129.116	0.25	1	2	64558
129.132	0.25	1	2	64566
129.15	0.25	1	2	64575
129.166	0.25	1	2	64583
129.182	0.25	1	2	64591
129.198	0.25	1	2	64599
129.216	0.25	1	2	64608
129.232	0.25	1	2	64616
129.25	0.25	1	2	64625
129.266	0.25	1	2	64633
129.282	0.25	1	2	64641
129.3	0.25	1	2	64650
129.316	0.25	0	1	64658
129.332	0.25	0	1	64666
129.35	0.25	0	1	64675
129.366	0.25	0	1	64683
129.382	0.25	1	2	64691
129.4	0.25	1	2	64700
129.416	0.25	1	2	64708
129.432	0.25	1	2	64716
129.448	0.25	0	1	64724
129.466	0.25	0	1	64733
129.482	0.25	0	1	64741
129.5	0.25	0	1	64750
129.516	0.25	1	2	64758
129.532	0.25	1	2	64766
129.55	0.25	1	2	64775
129.566	0.25	1	2	64783
129.582	0.25	0	1	64791
129.6	0.25	0	1	64800
129.616	0.25	0	1	64808
129.632	0.25	0	1	64816
129.65	0.25	1	2	64825
129.666	0.25	1	2	64833
129.682	0.25	0	1	64841
129.698	0.25	0	1	64849
129.716	0.25	1	2	64858
129.732	0.25	1	2	64866
129.75	0.25	1	2	64875
129.766	0.25	1	2	64883
129.782	0.25	0	1	64891
129.8	0.25	0	1	64900
129.816	0.25	1	2	64908
129.832	0.25	1	2	64916
129.85	0.25	0	1	64925
129.866	0.25	0	1	64933
129.882	0.25	0	1	64941
129.9	0.25	0	1	64950
129.916	0.25	1	2	64958
129.932	0.25	1	2	64966
129.948	0.25	0	1	64974
129.966	0.25	0	1	64983
129.982	0.25	1	2	64991
130.0	0.25	1	2	65000
130.016	0.25	1	2	65008
130.032	0.25	1	2	65016
130.05	0.25	1	2	65025
130.066	0.25	1	2	65033
130.082	0.25	0	1	65041
130.1	0.25	0	1	65050
130.116	0.25	0	1	65058
130.132	0.25	0	1	65066
130.15	0.25	0	1	65075
130.166	0.25	0	1	65083
130.182	0.25	1	2	65091
130.198	0.25	1	2	65099
130.216	0.25	0	1	65108
130.232	0.25	0	1	65116
130.25	0.25	1	2	65125
130.266	0.25	1	2	65133
130.282	0.25	1	2	65141
130.3	0.25	1	2	65150
130.316	0.25	1	2	65158
130.332	0.25	1	2	65166
130.35	0.25	0	1	65175
130.366	0.25	0	1	65183
130.382	0.25	0	1	65191
130.4	0.25	0	1	65200
130.416	0.25	1	2	65208
130.432	0.25	1	2	65216
130.448	0.25	0	1	65224
130.466	0.25	0	1	65233
130.482	0.25	1	2	65241
130.5	0.25	1	2	65250
130.516	0.25	0	1	65258
130.532	0.25	0	1	65266
130.55	0.25	0	1	65275
130.566	0.25	0	1	65283
130.582	0.25	0	1	65291
130.6	0.25	0	1	65300
130.616	0.25	1	2	65308
130.632	0.25	1	2	65316
130.65	0.25	1	2	65325
130.666	0.25	1	2	65333
130.682	0.25	0	1	65341
130.698	0.25	0	1	65349
130.716	0.25	1	2	65358
130.732	0.25	1	2	65366
130.75	0.25	0	1	65375
130.766	0.25	0	1	65383
130.782	0.25	0	1	65391
130.8	0.25	0	1	65400
130.816	0.25	0	1	65408
130.832	0.25	0	1	65416
130.85	0.25	1	2	65425
130.866	0.25	1	2	65433
130.882	0.25	0	1	65441
130.9	0.25	0	1	65450
130.916	0.25	1	2	65458
130.932	0.25	1	2	65466
130.948	0.25	0	1	65474
130.966	0.25	0	1	65483
130.982	0.25	0	1	65491
131.0	0.25	0	1	65500
131.016	0.25	1	2	65508
133.816	0.25	1	2	66908
133.832	0.25	1	2	66916
133.85	0.25	1	2	66925
133.866	0.25	1	2	66933
133.882	0.25	0	1	66941
133.9	0.25	0	1	66950
133.916	0.25	0	1	66958
133.932	0.25	0	1	66966
133.95	0.25	0	1	66975
133.966	0.25	0	1	66983
133.982	0.25	0	1	66991
134.0	0.25	0	1	67000
134.016	0.25	1	2	67008
134.032	0.25	1	2	67016
134.05	0.25	0	1	67025
134.066	0.25	0	1	67033
134.082	0.25	0	1	67041
134.1	0.25	0	1	67050
134.116	0.25	1	2	67058
134.132	0.25	1	2	67066
134.15	0.25	1	2	67075
134.166	0.25	1	2	67083
134.182	0.25	0	1	67091
134.2	0.25	0	1	67100
134.216	0.25	0	1	67108
134.232	0.25	0	1	67116
134.25	0.25	0	1	67125
134.266	0.25	0	1	67133
134.282	0.25	0	1	67141
134.3	0.25	0	1	67150
134.316	0.25	0	1	67158
134.332	0.25	0	1	67166
134.35	0.25	0	1	67175
134.366	0.25	0	1	67183
134.382	0.25	1	2	67191
134.4	0.25	1	2	67200
134.416	0.25	0	1	67208
134.432	0.25	0	1	67216
134.45	0.25	1	2	67225
134.466	0.25	1	2	67233
134.482	0.25	1	2	67241
134.5	0.25	1	2	67250
134.516	0.25	0	1	67258
134.532	0.25	0	1	67266
134.55	0.25	1	2	67275
134.566	0.25	1	2	67283
134.582	0.25	0	1	67291
134.6	0.25	0	1	67300
134.616	0.25	1	2	67308
134.632	0.25	1	2	67316
134.65	0.25	0	1	67325
134.666	0.25	0	1	67333
134.682	0.25	1	2	67341
134.7	0.25	1	2	67350
134.716	0.25	0	1	67358
134.732	0.25	0	1	67366
134.75	0.25	0	1	67375
134.766	0.25	0	1	67383
134.782	0.25	0	1	67391
134.8	0.25	0	1	67400
134.816	0.25	1	2	67408
134.832	0.25	1	2	67416
134.85	0.25	1	2	67425
134.866	0.25	1	2	67433
134.882	0.25	1	2	67441
134.9	0.25	1	2	67450
134.916	0.25	0	1	67458
134.932	0.25	0	1	67466
134.95	0.25	1	2	67475
134.966	0.25	1	2	67483
134.982	0.25	1	2	67491
135.0	0.25	1	2	67500
135.016	0.25	1	2	67508
135.032	0.25	1	2	67516
135.05	0.25	0	1	67525
135.066	0.25	0	1	67533
135.082	0.25	1	2	67541
135.1	0.25	1	2	67550
135.116	0.25	0	1	67558
135.132	0.25	0	1	67566
135.15	0.25	1	2	67575
135.166	0.25	1	2	67583
135.182	0.25	1	2	67591
135.2	0.25	1	2	67600
135.216	0.25	0	1	67608
135.232	0.25	0	1	67616
135.25	0.25	0	1	67625
135.266	0.25	0	1	67633
135.282	0.25	0	1	67641
135.3	0.25	0	1	67650
135.316	0.25	1	2	67658
135.332	0.25	1	2	67666
135.35	0.25	1	2	67675
135.366	0.25	1	2	67683
135.382	0.25	0	1	67691
135.4	0.25	0	1	67700
135.416	0.25	1	2	67708
135.432	0.25	1	2	67716
135.45	0.25	1	2	67725
135.466	0.25	1	2	67733
135.482	0.25	1	2	67741
135.5	0.25	1	2	67750
135.516	0.25	0	1	67758
135.532	0.25	0	1	67766
135.55	0.25	0	1	67775
135.566	0.25	0	1	67783
135.582	0.25	0	1	67791
135.6	0.25	0	1	67800
135.616	0.25	0	1	67808
135.632	0.25	0	1	67816
135.65	0.25	0	1	67825
135.666	0.25	0	1	67833
135.682	0.25	1	2	67841
135.7	0.25	1	2	67850
135.716	0.25	1	2	67858
135.732	0.25	1	2	67866
135.75	0.25	1	2	67875
137.232	0.25	1	2	68616
137.25	0.25	1	2	68625
137.266	0.25	1	2	68633
137.282	0.25	1	2	68641
137.3	0.25	0	1	68650
137.316	0.25	0	1	68658
137.332	0.25	1	2	68666
137.35	0.25	1	2	68675
137.366	0.25	1	2	68683
137.382	0.25	1	2	68691
137.4	0.25	0	1	68700
137.416	0.25	0	1	68708
137.432	0.25	1	2	68716
137.45	0.25	1	2	68725
137.466	0.25	1	2	68733
137.482	0.25	1	2	68741
137.5	0.25	0	1	68750
137.516	0.25	0	1	68758
137.532	0.25	1	2	68766
137.55	0.25	1	2	68775
137.566	0.25	1	2	68783
137.582	0.25	1	2	68791
137.6	0.25	0	1	68800
137.616	0.25	0	1	68808
137.632	0.25	0	1	68816
137.65	0.25	0	1	68825
137.666	0.25	0	1	68833
137.682	0.25	0	1	68841
137.7	0.25	1	2	68850
137.716	0.25	1	2	68858
137.732	0.25	1	2	68866
137.75	0.25	1	2	68875
137.766	0.25	1	2	68883
137.782	0.25	1	2	68891
137.8	0.25	0	1	68900
137.816	0.25	0	1	68908
137.832	0.25	0	1	68916
137.85	0.25	0	1	68925
137.866	0.25	0	1	68933
137.882	0.25	0	1	68941
137.9	0.25	1	2	68950
137.916	0.25	1	2	68958
137.932	0.25	1	2	68966
137.95	0.25	1	2	68975
137.966	0.25	1	2	68983
137.982	0.25	1	2	68991
138.0	0.25	1	2	69000
138.016	0.25	1	2	69008
138.032	0.25	1	2	69016
138.05	0.25	1	2	69025
138.066	0.25	0	1	69033
138.082	0.25	0	1	69041
138.1	0.25	0	1	69050
138.116	0.25	0	1	69058
138.132	0.25	1	2	69066
138.15	0.25	1	2	69075
138.166	0.25	0	1	69083
138.182	0.25	0	1	69091
138.2	0.25	1	2	69100
138.216	0.25	1	2	69108
138.232	0.25	0	1	69116
138.25	0.25	0	1	69125
138.266	0.25	0	1	69133
138.282	0.25	0	1	69141
138.3	0.25	1	2	69150
138.316	0.25	1	2	69158
138.332	0.25	1	2	69166
138.35	0.25	1	2	69175
138.366	0.25	0	1	69183
138.382	0.25	0	1	69191
138.4	0.25	0	1	69200
138.416	0.25	0	1	69208
138.432	0.25	0	1	69216
138.45	0.25	0	1	69225
138.466	0.25	0	1	69233
138.482	0.25	0	1	69241
138.5	0.25	1	2	69250
138.516	0.25	1	2	69258
138.532	0.25	0	1	69266
138.55	0.25	0	1	69275
138.566	0.25	0	1	69283
138.582	0.25	0	1	69291
138.6	0.25	0	1	69300
138.616	0.25	0	1	69308
138.632	0.25	0	1	69316
138.65	0.25	0	1	69325
138.666	0.25	1	2	69333
138.682	0.25	1	2	69341
138.7	0.25	1	2	69350
138.716	0.25	1	2	69358
138.732	0.25	1	2	69366
138.75	0.25	1	2	69375
138.766	0.25	1	2	69383
138.782	0.25	1	2	69391
138.8	0.25	1	2	69400
138.816	0.25	1	2	69408
138.832	0.25	1	2	69416
138.85	0.25	1	2	69425
138.866	0.25	0	1	69433
138.882	0.25	0	1	69441
138.9	0.25	1	2	69450
138.916	0.25	1	2	69458
138.932	0.25	0	1	69466
138.95	0.25	0	1	69475
138.966	0.25	1	2	69483
138.982	0.25	1	2	69491
139.0	0.25	0	1	69500
139.016	0.25	0	1	69508
139.032	0.25	0	1	69516
139.05	0.25	0	1	69525
139.066	0.25	1	2	69533
139.082	0.25	1	2	69541
139.1	0.25	1	2	69550
139.116	0.25	1	2	69558
139.132	0.25	0	1	69566
139.15	0.25	0	1	69575
139.166	0.25	0	1	69583
140.65	0.25	1	2	70325
140.666	0.25	1	2	70333
140.682	0.25	1	2	70341
140.7	0.25	1	2	70350
140.716	0.25	1	2	70358
140.732	0.25	1	2	70366
140.75	0.25	1	2	70375
140.766	0.25	1	2	70383
140.782	0.25	1	2	70391
140.8	0.25	1	2	70400
140.816	0.25	1	2	70408
140.832	0.25	1	2	70416
140.85	0.25	1	2	70425
140.866	0.25	1	2	70433
140.882	0.25	0	1	70441
140.9	0.25	0	1	70450
140.916	0.25	0	1	70458
140.932	0.25	0	1	70466
140.95	0.25	1	2	70475
140.966	0.25	1	2	70483
140.982	0.25	1	2	70491
141.0	0.25	1	2	70500
141.016	0.25	0	1	70508
141.032	0.25	0	1	70516
141.05	0.25	0	1	70525
141.066	0.25	0	1	70533
141.082	0.25	1	2	70541
141.1	0.25	1	2	70550
141.116	0.25	1	2	70558
141.132	0.25	1	2	70566
141.15	0.25	0	1	70575
141.166	0.25	0	1	70583
141.182	0.25	0	1	70591
141.2	0.25	0	1	70600
141.216	0.25	1	2	70608
141.232	0.25	1	2	70616
141.25	0.25	0	1	70625
141.266	0.25	0	1	70633
141.282	0.25	1	2	70641
141.3	0.25	1	2	70650
141.316	0.25	1	2	70658
141.332	0.25	1	2	70666
141.35	0.25	0	1	70675
141.366	0.25	0	1	70683
141.382	0.25	1	2	70691
141.4	0.25	1	2	70700
141.416	0.25	0	1	70708
141.432	0.25	0	1	70716
141.45	0.25	0	1	70725
141.466	0.25	0	1	70733
141.482	0.25	1	2	70741
141.5	0.25	1	2	70750
141.516	0.25	0	1	70758
141.532	0.25	0	1	70766
141.55	0.25	1	2	70775
141.566	0.25	1	2	70783
141.582	0.25	1	2	70791
141.6	0.25	1	2	70800
141.616	0.25	1	2	70808
141.632	0.25	1	2	70816
141.65	0.25	0	1	70825
141.666	0.25	0	1	70833
141.682	0.25	0	1	70841
141.7	0.25	0	1	70850
141.716	0.25	0	1	70858
141.732	0.25	0	1	70866
141.75	0.25	1	2	70875
141.766	0.25	1	2	70883
141.782	0.25	0	1	70891
141.8	0.25	0	1	70900
141.816	0.25	1	2	70908
141.832	0.25	1	2	70916
141.85	0.25	1	2	70925
141.866	0.25	1	2	70933
141.882	0.25	1	2	70941
141.9	0.25	1	2	70950
141.916	0.25	0	1	70958
141.932	0.25	0	1	70966
141.95	0.25	0	1	70975
141.966	0.25	0	1	70983
141.982	0.25	1	2	70991
142.0	0.25	1	2	71000
142.016	0.25	0	1	71008
142.032	0.25	0	1	71016
142.05	0.25	1	2	71025
142.066	0.25	1	2	71033
142.082	0.25	0	1	71041
142.1	0.25	0	1	71050
142.116	0.25	0	1	71058
142.132	0.25	0	1	71066
142.15	0.25	0	1	71075
142.166	0.25	0	1	71083
142.182	0.25	1	2	71091
142.2	0.25	1	2	71100
142.216	0.25	1	2	71108
142.232	0.25	1	2	71116
142.25	0.25	0	1	71125
142.266	0.25	0	1	71133
142.282	0.25	1	2	71141
142.3	0.25	1	2	71150
142.316	0.25	0	1	71158
142.332	0.25	0	1	71166
142.35	0.25	0	1	71175
142.366	0.25	0	1	71183
142.382	0.25	0	1	71191
142.4	0.25	0	1	71200
142.416	0.25	1	2	71208
142.432	0.25	1	2	71216
142.45	0.25	0	1	71225
142.466	0.25	0	1	71233
142.482	0.25	1	2	71241
142.5	0.25	1	2	71250
142.516	0.25	0	1	71258
142.532	0.25	0	1	71266
142.55	0.25	0	1	71275
142.566	0.25	0	1	71283
142.582	0.25	1	2	71291
144.066	0.25	0	1	72033
144.082	0.25	0	1	72041
144.1	0.25	0	1	72050
144.116	0.25	0	1	72058
144.132	0.25	1	2	72066
144.15	0.25	1	2	72075
144.166	0.25	1	2	72083
144.182	0.25	1	2	72091
144.2	0.25	0	1	72100
144.216	0.25	0	1	72108
144.232	0.25	0	1	72116
144.25	0.25	0	1	72125
144.266	0.25	0	1	72133
144.282	0.25	0	1	72141
144.3	0.25	0	1	72150
144.316	0.25	0	1	72158
144.332	0.25	1	2	72166
144.35	0.25	1	2	72175
144.366	0.25	1	2	72183
144.382	0.25	1	2	72191
144.4	0.25	1	2	72200
144.416	0.25	1	2	72208
144.432	0.25	1	2	72216
144.45	0.25	1	2	72225
144.466	0.25	1	2	72233
144.482	0.25	1	2	72241
144.5	0.25	0	1	72250
144.516	0.25	0	1	72258
144.532	0.25	0	1	72266
144.55	0.25	0	1	72275
144.566	0.25	0	1	72283
144.582	0.25	0	1	72291
144.6	0.25	0	1	72300
144.616	0.25	0	1	72308
144.632	0.25	0	1	72316
144.65	0.25	0	1	72325
144.666	0.25	0	1	72333
144.682	0.25	0	1	72341
144.7	0.25	1	2	72350
144.716	0.25	1	2	72358
144.732	0.25	1	2	72366
144.75	0.25	1	2	72375
144.766	0.25	0	1	72383
144.782	0.25	0	1	72391
144.8	0.25	0	1	72400
144.816	0.25	0	1	72408
144.832	0.25	1	2	72416
144.85	0.25	1	2	72425
144.866	0.25	0	1	72433
144.882	0.25	0	1	72441
144.9	0.25	1	2	72450
144.916	0.25	1	2	72458
144.932	0.25	0	1	72466
144.95	0.25	0	1	72475
144.966	0.25	1	2	72483
144.982	0.25	1	2	72491
145.0	0.25	0	1	72500
145.016	0.25	0	1	72508
145.032	0.25	1	2	72516
145.05	0.25	1	2	72525
145.066	0.25	1	2	72533
145.082	0.25	1	2	72541
145.1	0.25	0	1	72550
145.116	0.25	0	1	72558
145.132	0.25	1	2	72566
145.15	0.25	1	2	72575
145.166	0.25	0	1	72583
145.182	0.25	0	1	72591
145.2	0.25	0	1	72600
145.216	0.25	0	1	72608
145.232	0.25	0	1	72616
145.25	0.25	0	1	72625
145.266	0.25	1	2	72633
145.282	0.25	1	2	72641
145.3	0.25	0	1	72650
145.316	0.25	0	1	72658
145.332	0.25	0	1	72666
145.35	0.25	0	1	72675
145.366	0.25	0	1	72683
145.382	0.25	0	1	72691
145.4	0.25	1	2	72700
145.416	0.25	1	2	72708
145.432	0.25	1	2	72716
145.45	0.25	1	2	72725
145.466	0.25	1	2	72733
145.482	0.25	1	2	72741
145.5	0.25	0	1	72750
145.516	0.25	0	1	72758
145.532	0.25	1	2	72766
145.55	0.25	1	2	72775
145.566	0.25	0	1	72783
145.582	0.25	0	1	72791
145.6	0.25	1	2	72800
145.616	0.25	1	2	72808
145.632	0.25	1	2	72816
145.65	0.25	1	2	72825
145.666	0.25	1	2	72833
145.682	0.25	1	2	72841
145.7	0.25	1	2	72850
145.716	0.25	1	2	72858
145.732	0.25	1	2	72866
145.75	0.25	1	2	72875
145.766	0.25	0	1	72883
145.782	0.25	0	1	72891
145.8	0.25	0	1	72900
145.816	0.25	0	1	72908
145.832	0.25	1	2	72916
145.85	0.25	1	2	72925
145.866	0.25	0	1	72933
145.882	0.25	0	1	72941
145.9	0.25	0	1	72950
145.916	0.25	0	1	72958
145.932	0.25	0	1	72966
145.95	0.25	0	1	72975
145.966	0.25	1	2	72983
145.982	0.25	1	2	72991
146.0	0.25	1	2	73000
148.95	0.25	1	2	74475
148.966	0.25	1	2	74483
148.982	0.25	1	2	74491
149.0	0.25	1	2	74500
149.016	0.25	0	1	74508
149.032	0.25	0	1	74516
149.05	0.25	0	1	74525
149.066	0.25	0	1	74533
149.082	0.25	0	1	74541
149.1	0.25	0	1	74550
149.116	0.25	0	1	74558
149.132	0.25	0	1	74566
149.15	0.25	1	2	74575
149.166	0.25	1	2	74583
149.182	0.25	0	1	74591
149.2	0.25	0	1	74600
149.216	0.25	0	1	74608
149.232	0.25	0	1	74616
149.25	0.25	1	2	74625
149.266	0.25	1	2	74633
149.282	0.25	1	2	74641
149.3	0.25	1	2	74650
149.316	0.25	0	1	74658
149.332	0.25	0	1	74666
149.35	0.25	0	1	74675
149.366	0.25	0	1	74683
149.382	0.25	0	1	74691
149.4	0.25	0	1	74700
149.416	0.25	0	1	74708
149.432	0.25	0	1	74716
149.45	0.25	0	1	74725
149.466	0.25	0	1	74733
149.482	0.25	0	1	74741
149.5	0.25	0	1	74750
149.516	0.25	1	2	74758
149.532	0.25	1	2	74766
149.55	0.25	0	1	74775
149.566	0.25	0	1	74783
149.582	0.25	1	2	74791
149.6	0.25	1	2	74800
149.616	0.25	1	2	74808
149.632	0.25	1	2	74816
149.65	0.25	0	1	74825
149.666	0.25	0	1	74833
149.682	0.25	1	2	74841
149.7	0.25	1	2	74850
149.716	0.25	0	1	74858
149.732	0.25	0	1	74866
149.75	0.25	1	2	74875
149.766	0.25	1	2	74883
149.782	0.25	0	1	74891
149.8	0.25	0	1	74900
149.816	0.25	1	2	74908
149.832	0.25	1	2	74916
149.85	0.25	0	1	74925
149.866	0.25	0	1	74933
149.882	0.25	0	1	74941
149.9	0.25	0	1	74950
149.916	0.25	0	1	74958
149.932	0.25	0	1	74966
149.95	0.25	1	2	74975
149.966	0.25	1	2	74983
149.982	0.25	1	2	74991
150.0	0.25	1	2	75000
150.016	0.25	1	2	75008
150.032	0.25	1	2	75016
150.05	0.25	0	1	75025
150.066	0.25	0	1	75033
150.082	0.25	1	2	75041
150.1	0.25	1	2	75050
150.116	0.25	1	2	75058
150.132	0.25	1	2	75066
150.15	0.25	1	2	75075
150.166	0.25	1	2	75083
150.182	0.25	0	1	75091
150.2	0.25	0	1	75100
150.216	0.25	1	2	75108
150.232	0.25	1	2	75116
150.25	0.25	0	1	75125
150.266	0.25	0	1	75133
150.282	0.25	1	2	75141
150.3	0.25	1	2	75150
150.316	0.25	1	2	75158
150.332	0.25	1	2	75166
150.35	0.25	0	1	75175
150.366	0.25	0	1	75183
150.382	0.25	0	1	75191
150.4	0.25	0	1	75200
150.416	0.25	0	1	75208
150.432	0.25	0	1	75216
150.45	0.25	1	2	75225
150.466	0.25	1	2	75233
150.482	0.25	1	2	75241
150.5	0.25	1	2	75250
150.516	0.25	0	1	75258
150.532	0.25	0	1	75266
150.55	0.25	1	2	75275
150.566	0.25	1	2	75283
150.582	0.25	1	2	75291
150.6	0.25	1	2	75300
150.616	0.25	1	2	75308
150.632	0.25	1	2	75316
150.65	0.25	0	1	75325
150.666	0.25	0	1	75333
150.682	0.25	0	1	75341
150.7	0.25	0	1	75350
150.716	0.25	0	1	75358
150.732	0.25	0	1	75366
150.75	0.25	0	1	75375
150.766	0.25	0	1	75383
150.782	0.25	0	1	75391
150.8	0.25	0	1	75400
150.816	0.25	1	2	75408
150.832	0.25	1	2	75416
150.85	0.25	1	2	75425
150.866	0.25	1	2	75433
150.882	0.25	1	2	75441
152.366	0.25	1	2	76183
152.382	0.25	1	2	76191
152.4	0.25	1	2	76200
152.416	0.25	1	2	76208
152.432	0.25	1	2	76216
152.45	0.25	1	2	76225
152.466	0.25	1	2	76233
152.482	0.25	1	2	76241
152.5	0.25	1	2	76250
152.516	0.25	1	2	76258
152.532	0.25	1	2	76266
152.55	0.25	1	2	76275
152.566	0.25	1	2	76283
152.582	0.25	1	2	76291
152.6	0.25	0	1	76300
152.616	0.25	0	1	76308
152.632	0.25	0	1	76316
152.65	0.25	0	1	76325
152.666	0.25	1	2	76333
152.682	0.25	1	2	76341
152.7	0.25	1	2	76350
152.716	0.25	1	2	76358
152.732	0.25	0	1	76366
152.75	0.25	0	1	76375
152.766	0.25	0	1	76383
152.782	0.25	0	1	76391
152.8	0.25	1	2	76400
152.816	0.25	1	2	76408
152.832	0.25	1	2	76416
152.85	0.25	1	2	76425
152.866	0.25	0	1	76433
152.882	0.25	0	1	76441
152.9	0.25	0	1	76450
152.916	0.25	0	1	76458
152.932	0.25	1	2	76466
152.95	0.25	1	2	76475
152.966	0.25	0	1	76483
152.982	0.25	0	1	76491
153.0	0.25	1	2	76500
153.016	0.25	1	2	76508
153.032	0.25	1	2	76516
153.05	0.25	1	2	76525
153.066	0.25	0	1	76533
153.082	0.25	0	1	76541
153.1	0.25	1	2	76550
153.116	0.25	1	2	76558
153.132	0.25	0	1	76566
153.15	0.25	0	1	76575
153.166	0.25	0	1	76583
153.182	0.25	0	1	76591
153.2	0.25	1	2	76600
153.216	0.25	1	2	76608
153.232	0.25	0	1	76616
153.25	0.25	0	1	76625
153.266	0.25	1	2	76633
153.282	0.25	1	2	76641
153.3	0.25	1	2	76650
153.316	0.25	1	2	76658
153.332	0.25	1	2	76666
153.35	0.25	1	2	76675
153.366	0.25	0	1	76683
153.382	0.25	0	1	76691
153.4	0.25	0	1	76700
153.416	0.25	0	1	76708
153.432	0.25	0	1	76716
153.45	0.25	0	1	76725
153.466	0.25	1	2	76733
153.482	0.25	1	2	76741
153.5	0.25	0	1	76750
153.516	0.25	0	1	76758
153.532	0.25	1	2	76766
153.55	0.25	1	2	76775
153.566	0.25	1	2	76783
153.582	0.25	1	2	76791
153.6	0.25	1	2	76800
153.616	0.25	1	2	76808
153.632	0.25	0	1	76816
153.65	0.25	0	1	76825
153.666	0.25	0	1	76833
153.682	0.25	0	1	76841
153.7	0.25	1	2	76850
153.716	0.25	1	2	76858
153.732	0.25	0	1	76866
153.75	0.25	0	1	76875
153.766	0.25	1	2	76883
153.782	0.25	1	2	76891
153.8	0.25	0	1	76900
153.816	0.25	0	1	76908
153.832	0.25	0	1	76916
153.85	0.25	0	1	76925
153.866	0.25	0	1	76933
153.882	0.25	0	1	76941
153.9	0.25	1	2	76950
153.916	0.25	1	2	76958
153.932	0.25	1	2	76966
153.95	0.25	1	2	76975
153.966	0.25	0	1	76983
153.982	0.25	0	1	76991
154.0	0.25	1	2	77000
154.016	0.25	1	2	77008
154.032	0.25	0	1	77016
154.05	0.25	0	1	77025
154.066	0.25	0	1	77033
154.082	0.25	0	1	77041
154.1	0.25	0	1	77050
154.116	0.25	0	1	77058
154.132	0.25	1	2	77066
154.15	0.25	1	2	77075
154.166	0.25	0	1	77083
154.182	0.25	0	1	77091
154.2	0.25	1	2	77100
154.216	0.25	1	2	77108
154.232	0.25	0	1	77116
154.25	0.25	0	1	77125
154.266	0.25	0	1	77133
154.282	0.25	0	1	77141
154.3	0.25	1	2	77150
155.782	0.25	1	2	77891
155.8	0.25	1	2	77900
155.816	0.25	1	2	77908
155.832	0.25	1	2	77916
155.85	0.25	0	1	77925
155.866	0.25	0	1	77933
155.882	0.25	1	2	77941
155.9	0.25	1	2	77950
155.916	0.25	1	2	77958
155.932	0.25	1	2	77966
155.95	0.25	0	1	77975
155.966	0.25	0	1	77983
155.982	0.25	1	2	77991
156.0	0.25	1	2	78000
156.016	0.25	1	2	78008
156.032	0.25	1	2	78016
156.05	0.25	0	1	78025
156.066	0.25	0	1	78033
156.082	0.25	1	2	78041
156.1	0.25	1	2	78050
156.116	0.25	1	2	78058
156.132	0.25	1	2	78066
156.15	0.25	0	1	78075
156.166	0.25	0	1	78083
156.182	0.25	0	1	78091
156.2	0.25	0	1	78100
156.216	0.25	0	1	78108
156.232	0.25	0	1	78116
156.25	0.25	1	2	78125
156.266	0.25	1	2	78133
156.282	0.25	1	2	78141
156.3	0.25	1	2	78150
156.316	0.25	1	2	78158
156.332	0.25	1	2	78166
156.35	0.25	0	1	78175
156.366	0.25	0	1	78183
156.382	0.25	0	1	78191
156.4	0.25	0	1	78200
156.416	0.25	0	1	78208
156.432	0.25	0	1	78216
156.45	0.25	1	2	78225
156.466	0.25	1	2	78233
156.482	0.25	1	2	78241
156.5	0.25	1	2	78250
156.516	0.25	1	2	78258
156.532	0.25	1	2	78266
156.55	0.25	1	2	78275
156.566	0.25	1	2	78283
156.582	0.25	1	2	78291
156.6	0.25	1	2	78300
156.616	0.25	0	1	78308
156.632	0.25	0	1	78316
156.65	0.25	0	1	78325
156.666	0.25	0	1	78333
156.682	0.25	1	2	78341
156.7	0.25	1	2	78350
156.716	0.25	0	1	78358
156.732	0.25	0	1	78366
156.75	0.25	1	2	78375
156.766	0.25	1	2	78383
156.782	0.25	0	1	78391
156.8	0.25	0	1	78400
156.816	0.25	0	1	78408
156.832	0.25	0	1	78416
156.85	0.25	1	2	78425
156.866	0.25	1	2	78433
156.882	0.25	1	2	78441
156.9	0.25	1	2	78450
156.916	0.25	0	1	78458
156.932	0.25	0	1	78466
156.95	0.25	0	1	78475
156.966	0.25	0	1	78483
156.982	0.25	0	1	78491
157.0	0.25	0	1	78500
157.016	0.25	0	1	78508
157.032	0.25	0	1	78516
157.05	0.25	1	2	78525
157.066	0.25	1	2	78533
157.082	0.25	0	1	78541
157.1	0.25	0	1	78550
157.116	0.25	0	1	78558
157.132	0.25	0	1	78566
157.15	0.25	0	1	78575
157.166	0.25	0	1	78583
157.182	0.25	0	1	78591
157.2	0.25	0	1	78600
157.216	0.25	1	2	78608
157.232	0.25	1	2	78616
157.25	0.25	1	2	78625
157.266	0.25	1	2	78633
157.282	0.25	1	2	78641
157.3	0.25	1	2	78650
157.316	0.25	1	2	78658
157.332	0.25	1	2	78666
157.35	0.25	1	2	78675
157.366	0.25	1	2	78683
157.382	0.25	1	2	78691
157.4	0.25	1	2	78700
157.416	0.25	0	1	78708
157.432	0.25	0	1	78716
157.45	0.25	1	2	78725
157.466	0.25	1	2	78733
157.482	0.25	0	1	78741
157.5	0.25	0	1	78750
157.516	0.25	1	2	78758
157.532	0.25	1	2	78766
157.55	0.25	0	1	78775
157.566	0.25	0	1	78783
157.582	0.25	0	1	78791
157.6	0.25	0	1	78800
157.616	0.25	1	2	78808
157.632	0.25	1	2	78816
157.65	0.25	1	2	78825
157.666	0.25	1	2	78833
157.682	0.25	0	1	78841
157.7	0.25	0	1	78850
157.716	0.25	0	1	78858
159.2	0.25	0	1	79600
159.216	0.25	0	1	79608
159.232	0.25	0	1	79616
159.25	0.25	0	1	79625
159.266	0.25	1	2	79633
159.282	0.25	1	2	79641
159.3	0.25	1	2	79650
159.316	0.25	1	2	79658
159.332	0.25	0	1	79666
159.35	0.25	0	1	79675
159.366	0.25	0	1	79683
159.382	0.25	0	1	79691
159.4	0.25	0	1	79700
159.416	0.25	0	1	79708
159.432	0.25	0	1	79716
159.45	0.25	0	1	79725
159.466	0.25	1	2	79733
159.482	0.25	1	2	79741
159.5	0.25	1	2	79750
159.516	0.25	1	2	79758
159.532	0.25	1	2	79766
159.55	0.25	1	2	79775
159.566	0.25	1	2	79783
159.582	0.25	1	2	79791
159.6	0.25	1	2	79800
159.616	0.25	1	2	79808
159.632	0.25	0	1	79816
159.65	0.25	0	1	79825
159.666	0.25	0	1	79833
159.682	0.25	0	1	79841
159.7	0.25	0	1	79850
159.716	0.25	0	1	79858
159.732	0.25	0	1	79866
159.75	0.25	0	1	79875
159.766	0.25	0	1	79883
159.782	0.25	0	1	79891
159.8	0.25	0	1	79900
159.816	0.25	0	1	79908
159.832	0.25	1	2	79916
159.85	0.25	1	2	79925
159.866	0.25	1	2	79933
159.882	0.25	1	2	79941
159.9	0.25	0	1	79950
159.916	0.25	0	1	79958
159.932	0.25	0	1	79966
159.95	0.25	0	1	79975
159.966	0.25	1	2	79983
159.982	0.25	1	2	79991
160.0	0.25	0	1	80000
160.016	0.25	0	1	80008
160.032	0.25	1	2	80016
160.05	0.25	1	2	80025
160.066	0.25	0	1	80033
160.082	0.25	0	1	80041
160.1	0.25	1	2	80050
160.116	0.25	1	2	80058
160.132	0.25	0	1	80066
160.15	0.25	0	1	80075
160.166	0.25	1	2	80083
160.182	0.25	1	2	80091
160.2	0.25	1	2	80100
160.216	0.25	1	2	80108
160.232	0.25	0	1	80116
160.25	0.25	0	1	80125
160.266	0.25	1	2	80133
160.282	0.25	1	2	80141
160.3	0.25	0	1	80150
160.316	0.25	0	1	80158
160.332	0.25	0	1	80166
160.35	0.25	0	1	80175
160.366	0.25	0	1	80183
160.382	0.25	0	1	80191
160.4	0.25	1	2	80200
160.416	0.25	1	2	80208
160.432	0.25	0	1	80216
160.45	0.25	0	1	80225
160.466	0.25	0	1	80233
160.482	0.25	0	1	80241
160.5	0.25	0	1	80250
160.516	0.25	0	1	80258
160.532	0.25	1	2	80266
160.55	0.25	1	2	80275
160.566	0.25	1	2	80283
160.582	0.25	1	2	80291
160.6	0.25	1	2	80300
160.616	0.25	1	2	80308
160.632	0.25	0	1	80316
160.65	0.25	0	1	80325
160.666	0.25	1	2	80333
160.682	0.25	1	2	80341
160.7	0.25	0	1	80350
160.716	0.25	0	1	80358
160.732	0.25	1	2	80366
160.75	0.25	1	2	80375
160.766	0.25	1	2	80383
160.782	0.25	1	2	80391
160.8	0.25	1	2	80400
160.816	0.25	1	2	80408
160.832	0.25	1	2	80416
160.85	0.25	1	2	80425
160.866	0.25	1	2	80433
160.882	0.25	1	2	80441
160.9	0.25	0	1	80450
160.916	0.25	0	1	80458
160.932	0.25	0	1	80466
160.95	0.25	0	1	80475
160.966	0.25	1	2	80483
160.982	0.25	1	2	80491
161.0	0.25	0	1	80500
161.016	0.25	0	1	80508
161.032	0.25	0	1	80516
161.05	0.25	0	1	80525
161.066	0.25	0	1	80533
161.082	0.25	0	1	80541
161.1	0.25	1	2	80550
161.116	0.25	1	2	80558
161.132	0.25	1	2	80566
163.882	0.25	1	2	81941
163.9	0.25	1	2	81950
163.916	0.25	1	2	81958
163.932	0.25	1	2	81966
163.95	0.25	1	2	81975
163.966	0.25	1	2	81983
163.982	0.25	1	2	81991
164.0	0.25	1	2	82000
164.016	0.25	1	2	82008
164.032	0.25	1	2	82016
164.05	0.25	1	2	82025
164.066	0.25	1	2	82033
164.082	0.25	1	2	82041
164.1	0.25	1	2	82050
164.116	0.25	0	1	82058
164.132	0.25	0	1	82066
164.15	0.25	0	1	82075
164.166	0.25	0	1	82083
164.182	0.25	1	2	82091
164.2	0.25	1	2	82100
164.216	0.25	1	2	82108
164.232	0.25	1	2	82116
164.25	0.25	0	1	82125
164.266	0.25	0	1	82133
164.282	0.25	0	1	82141
164.3	0.25	0	1	82150
164.316	0.25	1	2	82158
164.332	0.25	1	2	82166
164.35	0.25	1	2	82175
164.366	0.25	1	2	82183
164.382	0.25	0	1	82191
164.4	0.25	0	1	82200
164.416	0.25	0	1	82208
164.432	0.25	0	1	82216
164.45	0.25	1	2	82225
164.466	0.25	1	2	82233
164.482	0.25	0	1	82241
164.5	0.25	0	1	82250
164.516	0.25	1	2	82258
164.532	0.25	1	2	82266
164.55	0.25	1	2	82275
164.566	0.25	1	2	82283
164.582	0.25	0	1	82291
164.6	0.25	0	1	82300
164.616	0.25	1	2	82308
164.632	0.25	1	2	82316
164.65	0.25	0	1	82325
164.666	0.25	0	1	82333
164.682	0.25	0	1	82341
164.7	0.25	0	1	82350
164.716	0.25	1	2	82358
164.732	0.25	1	2	82366
164.75	0.25	0	1	82375
164.766	0.25	0	1	82383
164.782	0.25	1	2	82391
164.8	0.25	1	2	82400
164.816	0.25	1	2	82408
164.832	0.25	1	2	82416
164.85	0.25	1	2	82425
164.866	0.25	1	2	82433
164.882	0.25	0	1	82441
164.9	0.25	0	1	82450
164.916	0.25	0	1	82458
164.932	0.25	0	1	82466
164.95	0.25	0	1	82475
164.966	0.25	0	1	82483
164.982	0.25	1	2	82491
165.0	0.25	1	2	82500
165.016	0.25	0	1	82508
165.032	0.25	0	1	82516
165.05	0.25	1	2	82525
165.066	0.25	1	2	82533
165.082	0.25	1	2	82541
165.1	0.25	1	2	82550
165.116	0.25	1	2	82558
165.132	0.25	1	2	82566
165.15	0.25	0	1	82575
165.166	0.25	0	1	82583
165.182	0.25	0	1	82591
165.2	0.25	0	1	82600
165.216	0.25	1	2	82608
165.232	0.25	1	2	82616
165.25	0.25	0	1	82625
165.266	0.25	0	1	82633
165.282	0.25	1	2	82641
165.3	0.25	1	2	82650
165.316	0.25	0	1	82658
165.332	0.25	0	1	82666
165.35	0.25	0	1	82675
165.366	0.25	0	1	82683
165.382	0.25	0	1	82691
165.4	0.25	0	1	82700
165.416	0.25	1	2	82708
165.432	0.25	1	2	82716
165.45	0.25	1	2	82725
165.466	0.25	1	2	82733
165.482	0.25	0	1	82741
165.5	0.25	0	1	82750
165.516	0.25	1	2	82758
165.532	0.25	1	2	82766
165.55	0.25	0	1	82775
165.566	0.25	0	1	82783
165.582	0.25	0	1	82791
165.6	0.25	0	1	82800
165.616	0.25	0	1	82808
165.632	0.25	0	1	82816
165.65	0.25	1	2	82825
165.666	0.25	1	2	82833
165.682	0.25	0	1	82841
165.7	0.25	0	1	82850
165.716	0.25	1	2	82858
165.732	0.25	1	2	82866
165.75	0.25	0	1	82875
165.766	0.25	0	1	82883
165.782	0.25	0	1	82891
165.8	0.25	0	1	82900
165.816	0.25	1	2	82908
167.3	0.25	0	1	83650
167.316	0.25	0	1	83658
167.332	0.25	0	1	83666
167.35	0.25	0	1	83675
167.366	0.25	1	2	83683
167.382	0.25	1	2	83691
167.4	0.25	1	2	83700
167.416	0.25	1	2	83708
167.432	0.25	0	1	83716
167.45	0.25	0	1	83725
167.466	0.25	0	1	83733
167.482	0.25	0	1	83741
167.5	0.25	0	1	83750
167.516	0.25	0	1	83758
167.532	0.25	0	1	83766
167.55	0.25	0	1	83775
167.566	0.25	1	2	83783
167.582	0.25	1	2	83791
167.6	0.25	1	2	83800
167.616	0.25	1	2	83808
167.632	0.25	1	2	83816
167.65	0.25	1	2	83825
167.666	0.25	1	2	83833
167.682	0.25	1	2	83841
167.7	0.25	1	2	83850
167.716	0.25	1	2	83858
167.732	0.25	0	1	83866
167.75	0.25	0	1	83875
167.766	0.25	0	1	83883
167.782	0.25	0	1	83891
167.8	0.25	0	1	83900
167.816	0.25	0	1	83908
167.832	0.25	0	1	83916
167.85	0.25	0	1	83925
167.866	0.25	0	1	83933
167.882	0.25	0	1	83941
167.9	0.25	0	1	83950
167.916	0.25	0	1	83958
167.932	0.25	1	2	83966
167.95	0.25	1	2	83975
167.966	0.25	1	2	83983
167.982	0.25	1	2	83991
168.0	0.25	0	1	84000
168.016	0.25	0	1	84008
168.032	0.25	0	1	84016
168.05	0.25	0	1	84025
168.066	0.25	1	2	84033
168.082	0.25	1	2	84041
168.1	0.25	0	1	84050
168.116	0.25	0	1	84058
168.132	0.25	1	2	84066
168.15	0.25	1	2	84075
168.166	0.25	0	1	84083
168.182	0.25	0	1	84091
168.2	0.25	1	2	84100
168.216	0.25	1	2	84108
168.232	0.25	0	1	84116
168.25	0.25	0	1	84125
168.266	0.25	1	2	84133
168.282	0.25	1	2	84141
168.3	0.25	1	2	84150
168.316	0.25	1	2	84158
168.332	0.25	0	1	84166
168.35	0.25	0	1	84175
168.366	0.25	1	2	84183
168.382	0.25	1	2	84191
168.4	0.25	0	1	84200
168.416	0.25	0	1	84208
168.432	0.25	0	1	84216
168.45	0.25	0	1	84225
168.466	0.25	0	1	84233
168.482	0.25	0	1	84241
168.5	0.25	1	2	84250
168.516	0.25	1	2	84258
168.532	0.25	0	1	84266
168.55	0.25	0	1	84275
168.566	0.25	0	1	84283
168.582	0.25	0	1	84291
168.6	0.25	0	1	84300
168.616	0.25	0	1	84308
168.632	0.25	1	2	84316
168.65	0.25	1	2	84325
168.666	0.25	1	2	84333
168.682	0.25	1	2	84341
168.7	0.25	1	2	84350
168.716	0.25	1	2	84358
168.732	0.25	0	1	84366
168.75	0.25	0	1	84375
168.766	0.25	1	2	84383
168.782	0.25	1	2	84391
168.8	0.25	0	1	84400
168.816	0.25	0	1	84408
168.832	0.25	1	2	84416
168.85	0.25	1	2	84425
168.866	0.25	1	2	84433
168.882	0.25	1	2	84441
168.9	0.25	1	2	84450
168.916	0.25	1	2	84458
168.932	0.25	1	2	84466
168.95	0.25	1	2	84475
168.966	0.25	1	2	84483
168.982	0.25	1	2	84491
169.0	0.25	0	1	84500
169.016	0.25	0	1	84508
169.032	0.25	0	1	84516
169.05	0.25	0	1	84525
169.066	0.25	1	2	84533
169.082	0.25	1	2	84541
169.1	0.25	0	1	84550
169.116	0.25	0	1	84558
169.132	0.25	0	1	84566
169.15	0.25	0	1	84575
169.166	0.25	0	1	84583
169.182	0.25	0	1	84591
169.2	0.25	1	2	84600
169.216	0.25	1	2	84608
169.232	0.25	1	2	84616
170.716	0.25	1	2	85358
170.732	0.25	1	2	85366
170.75	0.25	1	2	85375
170.766	0.25	1	2	85383
170.782	0.25	0	1	85391
170.8	0.25	0	1	85400
170.816	0.25	1	2	85408
170.832	0.25	1	2	85416
170.85	0.25	1	2	85425
170.866	0.25	1	2	85433
170.882	0.25	0	1	85441
170.9	0.25	0	1	85450
170.916	0.25	1	2	85458
170.932	0.25	1	2	85466
170.95	0.25	1	2	85475
170.966	0.25	1	2	85483
170.982	0.25	0	1	85491
171.0	0.25	0	1	85500
171.016	0.25	1	2	85508
171.032	0.25	1	2	85516
171.05	0.25	1	2	85525
171.066	0.25	1	2	85533
171.082	0.25	0	1	85541
171.1	0.25	0	1	85550
171.116	0.25	0	1	85558
171.132	0.25	0	1	85566
171.15	0.25	0	1	85575
171.166	0.25	0	1	85583
171.182	0.25	1	2	85591
171.2	0.25	1	2	85600
171.216	0.25	1	2	85608
171.232	0.25	1	2	85616
171.25	0.25	1	2	85625
171.266	0.25	1	2	85633
171.282	0.25	0	1	85641
171.3	0.25	0	1	85650
171.316	0.25	0	1	85658
171.332	0.25	0	1	85666
171.35	0.25	0	1	85675
171.366	0.25	0	1	85683
171.382	0.25	1	2	85691
171.4	0.25	1	2	85700
171.416	0.25	1	2	85708
171.432	0.25	1	2	85716
171.45	0.25	1	2	85725
171.466	0.25	1	2	85733
171.482	0.25	1	2	85741
171.5	0.25	1	2	85750
171.516	0.25	1	2	85758
171.532	0.25	1	2	85766
171.55	0.25	0	1	85775
171.566	0.25	0	1	85783
171.582	0.25	0	1	85791
171.6	0.25	0	1	85800
171.616	0.25	1	2	85808
171.632	0.25	1	2	85816
171.65	0.25	0	1	85825
171.666	0.25	0	1	85833
171.682	0.25	1	2	85841
171.7	0.25	1	2	85850
171.716	0.25	0	1	85858
171.732	0.25	0	1	85866
171.75	0.25	0	1	85875
171.766	0.25	0	1	85883
171.782	0.25	1	2	85891
171.8	0.25	1	2	85900
171.816	0.25	1	2	85908
171.832	0.25	1	2	85916
171.85	0.25	0	1	85925
171.866	0.25	0	1	85933
171.882	0.25	0	1	85941
171.9	0.25	0	1	85950
171.916	0.25	0	1	85958
171.932	0.25	0	1	85966
171.95	0.25	0	1	85975
171.966	0.25	0	1	85983
171.982	0.25	1	2	85991
172.0	0.25	1	2	86000
172.016	0.25	0	1	86008
172.032	0.25	0	1	86016
172.05	0.25	0	1	86025
172.066	0.25	0	1	86033
172.082	0.25	0	1	86041
172.1	0.25	0	1	86050
172.116	0.25	0	1	86058
172.132	0.25	0	1	86066
172.15	0.25	1	2	86075
172.166	0.25	1	2	86083
172.182	0.25	1	2	86091
172.2	0.25	1	2	86100
172.216	0.25	1	2	86108
172.232	0.25	1	2	86116
172.25	0.25	1	2	86125
172.266	0.25	1	2	86133
172.282	0.25	1	2	86141
172.3	0.25	1	2	86150
172.316	0.25	1	2	86158
172.332	0.25	1	2	86166
172.35	0.25	0	1	86175
172.366	0.25	0	1	86183
172.382	0.25	1	2	86191
172.4	0.25	1	2	86200
172.416	0.25	0	1	86208
172.432	0.25	0	1	86216
172.45	0.25	1	2	86225
172.466	0.25	1	2	86233
172.482	0.25	0	1	86241
172.5	0.25	0	1	86250
172.516	0.25	0	1	86258
172.532	0.25	0	1	86266
172.55	0.25	1	2	86275
172.566	0.25	1	2	86283
172.582	0.25	1	2	86291
172.6	0.25	1	2	86300
172.616	0.25	0	1	86308
172.632	0.25	0	1	86316
172.65	0.25	0	1	86325
174.132	0.25	1	2	87066
174.15	0.25	1	2	87075
174.166	0.25	1	2	87083
174.182	0.25	1	2	87091
174.2	0.25	0	1	87100
174.216	0.25	0	1	87108
174.232	0.25	0	1	87116
174.25	0.25	0	1	87125
174.266	0.25	0	1	87133
174.282	0.25	0	1	87141
174.3	0.25	0	1	87150
174.316	0.25	0	1	87158
174.332	0.25	1	2	87166
174.35	0.25	1	2	87175
174.366	0.25	0	1	87183
174.382	0.25	0	1	87191
174.4	0.25	0	1	87200
174.416	0.25	0	1	87208
174.432	0.25	1	2	87216
174.45	0.25	1	2	87225
174.466	0.25	1	2	87233
174.482	0.25	1	2	87241
174.5	0.25	0	1	87250
174.516	0.25	0	1	87258
174.532	0.25	0	1	87266
174.55	0.25	0	1	87275
174.566	0.25	0	1	87283
174.582	0.25	0	1	87291
174.6	0.25	0	1	87300
174.616	0.25	0	1	87308
174.632	0.25	0	1	87316
174.65	0.25	0	1	87325
174.666	0.25	0	1	87333
174.682	0.25	0	1	87341
174.7	0.25	1	2	87350
174.716	0.25	1	2	87358
174.732	0.25	0	1	87366
174.75	0.25	0	1	87375
174.766	0.25	1	2	87383
174.782	0.25	1	2	87391
174.8	0.25	1	2	87400
174.816	0.25	1	2	87408
174.832	0.25	0	1	87416
174.85	0.25	0	1	87425
174.866	0.25	1	2	87433
174.882	0.25	1	2	87441
174.9	0.25	0	1	87450
174.916	0.25	0	1	87458
174.932	0.25	1	2	87466
174.95	0.25	1	2	87475
174.966	0.25	0	1	87483
174.982	0.25	0	1	87491
175.0	0.25	1	2	87500
175.016	0.25	1	2	87508
175.032	0.25	0	1	87516
175.05	0.25	0	1	87525
175.066	0.25	0	1	87533
175.082	0.25	0	1	87541
175.1	0.25	0	1	87550
175.116	0.25	0	1	87558
175.132	0.25	1	2	87566
175.15	0.25	1	2	87575
175.166	0.25	1	2	87583
175.182	0.25	1	2	87591
175.2	0.25	1	2	87600
175.216	0.25	1	2	87608
175.232	0.25	0	1	87616
175.25	0.25	0	1	87625
175.266	0.25	1	2	87633
175.282	0.25	1	2	87641
175.3	0.25	1	2	87650
175.316	0.25	1	2	87658
175.332	0.25	1	2	87666
175.35	0.25	1	2	87675
175.366	0.25	0	1	87683
175.382	0.25	0	1	87691
175.4	0.25	1	2	87700
175.416	0.25	1	2	87708
175.432	0.25	0	1	87716
175.45	0.25	0	1	87725
175.466	0.25	1	2	87733
175.482	0.25	1	2	87741
175.5	0.25	1	2	87750
175.516	0.25	1	2	87758
175.532	0.25	0	1	87766
175.55	0.25	0	1	87775
175.566	0.25	0	1	87783
175.582	0.25	0	1	87791
175.6	0.25	0	1	87800
175.616	0.25	0	1	87808
175.632	0.25	1	2	87816
175.65	0.25	1	2	87825
175.666	0.25	1	2	87833
175.682	0.25	1	2	87841
175.7	0.25	0	1	87850
175.716	0.25	0	1	87858
175.732	0.25	1	2	87866
175.75	0.25	1	2	87875
175.766	0.25	1	2	87883
175.782	0.25	1	2	87891
175.8	0.25	1	2	87900
175.816	0.25	1	2	87908
175.832	0.25	0	1	87916
175.85	0.25	0	1	87925
175.866	0.25	0	1	87933
175.882	0.25	0	1	87941
175.9	0.25	0	1	87950
175.916	0.25	0	1	87958
175.932	0.25	0	1	87966
175.95	0.25	0	1	87975
175.966	0.25	0	1	87983
175.982	0.25	0	1	87991
176.0	0.25	1	2	88000
176.016	0.25	1	2	88008
176.032	0.25	1	2	88016
176.05	0.25	1	2	88025
176.066	0.25	1	2	88033
179.266	0.25	1	2	89633
179.282	0.25	1	2	89641
179.3	0.25	1	2	89650
179.316	0.25	1	2	89658
179.332	0.25	0	1	89666
179.35	0.25	0	1	89675
179.366	0.25	1	2	89683
179.382	0.25	1	2	89691
179.4	0.25	1	2	89700
179.416	0.25	1	2	89708
179.432	0.25	0	1	89716
179.45	0.25	0	1	89725
179.466	0.25	1	2	89733
179.482	0.25	1	2	89741
179.5	0.25	1	2	89750
179.516	0.25	1	2	89758
179.532	0.25	0	1	89766
179.55	0.25	0	1	89775
179.566	0.25	1	2	89783
179.582	0.25	1	2	89791
179.6	0.25	1	2	89800
179.616	0.25	1	2	89808
179.632	0.25	0	1	89816
179.65	0.25	0	1	89825
179.666	0.25	0	1	89833
179.682	0.25	0	1	89841
179.7	0.25	0	1	89850
179.716	0.25	0	1	89858
179.732	0.25	1	2	89866
179.75	0.25	1	2	89875
179.766	0.25	1	2	89883
179.782	0.25	1	2	89891
179.8	0.25	1	2	89900
179.816	0.25	1	2	89908
179.832	0.25	0	1	89916
179.85	0.25	0	1	89925
179.866	0.25	0	1	89933
179.882	0.25	0	1	89941
179.9	0.25	0	1	89950
179.916	0.25	0	1	89958
179.932	0.25	1	2	89966
179.95	0.25	1	2	89975
179.966	0.25	1	2	89983
179.982	0.25	1	2	89991
180.0	0.25	1	2	90000
180.016	0.25	1	2	90008
180.032	0.25	1	2	90016
180.05	0.25	1	2	90025
180.066	0.25	1	2	90033
180.082	0.25	1	2	90041
180.1	0.25	0	1	90050
180.116	0.25	0	1	90058
180.132	0.25	0	1	90066
180.15	0.25	0	1	90075
180.166	0.25	1	2	90083
180.182	0.25	1	2	90091
180.2	0.25	0	1	90100
180.216	0.25	0	1	90108
180.232	0.25	1	2	90116
180.25	0.25	1	2	90125
180.266	0.25	0	1	90133
180.282	0.25	0	1	90141
180.3	0.25	0	1	90150
180.316	0.25	0	1	90158
180.332	0.25	1	2	90166
180.35	0.25	1	2	90175
180.366	0.25	1	2	90183
180.382	0.25	1	2	90191
180.4	0.25	0	1	90200
180.416	0.25	0	1	90208
180.432	0.25	0	1	90216
180.45	0.25	0	1	90225
180.466	0.25	0	1	90233
180.482	0.25	0	1	90241
180.5	0.25	0	1	90250
180.516	0.25	0	1	90258
180.532	0.25	1	2	90266
180.55	0.25	1	2	90275
180.566	0.25	0	1	90283
180.582	0.25	0	1	90291
180.6	0.25	0	1	90300
180.616	0.25	0	1	90308
180.632	0.25	0	1	90316
180.65	0.25	0	1	90325
180.666	0.25	0	1	90333
180.682	0.25	0	1	90341
180.7	0.25	1	2	90350
180.716	0.25	1	2	90358
180.732	0.25	1	2	90366
180.75	0.25	1	2	90375
180.766	0.25	1	2	90383
180.782	0.25	1	2	90391
180.8	0.25	1	2	90400
180.816	0.25	1	2	90408
180.832	0.25	1	2	90416
180.85	0.25	1	2	90425
180.866	0.25	1	2	90433
180.882	0.25	1	2	90441
180.9	0.25	0	1	90450
180.916	0.25	0	1	90458
180.932	0.25	1	2	90466
180.95	0.25	1	2	90475
180.966	0.25	0	1	90483
180.982	0.25	0	1	90491
181.0	0.25	1	2	90500
181.016	0.25	1	2	90508
181.032	0.25	0	1	90516
181.05	0.25	0	1	90525
181.066	0.25	0	1	90533
181.082	0.25	0	1	90541
181.1	0.25	1	2	90550
181.116	0.25	1	2	90558
181.132	0.25	1	2	90566
181.15	0.25	1	2	90575
181.166	0.25	0	1	90583
181.182	0.25	0	1	90591
181.2	0.25	0	1	90600
182.682	0.25	0	1	91341
182.7	0.25	0	1	91350
182.716	0.25	0	1	91358
182.732	0.25	0	1	91366
182.75	0.25	1	2	91375
182.766	0.25	1	2	91383
182.782	0.25	1	2	91391
182.8	0.25	1	2	91400
182.816	0.25	0	1	91408
182.832	0.25	0	1	91416
182.85	0.25	0	1	91425
182.866	0.25	0	1	91433
182.882	0.25	0	1	91441
182.9	0.25	0	1	91450
182.916	0.25	0	1	91458
182.932	0.25	0	1	91466
182.95	0.25	1	2	91475
182.966	0.25	1	2	91483
182.982	0.25	1	2	91491
183.0	0.25	1	2	91500
183.016	0.25	1	2	91508
183.032	0.25	1	2	91516
183.05	0.25	1	2	91525
183.066	0.25	1	2	91533
183.082	0.25	1	2	91541
183.1	0.25	1	2	91550
183.116	0.25	0	1	91558
183.132	0.25	0	1	91566
183.15	0.25	0	1	91575
183.166	0.25	0	1	91583
183.182	0.25	0	1	91591
183.2	0.25	0	1	91600
183.216	0.25	0	1	91608
183.232	0.25	0	1	91616
183.25	0.25	0	1	91625
183.266	0.25	0	1	91633
183.282	0.25	0	1	91641
183.3	0.25	0	1	91650
183.316	0.25	1	2	91658
183.332	0.25	1	2	91666
183.35	0.25	1	2	91675
183.366	0.25	1	2	91683
183.382	0.25	0	1	91691
183.4	0.25	0	1	91700
183.416	0.25	0	1	91708
183.432	0.25	0	1	91716
183.45	0.25	1	2	91725
183.466	0.25	1	2	91733
183.482	0.25	0	1	91741
183.5	0.25	0	1	91750
183.516	0.25	1	2	91758
183.532	0.25	1	2	91766
183.55	0.25	0	1	91775
183.566	0.25	0	1	91783
183.582	0.25	1	2	91791
183.6	0.25	1	2	91800
183.616	0.25	0	1	91808
183.632	0.25	0	1	91816
183.65	0.25	1	2	91825
183.666	0.25	1	2	91833
183.682	0.25	1	2	91841
183.7	0.25	1	2	91850
183.716	0.25	0	1	91858
183.732	0.25	0	1	91866
183.75	0.25	1	2	91875
183.766	0.25	1	2	91883
183.782	0.25	0	1	91891
183.8	0.25	0	1	91900
183.816	0.25	0	1	91908
183.832	0.25	0	1	91916
183.85	0.25	0	1	91925
183.866	0.25	0	1	91933
183.882	0.25	1	2	91941
183.9	0.25	1	2	91950
183.916	0.25	0	1	91958
183.932	0.25	0	1	91966
183.95	0.25	0	1	91975
183.966	0.25	0	1	91983
183.982	0.25	0	1	91991
184.0	0.25	0	1	92000
184.016	0.25	1	2	92008
184.032	0.25	1	2	92016
184.05	0.25	1	2	92025
184.066	0.25	1	2	92033
184.082	0.25	1	2	92041
184.1	0.25	1	2	92050
184.116	0.25	0	1	92058
184.132	0.25	0	1	92066
184.15	0.25	1	2	92075
184.166	0.25	1	2	92083
184.182	0.25	0	1	92091
184.2	0.25	0	1	92100
184.216	0.25	1	2	92108
184.232	0.25	1	2	92116
184.25	0.25	1	2	92125
184.266	0.25	1	2	92133
184.282	0.25	1	2	92141
184.3	0.25	1	2	92150
184.316	0.25	1	2	92158
184.332	0.25	1	2	92166
184.35	0.25	1	2	92175
184.366	0.25	1	2	92183
184.382	0.25	0	1	92191
184.4	0.25	0	1	92200
184.416	0.25	0	1	92208
184.432	0.25	0	1	92216
184.45	0.25	1	2	92225
184.466	0.25	1	2	92233
184.482	0.25	0	1	92241
184.5	0.25	0	1	92250
184.516	0.25	0	1	92258
184.532	0.25	0	1	92266
184.55	0.25	0	1	92275
184.566	0.25	0	1	92283
184.582	0.25	1	2	92291
184.6	0.25	1	2	92300
184.616	0.25	1	2	92308
186.1	0.25	1	2	93050
186.116	0.25	1	2	93058
186.132	0.25	1	2	93066
186.15	0.25	1	2	93075
186.166	0.25	0	1	93083
186.182	0.25	0	1	93091
186.2	0.25	0	1	93100
186.216	0.25	0	1	93108
186.232	0.25	0	1	93116
186.25	0.25	0	1	93125
186.266	0.25	0	1	93133
186.282	0.25	0	1	93141
186.3	0.25	1	2	93150
186.316	0.25	1	2	93158
186.332	0.25	0	1	93166
186.35	0.25	0	1	93175
186.366	0.25	0	1	93183
186.382	0.25	0	1	93191
186.4	0.25	1	2	93200
186.416	0.25	1	2	93208
186.432	0.25	1	2	93216
186.45	0.25	1	2	93225
186.466	0.25	0	1	93233
186.482	0.25	0	1	93241
186.5	0.25	0	1	93250
186.516	0.25	0	1	93258
186.532	0.25	0	1	93266
186.55	0.25	0	1	93275
186.566	0.25	0	1	93283
186.582	0.25	0	1	93291
186.6	0.25	0	1	93300
186.616	0.25	0	1	93308
186.632	0.25	0	1	93316
186.65	0.25	0	1	93325
186.666	0.25	1	2	93333
186.682	0.25	1	2	93341
186.7	0.25	0	1	93350
186.716	0.25	0	1	93358
186.732	0.25	1	2	93366
186.75	0.25	1	2	93375
186.766	0.25	1	2	93383
186.782	0.25	1	2	93391
186.8	0.25	0	1	93400
186.816	0.25	0	1	93408
186.832	0.25	1	2	93416
186.85	0.25	1	2	93425
186.866	0.25	0	1	93433
186.882	0.25	0	1	93441
186.9	0.25	1	2	93450
186.916	0.25	1	2	93458
186.932	0.25	0	1	93466
186.95	0.25	0	1	93475
186.966	0.25	1	2	93483
186.982	0.25	1	2	93491
187.0	0.25	0	1	93500
187.016	0.25	0	1	93508
187.032	0.25	0	1	93516
187.05	0.25	0	1	93525
187.066	0.25	0	1	93533
187.082	0.25	0	1	93541
187.1	0.25	1	2	93550
187.116	0.25	1	2	93558
187.132	0.25	1	2	93566
187.15	0.25	1	2	93575
187.166	0.25	1	2	93583
187.182	0.25	1	2	93591
187.2	0.25	0	1	93600
187.216	0.25	0	1	93608
187.232	0.25	1	2	93616
187.25	0.25	1	2	93625
187.266	0.25	1	2	93633
187.282	0.25	1	2	93641
187.3	0.25	1	2	93650
187.316	0.25	1	2	93658
187.332	0.25	0	1	93666
187.35	0.25	0	1	93675
187.366	0.25	1	2	93683
187.382	0.25	1	2	93691
187.4	0.25	0	1	93700
187.416	0.25	0	1	93708
187.432	0.25	1	2	93716
187.45	0.25	1	2	93725
187.466	0.25	1	2	93733
187.482	0.25	1	2	93741
187.5	0.25	0	1	93750
187.516	0.25	0	1	93758
187.532	0.25	0	1	93766
187.55	0.25	0	1	93775
187.566	0.25	0	1	93783
187.582	0.25	0	1	93791
187.6	0.25	1	2	93800
187.616	0.25	1	2	93808
187.632	0.25	1	2	93816
187.65	0.25	1	2	93825
187.666	0.25	0	1	93833
187.682	0.25	0	1	93841
187.7	0.25	1	2	93850
187.716	0.25	1	2	93858
187.732	0.25	1	2	93866
187.75	0.25	1	2	93875
187.766	0.25	1	2	93883
187.782	0.25	1	2	93891
187.8	0.25	0	1	93900
187.816	0.25	0	1	93908
187.832	0.25	0	1	93916
187.85	0.25	0	1	93925
187.866	0.25	0	1	93933
187.882	0.25	0	1	93941
187.9	0.25	0	1	93950
187.916	0.25	0	1	93958
187.932	0.25	0	1	93966
187.95	0.25	0	1	93975
187.966	0.25	1	2	93983
187.982	0.25	1	2	93991
188.0	0.25	1	2	94000
188.016	0.25	1	2	94008
188.032	0.25	1	2	94016
189.516	0.25	1	2	94758
189.532	0.25	1	2	94766
189.55	0.25	1	2	94775
189.566	0.25	1	2	94783
189.582	0.25	1	2	94791
189.6	0.25	1	2	94800
189.616	0.25	1	2	94808
189.632	0.25	1	2	94816
189.65	0.25	1	2	94825
189.666	0.25	1	2	94833
189.682	0.25	1	2	94841
189.7	0.25	1	2	94850
189.716	0.25	1	2	94858
189.732	0.25	1	2	94866
189.75	0.25	0	1	94875
189.766	0.25	0	1	94883
189.782	0.25	0	1	94891
189.8	0.25	0	1	94900
189.816	0.25	1	2	94908
189.832	0.25	1	2	94916
189.85	0.25	1	2	94925
189.866	0.25	1	2	94933
189.882	0.25	0	1	94941
189.9	0.25	0	1	94950
189.916	0.25	0	1	94958
189.932	0.25	0	1	94966
189.95	0.25	1	2	94975
189.966	0.25	1	2	94983
189.982	0.25	1	2	94991
190.0	0.25	1	2	95000
190.016	0.25	0	1	95008
190.032	0.25	0	1	95016
190.05	0.25	0	1	95025
190.066	0.25	0	1	95033
190.082	0.25	1	2	95041
190.1	0.25	1	2	95050
190.116	0.25	0	1	95058
190.132	0.25	0	1	95066
190.15	0.25	1	2	95075
190.166	0.25	1	2	95083
190.182	0.25	1	2	95091
190.2	0.25	1	2	95100
190.216	0.25	0	1	95108
190.232	0.25	0	1	95116
190.25	0.25	1	2	95125
190.266	0.25	1	2	95133
190.282	0.25	0	1	95141
190.3	0.25	0	1	95150
190.316	0.25	0	1	95158
190.332	0.25	0	1	95166
190.35	0.25	1	2	95175
190.366	0.25	1	2	95183
190.382	0.25	0	1	95191
190.4	0.25	0	1	95200
190.416	0.25	1	2	95208
190.432	0.25	1	2	95216
190.45	0.25	1	2	95225
190.466	0.25	1	2	95233
190.482	0.25	1	2	95241
190.5	0.25	1	2	95250
190.516	0.25	0	1	95258
190.532	0.25	0	1	95266
190.55	0.25	0	1	95275
190.566	0.25	0	1	95283
190.582	0.25	0	1	95291
190.6	0.25	0	1	95300
190.616	0.25	1	2	95308
190.632	0.25	1	2	95316
190.65	0.25	0	1	95325
190.666	0.25	0	1	95333
190.682	0.25	1	2	95341
190.7	0.25	1	2	95350
190.716	0.25	1	2	95358
190.732	0.25	1	2	95366
190.75	0.25	1	2	95375
190.766	0.25	1	2	95383
190.782	0.25	0	1	95391
190.8	0.25	0	1	95400
190.816	0.25	0	1	95408
190.832	0.25	0	1	95416
190.85	0.25	1	2	95425
190.866	0.25	1	2	95433
190.882	0.25	0	1	95441
190.9	0.25	0	1	95450
190.916	0.25	1	2	95458
190.932	0.25	1	2	95466
190.95	0.25	0	1	95475
190.966	0.25	0	1	95483
190.982	0.25	0	1	95491
191.0	0.25	0	1	95500
191.016	0.25	0	1	95508
191.032	0.25	0	1	95516
191.05	0.25	1	2	95525
191.066	0.25	1	2	95533
191.082	0.25	1	2	95541
191.1	0.25	1	2	95550
191.116	0.25	0	1	95558
191.132	0.25	0	1	95566
191.15	0.25	1	2	95575
191.166	0.25	1	2	95583
191.182	0.25	0	1	95591
191.2	0.25	0	1	95600
191.216	0.25	0	1	95608
191.232	0.25	0	1	95616
191.25	0.25	0	1	95625
191.266	0.25	0	1	95633
191.282	0.25	1	2	95641
191.3	0.25	1	2	95650
191.316	0.25	0	1	95658
191.332	0.25	0	1	95666
191.35	0.25	1	2	95675
191.366	0.25	1	2	95683
191.382	0.25	0	1	95691
191.4	0.25	0	1	95700
191.416	0.25	0	1	95708
191.432	0.25	0	1	95716
191.45	0.25	1	2	95725
194.75	0.25	1	2	97375
194.766	0.25	1	2	97383
194.782	0.25	1	2	97391
194.8	0.25	1	2	97400
194.816	0.25	0	1	97408
194.832	0.25	0	1	97416
194.85	0.25	0	1	97425
194.866	0.25	0	1	97433
194.882	0.25	0	1	97441
194.9	0.25	0	1	97450
194.916	0.25	0	1	97458
194.932	0.25	0	1	97466
194.95	0.25	1	2	97475
194.966	0.25	1	2	97483
194.982	0.25	0	1	97491
195.0	0.25	0	1	97500
195.016	0.25	0	1	97508
195.032	0.25	0	1	97516
195.05	0.25	1	2	97525
195.066	0.25	1	2	97533
195.082	0.25	1	2	97541
195.1	0.25	1	2	97550
195.116	0.25	0	1	97558
195.132	0.25	0	1	97566
195.15	0.25	0	1	97575
195.166	0.25	0	1	97583
195.182	0.25	0	1	97591
195.2	0.25	0	1	97600
195.216	0.25	0	1	97608
195.232	0.25	0	1	97616
195.25	0.25	0	1	97625
195.266	0.25	0	1	97633
195.282	0.25	0	1	97641
195.3	0.25	0	1	97650
195.316	0.25	1	2	97658
195.332	0.25	1	2	97666
195.35	0.25	0	1	97675
195.366	0.25	0	1	97683
195.382	0.25	1	2	97691
195.4	0.25	1	2	97700
195.416	0.25	1	2	97708
195.432	0.25	1	2	97716
195.45	0.25	0	1	97725
195.466	0.25	0	1	97733
195.482	0.25	1	2	97741
195.5	0.25	1	2	97750
195.516	0.25	0	1	97758
195.532	0.25	0	1	97766
195.55	0.25	1	2	97775
195.566	0.25	1	2	97783
195.582	0.25	0	1	97791
195.6	0.25	0	1	97800
195.616	0.25	1	2	97808
195.632	0.25	1	2	97816
195.65	0.25	0	1	97825
195.666	0.25	0	1	97833
195.682	0.25	0	1	97841
195.7	0.25	0	1	97850
195.716	0.25	0	1	97858
195.732	0.25	0	1	97866
195.75	0.25	1	2	97875
195.766	0.25	1	2	97883
195.782	0.25	1	2	97891
195.8	0.25	1	2	97900
195.816	0.25	1	2	97908
195.832	0.25	1	2	97916
195.85	0.25	0	1	97925
195.866	0.25	0	1	97933
195.882	0.25	1	2	97941
195.9	0.25	1	2	97950
195.916	0.25	1	2	97958
195.932	0.25	1	2	97966
195.95	0.25	1	2	97975
195.966	0.25	1	2	97983
195.982	0.25	0	1	97991
196.0	0.25	0	1	98000
196.016	0.25	1	2	98008
196.032	0.25	1	2	98016
196.05	0.25	0	1	98025
196.066	0.25	0	1	98033
196.082	0.25	1	2	98041
196.1	0.25	1	2	98050
196.116	0.25	1	2	98058
196.132	0.25	1	2	98066
196.15	0.25	0	1	98075
196.166	0.25	0	1	98083
196.182	0.25	0	1	98091
196.2	0.25	0	1	98100
196.216	0.25	0	1	98108
196.232	0.25	0	1	98116
196.25	0.25	1	2	98125
196.266	0.25	1	2	98133
196.282	0.25	1	2	98141
196.3	0.25	1	2	98150
196.316	0.25	0	1	98158
196.332	0.25	0	1	98166
196.35	0.25	1	2	98175
196.366	0.25	1	2	98183
196.382	0.25	1	2	98191
196.4	0.25	1	2	98200
196.416	0.25	1	2	98208
196.432	0.25	1	2	98216
196.45	0.25	0	1	98225
196.466	0.25	0	1	98233
196.482	0.25	0	1	98241
196.5	0.25	0	1	98250
196.516	0.25	0	1	98258
196.532	0.25	0	1	98266
196.55	0.25	0	1	98275
196.566	0.25	0	1	98283
196.582	0.25	0	1	98291
196.6	0.25	0	1	98300
196.616	0.25	1	2	98308
196.632	0.25	1	2	98316
196.65	0.25	1	2	98325
196.666	0.25	1	2	98333
196.682	0.25	1	2	98341
198.166	0.25	0	1	99083
198.182	0.25	0	1	99091
198.2	0.25	0	1	99100
198.216	0.25	0	1	99108
198.232	0.25	1	2	99116
198.25	0.25	1	2	99125
198.266	0.25	1	2	99133
198.282	0.25	1	2	99141
198.3	0.25	0	1	99150
198.316	0.25	0	1	99158
198.332	0.25	0	1	99166
198.35	0.25	0	1	99175
198.366	0.25	0	1	99183
198.382	0.25	0	1	99191
198.4	0.25	0	1	99200
198.416	0.25	0	1	99208
198.432	0.25	1	2	99216
198.45	0.25	1	2	99225
198.466	0.25	1	2	99233
198.482	0.25	1	2	99241
198.5	0.25	1	2	99250
198.516	0.25	1	2	99258
198.532	0.25	1	2	99266
198.55	0.25	1	2	99275
198.566	0.25	1	2	99283
198.582	0.25	1	2	99291
198.6	0.25	0	1	99300
198.616	0.25	0	1	99308
198.632	0.25	0	1	99316
198.65	0.25	0	1	99325
198.666	0.25	0	1	99333
198.682	0.25	0	1	99341
198.7	0.25	0	1	99350
198.716	0.25	0	1	99358
198.732	0.25	0	1	99366
198.75	0.25	0	1	99375
198.766	0.25	0	1	99383
198.782	0.25	0	1	99391
198.8	0.25	1	2	99400
198.816	0.25	1	2	99408
198.832	0.25	1	2	99416
198.85	0.25	1	2	99425
198.866	0.25	0	1	99433
198.882	0.25	0	1	99441
198.9	0.25	0	1	99450
198.916	0.25	0	1	99458
198.932	0.25	1	2	99466
198.95	0.25	1	2	99475
198.966	0.25	0	1	99483
198.982	0.25	0	1	99491
199.0	0.25	1	2	99500
199.016	0.25	1	2	99508
199.032	0.25	0	1	99516
199.05	0.25	0	1	99525
199.066	0.25	1	2	99533
199.082	0.25	1	2	99541
199.1	0.25	0	1	99550
199.116	0.25	0	1	99558
199.132	0.25	1	2	99566
199.15	0.25	1	2	99575
199.166	0.25	1	2	99583
199.182	0.25	1	2	99591
199.2	0.25	0	1	99600
199.216	0.25	0	1	99608
199.232	0.25	1	2	99616
199.25	0.25	1	2	99625
199.266	0.25	0	1	99633
199.282	0.25	0	1	99641
199.3	0.25	0	1	99650
199.316	0.25	0	1	99658
199.332	0.25	0	1	99666
199.35	0.25	0	1	99675
199.366	0.25	1	2	99683
199.382	0.25	1	2	99691
199.4	0.25	0	1	99700
199.416	0.25	0	1	99708
199.432	0.25	0	1	99716
199.45	0.25	0	1	99725
199.466	0.25	0	1	99733
199.482	0.25	0	1	99741
199.5	0.25	1	2	99750
199.516	0.25	1	2	99758
199.532	0.25	1	2	99766
199.55	0.25	1	2	99775
199.566	0.25	1	2	99783
199.582	0.25	1	2	99791
199.6	0.25	0	1	99800
199.616	0.25	0	1	99808
199.632	0.25	1	2	99816
199.65	0.25	1	2	99825
199.666	0.25	0	1	99833
199.682	0.25	0	1	99841
199.7	0.25	1	2	99850
199.716	0.25	1	2	99858
199.732	0.25	1	2	99866
199.75	0.25	1	2	99875
199.766	0.25	1	2	99883
199.782	0.25	1	2	99891
199.8	0.25	1	2	99900
199.816	0.25	1	2	99908
199.832	0.25	1	2	99916
199.85	0.25	1	2	99925
199.866	0.25	0	1	99933
199.882	0.25	0	1	99941
199.9	0.25	0	1	99950
199.916	0.25	0	1	99958
199.932	0.25	1	2	99966
199.95	0.25	1	2	99975
199.966	0.25	0	1	99983
199.982	0.25	0	1	99991
200.0	0.25	0	1	100000
200.016	0.25	0	1	100008
200.032	0.25	0	1	100016
200.05	0.25	0	1	100025
200.066	0.25	1	2	100033
200.082	0.25	1	2	100041
200.1	0.25	1	2	100050
201.582	0.25	1	2	100791
201.6	0.25	1	2	100800
201.616	0.25	1	2	100808
201.632	0.25	1	2	100816
201.65	0.25	1	2	100825
201.666	0.25	1	2	100833
201.682	0.25	1	2	100841
201.7	0.25	1	2	100850
201.716	0.25	1	2	100858
201.732	0.25	1	2	100866
201.75	0.25	1	2	100875
201.766	0.25	1	2	100883
201.782	0.25	1	2	100891
201.8	0.25	1	2	100900
201.816	0.25	0	1	100908
201.832	0.25	0	1	100916
201.85	0.25	0	1	100925
201.866	0.25	0	1	100933
201.882	0.25	1	2	100941
201.9	0.25	1	2	100950
201.916	0.25	1	2	100958
201.932	0.25	1	2	100966
201.95	0.25	0	1	100975
201.966	0.25	0	1	100983
201.982	0.25	0	1	100991
202.0	0.25	0	1	101000
202.016	0.25	1	2	101008
202.032	0.25	1	2	101016
202.05	0.25	1	2	101025
202.066	0.25	1	2	101033
202.082	0.25	0	1	101041
202.1	0.25	0	1	101050
202.116	0.25	0	1	101058
202.132	0.25	0	1	101066
202.15	0.25	1	2	101075
202.166	0.25	1	2	101083
202.182	0.25	0	1	101091
202.2	0.25	0	1	101100
202.216	0.25	1	2	101108
202.232	0.25	1	2	101116
202.25	0.25	1	2	101125
202.266	0.25	1	2	101133
202.282	0.25	0	1	101141
202.3	0.25	0	1	101150
202.316	0.25	1	2	101158
202.332	0.25	1	2	101166
202.35	0.25	0	1	101175
202.366	0.25	0	1	101183
202.382	0.25	0	1	101191
202.4	0.25	0	1	101200
202.416	0.25	1	2	101208
202.432	0.25	1	2	101216
202.45	0.25	0	1	101225
202.466	0.25	0	1	101233
202.482	0.25	1	2	101241
202.5	0.25	1	2	101250
202.516	0.25	1	2	101258
202.532	0.25	1	2	101266
202.55	0.25	1	2	101275
202.566	0.25	1	2	101283
202.582	0.25	0	1	101291
202.6	0.25	0	1	101300
202.616	0.25	0	1	101308
202.632	0.25	0	1	101316
202.65	0.25	0	1	101325
202.666	0.25	0	1	101333
202.682	0.25	1	2	101341
202.7	0.25	1	2	101350
202.716	0.25	0	1	101358
202.732	0.25	0	1	101366
202.75	0.25	1	2	101375
202.766	0.25	1	2	101383
202.782	0.25	1	2	101391
202.8	0.25	1	2	101400
202.816	0.25	1	2	101408
202.832	0.25	1	2	101416
202.85	0.25	0	1	101425
202.866	0.25	0	1	101433
202.882	0.25	0	1	101441
202.9	0.25	0	1	101450
202.916	0.25	1	2	101458
202.932	0.25	1	2	101466
202.95	0.25	0	1	101475
202.966	0.25	0	1	101483
202.982	0.25	1	2	101491
203.0	0.25	1	2	101500
203.016	0.25	0	1	101508
203.032	0.25	0	1	101516
203.05	0.25	0	1	101525
203.066	0.25	0	1	101533
203.082	0.25	0	1	101541
203.1	0.25	0	1	101550
203.116	0.25	1	2	101558
203.132	0.25	1	2	101566
203.15	0.25	1	2	101575
203.166	0.25	1	2	101583
203.182	0.25	0	1	101591
203.2	0.25	0	1	101600
203.216	0.25	1	2	101608
203.232	0.25	1	2	101616
203.25	0.25	0	1	101625
203.266	0.25	0	1	101633
203.282	0.25	0	1	101641
203.3	0.25	0	1	101650
203.316	0.25	0	1	101658
203.332	0.25	0	1	101666
203.35	0.25	1	2	101675
203.366	0.25	1	2	101683
203.382	0.25	0	1	101691
203.4	0.25	0	1	101700
203.416	0.25	1	2	101708
203.432	0.25	1	2	101716
203.45	0.25	0	1	101725
203.466	0.25	0	1	101733
203.482	0.25	0	1	101741
203.5	0.25	0	1	101750
203.516	0.25	1	2	101758
205.0	0.25	1	2	102500
205.016	0.25	1	2	102508
205.032	0.25	1	2	102516
205.05	0.25	1	2	102525
205.066	0.25	0	1	102533
205.082	0.25	0	1	102541
205.1	0.25	1	2	102550
205.116	0.25	1	2	102558
205.132	0.25	1	2	102566
205.15	0.25	1	2	102575
205.166	0.25	0	1	102583
205.182	0.25	0	1	102591
205.2	0.25	1	2	102600
205.216	0.25	1	2	102608
205.232	0.25	1	2	102616
205.25	0.25	1	2	102625
205.266	0.25	0	1	102633
205.282	0.25	0	1	102641
205.3	0.25	1	2	102650
205.316	0.25	1	2	102658
205.332	0.25	1	2	102666
205.35	0.25	1	2	102675
205.366	0.25	0	1	102683
205.382	0.25	0	1	102691
205.4	0.25	0	1	102700
205.416	0.25	0	1	102708
205.432	0.25	0	1	102716
205.45	0.25	0	1	102725
205.466	0.25	1	2	102733
205.482	0.25	1	2	102741
205.5	0.25	1	2	102750
205.516	0.25	1	2	102758
205.532	0.25	1	2	102766
205.55	0.25	1	2	102775
205.566	0.25	0	1	102783
205.582	0.25	0	1	102791
205.6	0.25	0	1	102800
205.616	0.25	0	1	102808
205.632	0.25	0	1	102816
205.65	0.25	0	1	102825
205.666	0.25	1	2	102833
205.682	0.25	1	2	102841
205.7	0.25	1	2	102850
205.716	0.25	1	2	102858
205.732	0.25	1	2	102866
205.75	0.25	1	2	102875
205.766	0.25	1	2	102883
205.782	0.25	1	2	102891
205.8	0.25	1	2	102900
205.816	0.25	1	2	102908
205.832	0.25	0	1	102916
205.85	0.25	0	1	102925
205.866	0.25	0	1	102933
205.882	0.25	0	1	102941
205.9	0.25	1	2	102950
205.916	0.25	1	2	102958
205.932	0.25	0	1	102966
205.95	0.25	0	1	102975
205.966	0.25	1	2	102983
205.982	0.25	1	2	102991
206.0	0.25	0	1	103000
206.016	0.25	0	1	103008
206.032	0.25	0	1	103016
206.05	0.25	0	1	103025
206.066	0.25	1	2	103033
206.082	0.25	1	2	103041
206.1	0.25	1	2	103050
206.116	0.25	1	2	103058
206.132	0.25	0	1	103066
206.15	0.25	0	1	103075
206.166	0.25	0	1	103083
206.182	0.25	0	1	103091
206.2	0.25	0	1	103100
206.216	0.25	0	1	103108
206.232	0.25	0	1	103116
206.25	0.25	0	1	103125
206.266	0.25	1	2	103133
206.282	0.25	1	2	103141
206.3	0.25	0	1	103150
206.316	0.25	0	1	103158
206.332	0.25	0	1	103166
206.35	0.25	0	1	103175
206.366	0.25	0	1	103183
206.382	0.25	0	1	103191
206.4	0.25	0	1	103200
206.416	0.25	0	1	103208
206.432	0.25	1	2	103216
206.45	0.25	1	2	103225
206.466	0.25	1	2	103233
206.482	0.25	1	2	103241
206.5	0.25	1	2	103250
206.516	0.25	1	2	103258
206.532	0.25	1	2	103266
206.55	0.25	1	2	103275
206.566	0.25	1	2	103283
206.582	0.25	1	2	103291
206.6	0.25	1	2	103300
206.616	0.25	1	2	103308
206.632	0.25	0	1	103316
206.65	0.25	0	1	103325
206.666	0.25	1	2	103333
206.682	0.25	1	2	103341
206.7	0.25	0	1	103350
206.716	0.25	0	1	103358
206.732	0.25	1	2	103366
206.75	0.25	1	2	103375
206.766	0.25	0	1	103383
206.782	0.25	0	1	103391
206.8	0.25	0	1	103400
206.816	0.25	0	1	103408
206.832	0.25	1	2	103416
206.85	0.25	1	2	103425
206.866	0.25	1	2	103433
206.882	0.25	1	2	103441
206.9	0.25	0	1	103450
206.916	0.25	0	1	103458
206.932	0.25	0	1	103466
209.266	0.25	0	1	104633
209.282	0.25	0	1	104641
209.3	0.25	0	1	104650
209.316	0.25	0	1	104658
209.332	0.25	1	2	104666
209.35	0.25	1	2	104675
209.366	0.25	1	2	104683
209.382	0.25	1	2	104691
209.4	0.25	0	1	104700
209.416	0.25	0	1	104708
209.432	0.25	0	1	104716
209.45	0.25	0	1	104725
209.466	0.25	0	1	104733
209.482	0.25	0	1	104741
209.5	0.25	0	1	104750
209.516	0.25	0	1	104758
209.532	0.25	1	2	104766
209.55	0.25	1	2	104775
209.566	0.25	1	2	104783
209.582	0.25	1	2	104791
209.6	0.25	1	2	104800
209.616	0.25	1	2	104808
209.632	0.25	1	2	104816
209.65	0.25	1	2	104825
209.666	0.25	1	2	104833
209.682	0.25	1	2	104841
209.7	0.25	0	1	104850
209.716	0.25	0	1	104858
209.732	0.25	0	1	104866
209.75	0.25	0	1	104875
209.766	0.25	0	1	104883
209.782	0.25	0	1	104891
209.8	0.25	0	1	104900
209.816	0.25	0	1	104908
209.832	0.25	0	1	104916
209.85	0.25	0	1	104925
209.866	0.25	0	1	104933
209.882	0.25	0	1	104941
209.9	0.25	1	2	104950
209.916	0.25	1	2	104958
209.932	0.25	1	2	104966
209.95	0.25	1	2	104975
209.966	0.25	0	1	104983
209.982	0.25	0	1	104991
210.0	0.25	0	1	105000
210.016	0.25	0	1	105008
210.032	0.25	1	2	105016
210.05	0.25	1	2	105025
210.066	0.25	0	1	105033
210.082	0.25	0	1	105041
210.1	0.25	1	2	105050
210.116	0.25	1	2	105058
210.132	0.25	0	1	105066
210.15	0.25	0	1	105075
210.166	0.25	1	2	105083
210.182	0.25	1	2	105091
210.2	0.25	0	1	105100
210.216	0.25	0	1	105108
210.232	0.25	1	2	105116
210.25	0.25	1	2	105125
210.266	0.25	1	2	105133
210.282	0.25	1	2	105141
210.3	0.25	0	1	105150
210.316	0.25	0	1	105158
210.332	0.25	1	2	105166
210.35	0.25	1	2	105175
210.366	0.25	0	1	105183
210.382	0.25	0	1	105191
210.4	0.25	0	1	105200
210.416	0.25	0	1	105208
210.432	0.25	0	1	105216
210.45	0.25	0	1	105225
210.466	0.25	1	2	105233
210.482	0.25	1	2	105241
210.5	0.25	0	1	105250
210.516	0.25	0	1	105258
210.532	0.25	0	1	105266
210.55	0.25	0	1	105275
210.566	0.25	0	1	105283
210.582	0.25	0	1	105291
210.6	0.25	1	2	105300
210.616	0.25	1	2	105308
210.632	0.25	1	2	105316
210.65	0.25	1	2	105325
210.666	0.25	1	2	105333
210.682	0.25	1	2	105341
210.7	0.25	0	1	105350
210.716	0.25	0	1	105358
210.732	0.25	1	2	105366
210.75	0.25	1	2	105375
210.766	0.25	0	1	105383
210.782	0.25	0	1	105391
210.8	0.25	1	2	105400
210.816	0.25	1	2	105408
210.832	0.25	1	2	105416
210.85	0.25	1	2	105425
210.866	0.25	1	2	105433
210.882	0.25	1	2	105441
210.9	0.25	1	2	105450
210.916	0.25	1	2	105458
210.932	0.25	1	2	105466
210.95	0.25	1	2	105475
210.966	0.25	0	1	105483
210.982	0.25	0	1	105491
211.0	0.25	0	1	105500
211.016	0.25	0	1	105508
211.032	0.25	1	2	105516
211.05	0.25	1	2	105525
211.066	0.25	0	1	105533
211.082	0.25	0	1	105541
211.1	0.25	0	1	105550
211.116	0.25	0	1	105558
211.132	0.25	0	1	105566
211.15	0.25	0	1	105575
211.166	0.25	1	2	105583
211.182	0.25	1	2	105591
211.2	0.25	1	2	105600
212.682	0.25	1	2	106341
212.7	0.25	1	2	106350
212.716	0.25	1	2	106358
212.732	0.25	1	2	106366
212.75	0.25	0	1	106375
212.766	0.25	0	1	106383
212.782	0.25	1	2	106391
212.8	0.25	1	2	106400
212.816	0.25	1	2	106408
212.832	0.25	1	2	106416
212.85	0.25	0	1	106425
212.866	0.25	0	1	106433
212.882	0.25	1	2	106441
212.9	0.25	1	2	106450
212.916	0.25	1	2	106458
212.932	0.25	1	2	106466
212.95	0.25	0	1	106475
212.966	0.25	0	1	106483
212.982	0.25	1	2	106491
213.0	0.25	1	2	106500
213.016	0.25	1	2	106508
213.032	0.25	1	2	106516
213.05	0.25	0	1	106525
213.066	0.25	0	1	106533
213.082	0.25	0	1	106541
213.1	0.25	0	1	106550
213.116	0.25	0	1	106558
213.132	0.25	0	1	106566
213.15	0.25	1	2	106575
213.166	0.25	1	2	106583
213.182	0.25	1	2	106591
213.2	0.25	1	2	106600
213.216	0.25	1	2	106608
213.232	0.25	1	2	106616
213.25	0.25	0	1	106625
213.266	0.25	0	1	106633
213.282	0.25	0	1	106641
213.3	0.25	0	1	106650
213.316	0.25	0	1	106658
213.332	0.25	0	1	106666
213.35	0.25	1	2	106675
213.366	0.25	1	2	106683
213.382	0.25	1	2	106691
213.4	0.25	1	2	106700
213.416	0.25	1	2	106708
213.432	0.25	1	2	106716
213.45	0.25	1	2	106725
213.466	0.25	1	2	106733
213.482	0.25	1	2	106741
213.5	0.25	1	2	106750
213.516	0.25	0	1	106758
213.532	0.25	0	1	106766
213.55	0.25	0	1	106775
213.566	0.25	0	1	106783
213.582	0.25	1	2	106791
213.6	0.25	1	2	106800
213.616	0.25	0	1	106808
213.632	0.25	0	1	106816
213.65	0.25	1	2	106825
213.666	0.25	1	2	106833
213.682	0.25	0	1	106841
213.7	0.25	0	1	106850
213.716	0.25	0	1	106858
213.732	0.25	0	1	106866
213.75	0.25	1	2	106875
213.766	0.25	1	2	106883
213.782	0.25	1	2	106891
213.8	0.25	1	2	106900
213.816	0.25	0	1	106908
213.832	0.25	0	1	106916
213.85	0.25	0	1	106925
213.866	0.25	0	1	106933
213.882	0.25	0	1	106941
213.9	0.25	0	1	106950
213.916	0.25	0	1	106958
213.932	0.25	0	1	106966
213.95	0.25	1	2	106975
213.966	0.25	1	2	106983
213.982	0.25	0	1	106991
214.0	0.25	0	1	107000
214.016	0.25	0	1	107008
214.032	0.25	0	1	107016
214.05	0.25	0	1	107025
214.066	0.25	0	1	107033
214.082	0.25	0	1	107041
214.1	0.25	0	1	107050
214.116	0.25	1	2	107058
214.132	0.25	1	2	107066
214.15	0.25	1	2	107075
214.166	0.25	1	2	107083
214.182	0.25	1	2	107091
214.2	0.25	1	2	107100
214.216	0.25	1	2	107108
214.232	0.25	1	2	107116
214.25	0.25	1	2	107125
214.266	0.25	1	2	107133
214.282	0.25	1	2	107141
214.3	0.25	1	2	107150
214.316	0.25	0	1	107158
214.332	0.25	0	1	107166
214.35	0.25	1	2	107175
214.366	0.25	1	2	107183
214.382	0.25	0	1	107191
214.4	0.25	0	1	107200
214.416	0.25	1	2	107208
214.432	0.25	1	2	107216
214.45	0.25	0	1	107225
214.466	0.25	0	1	107233
214.482	0.25	0	1	107241
214.5	0.25	0	1	107250
214.516	0.25	1	2	107258
214.532	0.25	1	2	107266
214.55	0.25	1	2	107275
214.566	0.25	1	2	107283
214.582	0.25	0	1	107291
214.6	0.25	0	1	107300
214.616	0.25	0	1	107308
216.1	0.25	1	2	108050
216.116	0.25	1	2	108058
216.132	0.25	1	2	108066
216.15	0.25	1	2	108075
216.166	0.25	0	1	108083
216.182	0.25	0	1	108091
216.2	0.25	0	1	108100
216.216	0.25	0	1	108108
216.232	0.25	0	1	108116
216.25	0.25	0	1	108125
216.266	0.25	0	1	108133
216.282	0.25	0	1	108141
216.3	0.25	1	2	108150
216.316	0.25	1	2	108158
216.332	0.25	0	1	108166
216.35	0.25	0	1	108175
216.366	0.25	0	1	108183
216.382	0.25	0	1	108191
216.4	0.25	1	2	108200
216.416	0.25	1	2	108208
216.432	0.25	1	2	108216
216.45	0.25	1	2	108225
216.466	0.25	0	1	108233
216.482	0.25	0	1	108241
216.5	0.25	0	1	108250
216.516	0.25	0	1	108258
216.532	0.25	0	1	108266
216.55	0.25	0	1	108275
216.566	0.25	0	1	108283
216.582	0.25	0	1	108291
216.6	0.25	0	1	108300
216.616	0.25	0	1	108308
216.632	0.25	0	1	108316
216.65	0.25	0	1	108325
216.666	0.25	1	2	108333
216.682	0.25	1	2	108341
216.7	0.25	0	1	108350
216.716	0.25	0	1	108358
216.732	0.25	1	2	108366
216.75	0.25	1	2	108375
216.766	0.25	1	2	108383
216.782	0.25	1	2	108391
216.8	0.25	0	1	108400
216.816	0.25	0	1	108408
216.832	0.25	1	2	108416
216.85	0.25	1	2	108425
216.866	0.25	0	1	108433
216.882	0.25	0	1	108441
216.9	0.25	1	2	108450
216.916	0.25	1	2	108458
216.932	0.25	0	1	108466
216.95	0.25	0	1	108475
216.966	0.25	1	2	108483
216.982	0.25	1	2	108491
217.0	0.25	0	1	108500
217.016	0.25	0	1	108508
217.032	0.25	0	1	108516
217.05	0.25	0	1	108525
217.066	0.25	0	1	108533
217.082	0.25	0	1	108541
217.1	0.25	1	2	108550
217.116	0.25	1	2	108558
217.132	0.25	1	2	108566
217.15	0.25	1	2	108575
217.166	0.25	1	2	108583
217.182	0.25	1	2	108591
217.2	0.25	0	1	108600
217.216	0.25	0	1	108608
217.232	0.25	1	2	108616
217.25	0.25	1	2	108625
217.266	0.25	1	2	108633
217.282	0.25	1	2	108641
217.3	0.25	1	2	108650
217.316	0.25	1	2	108658
217.332	0.25	0	1	108666
217.35	0.25	0	1	108675
217.366	0.25	1	2	108683
217.382	0.25	1	2	108691
217.4	0.25	0	1	108700
217.416	0.25	0	1	108708
217.432	0.25	1	2	108716
217.45	0.25	1	2	108725
217.466	0.25	1	2	108733
217.482	0.25	1	2	108741
217.5	0.25	0	1	108750
217.516	0.25	0	1	108758
217.532	0.25	0	1	108766
217.55	0.25	0	1	108775
217.566	0.25	0	1	108783
217.582	0.25	0	1	108791
217.6	0.25	1	2	108800
217.616	0.25	1	2	108808
217.632	0.25	1	2	108816
217.65	0.25	1	2	108825
217.666	0.25	0	1	108833
217.682	0.25	0	1	108841
217.7	0.25	1	2	108850
217.716	0.25	1	2	108858
217.732	0.25	1	2	108866
217.75	0.25	1	2	108875
217.766	0.25	1	2	108883
217.782	0.25	1	2	108891
217.8	0.25	0	1	108900
217.816	0.25	0	1	108908
217.832	0.25	0	1	108916
217.85	0.25	0	1	108925
217.866	0.25	0	1	108933
217.882	0.25	0	1	108941
217.9	0.25	0	1	108950
217.916	0.25	0	1	108958
217.932	0.25	0	1	108966
217.95	0.25	0	1	108975
217.966	0.25	1	2	108983
217.982	0.25	1	2	108991
218.0	0.25	1	2	109000
218.016	0.25	1	2	109008
218.032	0.25	1	2	109016
219.516	0.25	1	2	109758
219.532	0.25	1	2	109766
219.55	0.25	1	2	109775
219.566	0.25	1	2	109783
219.582	0.25	1	2	109791
219.6	0.25	1	2	109800
219.616	0.25	1	2	109808
219.632	0.25	1	2	109816
219.65	0.25	1	2	109825
219.666	0.25	1	2	109833
219.682	0.25	1	2	109841
219.7	0.25	1	2	109850
219.716	0.25	1	2	109858
219.732	0.25	1	2	109866
219.75	0.25	0	1	109875
219.766	0.25	0	1	109883
219.782	0.25	0	1	109891
219.8	0.25	0	1	109900
219.816	0.25	1	2	109908
219.832	0.25	1	2	109916
219.85	0.25	1	2	109925
219.866	0.25	1	2	109933
219.882	0.25	0	1	109941
219.9	0.25	0	1	109950
219.916	0.25	0	1	109958
219.932	0.25	0	1	109966
219.95	0.25	1	2	109975
219.966	0.25	1	2	109983
219.982	0.25	1	2	109991
220.0	0.25	1	2	110000
220.016	0.25	0	1	110008
220.032	0.25	0	1	110016
220.05	0.25	0	1	110025
220.066	0.25	0	1	110033
220.082	0.25	1	2	110041
220.1	0.25	1	2	110050
220.116	0.25	0	1	110058
220.132	0.25	0	1	110066
220.15	0.25	1	2	110075
220.166	0.25	1	2	110083
220.182	0.25	1	2	110091
220.2	0.25	1	2	110100
220.216	0.25	0	1	110108
220.232	0.25	0	1	110116
220.25	0.25	1	2	110125
220.266	0.25	1	2	110133
220.282	0.25	0	1	110141
220.3	0.25	0	1	110150
220.316	0.25	0	1	110158
220.332	0.25	0	1	110166
220.35	0.25	1	2	110175
220.366	0.25	1	2	110183
220.382	0.25	0	1	110191
220.4	0.25	0	1	110200
220.416	0.25	1	2	110208
220.432	0.25	1	2	110216
220.45	0.25	1	2	110225
220.466	0.25	1	2	110233
220.482	0.25	1	2	110241
220.5	0.25	1	2	110250
220.516	0.25	0	1	110258
220.532	0.25	0	1	110266
220.55	0.25	0	1	110275
220.566	0.25	0	1	110283
220.582	0.25	0	1	110291
220.6	0.25	0	1	110300
220.616	0.25	1	2	110308
220.632	0.25	1	2	110316
220.65	0.25	0	1	110325
220.666	0.25	0	1	110333
220.682	0.25	1	2	110341
220.7	0.25	1	2	110350
220.716	0.25	1	2	110358
220.732	0.25	1	2	110366
220.75	0.25	1	2	110375
220.766	0.25	1	2	110383
220.782	0.25	0	1	110391
220.8	0.25	0	1	110400
220.816	0.25	0	1	110408
220.832	0.25	0	1	110416
220.85	0.25	1	2	110425
220.866	0.25	1	2	110433
220.882	0.25	0	1	110441
220.9	0.25	0	1	110450
220.916	0.25	1	2	110458
220.932	0.25	1	2	110466
220.95	0.25	0	1	110475
220.966	0.25	0	1	110483
220.982	0.25	0	1	110491
221.0	0.25	0	1	110500
221.016	0.25	0	1	110508
221.032	0.25	0	1	110516
221.05	0.25	1	2	110525
221.066	0.25	1	2	110533
221.082	0.25	1	2	110541
221.1	0.25	1	2	110550
221.116	0.25	0	1	110558
221.132	0.25	0	1	110566
221.15	0.25	1	2	110575
221.166	0.25	1	2	110583
221.182	0.25	0	1	110591
221.2	0.25	0	1	110600
221.216	0.25	0	1	110608
221.232	0.25	0	1	110616
221.25	0.25	0	1	110625
221.266	0.25	0	1	110633
221.282	0.25	1	2	110641
221.3	0.25	1	2	110650
221.316	0.25	0	1	110658
221.332	0.25	0	1	110666
221.35	0.25	1	2	110675
221.366	0.25	1	2	110683
221.382	0.25	0	1	110691
221.4	0.25	0	1	110700
221.416	0.25	0	1	110708
221.432	0.25	0	1	110716
221.45	0.25	1	2	110725
223.732	0.25	0	1	111866
223.75	0.25	0	1	111875
223.766	0.25	0	1	111883
223.782	0.25	0	1	111891
223.8	0.25	1	2	111900
223.816	0.25	1	2	111908
223.832	0.25	1	2	111916
223.85	0.25	1	2	111925
223.866	0.25	0	1	111933
223.882	0.25	0	1	111941
223.9	0.25	0	1	111950
223.916	0.25	0	1	111958
223.932	0.25	0	1	111966
223.95	0.25	0	1	111975
223.966	0.25	0	1	111983
223.982	0.25	0	1	111991
224.0	0.25	1	2	112000
224.016	0.25	1	2	112008
224.032	0.25	1	2	112016
224.05	0.25	1	2	112025
224.066	0.25	1	2	112033
224.082	0.25	1	2	112041
224.1	0.25	1	2	112050
224.116	0.25	1	2	112058
224.132	0.25	1	2	112066
224.15	0.25	1	2	112075
224.166	0.25	0	1	112083
224.182	0.25	0	1	112091
224.2	0.25	0	1	112100
224.216	0.25	0	1	112108
224.232	0.25	0	1	112116
224.25	0.25	0	1	112125
224.266	0.25	0	1	112133
224.282	0.25	0	1	112141
224.3	0.25	0	1	112150
224.316	0.25	0	1	112158
224.332	0.25	0	1	112166
224.35	0.25	0	1	112175
224.366	0.25	1	2	112183
224.382	0.25	1	2	112191
224.4	0.25	1	2	112200
224.416	0.25	1	2	112208
224.432	0.25	0	1	112216
224.45	0.25	0	1	112225
224.466	0.25	0	1	112233
224.482	0.25	0	1	112241
224.5	0.25	1	2	112250
224.516	0.25	1	2	112258
224.532	0.25	0	1	112266
224.55	0.25	0	1	112275
224.566	0.25	1	2	112283
224.582	0.25	1	2	112291
224.6	0.25	0	1	112300
224.616	0.25	0	1	112308
224.632	0.25	1	2	112316
224.65	0.25	1	2	112325
224.666	0.25	0	1	112333
224.682	0.25	0	1	112341
224.7	0.25	1	2	112350
224.716	0.25	1	2	112358
224.732	0.25	1	2	112366
224.75	0.25	1	2	112375
224.766	0.25	0	1	112383
224.782	0.25	0	1	112391
224.8	0.25	1	2	112400
224.816	0.25	1	2	112408
224.832	0.25	0	1	112416
224.85	0.25	0	1	112425
224.866	0.25	0	1	112433
224.882	0.25	0	1	112441
224.9	0.25	0	1	112450
224.916	0.25	0	1	112458
224.932	0.25	1	2	112466
224.95	0.25	1	2	112475
224.966	0.25	0	1	112483
224.982	0.25	0	1	112491
225.0	0.25	0	1	112500
225.016	0.25	0	1	112508
225.032	0.25	0	1	112516
225.05	0.25	0	1	112525
225.066	0.25	1	2	112533
225.082	0.25	1	2	112541
225.1	0.25	1	2	112550
225.116	0.25	1	2	112558
225.132	0.25	1	2	112566
225.15	0.25	1	2	112575
225.166	0.25	0	1	112583
225.182	0.25	0	1	112591
225.2	0.25	1	2	112600
225.216	0.25	1	2	112608
225.232	0.25	0	1	112616
225.25	0.25	0	1	112625
225.266	0.25	1	2	112633
225.282	0.25	1	2	112641
225.3	0.25	1	2	112650
225.316	0.25	1	2	112658
225.332	0.25	1	2	112666
225.35	0.25	1	2	112675
225.366	0.25	1	2	112683
225.382	0.25	1	2	112691
225.4	0.25	1	2	112700
225.416	0.25	1	2	112708
225.432	0.25	0	1	112716
225.45	0.25	0	1	112725
225.466	0.25	0	1	112733
225.482	0.25	0	1	112741
225.5	0.25	1	2	112750
225.516	0.25	1	2	112758
225.532	0.25	0	1	112766
225.55	0.25	0	1	112775
225.566	0.25	0	1	112783
225.582	0.25	0	1	112791
225.6	0.25	0	1	112800
225.616	0.25	0	1	112808
225.632	0.25	1	2	112816
225.65	0.25	1	2	112825
225.666	0.25	1	2	112833
227.15	0.25	1	2	113575
227.166	0.25	1	2	113583
227.182	0.25	1	2	113591
227.2	0.25	1	2	113600
227.216	0.25	0	1	113608
227.232	0.25	0	1	113616
227.25	0.25	1	2	113625
227.266	0.25	1	2	113633
227.282	0.25	1	2	113641
227.3	0.25	1	2	113650
227.316	0.25	0	1	113658
227.332	0.25	0	1	113666
227.35	0.25	1	2	113675
227.366	0.25	1	2	113683
227.382	0.25	1	2	113691
227.4	0.25	1	2	113700
227.416	0.25	0	1	113708
227.432	0.25	0	1	113716
227.45	0.25	1	2	113725
227.466	0.25	1	2	113733
227.482	0.25	1	2	113741
227.5	0.25	1	2	113750
227.516	0.25	0	1	113758
227.532	0.25	0	1	113766
227.55	0.25	0	1	113775
227.566	0.25	0	1	113783
227.582	0.25	0	1	113791
227.6	0.25	0	1	113800
227.616	0.25	1	2	113808
227.632	0.25	1	2	113816
227.65	0.25	1	2	113825
227.666	0.25	1	2	113833
227.682	0.25	1	2	113841
227.7	0.25	1	2	113850
227.716	0.25	0	1	113858
227.732	0.25	0	1	113866
227.75	0.25	0	1	113875
227.766	0.25	0	1	113883
227.782	0.25	0	1	113891
227.8	0.25	0	1	113900
227.816	0.25	1	2	113908
227.832	0.25	1	2	113916
227.85	0.25	1	2	113925
227.866	0.25	1	2	113933
227.882	0.25	1	2	113941
227.9	0.25	1	2	113950
227.916	0.25	1	2	113958
227.932	0.25	1	2	113966
227.95	0.25	1	2	113975
227.966	0.25	1	2	113983
227.982	0.25	0	1	113991
228.0	0.25	0	1	114000
228.016	0.25	0	1	114008
228.032	0.25	0	1	114016
228.05	0.25	1	2	114025
228.066	0.25	1	2	114033
228.082	0.25	0	1	114041
228.1	0.25	0	1	114050
228.116	0.25	1	2	114058
228.132	0.25	1	2	114066
228.15	0.25	0	1	114075
228.166	0.25	0	1	114083
228.182	0.25	0	1	114091
228.2	0.25	0	1	114100
228.216	0.25	1	2	114108
228.232	0.25	1	2	114116
228.25	0.25	1	2	114125
228.266	0.25	1	2	114133
228.282	0.25	0	1	114141
228.3	0.25	0	1	114150
228.316	0.25	0	1	114158
228.332	0.25	0	1	114166
228.35	0.25	0	1	114175
228.366	0.25	0	1	114183
228.382	0.25	0	1	114191
228.4	0.25	0	1	114200
228.416	0.25	1	2	114208
228.432	0.25	1	2	114216
228.45	0.25	0	1	114225
228.466	0.25	0	1	114233
228.482	0.25	0	1	114241
228.5	0.25	0	1	114250
228.516	0.25	0	1	114258
228.532	0.25	0	1	114266
228.55	0.25	0	1	114275
228.566	0.25	0	1	114283
228.582	0.25	1	2	114291
228.6	0.25	1	2	114300
228.616	0.25	1	2	114308
228.632	0.25	1	2	114316
228.65	0.25	1	2	114325
228.666	0.25	1	2	114333
228.682	0.25	1	2	114341
228.7	0.25	1	2	114350
228.716	0.25	1	2	114358
228.732	0.25	1	2	114366
228.75	0.25	1	2	114375
228.766	0.25	1	2	114383
228.782	0.25	0	1	114391
228.8	0.25	0	1	114400
228.816	0.25	1	2	114408
228.832	0.25	1	2	114416
228.85	0.25	0	1	114425
228.866	0.25	0	1	114433
228.882	0.25	1	2	114441
228.9	0.25	1	2	114450
228.916	0.25	0	1	114458
228.932	0.25	0	1	114466
228.95	0.25	0	1	114475
228.966	0.25	0	1	114483
228.982	0.25	1	2	114491
229.0	0.25	1	2	114500
229.016	0.25	1	2	114508
229.032	0.25	1	2	114516
229.05	0.25	0	1	114525
229.066	0.25	0	1	114533
229.082	0.25	0	1	114541
230.566	0.25	1	2	115283
230.582	0.25	1	2	115291
230.6	0.25	1	2	115300
230.616	0.25	1	2	115308
230.632	0.25	0	1	115316
230.65	0.25	0	1	115325
230.666	0.25	0	1	115333
230.682	0.25	0	1	115341
230.7	0.25	0	1	115350
230.716	0.25	0	1	115358
230.732	0.25	0	1	115366
230.75	0.25	0	1	115375
230.766	0.25	1	2	115383
230.782	0.25	1	2	115391
230.8	0.25	0	1	115400
230.816	0.25	0	1	115408
230.832	0.25	0	1	115416
230.85	0.25	0	1	115425
230.866	0.25	1	2	115433
230.882	0.25	1	2	115441
230.9	0.25	1	2	115450
230.916	0.25	1	2	115458
230.932	0.25	0	1	115466
230.95	0.25	0	1	115475
230.966	0.25	0	1	115483
230.982	0.25	0	1	115491
231.0	0.25	0	1	115500
231.016	0.25	0	1	115508
231.032	0.25	0	1	115516
231.05	0.25	0	1	115525
231.066	0.25	0	1	115533
231.082	0.25	0	1	115541
231.1	0.25	0	1	115550
231.116	0.25	0	1	115558
231.132	0.25	1	2	115566
231.15	0.25	1	2	115575
231.166	0.25	0	1	115583
231.182	0.25	0	1	115591
231.2	0.25	1	2	115600
231.216	0.25	1	2	115608
231.232	0.25	1	2	115616
231.25	0.25	1	2	115625
231.266	0.25	0	1	115633
231.282	0.25	0	1	115641
231.3	0.25	1	2	115650
231.316	0.25	1	2	115658
231.332	0.25	0	1	115666
231.35	0.25	0	1	115675
231.366	0.25	1	2	115683
231.382	0.25	1	2	115691
231.4	0.25	0	1	115700
231.416	0.25	0	1	115708
231.432	0.25	1	2	115716
231.45	0.25	1	2	115725
231.466	0.25	0	1	115733
231.482	0.25	0	1	115741
231.5	0.25	0	1	115750
231.516	0.25	0	1	115758
231.532	0.25	0	1	115766
231.55	0.25	0	1	115775
231.566	0.25	1	2	115783
231.582	0.25	1	2	115791
231.6	0.25	1	2	115800
231.616	0.25	1	2	115808
231.632	0.25	1	2	115816
231.65	0.25	1	2	115825
231.666	0.25	0	1	115833
231.682	0.25	0	1	115841
231.7	0.25	1	2	115850
231.716	0.25	1	2	115858
231.732	0.25	1	2	115866
231.75	0.25	1	2	115875
231.766	0.25	1	2	115883
231.782	0.25	1	2	115891
231.8	0.25	0	1	115900
231.816	0.25	0	1	115908
231.832	0.25	1	2	115916
231.85	0.25	1	2	115925
231.866	0.25	0	1	115933
231.882	0.25	0	1	115941
231.9	0.25	1	2	115950
231.916	0.25	1	2	115958
231.932	0.25	1	2	115966
231.95	0.25	1	2	115975
231.966	0.25	0	1	115983
231.982	0.25	0	1	115991
232.0	0.25	0	1	116000
232.016	0.25	0	1	116008
232.032	0.25	0	1	116016
232.05	0.25	0	1	116025
232.066	0.25	1	2	116033
232.082	0.25	1	2	116041
232.1	0.25	1	2	116050
232.116	0.25	1	2	116058
232.132	0.25	0	1	116066
232.15	0.25	0	1	116075
232.166	0.25	1	2	116083
232.182	0.25	1	2	116091
232.2	0.25	1	2	116100
232.216	0.25	1	2	116108
232.232	0.25	1	2	116116
232.25	0.25	1	2	116125
232.266	0.25	0	1	116133
232.282	0.25	0	1	116141
232.3	0.25	0	1	116150
232.316	0.25	0	1	116158
232.332	0.25	0	1	116166
232.35	0.25	0	1	116175
232.366	0.25	0	1	116183
232.382	0.25	0	1	116191
232.4	0.25	0	1	116200
232.416	0.25	0	1	116208
232.432	0.25	1	2	116216
232.45	0.25	1	2	116225
232.466	0.25	1	2	116233
232.482	0.25	1	2	116241
232.5	0.25	1	2	116250
233.982	0.25	1	2	116991
234.0	0.25	1	2	117000
234.016	0.25	1	2	117008
234.032	0.25	1	2	117016
234.05	0.25	1	2	117025
234.066	0.25	1	2	117033
234.082	0.25	1	2	117041
234.1	0.25	1	2	117050
234.116	0.25	1	2	117058
234.132	0.25	1	2	117066
234.15	0.25	1	2	117075
234.166	0.25	1	2	117083
234.182	0.25	1	2	117091
234.2	0.25	1	2	117100
234.216	0.25	0	1	117108
234.232	0.25	0	1	117116
234.25	0.25	0	1	117125
234.266	0.25	0	1	117133
234.282	0.25	1	2	117141
234.3	0.25	1	2	117150
234.316	0.25	1	2	117158
234.332	0.25	1	2	117166
234.35	0.25	0	1	117175
234.366	0.25	0	1	117183
234.382	0.25	0	1	117191
234.4	0.25	0	1	117200
234.416	0.25	1	2	117208
234.432	0.25	1	2	117216
234.45	0.25	1	2	117225
234.466	0.25	1	2	117233
234.482	0.25	0	1	117241
234.5	0.25	0	1	117250
234.516	0.25	0	1	117258
234.532	0.25	0	1	117266
234.55	0.25	1	2	117275
234.566	0.25	1	2	117283
234.582	0.25	0	1	117291
234.6	0.25	0	1	117300
234.616	0.25	1	2	117308
234.632	0.25	1	2	117316
234.65	0.25	1	2	117325
234.666	0.25	1	2	117333
234.682	0.25	0	1	117341
234.7	0.25	0	1	117350
234.716	0.25	1	2	117358
234.732	0.25	1	2	117366
234.75	0.25	0	1	117375
234.766	0.25	0	1	117383
234.782	0.25	0	1	117391
234.8	0.25	0	1	117400
234.816	0.25	1	2	117408
234.832	0.25	1	2	117416
234.85	0.25	0	1	117425
234.866	0.25	0	1	117433
234.882	0.25	1	2	117441
234.9	0.25	1	2	117450
234.916	0.25	1	2	117458
234.932	0.25	1	2	117466
234.95	0.25	1	2	117475
234.966	0.25	1	2	117483
234.982	0.25	0	1	117491
235.0	0.25	0	1	117500
235.016	0.25	0	1	117508
235.032	0.25	0	1	117516
235.05	0.25	0	1	117525
235.066	0.25	0	1	117533
235.082	0.25	1	2	117541
235.1	0.25	1	2	117550
235.116	0.25	0	1	117558
235.132	0.25	0	1	117566
235.15	0.25	1	2	117575
235.166	0.25	1	2	117583
235.182	0.25	1	2	117591
235.2	0.25	1	2	117600
235.216	0.25	1	2	117608
235.232	0.25	1	2	117616
235.25	0.25	0	1	117625
235.266	0.25	0	1	117633
235.282	0.25	0	1	117641
235.3	0.25	0	1	117650
235.316	0.25	1	2	117658
235.332	0.25	1	2	117666
235.35	0.25	0	1	117675
235.366	0.25	0	1	117683
235.382	0.25	1	2	117691
235.4	0.25	1	2	117700
235.416	0.25	0	1	117708
235.432	0.25	0	1	117716
235.45	0.25	0	1	117725
235.466	0.25	0	1	117733
235.482	0.25	0	1	117741
235.5	0.25	0	1	117750
235.516	0.25	1	2	117758
235.532	0.25	1	2	117766
235.55	0.25	1	2	117775
235.566	0.25	1	2	117783
235.582	0.25	0	1	117791
235.6	0.25	0	1	117800
235.616	0.25	1	2	117808
235.632	0.25	1	2	117816
235.65	0.25	0	1	117825
235.666	0.25	0	1	117833
235.682	0.25	0	1	117841
235.7	0.25	0	1	117850
235.716	0.25	0	1	117858
235.732	0.25	0	1	117866
235.75	0.25	1	2	117875
235.766	0.25	1	2	117883
235.782	0.25	0	1	117891
235.8	0.25	0	1	117900
235.816	0.25	1	2	117908
235.832	0.25	1	2	117916
235.85	0.25	0	1	117925
235.866	0.25	0	1	117933
235.882	0.25	0	1	117941
235.9	0.25	0	1	117950
235.916	0.25	1	2	117958
