onset	duration	trial_type	value	sample
12.882	0.25	1	2	6441
12.9	0.25	1	2	6450
12.916	0.25	1	2	6458
12.932	0.25	1	2	6466
12.95	0.25	1	2	6475
12.966	0.25	1	2	6483
12.982	0.25	1	2	6491
13.0	0.25	1	2	6500
13.016	0.25	1	2	6508
13.032	0.25	1	2	6516
13.05	0.25	1	2	6525
13.066	0.25	1	2	6533
13.082	0.25	1	2	6541
13.1	0.25	1	2	6550
13.116	0.25	0	1	6558
13.132	0.25	0	1	6566
13.15	0.25	0	1	6575
13.166	0.25	0	1	6583
13.182	0.25	1	2	6591
13.2	0.25	1	2	6600
13.216	0.25	1	2	6608
13.232	0.25	1	2	6616
13.25	0.25	0	1	6625
13.266	0.25	0	1	6633
13.282	0.25	0	1	6641
13.3	0.25	0	1	6650
13.316	0.25	1	2	6658
13.332	0.25	1	2	6666
13.35	0.25	1	2	6675
13.366	0.25	1	2	6683
13.382	0.25	0	1	6691
13.4	0.25	0	1	6700
13.416	0.25	0	1	6708
13.432	0.25	0	1	6716
13.45	0.25	1	2	6725
13.466	0.25	1	2	6733
13.482	0.25	0	1	6741
13.5	0.25	0	1	6750
13.516	0.25	1	2	6758
13.532	0.25	1	2	6766
13.55	0.25	1	2	6775
13.566	0.25	1	2	6783
13.582	0.25	0	1	6791
13.6	0.25	0	1	6800
13.616	0.25	1	2	6808
13.632	0.25	1	2	6816
13.65	0.25	0	1	6825
13.666	0.25	0	1	6833
13.682	0.25	0	1	6841
13.7	0.25	0	1	6850
13.716	0.25	1	2	6858
13.732	0.25	1	2	6866
13.75	0.25	0	1	6875
13.766	0.25	0	1	6883
13.782	0.25	1	2	6891
13.8	0.25	1	2	6900
13.816	0.25	1	2	6908
13.832	0.25	1	2	6916
13.85	0.25	1	2	6925
13.866	0.25	1	2	6933
13.882	0.25	0	1	6941
13.9	0.25	0	1	6950
13.916	0.25	0	1	6958
13.932	0.25	0	1	6966
13.95	0.25	0	1	6975
13.966	0.25	0	1	6983
13.982	0.25	1	2	6991
14.0	0.25	1	2	7000
14.016	0.25	0	1	7008
14.032	0.25	0	1	7016
14.05	0.25	1	2	7025
14.066	0.25	1	2	7033
14.082	0.25	1	2	7041
14.1	0.25	1	2	7050
14.116	0.25	1	2	7058
14.132	0.25	1	2	7066
14.15	0.25	0	1	7075
14.166	0.25	0	1	7083
14.182	0.25	0	1	7091
14.2	0.25	0	1	7100
14.216	0.25	1	2	7108
14.232	0.25	1	2	7116
14.25	0.25	0	1	7125
14.266	0.25	0	1	7133
14.282	0.25	1	2	7141
14.3	0.25	1	2	7150
14.316	0.25	0	1	7158
14.332	0.25	0	1	7166
14.35	0.25	0	1	7175
14.366	0.25	0	1	7183
14.382	0.25	0	1	7191
14.4	0.25	0	1	7200
14.416	0.25	1	2	7208
14.432	0.25	1	2	7216
14.45	0.25	1	2	7225
14.466	0.25	1	2	7233
14.482	0.25	0	1	7241
14.5	0.25	0	1	7250
14.516	0.25	1	2	7258
14.532	0.25	1	2	7266
14.55	0.25	0	1	7275
14.566	0.25	0	1	7283
14.582	0.25	0	1	7291
14.6	0.25	0	1	7300
14.616	0.25	0	1	7308
14.632	0.25	0	1	7316
14.65	0.25	1	2	7325
14.666	0.25	1	2	7333
14.682	0.25	0	1	7341
14.7	0.25	0	1	7350
14.716	0.25	1	2	7358
14.732	0.25	1	2	7366
14.75	0.25	0	1	7375
14.766	0.25	0	1	7383
14.782	0.25	0	1	7391
14.8	0.25	0	1	7400
14.816	0.25	1	2	7408
16.3	0.25	1	2	8150
16.316	0.25	1	2	8158
16.332	0.25	1	2	8166
16.35	0.25	1	2	8175
16.366	0.25	0	1	8183
16.382	0.25	0	1	8191
16.4	0.25	1	2	8200
16.416	0.25	1	2	8208
16.432	0.25	1	2	8216
16.45	0.25	1	2	8225
16.466	0.25	0	1	8233
16.482	0.25	0	1	8241
16.5	0.25	1	2	8250
16.516	0.25	1	2	8258
16.532	0.25	1	2	8266
16.55	0.25	1	2	8275
16.566	0.25	0	1	8283
16.582	0.25	0	1	8291
16.6	0.25	1	2	8300
16.616	0.25	1	2	8308
16.632	0.25	1	2	8316
16.65	0.25	1	2	8325
16.666	0.25	0	1	8333
16.682	0.25	0	1	8341
16.7	0.25	0	1	8350
16.716	0.25	0	1	8358
16.732	0.25	0	1	8366
16.75	0.25	0	1	8375
16.766	0.25	1	2	8383
16.782	0.25	1	2	8391
16.8	0.25	1	2	8400
16.816	0.25	1	2	8408
16.832	0.25	1	2	8416
16.85	0.25	1	2	8425
16.866	0.25	0	1	8433
16.882	0.25	0	1	8441
16.9	0.25	0	1	8450
16.916	0.25	0	1	8458
16.932	0.25	0	1	8466
16.95	0.25	0	1	8475
16.966	0.25	1	2	8483
16.982	0.25	1	2	8491
17.0	0.25	1	2	8500
17.016	0.25	1	2	8508
17.032	0.25	1	2	8516
17.05	0.25	1	2	8525
17.066	0.25	1	2	8533
17.082	0.25	1	2	8541
17.1	0.25	1	2	8550
17.116	0.25	1	2	8558
17.132	0.25	0	1	8566
17.15	0.25	0	1	8575
17.166	0.25	0	1	8583
17.182	0.25	0	1	8591
17.2	0.25	1	2	8600
17.216	0.25	1	2	8608
17.232	0.25	0	1	8616
17.25	0.25	0	1	8625
17.266	0.25	1	2	8633
17.282	0.25	1	2	8641
17.3	0.25	0	1	8650
17.316	0.25	0	1	8658
17.332	0.25	0	1	8666
17.35	0.25	0	1	8675
17.366	0.25	1	2	8683
17.382	0.25	1	2	8691
17.4	0.25	1	2	8700
17.416	0.25	1	2	8708
17.432	0.25	0	1	8716
17.45	0.25	0	1	8725
17.466	0.25	0	1	8733
17.482	0.25	0	1	8741
17.5	0.25	0	1	8750
17.516	0.25	0	1	8758
17.532	0.25	0	1	8766
17.55	0.25	0	1	8775
17.566	0.25	1	2	8783
17.582	0.25	1	2	8791
17.6	0.25	0	1	8800
17.616	0.25	0	1	8808
17.632	0.25	0	1	8816
17.65	0.25	0	1	8825
17.666	0.25	0	1	8833
17.682	0.25	0	1	8841
17.7	0.25	0	1	8850
17.716	0.25	0	1	8858
17.732	0.25	1	2	8866
17.75	0.25	1	2	8875
17.766	0.25	1	2	8883
17.782	0.25	1	2	8891
17.8	0.25	1	2	8900
17.816	0.25	1	2	8908
17.832	0.25	1	2	8916
17.85	0.25	1	2	8925
17.866	0.25	1	2	8933
17.882	0.25	1	2	8941
17.9	0.25	1	2	8950
17.916	0.25	1	2	8958
17.932	0.25	0	1	8966
17.95	0.25	0	1	8975
17.966	0.25	1	2	8983
17.982	0.25	1	2	8991
18.0	0.25	0	1	9000
18.016	0.25	0	1	9008
18.032	0.25	1	2	9016
18.05	0.25	1	2	9025
18.066	0.25	0	1	9033
18.082	0.25	0	1	9041
18.1	0.25	0	1	9050
18.116	0.25	0	1	9058
18.132	0.25	1	2	9066
18.15	0.25	1	2	9075
18.166	0.25	1	2	9083
18.182	0.25	1	2	9091
18.2	0.25	0	1	9100
18.216	0.25	0	1	9108
18.232	0.25	0	1	9116
19.716	0.25	1	2	9858
19.732	0.25	1	2	9866
19.75	0.25	1	2	9875
19.766	0.25	1	2	9883
19.782	0.25	0	1	9891
19.8	0.25	0	1	9900
19.816	0.25	0	1	9908
19.832	0.25	0	1	9916
19.85	0.25	0	1	9925
19.866	0.25	0	1	9933
19.882	0.25	0	1	9941
19.9	0.25	0	1	9950
19.916	0.25	1	2	9958
19.932	0.25	1	2	9966
19.95	0.25	0	1	9975
19.966	0.25	0	1	9983
19.982	0.25	0	1	9991
20.0	0.25	0	1	10000
20.016	0.25	1	2	10008
20.032	0.25	1	2	10016
20.05	0.25	1	2	10025
20.066	0.25	1	2	10033
20.082	0.25	0	1	10041
20.1	0.25	0	1	10050
20.116	0.25	0	1	10058
20.132	0.25	0	1	10066
20.15	0.25	0	1	10075
20.166	0.25	0	1	10083
20.182	0.25	0	1	10091
20.2	0.25	0	1	10100
20.216	0.25	0	1	10108
20.232	0.25	0	1	10116
20.25	0.25	0	1	10125
20.266	0.25	0	1	10133
20.282	0.25	1	2	10141
20.3	0.25	1	2	10150
20.316	0.25	0	1	10158
20.332	0.25	0	1	10166
20.35	0.25	1	2	10175
20.366	0.25	1	2	10183
20.382	0.25	1	2	10191
20.4	0.25	1	2	10200
20.416	0.25	0	1	10208
20.432	0.25	0	1	10216
20.45	0.25	1	2	10225
20.466	0.25	1	2	10233
20.482	0.25	0	1	10241
20.5	0.25	0	1	10250
20.516	0.25	1	2	10258
20.532	0.25	1	2	10266
20.55	0.25	0	1	10275
20.566	0.25	0	1	10283
20.582	0.25	1	2	10291
20.6	0.25	1	2	10300
20.616	0.25	0	1	10308
20.632	0.25	0	1	10316
20.65	0.25	0	1	10325
20.666	0.25	0	1	10333
20.682	0.25	0	1	10341
20.7	0.25	0	1	10350
20.716	0.25	1	2	10358
20.732	0.25	1	2	10366
20.75	0.25	1	2	10375
20.766	0.25	1	2	10383
20.782	0.25	1	2	10391
20.8	0.25	1	2	10400
20.816	0.25	0	1	10408
20.832	0.25	0	1	10416
20.85	0.25	1	2	10425
20.866	0.25	1	2	10433
20.882	0.25	1	2	10441
20.9	0.25	1	2	10450
20.916	0.25	1	2	10458
20.932	0.25	1	2	10466
20.95	0.25	0	1	10475
20.966	0.25	0	1	10483
20.982	0.25	1	2	10491
21.0	0.25	1	2	10500
21.016	0.25	0	1	10508
21.032	0.25	0	1	10516
21.05	0.25	1	2	10525
21.066	0.25	1	2	10533
21.082	0.25	1	2	10541
21.1	0.25	1	2	10550
21.116	0.25	0	1	10558
21.132	0.25	0	1	10566
21.15	0.25	0	1	10575
21.166	0.25	0	1	10583
21.182	0.25	0	1	10591
21.2	0.25	0	1	10600
21.216	0.25	1	2	10608
21.232	0.25	1	2	10616
21.25	0.25	1	2	10625
21.266	0.25	1	2	10633
21.282	0.25	0	1	10641
21.3	0.25	0	1	10650
21.316	0.25	1	2	10658
21.332	0.25	1	2	10666
21.35	0.25	1	2	10675
21.366	0.25	1	2	10683
21.382	0.25	1	2	10691
21.4	0.25	1	2	10700
21.416	0.25	0	1	10708
21.432	0.25	0	1	10716
21.45	0.25	0	1	10725
21.466	0.25	0	1	10733
21.482	0.25	0	1	10741
21.5	0.25	0	1	10750
21.516	0.25	0	1	10758
21.532	0.25	0	1	10766
21.55	0.25	0	1	10775
21.566	0.25	0	1	10783
21.582	0.25	1	2	10791
21.6	0.25	1	2	10800
21.616	0.25	1	2	10808
21.632	0.25	1	2	10816
21.65	0.25	1	2	10825
23.132	0.25	0	1	11566
23.15	0.25	0	1	11575
23.166	0.25	0	1	11583
23.182	0.25	0	1	11591
23.2	0.25	1	2	11600
23.216	0.25	1	2	11608
23.232	0.25	1	2	11616
23.25	0.25	1	2	11625
23.266	0.25	0	1	11633
23.282	0.25	0	1	11641
23.3	0.25	0	1	11650
23.316	0.25	0	1	11658
23.332	0.25	0	1	11666
23.35	0.25	0	1	11675
23.366	0.25	0	1	11683
23.382	0.25	0	1	11691
23.4	0.25	1	2	11700
23.416	0.25	1	2	11708
23.432	0.25	1	2	11716
23.45	0.25	1	2	11725
23.466	0.25	1	2	11733
23.482	0.25	1	2	11741
23.5	0.25	1	2	11750
23.516	0.25	1	2	11758
23.532	0.25	1	2	11766
23.55	0.25	1	2	11775
23.566	0.25	0	1	11783
23.582	0.25	0	1	11791
23.6	0.25	0	1	11800
23.616	0.25	0	1	11808
23.632	0.25	0	1	11816
23.65	0.25	0	1	11825
23.666	0.25	0	1	11833
23.682	0.25	0	1	11841
23.7	0.25	0	1	11850
23.716	0.25	0	1	11858
23.732	0.25	0	1	11866
23.75	0.25	0	1	11875
23.766	0.25	1	2	11883
23.782	0.25	1	2	11891
23.8	0.25	1	2	11900
23.816	0.25	1	2	11908
23.832	0.25	0	1	11916
23.85	0.25	0	1	11925
23.866	0.25	0	1	11933
23.882	0.25	0	1	11941
23.9	0.25	1	2	11950
23.916	0.25	1	2	11958
23.932	0.25	0	1	11966
23.95	0.25	0	1	11975
23.966	0.25	1	2	11983
23.982	0.25	1	2	11991
24.0	0.25	0	1	12000
24.016	0.25	0	1	12008
24.032	0.25	1	2	12016
24.05	0.25	1	2	12025
24.066	0.25	0	1	12033
24.082	0.25	0	1	12041
24.1	0.25	1	2	12050
24.116	0.25	1	2	12058
24.132	0.25	1	2	12066
24.15	0.25	1	2	12075
24.166	0.25	0	1	12083
24.182	0.25	0	1	12091
24.2	0.25	1	2	12100
24.216	0.25	1	2	12108
24.232	0.25	0	1	12116
24.25	0.25	0	1	12125
24.266	0.25	0	1	12133
24.282	0.25	0	1	12141
24.3	0.25	0	1	12150
24.316	0.25	0	1	12158
24.332	0.25	1	2	12166
24.35	0.25	1	2	12175
24.366	0.25	0	1	12183
24.382	0.25	0	1	12191
24.4	0.25	0	1	12200
24.416	0.25	0	1	12208
24.432	0.25	0	1	12216
24.45	0.25	0	1	12225
24.466	0.25	1	2	12233
24.482	0.25	1	2	12241
24.5	0.25	1	2	12250
24.516	0.25	1	2	12258
24.532	0.25	1	2	12266
24.55	0.25	1	2	12275
24.566	0.25	0	1	12283
24.582	0.25	0	1	12291
24.6	0.25	1	2	12300
24.616	0.25	1	2	12308
24.632	0.25	0	1	12316
24.65	0.25	0	1	12325
24.666	0.25	1	2	12333
24.682	0.25	1	2	12341
24.7	0.25	1	2	12350
24.716	0.25	1	2	12358
24.732	0.25	1	2	12366
24.75	0.25	1	2	12375
24.766	0.25	1	2	12383
24.782	0.25	1	2	12391
24.8	0.25	1	2	12400
24.816	0.25	1	2	12408
24.832	0.25	0	1	12416
24.85	0.25	0	1	12425
24.866	0.25	0	1	12433
24.882	0.25	0	1	12441
24.9	0.25	1	2	12450
24.916	0.25	1	2	12458
24.932	0.25	0	1	12466
24.95	0.25	0	1	12475
24.966	0.25	0	1	12483
24.982	0.25	0	1	12491
25.0	0.25	0	1	12500
25.016	0.25	0	1	12508
25.032	0.25	1	2	12516
25.05	0.25	1	2	12525
25.066	0.25	1	2	12533
29.9	0.25	1	2	14950
29.916	0.25	1	2	14958
29.932	0.25	1	2	14966
29.95	0.25	1	2	14975
29.966	0.25	0	1	14983
29.982	0.25	0	1	14991
30.0	0.25	0	1	15000
30.016	0.25	0	1	15008
30.032	0.25	0	1	15016
30.05	0.25	0	1	15025
30.066	0.25	0	1	15033
30.082	0.25	0	1	15041
30.1	0.25	1	2	15050
30.116	0.25	1	2	15058
30.132	0.25	0	1	15066
30.15	0.25	0	1	15075
30.166	0.25	0	1	15083
30.182	0.25	0	1	15091
30.2	0.25	1	2	15100
30.216	0.25	1	2	15108
30.232	0.25	1	2	15116
30.25	0.25	1	2	15125
30.266	0.25	0	1	15133
30.282	0.25	0	1	15141
30.3	0.25	0	1	15150
30.316	0.25	0	1	15158
30.332	0.25	0	1	15166
30.35	0.25	0	1	15175
30.366	0.25	0	1	15183
30.382	0.25	0	1	15191
30.4	0.25	0	1	15200
30.416	0.25	0	1	15208
30.432	0.25	0	1	15216
30.45	0.25	0	1	15225
30.466	0.25	1	2	15233
30.482	0.25	1	2	15241
30.5	0.25	0	1	15250
30.516	0.25	0	1	15258
30.532	0.25	1	2	15266
30.55	0.25	1	2	15275
30.566	0.25	1	2	15283
30.582	0.25	1	2	15291
30.6	0.25	0	1	15300
30.616	0.25	0	1	15308
30.632	0.25	1	2	15316
30.65	0.25	1	2	15325
30.666	0.25	0	1	15333
30.682	0.25	0	1	15341
30.7	0.25	1	2	15350
30.716	0.25	1	2	15358
30.732	0.25	0	1	15366
30.75	0.25	0	1	15375
30.766	0.25	1	2	15383
30.782	0.25	1	2	15391
30.8	0.25	0	1	15400
30.816	0.25	0	1	15408
30.832	0.25	0	1	15416
30.85	0.25	0	1	15425
30.866	0.25	0	1	15433
30.882	0.25	0	1	15441
30.9	0.25	1	2	15450
30.916	0.25	1	2	15458
30.932	0.25	1	2	15466
30.95	0.25	1	2	15475
30.966	0.25	1	2	15483
30.982	0.25	1	2	15491
31.0	0.25	0	1	15500
31.016	0.25	0	1	15508
31.032	0.25	1	2	15516
31.05	0.25	1	2	15525
31.066	0.25	1	2	15533
31.082	0.25	1	2	15541
31.1	0.25	1	2	15550
31.116	0.25	1	2	15558
31.132	0.25	0	1	15566
31.15	0.25	0	1	15575
31.166	0.25	1	2	15583
31.182	0.25	1	2	15591
31.2	0.25	0	1	15600
31.216	0.25	0	1	15608
31.232	0.25	1	2	15616
31.25	0.25	1	2	15625
31.266	0.25	1	2	15633
31.282	0.25	1	2	15641
31.3	0.25	0	1	15650
31.316	0.25	0	1	15658
31.332	0.25	0	1	15666
31.35	0.25	0	1	15675
31.366	0.25	0	1	15683
31.382	0.25	0	1	15691
31.4	0.25	1	2	15700
31.416	0.25	1	2	15708
31.432	0.25	1	2	15716
31.45	0.25	1	2	15725
31.466	0.25	0	1	15733
31.482	0.25	0	1	15741
31.5	0.25	1	2	15750
31.516	0.25	1	2	15758
31.532	0.25	1	2	15766
31.55	0.25	1	2	15775
31.566	0.25	1	2	15783
31.582	0.25	1	2	15791
31.6	0.25	0	1	15800
31.616	0.25	0	1	15808
31.632	0.25	0	1	15816
31.65	0.25	0	1	15825
31.666	0.25	0	1	15833
31.682	0.25	0	1	15841
31.7	0.25	0	1	15850
31.716	0.25	0	1	15858
31.732	0.25	0	1	15866
31.75	0.25	0	1	15875
31.766	0.25	1	2	15883
31.782	0.25	1	2	15891
31.8	0.25	1	2	15900
31.816	0.25	1	2	15908
31.832	0.25	1	2	15916
33.316	0.25	1	2	16658
33.332	0.25	1	2	16666
33.35	0.25	1	2	16675
33.366	0.25	1	2	16683
33.382	0.25	0	1	16691
33.4	0.25	0	1	16700
33.416	0.25	1	2	16708
33.432	0.25	1	2	16716
33.45	0.25	1	2	16725
33.466	0.25	1	2	16733
33.482	0.25	0	1	16741
33.5	0.25	0	1	16750
33.516	0.25	1	2	16758
33.532	0.25	1	2	16766
33.55	0.25	1	2	16775
33.566	0.25	1	2	16783
33.582	0.25	0	1	16791
33.6	0.25	0	1	16800
33.616	0.25	1	2	16808
33.632	0.25	1	2	16816
33.65	0.25	1	2	16825
33.666	0.25	1	2	16833
33.682	0.25	0	1	16841
33.7	0.25	0	1	16850
33.716	0.25	0	1	16858
33.732	0.25	0	1	16866
33.75	0.25	0	1	16875
33.766	0.25	0	1	16883
33.782	0.25	1	2	16891
33.8	0.25	1	2	16900
33.816	0.25	1	2	16908
33.832	0.25	1	2	16916
33.85	0.25	1	2	16925
33.866	0.25	1	2	16933
33.882	0.25	0	1	16941
33.9	0.25	0	1	16950
33.916	0.25	0	1	16958
33.932	0.25	0	1	16966
33.95	0.25	0	1	16975
33.966	0.25	0	1	16983
33.982	0.25	1	2	16991
34.0	0.25	1	2	17000
34.016	0.25	1	2	17008
34.032	0.25	1	2	17016
34.05	0.25	1	2	17025
34.066	0.25	1	2	17033
34.082	0.25	1	2	17041
34.1	0.25	1	2	17050
34.116	0.25	1	2	17058
34.132	0.25	1	2	17066
34.15	0.25	0	1	17075
34.166	0.25	0	1	17083
34.182	0.25	0	1	17091
34.2	0.25	0	1	17100
34.216	0.25	1	2	17108
34.232	0.25	1	2	17116
34.25	0.25	0	1	17125
34.266	0.25	0	1	17133
34.282	0.25	1	2	17141
34.3	0.25	1	2	17150
34.316	0.25	0	1	17158
34.332	0.25	0	1	17166
34.35	0.25	0	1	17175
34.366	0.25	0	1	17183
34.382	0.25	1	2	17191
34.4	0.25	1	2	17200
34.416	0.25	1	2	17208
34.432	0.25	1	2	17216
34.45	0.25	0	1	17225
34.466	0.25	0	1	17233
34.482	0.25	0	1	17241
34.5	0.25	0	1	17250
34.516	0.25	0	1	17258
34.532	0.25	0	1	17266
34.55	0.25	0	1	17275
34.566	0.25	0	1	17283
34.582	0.25	1	2	17291
34.6	0.25	1	2	17300
34.616	0.25	0	1	17308
34.632	0.25	0	1	17316
34.65	0.25	0	1	17325
34.666	0.25	0	1	17333
34.682	0.25	0	1	17341
34.7	0.25	0	1	17350
34.716	0.25	0	1	17358
34.732	0.25	0	1	17366
34.75	0.25	1	2	17375
34.766	0.25	1	2	17383
34.782	0.25	1	2	17391
34.8	0.25	1	2	17400
34.816	0.25	1	2	17408
34.832	0.25	1	2	17416
34.85	0.25	1	2	17425
34.866	0.25	1	2	17433
34.882	0.25	1	2	17441
34.9	0.25	1	2	17450
34.916	0.25	1	2	17458
34.932	0.25	1	2	17466
34.95	0.25	0	1	17475
34.966	0.25	0	1	17483
34.982	0.25	1	2	17491
35.0	0.25	1	2	17500
35.016	0.25	0	1	17508
35.032	0.25	0	1	17516
35.05	0.25	1	2	17525
35.066	0.25	1	2	17533
35.082	0.25	0	1	17541
35.1	0.25	0	1	17550
35.116	0.25	0	1	17558
35.132	0.25	0	1	17566
35.15	0.25	1	2	17575
35.166	0.25	1	2	17583
35.182	0.25	1	2	17591
35.2	0.25	1	2	17600
35.216	0.25	0	1	17608
35.232	0.25	0	1	17616
35.25	0.25	0	1	17625
36.732	0.25	1	2	18366
36.75	0.25	1	2	18375
36.766	0.25	1	2	18383
36.782	0.25	1	2	18391
36.8	0.25	1	2	18400
36.816	0.25	1	2	18408
36.832	0.25	1	2	18416
36.85	0.25	1	2	18425
36.866	0.25	1	2	18433
36.882	0.25	1	2	18441
36.9	0.25	1	2	18450
36.916	0.25	1	2	18458
36.932	0.25	1	2	18466
36.95	0.25	1	2	18475
36.966	0.25	0	1	18483
36.982	0.25	0	1	18491
37.0	0.25	0	1	18500
37.016	0.25	0	1	18508
37.032	0.25	1	2	18516
37.05	0.25	1	2	18525
37.066	0.25	1	2	18533
37.082	0.25	1	2	18541
37.1	0.25	0	1	18550
37.116	0.25	0	1	18558
37.132	0.25	0	1	18566
37.15	0.25	0	1	18575
37.166	0.25	1	2	18583
37.182	0.25	1	2	18591
37.2	0.25	1	2	18600
37.216	0.25	1	2	18608
37.232	0.25	0	1	18616
37.25	0.25	0	1	18625
37.266	0.25	0	1	18633
37.282	0.25	0	1	18641
37.3	0.25	1	2	18650
37.316	0.25	1	2	18658
37.332	0.25	0	1	18666
37.35	0.25	0	1	18675
37.366	0.25	1	2	18683
37.382	0.25	1	2	18691
37.4	0.25	1	2	18700
37.416	0.25	1	2	18708
37.432	0.25	0	1	18716
37.45	0.25	0	1	18725
37.466	0.25	1	2	18733
37.482	0.25	1	2	18741
37.5	0.25	0	1	18750
37.516	0.25	0	1	18758
37.532	0.25	0	1	18766
37.55	0.25	0	1	18775
37.566	0.25	1	2	18783
37.582	0.25	1	2	18791
37.6	0.25	0	1	18800
37.616	0.25	0	1	18808
37.632	0.25	1	2	18816
37.65	0.25	1	2	18825
37.666	0.25	1	2	18833
37.682	0.25	1	2	18841
37.7	0.25	1	2	18850
37.716	0.25	1	2	18858
37.732	0.25	0	1	18866
37.75	0.25	0	1	18875
37.766	0.25	0	1	18883
37.782	0.25	0	1	18891
37.8	0.25	0	1	18900
37.816	0.25	0	1	18908
37.832	0.25	1	2	18916
37.85	0.25	1	2	18925
37.866	0.25	0	1	18933
37.882	0.25	0	1	18941
37.9	0.25	1	2	18950
37.916	0.25	1	2	18958
37.932	0.25	1	2	18966
37.95	0.25	1	2	18975
37.966	0.25	1	2	18983
37.982	0.25	1	2	18991
38.0	0.25	0	1	19000
38.016	0.25	0	1	19008
38.032	0.25	0	1	19016
38.05	0.25	0	1	19025
38.066	0.25	1	2	19033
38.082	0.25	1	2	19041
38.1	0.25	0	1	19050
38.116	0.25	0	1	19058
38.132	0.25	1	2	19066
38.15	0.25	1	2	19075
38.166	0.25	0	1	19083
38.182	0.25	0	1	19091
38.2	0.25	0	1	19100
38.216	0.25	0	1	19108
38.232	0.25	0	1	19116
38.25	0.25	0	1	19125
38.266	0.25	1	2	19133
38.282	0.25	1	2	19141
38.3	0.25	1	2	19150
38.316	0.25	1	2	19158
38.332	0.25	0	1	19166
38.35	0.25	0	1	19175
38.366	0.25	1	2	19183
38.382	0.25	1	2	19191
38.4	0.25	0	1	19200
38.416	0.25	0	1	19208
38.432	0.25	0	1	19216
38.45	0.25	0	1	19225
38.466	0.25	0	1	19233
38.482	0.25	0	1	19241
38.5	0.25	1	2	19250
38.516	0.25	1	2	19258
38.532	0.25	0	1	19266
38.55	0.25	0	1	19275
38.566	0.25	1	2	19283
38.582	0.25	1	2	19291
38.6	0.25	0	1	19300
38.616	0.25	0	1	19308
38.632	0.25	0	1	19316
38.65	0.25	0	1	19325
38.666	0.25	1	2	19333
40.15	0.25	0	1	20075
40.166	0.25	0	1	20083
40.182	0.25	0	1	20091
40.2	0.25	0	1	20100
40.216	0.25	1	2	20108
40.232	0.25	1	2	20116
40.25	0.25	1	2	20125
40.266	0.25	1	2	20133
40.282	0.25	0	1	20141
40.3	0.25	0	1	20150
40.316	0.25	0	1	20158
40.332	0.25	0	1	20166
40.35	0.25	0	1	20175
40.366	0.25	0	1	20183
40.382	0.25	0	1	20191
40.4	0.25	0	1	20200
40.416	0.25	1	2	20208
40.432	0.25	1	2	20216
40.45	0.25	1	2	20225
40.466	0.25	1	2	20233
40.482	0.25	1	2	20241
40.5	0.25	1	2	20250
40.516	0.25	1	2	20258
40.532	0.25	1	2	20266
40.55	0.25	1	2	20275
40.566	0.25	1	2	20283
40.582	0.25	0	1	20291
40.6	0.25	0	1	20300
40.616	0.25	0	1	20308
40.632	0.25	0	1	20316
40.65	0.25	0	1	20325
40.666	0.25	0	1	20333
40.682	0.25	0	1	20341
40.7	0.25	0	1	20350
40.716	0.25	0	1	20358
40.732	0.25	0	1	20366
40.75	0.25	0	1	20375
40.766	0.25	0	1	20383
40.782	0.25	1	2	20391
40.8	0.25	1	2	20400
40.816	0.25	1	2	20408
40.832	0.25	1	2	20416
40.85	0.25	0	1	20425
40.866	0.25	0	1	20433
40.882	0.25	0	1	20441
40.9	0.25	0	1	20450
40.916	0.25	1	2	20458
40.932	0.25	1	2	20466
40.95	0.25	0	1	20475
40.966	0.25	0	1	20483
40.982	0.25	1	2	20491
41.0	0.25	1	2	20500
41.016	0.25	0	1	20508
41.032	0.25	0	1	20516
41.05	0.25	1	2	20525
41.066	0.25	1	2	20533
41.082	0.25	0	1	20541
41.1	0.25	0	1	20550
41.116	0.25	1	2	20558
41.132	0.25	1	2	20566
41.15	0.25	1	2	20575
41.166	0.25	1	2	20583
41.182	0.25	0	1	20591
41.2	0.25	0	1	20600
41.216	0.25	1	2	20608
41.232	0.25	1	2	20616
41.25	0.25	0	1	20625
41.266	0.25	0	1	20633
41.282	0.25	0	1	20641
41.3	0.25	0	1	20650
41.316	0.25	0	1	20658
41.332	0.25	0	1	20666
41.35	0.25	1	2	20675
41.366	0.25	1	2	20683
41.382	0.25	0	1	20691
41.4	0.25	0	1	20700
41.416	0.25	0	1	20708
41.432	0.25	0	1	20716
41.45	0.25	0	1	20725
41.466	0.25	0	1	20733
41.482	0.25	1	2	20741
41.5	0.25	1	2	20750
41.516	0.25	1	2	20758
41.532	0.25	1	2	20766
41.55	0.25	1	2	20775
41.566	0.25	1	2	20783
41.582	0.25	0	1	20791
41.6	0.25	0	1	20800
41.616	0.25	1	2	20808
41.632	0.25	1	2	20816
41.65	0.25	0	1	20825
41.666	0.25	0	1	20833
41.682	0.25	1	2	20841
41.7	0.25	1	2	20850
41.716	0.25	1	2	20858
41.732	0.25	1	2	20866
41.75	0.25	1	2	20875
41.766	0.25	1	2	20883
41.782	0.25	1	2	20891
41.8	0.25	1	2	20900
41.816	0.25	1	2	20908
41.832	0.25	1	2	20916
41.85	0.25	0	1	20925
41.866	0.25	0	1	20933
41.882	0.25	0	1	20941
41.9	0.25	0	1	20950
41.916	0.25	1	2	20958
41.932	0.25	1	2	20966
41.95	0.25	0	1	20975
41.966	0.25	0	1	20983
41.982	0.25	0	1	20991
42.0	0.25	0	1	21000
42.016	0.25	0	1	21008
42.032	0.25	0	1	21016
42.05	0.25	1	2	21025
42.066	0.25	1	2	21033
42.082	0.25	1	2	21041
44.8	0.25	0	1	22400
44.816	0.25	0	1	22408
44.832	0.25	0	1	22416
44.85	0.25	0	1	22425
44.866	0.25	1	2	22433
44.882	0.25	1	2	22441
44.9	0.25	1	2	22450
44.916	0.25	1	2	22458
44.932	0.25	0	1	22466
44.95	0.25	0	1	22475
44.966	0.25	0	1	22483
44.982	0.25	0	1	22491
45.0	0.25	0	1	22500
45.016	0.25	0	1	22508
45.032	0.25	0	1	22516
45.05	0.25	0	1	22525
45.066	0.25	1	2	22533
45.082	0.25	1	2	22541
45.1	0.25	1	2	22550
45.116	0.25	1	2	22558
45.132	0.25	1	2	22566
45.15	0.25	1	2	22575
45.166	0.25	1	2	22583
45.182	0.25	1	2	22591
45.2	0.25	1	2	22600
45.216	0.25	1	2	22608
45.232	0.25	0	1	22616
45.25	0.25	0	1	22625
45.266	0.25	0	1	22633
45.282	0.25	0	1	22641
45.3	0.25	0	1	22650
45.316	0.25	0	1	22658
45.332	0.25	0	1	22666
45.35	0.25	0	1	22675
45.366	0.25	0	1	22683
45.382	0.25	0	1	22691
45.4	0.25	0	1	22700
45.416	0.25	0	1	22708
45.432	0.25	1	2	22716
45.45	0.25	1	2	22725
45.466	0.25	1	2	22733
45.482	0.25	1	2	22741
45.5	0.25	0	1	22750
45.516	0.25	0	1	22758
45.532	0.25	0	1	22766
45.55	0.25	0	1	22775
45.566	0.25	1	2	22783
45.582	0.25	1	2	22791
45.6	0.25	0	1	22800
45.616	0.25	0	1	22808
45.632	0.25	1	2	22816
45.65	0.25	1	2	22825
45.666	0.25	0	1	22833
45.682	0.25	0	1	22841
45.7	0.25	1	2	22850
45.716	0.25	1	2	22858
45.732	0.25	0	1	22866
45.75	0.25	0	1	22875
45.766	0.25	1	2	22883
45.782	0.25	1	2	22891
45.8	0.25	1	2	22900
45.816	0.25	1	2	22908
45.832	0.25	0	1	22916
45.85	0.25	0	1	22925
45.866	0.25	1	2	22933
45.882	0.25	1	2	22941
45.9	0.25	0	1	22950
45.916	0.25	0	1	22958
45.932	0.25	0	1	22966
45.95	0.25	0	1	22975
45.966	0.25	0	1	22983
45.982	0.25	0	1	22991
46.0	0.25	1	2	23000
46.016	0.25	1	2	23008
46.032	0.25	0	1	23016
46.05	0.25	0	1	23025
46.066	0.25	0	1	23033
46.082	0.25	0	1	23041
46.1	0.25	0	1	23050
46.116	0.25	0	1	23058
46.132	0.25	1	2	23066
46.15	0.25	1	2	23075
46.166	0.25	1	2	23083
46.182	0.25	1	2	23091
46.2	0.25	1	2	23100
46.216	0.25	1	2	23108
46.232	0.25	0	1	23116
46.25	0.25	0	1	23125
46.266	0.25	1	2	23133
46.282	0.25	1	2	23141
46.3	0.25	0	1	23150
46.316	0.25	0	1	23158
46.332	0.25	1	2	23166
46.35	0.25	1	2	23175
46.366	0.25	1	2	23183
46.382	0.25	1	2	23191
46.4	0.25	1	2	23200
46.416	0.25	1	2	23208
46.432	0.25	1	2	23216
46.45	0.25	1	2	23225
46.466	0.25	1	2	23233
46.482	0.25	1	2	23241
46.5	0.25	0	1	23250
46.516	0.25	0	1	23258
46.532	0.25	0	1	23266
46.55	0.25	0	1	23275
46.566	0.25	1	2	23283
46.582	0.25	1	2	23291
46.6	0.25	0	1	23300
46.616	0.25	0	1	23308
46.632	0.25	0	1	23316
46.65	0.25	0	1	23325
46.666	0.25	0	1	23333
46.682	0.25	0	1	23341
46.7	0.25	1	2	23350
46.716	0.25	1	2	23358
46.732	0.25	1	2	23366
48.216	0.25	1	2	24108
48.232	0.25	1	2	24116
48.25	0.25	1	2	24125
48.266	0.25	1	2	24133
48.282	0.25	0	1	24141
48.3	0.25	0	1	24150
48.316	0.25	0	1	24158
48.332	0.25	0	1	24166
48.35	0.25	0	1	24175
48.366	0.25	0	1	24183
48.382	0.25	0	1	24191
48.4	0.25	0	1	24200
48.416	0.25	1	2	24208
48.432	0.25	1	2	24216
48.45	0.25	0	1	24225
48.466	0.25	0	1	24233
48.482	0.25	0	1	24241
48.5	0.25	0	1	24250
48.516	0.25	1	2	24258
48.532	0.25	1	2	24266
48.55	0.25	1	2	24275
48.566	0.25	1	2	24283
48.582	0.25	0	1	24291
48.6	0.25	0	1	24300
48.616	0.25	0	1	24308
48.632	0.25	0	1	24316
48.65	0.25	0	1	24325
48.666	0.25	0	1	24333
48.682	0.25	0	1	24341
48.7	0.25	0	1	24350
48.716	0.25	0	1	24358
48.732	0.25	0	1	24366
48.75	0.25	0	1	24375
48.766	0.25	0	1	24383
48.782	0.25	1	2	24391
48.8	0.25	1	2	24400
48.816	0.25	0	1	24408
48.832	0.25	0	1	24416
48.85	0.25	1	2	24425
48.866	0.25	1	2	24433
48.882	0.25	1	2	24441
48.9	0.25	1	2	24450
48.916	0.25	0	1	24458
48.932	0.25	0	1	24466
48.95	0.25	1	2	24475
48.966	0.25	1	2	24483
48.982	0.25	0	1	24491
49.0	0.25	0	1	24500
49.016	0.25	1	2	24508
49.032	0.25	1	2	24516
49.05	0.25	0	1	24525
49.066	0.25	0	1	24533
49.082	0.25	1	2	24541
49.1	0.25	1	2	24550
49.116	0.25	0	1	24558
49.132	0.25	0	1	24566
49.15	0.25	0	1	24575
49.166	0.25	0	1	24583
49.182	0.25	0	1	24591
49.2	0.25	0	1	24600
49.216	0.25	1	2	24608
49.232	0.25	1	2	24616
49.25	0.25	1	2	24625
49.266	0.25	1	2	24633
49.282	0.25	1	2	24641
49.3	0.25	1	2	24650
49.316	0.25	0	1	24658
49.332	0.25	0	1	24666
49.35	0.25	1	2	24675
49.366	0.25	1	2	24683
49.382	0.25	1	2	24691
49.4	0.25	1	2	24700
49.416	0.25	1	2	24708
49.432	0.25	1	2	24716
49.45	0.25	0	1	24725
49.466	0.25	0	1	24733
49.482	0.25	1	2	24741
49.5	0.25	1	2	24750
49.516	0.25	0	1	24758
49.532	0.25	0	1	24766
49.55	0.25	1	2	24775
49.566	0.25	1	2	24783
49.582	0.25	1	2	24791
49.6	0.25	1	2	24800
49.616	0.25	0	1	24808
49.632	0.25	0	1	24816
49.65	0.25	0	1	24825
49.666	0.25	0	1	24833
49.682	0.25	0	1	24841
49.7	0.25	0	1	24850
49.716	0.25	1	2	24858
49.732	0.25	1	2	24866
49.75	0.25	1	2	24875
49.766	0.25	1	2	24883
49.782	0.25	0	1	24891
49.8	0.25	0	1	24900
49.816	0.25	1	2	24908
49.832	0.25	1	2	24916
49.85	0.25	1	2	24925
49.866	0.25	1	2	24933
49.882	0.25	1	2	24941
49.9	0.25	1	2	24950
49.916	0.25	0	1	24958
49.932	0.25	0	1	24966
49.95	0.25	0	1	24975
49.966	0.25	0	1	24983
49.982	0.25	0	1	24991
50.0	0.25	0	1	25000
50.016	0.25	0	1	25008
50.032	0.25	0	1	25016
50.05	0.25	0	1	25025
50.066	0.25	0	1	25033
50.082	0.25	1	2	25041
50.1	0.25	1	2	25050
50.116	0.25	1	2	25058
50.132	0.25	1	2	25066
50.15	0.25	1	2	25075
51.632	0.25	1	2	25816
51.65	0.25	1	2	25825
51.666	0.25	1	2	25833
51.682	0.25	1	2	25841
51.7	0.25	1	2	25850
51.716	0.25	1	2	25858
51.732	0.25	1	2	25866
51.75	0.25	1	2	25875
51.766	0.25	1	2	25883
51.782	0.25	1	2	25891
51.8	0.25	1	2	25900
51.816	0.25	1	2	25908
51.832	0.25	1	2	25916
51.85	0.25	1	2	25925
51.866	0.25	0	1	25933
51.882	0.25	0	1	25941
51.9	0.25	0	1	25950
51.916	0.25	0	1	25958
51.932	0.25	1	2	25966
51.95	0.25	1	2	25975
51.966	0.25	1	2	25983
51.982	0.25	1	2	25991
52.0	0.25	0	1	26000
52.016	0.25	0	1	26008
52.032	0.25	0	1	26016
52.05	0.25	0	1	26025
52.066	0.25	1	2	26033
52.082	0.25	1	2	26041
52.1	0.25	1	2	26050
52.116	0.25	1	2	26058
52.132	0.25	0	1	26066
52.15	0.25	0	1	26075
52.166	0.25	0	1	26083
52.182	0.25	0	1	26091
52.2	0.25	1	2	26100
52.216	0.25	1	2	26108
52.232	0.25	0	1	26116
52.25	0.25	0	1	26125
52.266	0.25	1	2	26133
52.282	0.25	1	2	26141
52.3	0.25	1	2	26150
52.316	0.25	1	2	26158
52.332	0.25	0	1	26166
52.35	0.25	0	1	26175
52.366	0.25	1	2	26183
52.382	0.25	1	2	26191
52.4	0.25	0	1	26200
52.416	0.25	0	1	26208
52.432	0.25	0	1	26216
52.45	0.25	0	1	26225
52.466	0.25	1	2	26233
52.482	0.25	1	2	26241
52.5	0.25	0	1	26250
52.516	0.25	0	1	26258
52.532	0.25	1	2	26266
52.55	0.25	1	2	26275
52.566	0.25	1	2	26283
52.582	0.25	1	2	26291
52.6	0.25	1	2	26300
52.616	0.25	1	2	26308
52.632	0.25	0	1	26316
52.65	0.25	0	1	26325
52.666	0.25	0	1	26333
52.682	0.25	0	1	26341
52.7	0.25	0	1	26350
52.716	0.25	0	1	26358
52.732	0.25	1	2	26366
52.75	0.25	1	2	26375
52.766	0.25	0	1	26383
52.782	0.25	0	1	26391
52.8	0.25	1	2	26400
52.816	0.25	1	2	26408
52.832	0.25	1	2	26416
52.85	0.25	1	2	26425
52.866	0.25	1	2	26433
52.882	0.25	1	2	26441
52.9	0.25	0	1	26450
52.916	0.25	0	1	26458
52.932	0.25	0	1	26466
52.95	0.25	0	1	26475
52.966	0.25	1	2	26483
52.982	0.25	1	2	26491
53.0	0.25	0	1	26500
53.016	0.25	0	1	26508
53.032	0.25	1	2	26516
53.05	0.25	1	2	26525
53.066	0.25	0	1	26533
53.082	0.25	0	1	26541
53.1	0.25	0	1	26550
53.116	0.25	0	1	26558
53.132	0.25	0	1	26566
53.15	0.25	0	1	26575
53.166	0.25	1	2	26583
53.182	0.25	1	2	26591
53.2	0.25	1	2	26600
53.216	0.25	1	2	26608
53.232	0.25	0	1	26616
53.25	0.25	0	1	26625
53.266	0.25	1	2	26633
53.282	0.25	1	2	26641
53.3	0.25	0	1	26650
53.316	0.25	0	1	26658
53.332	0.25	0	1	26666
53.35	0.25	0	1	26675
53.366	0.25	0	1	26683
53.382	0.25	0	1	26691
53.4	0.25	1	2	26700
53.416	0.25	1	2	26708
53.432	0.25	0	1	26716
53.45	0.25	0	1	26725
53.466	0.25	1	2	26733
53.482	0.25	1	2	26741
53.5	0.25	0	1	26750
53.516	0.25	0	1	26758
53.532	0.25	0	1	26766
53.55	0.25	0	1	26775
53.566	0.25	1	2	26783
55.05	0.25	1	2	27525
55.066	0.25	1	2	27533
55.082	0.25	1	2	27541
55.1	0.25	1	2	27550
55.116	0.25	0	1	27558
55.132	0.25	0	1	27566
55.15	0.25	1	2	27575
55.166	0.25	1	2	27583
55.182	0.25	1	2	27591
55.2	0.25	1	2	27600
55.216	0.25	0	1	27608
55.232	0.25	0	1	27616
55.25	0.25	1	2	27625
55.266	0.25	1	2	27633
55.282	0.25	1	2	27641
55.3	0.25	1	2	27650
55.316	0.25	0	1	27658
55.332	0.25	0	1	27666
55.35	0.25	1	2	27675
55.366	0.25	1	2	27683
55.382	0.25	1	2	27691
55.4	0.25	1	2	27700
55.416	0.25	0	1	27708
55.432	0.25	0	1	27716
55.45	0.25	0	1	27725
55.466	0.25	0	1	27733
55.482	0.25	0	1	27741
55.5	0.25	0	1	27750
55.516	0.25	1	2	27758
55.532	0.25	1	2	27766
55.55	0.25	1	2	27775
55.566	0.25	1	2	27783
55.582	0.25	1	2	27791
55.6	0.25	1	2	27800
55.616	0.25	0	1	27808
55.632	0.25	0	1	27816
55.65	0.25	0	1	27825
55.666	0.25	0	1	27833
55.682	0.25	0	1	27841
55.7	0.25	0	1	27850
55.716	0.25	1	2	27858
55.732	0.25	1	2	27866
55.75	0.25	1	2	27875
55.766	0.25	1	2	27883
55.782	0.25	1	2	27891
55.8	0.25	1	2	27900
55.816	0.25	1	2	27908
55.832	0.25	1	2	27916
55.85	0.25	1	2	27925
55.866	0.25	1	2	27933
55.882	0.25	0	1	27941
55.9	0.25	0	1	27950
55.916	0.25	0	1	27958
55.932	0.25	0	1	27966
55.95	0.25	1	2	27975
55.966	0.25	1	2	27983
55.982	0.25	0	1	27991
56.0	0.25	0	1	28000
56.016	0.25	1	2	28008
56.032	0.25	1	2	28016
56.05	0.25	0	1	28025
56.066	0.25	0	1	28033
56.082	0.25	0	1	28041
56.1	0.25	0	1	28050
56.116	0.25	1	2	28058
56.132	0.25	1	2	28066
56.15	0.25	1	2	28075
56.166	0.25	1	2	28083
56.182	0.25	0	1	28091
56.2	0.25	0	1	28100
56.216	0.25	0	1	28108
56.232	0.25	0	1	28116
56.25	0.25	0	1	28125
56.266	0.25	0	1	28133
56.282	0.25	0	1	28141
56.3	0.25	0	1	28150
56.316	0.25	1	2	28158
56.332	0.25	1	2	28166
56.35	0.25	0	1	28175
56.366	0.25	0	1	28183
56.382	0.25	0	1	28191
56.4	0.25	0	1	28200
56.416	0.25	0	1	28208
56.432	0.25	0	1	28216
56.45	0.25	0	1	28225
56.466	0.25	0	1	28233
56.482	0.25	1	2	28241
56.5	0.25	1	2	28250
56.516	0.25	1	2	28258
56.532	0.25	1	2	28266
56.55	0.25	1	2	28275
56.566	0.25	1	2	28283
56.582	0.25	1	2	28291
56.6	0.25	1	2	28300
56.616	0.25	1	2	28308
56.632	0.25	1	2	28316
56.65	0.25	1	2	28325
56.666	0.25	1	2	28333
56.682	0.25	0	1	28341
56.7	0.25	0	1	28350
56.716	0.25	1	2	28358
56.732	0.25	1	2	28366
56.75	0.25	0	1	28375
56.766	0.25	0	1	28383
56.782	0.25	1	2	28391
56.8	0.25	1	2	28400
56.816	0.25	0	1	28408
56.832	0.25	0	1	28416
56.85	0.25	0	1	28425
56.866	0.25	0	1	28433
56.882	0.25	1	2	28441
56.9	0.25	1	2	28450
56.916	0.25	1	2	28458
56.932	0.25	1	2	28466
56.95	0.25	0	1	28475
56.966	0.25	0	1	28483
56.982	0.25	0	1	28491
60.35	0.25	1	2	30175
60.366	0.25	1	2	30183
60.382	0.25	1	2	30191
60.4	0.25	1	2	30200
60.416	0.25	0	1	30208
60.432	0.25	0	1	30216
60.45	0.25	1	2	30225
60.466	0.25	1	2	30233
60.482	0.25	1	2	30241
60.5	0.25	1	2	30250
60.516	0.25	0	1	30258
60.532	0.25	0	1	30266
60.55	0.25	1	2	30275
60.566	0.25	1	2	30283
60.582	0.25	1	2	30291
60.6	0.25	1	2	30300
60.616	0.25	0	1	30308
60.632	0.25	0	1	30316
60.65	0.25	1	2	30325
60.666	0.25	1	2	30333
60.682	0.25	1	2	30341
60.7	0.25	1	2	30350
60.716	0.25	0	1	30358
60.732	0.25	0	1	30366
60.75	0.25	0	1	30375
60.766	0.25	0	1	30383
60.782	0.25	0	1	30391
60.8	0.25	0	1	30400
60.816	0.25	1	2	30408
60.832	0.25	1	2	30416
60.85	0.25	1	2	30425
60.866	0.25	1	2	30433
60.882	0.25	1	2	30441
60.9	0.25	1	2	30450
60.916	0.25	0	1	30458
60.932	0.25	0	1	30466
60.95	0.25	0	1	30475
60.966	0.25	0	1	30483
60.982	0.25	0	1	30491
61.0	0.25	0	1	30500
61.016	0.25	1	2	30508
61.032	0.25	1	2	30516
61.05	0.25	1	2	30525
61.066	0.25	1	2	30533
61.082	0.25	1	2	30541
61.1	0.25	1	2	30550
61.116	0.25	1	2	30558
61.132	0.25	1	2	30566
61.15	0.25	1	2	30575
61.166	0.25	1	2	30583
61.182	0.25	0	1	30591
61.2	0.25	0	1	30600
61.216	0.25	0	1	30608
61.232	0.25	0	1	30616
61.25	0.25	1	2	30625
61.266	0.25	1	2	30633
61.282	0.25	0	1	30641
61.3	0.25	0	1	30650
61.316	0.25	1	2	30658
61.332	0.25	1	2	30666
61.35	0.25	0	1	30675
61.366	0.25	0	1	30683
61.382	0.25	0	1	30691
61.4	0.25	0	1	30700
61.416	0.25	1	2	30708
61.432	0.25	1	2	30716
61.45	0.25	1	2	30725
61.466	0.25	1	2	30733
61.482	0.25	0	1	30741
61.5	0.25	0	1	30750
61.516	0.25	0	1	30758
61.532	0.25	0	1	30766
61.55	0.25	0	1	30775
61.566	0.25	0	1	30783
61.582	0.25	0	1	30791
61.6	0.25	0	1	30800
61.616	0.25	1	2	30808
61.632	0.25	1	2	30816
61.65	0.25	0	1	30825
61.666	0.25	0	1	30833
61.682	0.25	0	1	30841
61.7	0.25	0	1	30850
61.716	0.25	0	1	30858
61.732	0.25	0	1	30866
61.75	0.25	0	1	30875
61.766	0.25	0	1	30883
61.782	0.25	1	2	30891
61.8	0.25	1	2	30900
61.816	0.25	1	2	30908
61.832	0.25	1	2	30916
61.85	0.25	1	2	30925
61.866	0.25	1	2	30933
61.882	0.25	1	2	30941
61.9	0.25	1	2	30950
61.916	0.25	1	2	30958
61.932	0.25	1	2	30966
61.95	0.25	1	2	30975
61.966	0.25	1	2	30983
61.982	0.25	0	1	30991
62.0	0.25	0	1	31000
62.016	0.25	1	2	31008
62.032	0.25	1	2	31016
62.05	0.25	0	1	31025
62.066	0.25	0	1	31033
62.082	0.25	1	2	31041
62.1	0.25	1	2	31050
62.116	0.25	0	1	31058
62.132	0.25	0	1	31066
62.15	0.25	0	1	31075
62.166	0.25	0	1	31083
62.182	0.25	1	2	31091
62.2	0.25	1	2	31100
62.216	0.25	1	2	31108
62.232	0.25	1	2	31116
62.25	0.25	0	1	31125
62.266	0.25	0	1	31133
62.282	0.25	0	1	31141
63.766	0.25	0	1	31883
63.782	0.25	0	1	31891
63.8	0.25	0	1	31900
63.816	0.25	0	1	31908
63.832	0.25	1	2	31916
63.85	0.25	1	2	31925
63.866	0.25	1	2	31933
63.882	0.25	1	2	31941
63.9	0.25	0	1	31950
63.916	0.25	0	1	31958
63.932	0.25	0	1	31966
63.95	0.25	0	1	31975
63.966	0.25	0	1	31983
63.982	0.25	0	1	31991
64.0	0.25	0	1	32000
64.016	0.25	0	1	32008
64.032	0.25	1	2	32016
64.05	0.25	1	2	32025
64.066	0.25	1	2	32033
64.082	0.25	1	2	32041
64.098	0.25	1	2	32049
64.116	0.25	1	2	32058
64.132	0.25	1	2	32066
64.15	0.25	1	2	32075
64.166	0.25	1	2	32083
64.182	0.25	1	2	32091
64.2	0.25	0	1	32100
64.216	0.25	0	1	32108
64.232	0.25	0	1	32116
64.25	0.25	0	1	32125
64.266	0.25	0	1	32133
64.282	0.25	0	1	32141
64.3	0.25	0	1	32150
64.316	0.25	0	1	32158
64.332	0.25	0	1	32166
64.348	0.25	0	1	32174
64.366	0.25	0	1	32183
64.382	0.25	0	1	32191
64.4	0.25	1	2	32200
64.416	0.25	1	2	32208
64.432	0.25	1	2	32216
64.45	0.25	1	2	32225
64.466	0.25	0	1	32233
64.482	0.25	0	1	32241
64.5	0.25	0	1	32250
64.516	0.25	0	1	32258
64.532	0.25	1	2	32266
64.55	0.25	1	2	32275
64.566	0.25	0	1	32283
64.582	0.25	0	1	32291
64.598	0.25	1	2	32299
64.616	0.25	1	2	32308
64.632	0.25	0	1	32316
64.65	0.25	0	1	32325
64.666	0.25	1	2	32333
64.682	0.25	1	2	32341
64.7	0.25	0	1	32350
64.716	0.25	0	1	32358
64.732	0.25	1	2	32366
64.75	0.25	1	2	32375
64.766	0.25	1	2	32383
64.782	0.25	1	2	32391
64.8	0.25	0	1	32400
64.816	0.25	0	1	32408
64.832	0.25	1	2	32416
64.848	0.25	1	2	32424
64.866	0.25	0	1	32433
64.882	0.25	0	1	32441
64.9	0.25	0	1	32450
64.916	0.25	0	1	32458
64.932	0.25	0	1	32466
64.95	0.25	0	1	32475
64.966	0.25	1	2	32483
64.982	0.25	1	2	32491
65.0	0.25	0	1	32500
65.016	0.25	0	1	32508
65.032	0.25	0	1	32516
65.05	0.25	0	1	32525
65.066	0.25	0	1	32533
65.082	0.25	0	1	32541
65.098	0.25	1	2	32549
65.116	0.25	1	2	32558
65.132	0.25	1	2	32566
65.15	0.25	1	2	32575
65.166	0.25	1	2	32583
65.182	0.25	1	2	32591
65.2	0.25	0	1	32600
65.216	0.25	0	1	32608
65.232	0.25	1	2	32616
65.25	0.25	1	2	32625
65.266	0.25	0	1	32633
65.282	0.25	0	1	32641
65.3	0.25	1	2	32650
65.316	0.25	1	2	32658
65.332	0.25	1	2	32666
65.348	0.25	1	2	32674
65.366	0.25	1	2	32683
65.382	0.25	1	2	32691
65.4	0.25	1	2	32700
65.416	0.25	1	2	32708
65.432	0.25	1	2	32716
65.45	0.25	1	2	32725
65.466	0.25	0	1	32733
65.482	0.25	0	1	32741
65.5	0.25	0	1	32750
65.516	0.25	0	1	32758
65.532	0.25	1	2	32766
65.55	0.25	1	2	32775
65.566	0.25	0	1	32783
65.582	0.25	0	1	32791
65.6	0.25	0	1	32800
65.616	0.25	0	1	32808
65.632	0.25	0	1	32816
65.65	0.25	0	1	32825
65.666	0.25	1	2	32833
65.682	0.25	1	2	32841
65.7	0.25	1	2	32850
67.182	0.25	1	2	33591
67.2	0.25	1	2	33600
67.216	0.25	1	2	33608
67.232	0.25	1	2	33616
67.25	0.25	0	1	33625
67.266	0.25	0	1	33633
67.282	0.25	0	1	33641
67.3	0.25	0	1	33650
67.316	0.25	0	1	33658
67.332	0.25	0	1	33666
67.35	0.25	0	1	33675
67.366	0.25	0	1	33683
67.382	0.25	1	2	33691
67.4	0.25	1	2	33700
67.416	0.25	0	1	33708
67.432	0.25	0	1	33716
67.45	0.25	0	1	33725
67.466	0.25	0	1	33733
67.482	0.25	1	2	33741
67.5	0.25	1	2	33750
67.516	0.25	1	2	33758
67.532	0.25	1	2	33766
67.55	0.25	0	1	33775
67.566	0.25	0	1	33783
67.582	0.25	0	1	33791
67.6	0.25	0	1	33800
67.616	0.25	0	1	33808
67.632	0.25	0	1	33816
67.65	0.25	0	1	33825
67.666	0.25	0	1	33833
67.682	0.25	0	1	33841
67.7	0.25	0	1	33850
67.716	0.25	0	1	33858
67.732	0.25	0	1	33866
67.75	0.25	1	2	33875
67.766	0.25	1	2	33883
67.782	0.25	0	1	33891
67.8	0.25	0	1	33900
67.816	0.25	1	2	33908
67.832	0.25	1	2	33916
67.85	0.25	1	2	33925
67.866	0.25	1	2	33933
67.882	0.25	0	1	33941
67.9	0.25	0	1	33950
67.916	0.25	1	2	33958
67.932	0.25	1	2	33966
67.95	0.25	0	1	33975
67.966	0.25	0	1	33983
67.982	0.25	1	2	33991
68.0	0.25	1	2	34000
68.016	0.25	0	1	34008
68.032	0.25	0	1	34016
68.05	0.25	1	2	34025
68.066	0.25	1	2	34033
68.082	0.25	0	1	34041
68.1	0.25	0	1	34050
68.116	0.25	0	1	34058
68.132	0.25	0	1	34066
68.15	0.25	0	1	34075
68.166	0.25	0	1	34083
68.182	0.25	1	2	34091
68.2	0.25	1	2	34100
68.216	0.25	1	2	34108
68.232	0.25	1	2	34116
68.25	0.25	1	2	34125
68.266	0.25	1	2	34133
68.282	0.25	0	1	34141
68.3	0.25	0	1	34150
68.316	0.25	1	2	34158
68.332	0.25	1	2	34166
68.35	0.25	1	2	34175
68.366	0.25	1	2	34183
68.382	0.25	1	2	34191
68.4	0.25	1	2	34200
68.416	0.25	0	1	34208
68.432	0.25	0	1	34216
68.45	0.25	1	2	34225
68.466	0.25	1	2	34233
68.482	0.25	0	1	34241
68.5	0.25	0	1	34250
68.516	0.25	1	2	34258
68.532	0.25	1	2	34266
68.55	0.25	1	2	34275
68.566	0.25	1	2	34283
68.582	0.25	0	1	34291
68.6	0.25	0	1	34300
68.616	0.25	0	1	34308
68.632	0.25	0	1	34316
68.65	0.25	0	1	34325
68.666	0.25	0	1	34333
68.682	0.25	1	2	34341
68.7	0.25	1	2	34350
68.716	0.25	1	2	34358
68.732	0.25	1	2	34366
68.75	0.25	0	1	34375
68.766	0.25	0	1	34383
68.782	0.25	1	2	34391
68.8	0.25	1	2	34400
68.816	0.25	1	2	34408
68.832	0.25	1	2	34416
68.85	0.25	1	2	34425
68.866	0.25	1	2	34433
68.882	0.25	0	1	34441
68.9	0.25	0	1	34450
68.916	0.25	0	1	34458
68.932	0.25	0	1	34466
68.95	0.25	0	1	34475
68.966	0.25	0	1	34483
68.982	0.25	0	1	34491
69.0	0.25	0	1	34500
69.016	0.25	0	1	34508
69.032	0.25	0	1	34516
69.05	0.25	1	2	34525
69.066	0.25	1	2	34533
69.082	0.25	1	2	34541
69.1	0.25	1	2	34550
69.116	0.25	1	2	34558
70.6	0.25	1	2	35300
70.616	0.25	1	2	35308
70.632	0.25	1	2	35316
70.65	0.25	1	2	35325
70.666	0.25	1	2	35333
70.682	0.25	1	2	35341
70.7	0.25	1	2	35350
70.716	0.25	1	2	35358
70.732	0.25	1	2	35366
70.75	0.25	1	2	35375
70.766	0.25	1	2	35383
70.782	0.25	1	2	35391
70.8	0.25	1	2	35400
70.816	0.25	1	2	35408
70.832	0.25	0	1	35416
70.85	0.25	0	1	35425
70.866	0.25	0	1	35433
70.882	0.25	0	1	35441
70.9	0.25	1	2	35450
70.916	0.25	1	2	35458
70.932	0.25	1	2	35466
70.95	0.25	1	2	35475
70.966	0.25	0	1	35483
70.982	0.25	0	1	35491
71.0	0.25	0	1	35500
71.016	0.25	0	1	35508
71.032	0.25	1	2	35516
71.05	0.25	1	2	35525
71.066	0.25	1	2	35533
71.082	0.25	1	2	35541
71.1	0.25	0	1	35550
71.116	0.25	0	1	35558
71.132	0.25	0	1	35566
71.15	0.25	0	1	35575
71.166	0.25	1	2	35583
71.182	0.25	1	2	35591
71.2	0.25	0	1	35600
71.216	0.25	0	1	35608
71.232	0.25	1	2	35616
71.25	0.25	1	2	35625
71.266	0.25	1	2	35633
71.282	0.25	1	2	35641
71.3	0.25	0	1	35650
71.316	0.25	0	1	35658
71.332	0.25	1	2	35666
71.35	0.25	1	2	35675
71.366	0.25	0	1	35683
71.382	0.25	0	1	35691
71.4	0.25	0	1	35700
71.416	0.25	0	1	35708
71.432	0.25	1	2	35716
71.45	0.25	1	2	35725
71.466	0.25	0	1	35733
71.482	0.25	0	1	35741
71.5	0.25	1	2	35750
71.516	0.25	1	2	35758
71.532	0.25	1	2	35766
71.55	0.25	1	2	35775
71.566	0.25	1	2	35783
71.582	0.25	1	2	35791
71.6	0.25	0	1	35800
71.616	0.25	0	1	35808
71.632	0.25	0	1	35816
71.65	0.25	0	1	35825
71.666	0.25	0	1	35833
71.682	0.25	0	1	35841
71.7	0.25	1	2	35850
71.716	0.25	1	2	35858
71.732	0.25	0	1	35866
71.75	0.25	0	1	35875
71.766	0.25	1	2	35883
71.782	0.25	1	2	35891
71.8	0.25	1	2	35900
71.816	0.25	1	2	35908
71.832	0.25	1	2	35916
71.85	0.25	1	2	35925
71.866	0.25	0	1	35933
71.882	0.25	0	1	35941
71.9	0.25	0	1	35950
71.916	0.25	0	1	35958
71.932	0.25	1	2	35966
71.95	0.25	1	2	35975
71.966	0.25	0	1	35983
71.982	0.25	0	1	35991
72.0	0.25	1	2	36000
72.016	0.25	1	2	36008
72.032	0.25	0	1	36016
72.05	0.25	0	1	36025
72.066	0.25	0	1	36033
72.082	0.25	0	1	36041
72.1	0.25	0	1	36050
72.116	0.25	0	1	36058
72.132	0.25	1	2	36066
72.15	0.25	1	2	36075
72.166	0.25	1	2	36083
72.182	0.25	1	2	36091
72.2	0.25	0	1	36100
72.216	0.25	0	1	36108
72.232	0.25	1	2	36116
72.25	0.25	1	2	36125
72.266	0.25	0	1	36133
72.282	0.25	0	1	36141
72.3	0.25	0	1	36150
72.316	0.25	0	1	36158
72.332	0.25	0	1	36166
72.35	0.25	0	1	36175
72.366	0.25	1	2	36183
72.382	0.25	1	2	36191
72.4	0.25	0	1	36200
72.416	0.25	0	1	36208
72.432	0.25	1	2	36216
72.45	0.25	1	2	36225
72.466	0.25	0	1	36233
72.482	0.25	0	1	36241
72.5	0.25	0	1	36250
72.516	0.25	0	1	36258
72.532	0.25	1	2	36266
75.432	0.25	0	1	37716
75.45	0.25	0	1	37725
75.466	0.25	0	1	37733
75.482	0.25	0	1	37741
75.5	0.25	1	2	37750
75.516	0.25	1	2	37758
75.532	0.25	1	2	37766
75.55	0.25	1	2	37775
75.566	0.25	0	1	37783
75.582	0.25	0	1	37791
75.6	0.25	0	1	37800
75.616	0.25	0	1	37808
75.632	0.25	0	1	37816
75.65	0.25	0	1	37825
75.666	0.25	0	1	37833
75.682	0.25	0	1	37841
75.7	0.25	1	2	37850
75.716	0.25	1	2	37858
75.732	0.25	1	2	37866
75.75	0.25	1	2	37875
75.766	0.25	1	2	37883
75.782	0.25	1	2	37891
75.8	0.25	1	2	37900
75.816	0.25	1	2	37908
75.832	0.25	1	2	37916
75.85	0.25	1	2	37925
75.866	0.25	0	1	37933
75.882	0.25	0	1	37941
75.9	0.25	0	1	37950
75.916	0.25	0	1	37958
75.932	0.25	0	1	37966
75.95	0.25	0	1	37975
75.966	0.25	0	1	37983
75.982	0.25	0	1	37991
76.0	0.25	0	1	38000
76.016	0.25	0	1	38008
76.032	0.25	0	1	38016
76.05	0.25	0	1	38025
76.066	0.25	1	2	38033
76.082	0.25	1	2	38041
76.1	0.25	1	2	38050
76.116	0.25	1	2	38058
76.132	0.25	0	1	38066
76.15	0.25	0	1	38075
76.166	0.25	0	1	38083
76.182	0.25	0	1	38091
76.2	0.25	1	2	38100
76.216	0.25	1	2	38108
76.232	0.25	0	1	38116
76.25	0.25	0	1	38125
76.266	0.25	1	2	38133
76.282	0.25	1	2	38141
76.3	0.25	0	1	38150
76.316	0.25	0	1	38158
76.332	0.25	1	2	38166
76.35	0.25	1	2	38175
76.366	0.25	0	1	38183
76.382	0.25	0	1	38191
76.4	0.25	1	2	38200
76.416	0.25	1	2	38208
76.432	0.25	1	2	38216
76.45	0.25	1	2	38225
76.466	0.25	0	1	38233
76.482	0.25	0	1	38241
76.5	0.25	1	2	38250
76.516	0.25	1	2	38258
76.532	0.25	0	1	38266
76.55	0.25	0	1	38275
76.566	0.25	0	1	38283
76.582	0.25	0	1	38291
76.6	0.25	0	1	38300
76.616	0.25	0	1	38308
76.632	0.25	1	2	38316
76.65	0.25	1	2	38325
76.666	0.25	0	1	38333
76.682	0.25	0	1	38341
76.7	0.25	0	1	38350
76.716	0.25	0	1	38358
76.732	0.25	0	1	38366
76.75	0.25	0	1	38375
76.766	0.25	1	2	38383
76.782	0.25	1	2	38391
76.8	0.25	1	2	38400
76.816	0.25	1	2	38408
76.832	0.25	1	2	38416
76.85	0.25	1	2	38425
76.866	0.25	0	1	38433
76.882	0.25	0	1	38441
76.9	0.25	1	2	38450
76.916	0.25	1	2	38458
76.932	0.25	0	1	38466
76.95	0.25	0	1	38475
76.966	0.25	1	2	38483
76.982	0.25	1	2	38491
77.0	0.25	1	2	38500
77.016	0.25	1	2	38508
77.032	0.25	1	2	38516
77.05	0.25	1	2	38525
77.066	0.25	1	2	38533
77.082	0.25	1	2	38541
77.1	0.25	1	2	38550
77.116	0.25	1	2	38558
77.132	0.25	0	1	38566
77.15	0.25	0	1	38575
77.166	0.25	0	1	38583
77.182	0.25	0	1	38591
77.2	0.25	1	2	38600
77.216	0.25	1	2	38608
77.232	0.25	0	1	38616
77.25	0.25	0	1	38625
77.266	0.25	0	1	38633
77.282	0.25	0	1	38641
77.3	0.25	0	1	38650
77.316	0.25	0	1	38658
77.332	0.25	1	2	38666
77.35	0.25	1	2	38675
77.366	0.25	1	2	38683
78.85	0.25	1	2	39425
78.866	0.25	1	2	39433
78.882	0.25	1	2	39441
78.9	0.25	1	2	39450
78.916	0.25	0	1	39458
78.932	0.25	0	1	39466
78.95	0.25	0	1	39475
78.966	0.25	0	1	39483
78.982	0.25	0	1	39491
79.0	0.25	0	1	39500
79.016	0.25	0	1	39508
79.032	0.25	0	1	39516
79.05	0.25	1	2	39525
79.066	0.25	1	2	39533
79.082	0.25	0	1	39541
79.1	0.25	0	1	39550
79.116	0.25	0	1	39558
79.132	0.25	0	1	39566
79.15	0.25	1	2	39575
79.166	0.25	1	2	39583
79.182	0.25	1	2	39591
79.2	0.25	1	2	39600
79.216	0.25	0	1	39608
79.232	0.25	0	1	39616
79.25	0.25	0	1	39625
79.266	0.25	0	1	39633
79.282	0.25	0	1	39641
79.3	0.25	0	1	39650
79.316	0.25	0	1	39658
79.332	0.25	0	1	39666
79.35	0.25	0	1	39675
79.366	0.25	0	1	39683
79.382	0.25	0	1	39691
79.4	0.25	0	1	39700
79.416	0.25	1	2	39708
79.432	0.25	1	2	39716
79.45	0.25	0	1	39725
79.466	0.25	0	1	39733
79.482	0.25	1	2	39741
79.5	0.25	1	2	39750
79.516	0.25	1	2	39758
79.532	0.25	1	2	39766
79.55	0.25	0	1	39775
79.566	0.25	0	1	39783
79.582	0.25	1	2	39791
79.6	0.25	1	2	39800
79.616	0.25	0	1	39808
79.632	0.25	0	1	39816
79.65	0.25	1	2	39825
79.666	0.25	1	2	39833
79.682	0.25	0	1	39841
79.7	0.25	0	1	39850
79.716	0.25	1	2	39858
79.732	0.25	1	2	39866
79.75	0.25	0	1	39875
79.766	0.25	0	1	39883
79.782	0.25	0	1	39891
79.8	0.25	0	1	39900
79.816	0.25	0	1	39908
79.832	0.25	0	1	39916
79.85	0.25	1	2	39925
79.866	0.25	1	2	39933
79.882	0.25	1	2	39941
79.9	0.25	1	2	39950
79.916	0.25	1	2	39958
79.932	0.25	1	2	39966
79.95	0.25	0	1	39975
79.966	0.25	0	1	39983
79.982	0.25	1	2	39991
80.0	0.25	1	2	40000
80.016	0.25	1	2	40008
80.032	0.25	1	2	40016
80.05	0.25	1	2	40025
80.066	0.25	1	2	40033
80.082	0.25	0	1	40041
80.1	0.25	0	1	40050
80.116	0.25	1	2	40058
80.132	0.25	1	2	40066
80.15	0.25	0	1	40075
80.166	0.25	0	1	40083
80.182	0.25	1	2	40091
80.2	0.25	1	2	40100
80.216	0.25	1	2	40108
80.232	0.25	1	2	40116
80.25	0.25	0	1	40125
80.266	0.25	0	1	40133
80.282	0.25	0	1	40141
80.3	0.25	0	1	40150
80.316	0.25	0	1	40158
80.332	0.25	0	1	40166
80.35	0.25	1	2	40175
80.366	0.25	1	2	40183
80.382	0.25	1	2	40191
80.4	0.25	1	2	40200
80.416	0.25	0	1	40208
80.432	0.25	0	1	40216
80.45	0.25	1	2	40225
80.466	0.25	1	2	40233
80.482	0.25	1	2	40241
80.5	0.25	1	2	40250
80.516	0.25	1	2	40258
80.532	0.25	1	2	40266
80.55	0.25	0	1	40275
80.566	0.25	0	1	40283
80.582	0.25	0	1	40291
80.6	0.25	0	1	40300
80.616	0.25	0	1	40308
80.632	0.25	0	1	40316
80.65	0.25	0	1	40325
80.666	0.25	0	1	40333
80.682	0.25	0	1	40341
80.7	0.25	0	1	40350
80.716	0.25	1	2	40358
80.732	0.25	1	2	40366
80.75	0.25	1	2	40375
80.766	0.25	1	2	40383
80.782	0.25	1	2	40391
82.266	0.25	1	2	41133
82.282	0.25	1	2	41141
82.3	0.25	1	2	41150
82.316	0.25	1	2	41158
82.332	0.25	0	1	41166
82.35	0.25	0	1	41175
82.366	0.25	1	2	41183
82.382	0.25	1	2	41191
82.4	0.25	1	2	41200
82.416	0.25	1	2	41208
82.432	0.25	0	1	41216
82.45	0.25	0	1	41225
82.466	0.25	1	2	41233
82.482	0.25	1	2	41241
82.5	0.25	1	2	41250
82.516	0.25	1	2	41258
82.532	0.25	0	1	41266
82.55	0.25	0	1	41275
82.566	0.25	1	2	41283
82.582	0.25	1	2	41291
82.6	0.25	1	2	41300
82.616	0.25	1	2	41308
82.632	0.25	0	1	41316
82.65	0.25	0	1	41325
82.666	0.25	0	1	41333
82.682	0.25	0	1	41341
82.7	0.25	0	1	41350
82.716	0.25	0	1	41358
82.732	0.25	1	2	41366
82.75	0.25	1	2	41375
82.766	0.25	1	2	41383
82.782	0.25	1	2	41391
82.8	0.25	1	2	41400
82.816	0.25	1	2	41408
82.832	0.25	0	1	41416
82.85	0.25	0	1	41425
82.866	0.25	0	1	41433
82.882	0.25	0	1	41441
82.9	0.25	0	1	41450
82.916	0.25	0	1	41458
82.932	0.25	1	2	41466
82.95	0.25	1	2	41475
82.966	0.25	1	2	41483
82.982	0.25	1	2	41491
83.0	0.25	1	2	41500
83.016	0.25	1	2	41508
83.032	0.25	1	2	41516
83.05	0.25	1	2	41525
83.066	0.25	1	2	41533
83.082	0.25	1	2	41541
83.1	0.25	0	1	41550
83.116	0.25	0	1	41558
83.132	0.25	0	1	41566
83.15	0.25	0	1	41575
83.166	0.25	1	2	41583
83.182	0.25	1	2	41591
83.2	0.25	0	1	41600
83.216	0.25	0	1	41608
83.232	0.25	1	2	41616
83.25	0.25	1	2	41625
83.266	0.25	0	1	41633
83.282	0.25	0	1	41641
83.3	0.25	0	1	41650
83.316	0.25	0	1	41658
83.332	0.25	1	2	41666
83.35	0.25	1	2	41675
83.366	0.25	1	2	41683
83.382	0.25	1	2	41691
83.4	0.25	0	1	41700
83.416	0.25	0	1	41708
83.432	0.25	0	1	41716
83.45	0.25	0	1	41725
83.466	0.25	0	1	41733
83.482	0.25	0	1	41741
83.5	0.25	0	1	41750
83.516	0.25	0	1	41758
83.532	0.25	1	2	41766
83.55	0.25	1	2	41775
83.566	0.25	0	1	41783
83.582	0.25	0	1	41791
83.6	0.25	0	1	41800
83.616	0.25	0	1	41808
83.632	0.25	0	1	41816
83.65	0.25	0	1	41825
83.666	0.25	0	1	41833
83.682	0.25	0	1	41841
83.7	0.25	1	2	41850
83.716	0.25	1	2	41858
83.732	0.25	1	2	41866
83.75	0.25	1	2	41875
83.766	0.25	1	2	41883
83.782	0.25	1	2	41891
83.8	0.25	1	2	41900
83.816	0.25	1	2	41908
83.832	0.25	1	2	41916
83.85	0.25	1	2	41925
83.866	0.25	1	2	41933
83.882	0.25	1	2	41941
83.9	0.25	0	1	41950
83.916	0.25	0	1	41958
83.932	0.25	1	2	41966
83.95	0.25	1	2	41975
83.966	0.25	0	1	41983
83.982	0.25	0	1	41991
84.0	0.25	1	2	42000
84.016	0.25	1	2	42008
84.032	0.25	0	1	42016
84.05	0.25	0	1	42025
84.066	0.25	0	1	42033
84.082	0.25	0	1	42041
84.1	0.25	1	2	42050
84.116	0.25	1	2	42058
84.132	0.25	1	2	42066
84.15	0.25	1	2	42075
84.166	0.25	0	1	42083
84.182	0.25	0	1	42091
84.2	0.25	0	1	42100
85.682	0.25	1	2	42841
85.7	0.25	1	2	42850
85.716	0.25	1	2	42858
85.732	0.25	1	2	42866
85.75	0.25	1	2	42875
85.766	0.25	1	2	42883
85.782	0.25	1	2	42891
85.8	0.25	1	2	42900
85.816	0.25	1	2	42908
85.832	0.25	1	2	42916
85.85	0.25	1	2	42925
85.866	0.25	1	2	42933
85.882	0.25	1	2	42941
85.9	0.25	1	2	42950
85.916	0.25	0	1	42958
85.932	0.25	0	1	42966
85.95	0.25	0	1	42975
85.966	0.25	0	1	42983
85.982	0.25	1	2	42991
86.0	0.25	1	2	43000
86.016	0.25	1	2	43008
86.032	0.25	1	2	43016
86.05	0.25	0	1	43025
86.066	0.25	0	1	43033
86.082	0.25	0	1	43041
86.1	0.25	0	1	43050
86.116	0.25	1	2	43058
86.132	0.25	1	2	43066
86.15	0.25	1	2	43075
86.166	0.25	1	2	43083
86.182	0.25	0	1	43091
86.2	0.25	0	1	43100
86.216	0.25	0	1	43108
86.232	0.25	0	1	43116
86.25	0.25	1	2	43125
86.266	0.25	1	2	43133
86.282	0.25	0	1	43141
86.3	0.25	0	1	43150
86.316	0.25	1	2	43158
86.332	0.25	1	2	43166
86.35	0.25	1	2	43175
86.366	0.25	1	2	43183
86.382	0.25	0	1	43191
86.4	0.25	0	1	43200
86.416	0.25	1	2	43208
86.432	0.25	1	2	43216
86.45	0.25	0	1	43225
86.466	0.25	0	1	43233
86.482	0.25	0	1	43241
86.5	0.25	0	1	43250
86.516	0.25	1	2	43258
86.532	0.25	1	2	43266
86.55	0.25	0	1	43275
86.566	0.25	0	1	43283
86.582	0.25	1	2	43291
86.6	0.25	1	2	43300
86.616	0.25	1	2	43308
86.632	0.25	1	2	43316
86.65	0.25	1	2	43325
86.666	0.25	1	2	43333
86.682	0.25	0	1	43341
86.7	0.25	0	1	43350
86.716	0.25	0	1	43358
86.732	0.25	0	1	43366
86.75	0.25	0	1	43375
86.766	0.25	0	1	43383
86.782	0.25	1	2	43391
86.8	0.25	1	2	43400
86.816	0.25	0	1	43408
86.832	0.25	0	1	43416
86.85	0.25	1	2	43425
86.866	0.25	1	2	43433
86.882	0.25	1	2	43441
86.9	0.25	1	2	43450
86.916	0.25	1	2	43458
86.932	0.25	1	2	43466
86.95	0.25	0	1	43475
86.966	0.25	0	1	43483
86.982	0.25	0	1	43491
87.0	0.25	0	1	43500
87.016	0.25	1	2	43508
87.032	0.25	1	2	43516
87.05	0.25	0	1	43525
87.066	0.25	0	1	43533
87.082	0.25	1	2	43541
87.1	0.25	1	2	43550
87.116	0.25	0	1	43558
87.132	0.25	0	1	43566
87.15	0.25	0	1	43575
87.166	0.25	0	1	43583
87.182	0.25	0	1	43591
87.2	0.25	0	1	43600
87.216	0.25	1	2	43608
87.232	0.25	1	2	43616
87.25	0.25	1	2	43625
87.266	0.25	1	2	43633
87.282	0.25	0	1	43641
87.3	0.25	0	1	43650
87.316	0.25	1	2	43658
87.332	0.25	1	2	43666
87.35	0.25	0	1	43675
87.366	0.25	0	1	43683
87.382	0.25	0	1	43691
87.4	0.25	0	1	43700
87.416	0.25	0	1	43708
87.432	0.25	0	1	43716
87.45	0.25	1	2	43725
87.466	0.25	1	2	43733
87.482	0.25	0	1	43741
87.5	0.25	0	1	43750
87.516	0.25	1	2	43758
87.532	0.25	1	2	43766
87.55	0.25	0	1	43775
87.566	0.25	0	1	43783
87.582	0.25	0	1	43791
87.6	0.25	0	1	43800
87.616	0.25	1	2	43808
89.916	0.25	1	2	44958
89.932	0.25	1	2	44966
89.95	0.25	1	2	44975
89.966	0.25	1	2	44983
89.982	0.25	0	1	44991
90.0	0.25	0	1	45000
90.016	0.25	1	2	45008
90.032	0.25	1	2	45016
90.05	0.25	1	2	45025
90.066	0.25	1	2	45033
90.082	0.25	0	1	45041
90.1	0.25	0	1	45050
90.116	0.25	1	2	45058
90.132	0.25	1	2	45066
90.15	0.25	1	2	45075
90.166	0.25	1	2	45083
90.182	0.25	0	1	45091
90.2	0.25	0	1	45100
90.216	0.25	1	2	45108
90.232	0.25	1	2	45116
90.25	0.25	1	2	45125
90.266	0.25	1	2	45133
90.282	0.25	0	1	45141
90.3	0.25	0	1	45150
90.316	0.25	0	1	45158
90.332	0.25	0	1	45166
90.35	0.25	0	1	45175
90.366	0.25	0	1	45183
90.382	0.25	1	2	45191
90.4	0.25	1	2	45200
90.416	0.25	1	2	45208
90.432	0.25	1	2	45216
90.45	0.25	1	2	45225
90.466	0.25	1	2	45233
90.482	0.25	0	1	45241
90.5	0.25	0	1	45250
90.516	0.25	0	1	45258
90.532	0.25	0	1	45266
90.55	0.25	0	1	45275
90.566	0.25	0	1	45283
90.582	0.25	1	2	45291
90.6	0.25	1	2	45300
90.616	0.25	1	2	45308
90.632	0.25	1	2	45316
90.65	0.25	1	2	45325
90.666	0.25	1	2	45333
90.682	0.25	1	2	45341
90.7	0.25	1	2	45350
90.716	0.25	1	2	45358
90.732	0.25	1	2	45366
90.75	0.25	0	1	45375
90.766	0.25	0	1	45383
90.782	0.25	0	1	45391
90.8	0.25	0	1	45400
90.816	0.25	1	2	45408
90.832	0.25	1	2	45416
90.85	0.25	0	1	45425
90.866	0.25	0	1	45433
90.882	0.25	1	2	45441
90.9	0.25	1	2	45450
90.916	0.25	0	1	45458
90.932	0.25	0	1	45466
90.95	0.25	0	1	45475
90.966	0.25	0	1	45483
90.982	0.25	1	2	45491
91.0	0.25	1	2	45500
91.016	0.25	1	2	45508
91.032	0.25	1	2	45516
91.05	0.25	0	1	45525
91.066	0.25	0	1	45533
91.082	0.25	0	1	45541
91.1	0.25	0	1	45550
91.116	0.25	0	1	45558
91.132	0.25	0	1	45566
91.15	0.25	0	1	45575
91.166	0.25	0	1	45583
91.182	0.25	1	2	45591
91.2	0.25	1	2	45600
91.216	0.25	0	1	45608
91.232	0.25	0	1	45616
91.25	0.25	0	1	45625
91.266	0.25	0	1	45633
91.282	0.25	0	1	45641
91.3	0.25	0	1	45650
91.316	0.25	0	1	45658
91.332	0.25	0	1	45666
91.35	0.25	1	2	45675
91.366	0.25	1	2	45683
91.382	0.25	1	2	45691
91.4	0.25	1	2	45700
91.416	0.25	1	2	45708
91.432	0.25	1	2	45716
91.45	0.25	1	2	45725
91.466	0.25	1	2	45733
91.482	0.25	1	2	45741
91.5	0.25	1	2	45750
91.516	0.25	1	2	45758
91.532	0.25	1	2	45766
91.55	0.25	0	1	45775
91.566	0.25	0	1	45783
91.582	0.25	1	2	45791
91.6	0.25	1	2	45800
91.616	0.25	0	1	45808
91.632	0.25	0	1	45816
91.65	0.25	1	2	45825
91.666	0.25	1	2	45833
91.682	0.25	0	1	45841
91.7	0.25	0	1	45850
91.716	0.25	0	1	45858
91.732	0.25	0	1	45866
91.75	0.25	1	2	45875
91.766	0.25	1	2	45883
91.782	0.25	1	2	45891
91.8	0.25	1	2	45900
91.816	0.25	0	1	45908
91.832	0.25	0	1	45916
91.85	0.25	0	1	45925
93.332	0.25	1	2	46666
93.35	0.25	1	2	46675
93.366	0.25	1	2	46683
93.382	0.25	1	2	46691
93.4	0.25	1	2	46700
93.416	0.25	1	2	46708
93.432	0.25	1	2	46716
93.45	0.25	1	2	46725
93.466	0.25	1	2	46733
93.482	0.25	1	2	46741
93.5	0.25	1	2	46750
93.516	0.25	1	2	46758
93.532	0.25	1	2	46766
93.55	0.25	1	2	46775
93.566	0.25	0	1	46783
93.582	0.25	0	1	46791
93.6	0.25	0	1	46800
93.616	0.25	0	1	46808
93.632	0.25	1	2	46816
93.65	0.25	1	2	46825
93.666	0.25	1	2	46833
93.682	0.25	1	2	46841
93.7	0.25	0	1	46850
93.716	0.25	0	1	46858
93.732	0.25	0	1	46866
93.75	0.25	0	1	46875
93.766	0.25	1	2	46883
93.782	0.25	1	2	46891
93.8	0.25	1	2	46900
93.816	0.25	1	2	46908
93.832	0.25	0	1	46916
93.85	0.25	0	1	46925
93.866	0.25	0	1	46933
93.882	0.25	0	1	46941
93.9	0.25	1	2	46950
93.916	0.25	1	2	46958
93.932	0.25	0	1	46966
93.95	0.25	0	1	46975
93.966	0.25	1	2	46983
93.982	0.25	1	2	46991
94.0	0.25	1	2	47000
94.016	0.25	1	2	47008
94.032	0.25	0	1	47016
94.05	0.25	0	1	47025
94.066	0.25	1	2	47033
94.082	0.25	1	2	47041
94.1	0.25	0	1	47050
94.116	0.25	0	1	47058
94.132	0.25	0	1	47066
94.15	0.25	0	1	47075
94.166	0.25	1	2	47083
94.182	0.25	1	2	47091
94.2	0.25	0	1	47100
94.216	0.25	0	1	47108
94.232	0.25	1	2	47116
94.25	0.25	1	2	47125
94.266	0.25	1	2	47133
94.282	0.25	1	2	47141
94.3	0.25	1	2	47150
94.316	0.25	1	2	47158
94.332	0.25	0	1	47166
94.35	0.25	0	1	47175
94.366	0.25	0	1	47183
94.382	0.25	0	1	47191
94.4	0.25	0	1	47200
94.416	0.25	0	1	47208
94.432	0.25	1	2	47216
94.45	0.25	1	2	47225
94.466	0.25	0	1	47233
94.482	0.25	0	1	47241
94.5	0.25	1	2	47250
94.516	0.25	1	2	47258
94.532	0.25	1	2	47266
94.55	0.25	1	2	47275
94.566	0.25	1	2	47283
94.582	0.25	1	2	47291
94.6	0.25	0	1	47300
94.616	0.25	0	1	47308
94.632	0.25	0	1	47316
94.65	0.25	0	1	47325
94.666	0.25	1	2	47333
94.682	0.25	1	2	47341
94.7	0.25	0	1	47350
94.716	0.25	0	1	47358
94.732	0.25	1	2	47366
94.75	0.25	1	2	47375
94.766	0.25	0	1	47383
94.782	0.25	0	1	47391
94.8	0.25	0	1	47400
94.816	0.25	0	1	47408
94.832	0.25	0	1	47416
94.85	0.25	0	1	47425
94.866	0.25	1	2	47433
94.882	0.25	1	2	47441
94.9	0.25	1	2	47450
94.916	0.25	1	2	47458
94.932	0.25	0	1	47466
94.95	0.25	0	1	47475
94.966	0.25	1	2	47483
94.982	0.25	1	2	47491
95.0	0.25	0	1	47500
95.016	0.25	0	1	47508
95.032	0.25	0	1	47516
95.05	0.25	0	1	47525
95.066	0.25	0	1	47533
95.082	0.25	0	1	47541
95.1	0.25	1	2	47550
95.116	0.25	1	2	47558
95.132	0.25	0	1	47566
95.15	0.25	0	1	47575
95.166	0.25	1	2	47583
95.182	0.25	1	2	47591
95.2	0.25	0	1	47600
95.216	0.25	0	1	47608
95.232	0.25	0	1	47616
95.25	0.25	0	1	47625
95.266	0.25	1	2	47633
96.75	0.25	0	1	48375
96.766	0.25	0	1	48383
96.782	0.25	0	1	48391
96.8	0.25	0	1	48400
96.816	0.25	1	2	48408
96.832	0.25	1	2	48416
96.85	0.25	1	2	48425
96.866	0.25	1	2	48433
96.882	0.25	0	1	48441
96.9	0.25	0	1	48450
96.916	0.25	0	1	48458
96.932	0.25	0	1	48466
96.95	0.25	0	1	48475
96.966	0.25	0	1	48483
96.982	0.25	0	1	48491
97.0	0.25	0	1	48500
97.016	0.25	1	2	48508
97.032	0.25	1	2	48516
97.05	0.25	1	2	48525
97.066	0.25	1	2	48533
97.082	0.25	1	2	48541
97.1	0.25	1	2	48550
97.116	0.25	1	2	48558
97.132	0.25	1	2	48566
97.15	0.25	1	2	48575
97.166	0.25	1	2	48583
97.182	0.25	0	1	48591
97.2	0.25	0	1	48600
97.216	0.25	0	1	48608
97.232	0.25	0	1	48616
97.25	0.25	0	1	48625
97.266	0.25	0	1	48633
97.282	0.25	0	1	48641
97.3	0.25	0	1	48650
97.316	0.25	0	1	48658
97.332	0.25	0	1	48666
97.35	0.25	0	1	48675
97.366	0.25	0	1	48683
97.382	0.25	1	2	48691
97.4	0.25	1	2	48700
97.416	0.25	1	2	48708
97.432	0.25	1	2	48716
97.45	0.25	0	1	48725
97.466	0.25	0	1	48733
97.482	0.25	0	1	48741
97.5	0.25	0	1	48750
97.516	0.25	1	2	48758
97.532	0.25	1	2	48766
97.55	0.25	0	1	48775
97.566	0.25	0	1	48783
97.582	0.25	1	2	48791
97.6	0.25	1	2	48800
97.616	0.25	0	1	48808
97.632	0.25	0	1	48816
97.65	0.25	1	2	48825
97.666	0.25	1	2	48833
97.682	0.25	0	1	48841
97.7	0.25	0	1	48850
97.716	0.25	1	2	48858
97.732	0.25	1	2	48866
97.75	0.25	1	2	48875
97.766	0.25	1	2	48883
97.782	0.25	0	1	48891
97.8	0.25	0	1	48900
97.816	0.25	1	2	48908
97.832	0.25	1	2	48916
97.85	0.25	0	1	48925
97.866	0.25	0	1	48933
97.882	0.25	0	1	48941
97.9	0.25	0	1	48950
97.916	0.25	0	1	48958
97.932	0.25	0	1	48966
97.95	0.25	1	2	48975
97.966	0.25	1	2	48983
97.982	0.25	0	1	48991
98.0	0.25	0	1	49000
98.016	0.25	0	1	49008
98.032	0.25	0	1	49016
98.05	0.25	0	1	49025
98.066	0.25	0	1	49033
98.082	0.25	1	2	49041
98.1	0.25	1	2	49050
98.116	0.25	1	2	49058
98.132	0.25	1	2	49066
98.15	0.25	1	2	49075
98.166	0.25	1	2	49083
98.182	0.25	0	1	49091
98.2	0.25	0	1	49100
98.216	0.25	1	2	49108
98.232	0.25	1	2	49116
98.25	0.25	0	1	49125
98.266	0.25	0	1	49133
98.282	0.25	1	2	49141
98.3	0.25	1	2	49150
98.316	0.25	1	2	49158
98.332	0.25	1	2	49166
98.35	0.25	1	2	49175
98.366	0.25	1	2	49183
98.382	0.25	1	2	49191
98.4	0.25	1	2	49200
98.416	0.25	1	2	49208
98.432	0.25	1	2	49216
98.45	0.25	0	1	49225
98.466	0.25	0	1	49233
98.482	0.25	0	1	49241
98.5	0.25	0	1	49250
98.516	0.25	1	2	49258
98.532	0.25	1	2	49266
98.55	0.25	0	1	49275
98.566	0.25	0	1	49283
98.582	0.25	0	1	49291
98.6	0.25	0	1	49300
98.616	0.25	0	1	49308
98.632	0.25	0	1	49316
98.65	0.25	1	2	49325
98.666	0.25	1	2	49333
98.682	0.25	1	2	49341
100.166	0.25	1	2	50083
100.182	0.25	1	2	50091
100.2	0.25	1	2	50100
100.216	0.25	1	2	50108
100.232	0.25	0	1	50116
100.25	0.25	0	1	50125
100.266	0.25	0	1	50133
100.282	0.25	0	1	50141
100.3	0.25	0	1	50150
100.316	0.25	0	1	50158
100.332	0.25	0	1	50166
100.35	0.25	0	1	50175
100.366	0.25	1	2	50183
100.382	0.25	1	2	50191
100.4	0.25	0	1	50200
100.416	0.25	0	1	50208
100.432	0.25	0	1	50216
100.45	0.25	0	1	50225
100.466	0.25	1	2	50233
100.482	0.25	1	2	50241
100.5	0.25	1	2	50250
100.516	0.25	1	2	50258
100.532	0.25	0	1	50266
100.55	0.25	0	1	50275
100.566	0.25	0	1	50283
100.582	0.25	0	1	50291
100.6	0.25	0	1	50300
100.616	0.25	0	1	50308
100.632	0.25	0	1	50316
100.65	0.25	0	1	50325
100.666	0.25	0	1	50333
100.682	0.25	0	1	50341
100.7	0.25	0	1	50350
100.716	0.25	0	1	50358
100.732	0.25	1	2	50366
100.75	0.25	1	2	50375
100.766	0.25	0	1	50383
100.782	0.25	0	1	50391
100.8	0.25	1	2	50400
100.816	0.25	1	2	50408
100.832	0.25	1	2	50416
100.85	0.25	1	2	50425
100.866	0.25	0	1	50433
100.882	0.25	0	1	50441
100.9	0.25	1	2	50450
100.916	0.25	1	2	50458
100.932	0.25	0	1	50466
100.95	0.25	0	1	50475
100.966	0.25	1	2	50483
100.982	0.25	1	2	50491
101.0	0.25	0	1	50500
101.016	0.25	0	1	50508
101.032	0.25	1	2	50516
101.05	0.25	1	2	50525
101.066	0.25	0	1	50533
101.082	0.25	0	1	50541
101.1	0.25	0	1	50550
101.116	0.25	0	1	50558
101.132	0.25	0	1	50566
101.15	0.25	0	1	50575
101.166	0.25	1	2	50583
101.182	0.25	1	2	50591
101.2	0.25	1	2	50600
101.216	0.25	1	2	50608
101.232	0.25	1	2	50616
101.25	0.25	1	2	50625
101.266	0.25	0	1	50633
101.282	0.25	0	1	50641
101.3	0.25	1	2	50650
101.316	0.25	1	2	50658
101.332	0.25	1	2	50666
101.35	0.25	1	2	50675
101.366	0.25	1	2	50683
101.382	0.25	1	2	50691
101.4	0.25	0	1	50700
101.416	0.25	0	1	50708
101.432	0.25	1	2	50716
101.45	0.25	1	2	50725
101.466	0.25	0	1	50733
101.482	0.25	0	1	50741
101.5	0.25	1	2	50750
101.516	0.25	1	2	50758
101.532	0.25	1	2	50766
101.55	0.25	1	2	50775
101.566	0.25	0	1	50783
101.582	0.25	0	1	50791
101.6	0.25	0	1	50800
101.616	0.25	0	1	50808
101.632	0.25	0	1	50816
101.65	0.25	0	1	50825
101.666	0.25	1	2	50833
101.682	0.25	1	2	50841
101.7	0.25	1	2	50850
101.716	0.25	1	2	50858
101.732	0.25	0	1	50866
101.75	0.25	0	1	50875
101.766	0.25	1	2	50883
101.782	0.25	1	2	50891
101.8	0.25	1	2	50900
101.816	0.25	1	2	50908
101.832	0.25	1	2	50916
101.85	0.25	1	2	50925
101.866	0.25	0	1	50933
101.882	0.25	0	1	50941
101.9	0.25	0	1	50950
101.916	0.25	0	1	50958
101.932	0.25	0	1	50966
101.95	0.25	0	1	50975
101.966	0.25	0	1	50983
101.982	0.25	0	1	50991
102.0	0.25	0	1	51000
102.016	0.25	0	1	51008
102.032	0.25	1	2	51016
102.05	0.25	1	2	51025
102.066	0.25	1	2	51033
102.082	0.25	1	2	51041
102.1	0.25	1	2	51050
106.382	0.25	1	2	53191
106.4	0.25	1	2	53200
106.416	0.25	1	2	53208
106.432	0.25	1	2	53216
106.45	0.25	0	1	53225
106.466	0.25	0	1	53233
106.482	0.25	0	1	53241
106.5	0.25	0	1	53250
106.516	0.25	0	1	53258
106.532	0.25	0	1	53266
106.55	0.25	0	1	53275
106.566	0.25	0	1	53283
106.582	0.25	1	2	53291
106.6	0.25	1	2	53300
106.616	0.25	0	1	53308
106.632	0.25	0	1	53316
106.65	0.25	0	1	53325
106.666	0.25	0	1	53333
106.682	0.25	1	2	53341
106.7	0.25	1	2	53350
106.716	0.25	1	2	53358
106.732	0.25	1	2	53366
106.75	0.25	0	1	53375
106.766	0.25	0	1	53383
106.782	0.25	0	1	53391
106.8	0.25	0	1	53400
106.816	0.25	0	1	53408
106.832	0.25	0	1	53416
106.85	0.25	0	1	53425
106.866	0.25	0	1	53433
106.882	0.25	0	1	53441
106.9	0.25	0	1	53450
106.916	0.25	0	1	53458
106.932	0.25	0	1	53466
106.95	0.25	1	2	53475
106.966	0.25	1	2	53483
106.982	0.25	0	1	53491
107.0	0.25	0	1	53500
107.016	0.25	1	2	53508
107.032	0.25	1	2	53516
107.05	0.25	1	2	53525
107.066	0.25	1	2	53533
107.082	0.25	0	1	53541
107.1	0.25	0	1	53550
107.116	0.25	1	2	53558
107.132	0.25	1	2	53566
107.15	0.25	0	1	53575
107.166	0.25	0	1	53583
107.182	0.25	1	2	53591
107.2	0.25	1	2	53600
107.216	0.25	0	1	53608
107.232	0.25	0	1	53616
107.25	0.25	1	2	53625
107.266	0.25	1	2	53633
107.282	0.25	0	1	53641
107.3	0.25	0	1	53650
107.316	0.25	0	1	53658
107.332	0.25	0	1	53666
107.35	0.25	0	1	53675
107.366	0.25	0	1	53683
107.382	0.25	1	2	53691
107.4	0.25	1	2	53700
107.416	0.25	1	2	53708
107.432	0.25	1	2	53716
107.45	0.25	1	2	53725
107.466	0.25	1	2	53733
107.482	0.25	0	1	53741
107.5	0.25	0	1	53750
107.516	0.25	1	2	53758
107.532	0.25	1	2	53766
107.55	0.25	1	2	53775
107.566	0.25	1	2	53783
107.582	0.25	1	2	53791
107.6	0.25	1	2	53800
107.616	0.25	0	1	53808
107.632	0.25	0	1	53816
107.65	0.25	1	2	53825
107.666	0.25	1	2	53833
107.682	0.25	0	1	53841
107.7	0.25	0	1	53850
107.716	0.25	1	2	53858
107.732	0.25	1	2	53866
107.75	0.25	1	2	53875
107.766	0.25	1	2	53883
107.782	0.25	0	1	53891
107.8	0.25	0	1	53900
107.816	0.25	0	1	53908
107.832	0.25	0	1	53916
107.85	0.25	0	1	53925
107.866	0.25	0	1	53933
107.882	0.25	1	2	53941
107.9	0.25	1	2	53950
107.916	0.25	1	2	53958
107.932	0.25	1	2	53966
107.95	0.25	0	1	53975
107.966	0.25	0	1	53983
107.982	0.25	1	2	53991
108.0	0.25	1	2	54000
108.016	0.25	1	2	54008
108.032	0.25	1	2	54016
108.05	0.25	1	2	54025
108.066	0.25	1	2	54033
108.082	0.25	0	1	54041
108.1	0.25	0	1	54050
108.116	0.25	0	1	54058
108.132	0.25	0	1	54066
108.15	0.25	0	1	54075
108.166	0.25	0	1	54083
108.182	0.25	0	1	54091
108.2	0.25	0	1	54100
108.216	0.25	0	1	54108
108.232	0.25	0	1	54116
108.25	0.25	1	2	54125
108.266	0.25	1	2	54133
108.282	0.25	1	2	54141
108.3	0.25	1	2	54150
108.316	0.25	1	2	54158
109.8	0.25	1	2	54900
109.816	0.25	1	2	54908
109.832	0.25	1	2	54916
109.85	0.25	1	2	54925
109.866	0.25	1	2	54933
109.882	0.25	1	2	54941
109.9	0.25	1	2	54950
109.916	0.25	1	2	54958
109.932	0.25	1	2	54966
109.95	0.25	1	2	54975
109.966	0.25	1	2	54983
109.982	0.25	1	2	54991
110.0	0.25	1	2	55000
110.016	0.25	1	2	55008
110.032	0.25	0	1	55016
110.05	0.25	0	1	55025
110.066	0.25	0	1	55033
110.082	0.25	0	1	55041
110.1	0.25	1	2	55050
110.116	0.25	1	2	55058
110.132	0.25	1	2	55066
110.15	0.25	1	2	55075
110.166	0.25	0	1	55083
110.182	0.25	0	1	55091
110.2	0.25	0	1	55100
110.216	0.25	0	1	55108
110.232	0.25	1	2	55116
110.25	0.25	1	2	55125
110.266	0.25	1	2	55133
110.282	0.25	1	2	55141
110.3	0.25	0	1	55150
110.316	0.25	0	1	55158
110.332	0.25	0	1	55166
110.35	0.25	0	1	55175
110.366	0.25	1	2	55183
110.382	0.25	1	2	55191
110.4	0.25	0	1	55200
110.416	0.25	0	1	55208
110.432	0.25	1	2	55216
110.45	0.25	1	2	55225
110.466	0.25	1	2	55233
110.482	0.25	1	2	55241
110.5	0.25	0	1	55250
110.516	0.25	0	1	55258
110.532	0.25	1	2	55266
110.55	0.25	1	2	55275
110.566	0.25	0	1	55283
110.582	0.25	0	1	55291
110.6	0.25	0	1	55300
110.616	0.25	0	1	55308
110.632	0.25	1	2	55316
110.65	0.25	1	2	55325
110.666	0.25	0	1	55333
110.682	0.25	0	1	55341
110.7	0.25	1	2	55350
110.716	0.25	1	2	55358
110.732	0.25	1	2	55366
110.75	0.25	1	2	55375
110.766	0.25	1	2	55383
110.782	0.25	1	2	55391
110.8	0.25	0	1	55400
110.816	0.25	0	1	55408
110.832	0.25	0	1	55416
110.85	0.25	0	1	55425
110.866	0.25	0	1	55433
110.882	0.25	0	1	55441
110.9	0.25	1	2	55450
110.916	0.25	1	2	55458
110.932	0.25	0	1	55466
110.95	0.25	0	1	55475
110.966	0.25	1	2	55483
110.982	0.25	1	2	55491
111.0	0.25	1	2	55500
111.016	0.25	1	2	55508
111.032	0.25	1	2	55516
111.05	0.25	1	2	55525
111.066	0.25	0	1	55533
111.082	0.25	0	1	55541
111.1	0.25	0	1	55550
111.116	0.25	0	1	55558
111.132	0.25	1	2	55566
111.15	0.25	1	2	55575
111.166	0.25	0	1	55583
111.182	0.25	0	1	55591
111.2	0.25	1	2	55600
111.216	0.25	1	2	55608
111.232	0.25	0	1	55616
111.25	0.25	0	1	55625
111.266	0.25	0	1	55633
111.282	0.25	0	1	55641
111.3	0.25	0	1	55650
111.316	0.25	0	1	55658
111.332	0.25	1	2	55666
111.35	0.25	1	2	55675
111.366	0.25	1	2	55683
111.382	0.25	1	2	55691
111.4	0.25	0	1	55700
111.416	0.25	0	1	55708
111.432	0.25	1	2	55716
111.45	0.25	1	2	55725
111.466	0.25	0	1	55733
111.482	0.25	0	1	55741
111.5	0.25	0	1	55750
111.516	0.25	0	1	55758
111.532	0.25	0	1	55766
111.55	0.25	0	1	55775
111.566	0.25	1	2	55783
111.582	0.25	1	2	55791
111.6	0.25	0	1	55800
111.616	0.25	0	1	55808
111.632	0.25	1	2	55816
111.65	0.25	1	2	55825
111.666	0.25	0	1	55833
111.682	0.25	0	1	55841
111.7	0.25	0	1	55850
111.716	0.25	0	1	55858
111.732	0.25	1	2	55866
113.216	0.25	1	2	56608
113.232	0.25	1	2	56616
113.25	0.25	1	2	56625
113.266	0.25	1	2	56633
113.282	0.25	0	1	56641
113.3	0.25	0	1	56650
113.316	0.25	1	2	56658
113.332	0.25	1	2	56666
113.35	0.25	1	2	56675
113.366	0.25	1	2	56683
113.382	0.25	0	1	56691
113.4	0.25	0	1	56700
113.416	0.25	1	2	56708
113.432	0.25	1	2	56716
113.45	0.25	1	2	56725
113.466	0.25	1	2	56733
113.482	0.25	0	1	56741
113.5	0.25	0	1	56750
113.516	0.25	1	2	56758
113.532	0.25	1	2	56766
113.55	0.25	1	2	56775
113.566	0.25	1	2	56783
113.582	0.25	0	1	56791
113.6	0.25	0	1	56800
113.616	0.25	0	1	56808
113.632	0.25	0	1	56816
113.65	0.25	0	1	56825
113.666	0.25	0	1	56833
113.682	0.25	1	2	56841
113.7	0.25	1	2	56850
113.716	0.25	1	2	56858
113.732	0.25	1	2	56866
113.75	0.25	1	2	56875
113.766	0.25	1	2	56883
113.782	0.25	0	1	56891
113.8	0.25	0	1	56900
113.816	0.25	0	1	56908
113.832	0.25	0	1	56916
113.85	0.25	0	1	56925
113.866	0.25	0	1	56933
113.882	0.25	1	2	56941
113.9	0.25	1	2	56950
113.916	0.25	1	2	56958
113.932	0.25	1	2	56966
113.95	0.25	1	2	56975
113.966	0.25	1	2	56983
113.982	0.25	1	2	56991
114.0	0.25	1	2	57000
114.016	0.25	1	2	57008
114.032	0.25	1	2	57016
114.05	0.25	0	1	57025
114.066	0.25	0	1	57033
114.082	0.25	0	1	57041
114.1	0.25	0	1	57050
114.116	0.25	1	2	57058
114.132	0.25	1	2	57066
114.15	0.25	0	1	57075
114.166	0.25	0	1	57083
114.182	0.25	1	2	57091
114.2	0.25	1	2	57100
114.216	0.25	0	1	57108
114.232	0.25	0	1	57116
114.25	0.25	0	1	57125
114.266	0.25	0	1	57133
114.282	0.25	1	2	57141
114.3	0.25	1	2	57150
114.316	0.25	1	2	57158
114.332	0.25	1	2	57166
114.35	0.25	0	1	57175
114.366	0.25	0	1	57183
114.382	0.25	0	1	57191
114.4	0.25	0	1	57200
114.416	0.25	0	1	57208
114.432	0.25	0	1	57216
114.45	0.25	0	1	57225
114.466	0.25	0	1	57233
114.482	0.25	1	2	57241
114.5	0.25	1	2	57250
114.516	0.25	0	1	57258
114.532	0.25	0	1	57266
114.55	0.25	0	1	57275
114.566	0.25	0	1	57283
114.582	0.25	0	1	57291
114.6	0.25	0	1	57300
114.616	0.25	0	1	57308
114.632	0.25	0	1	57316
114.65	0.25	1	2	57325
114.666	0.25	1	2	57333
114.682	0.25	1	2	57341
114.7	0.25	1	2	57350
114.716	0.25	1	2	57358
114.732	0.25	1	2	57366
114.75	0.25	1	2	57375
114.766	0.25	1	2	57383
114.782	0.25	1	2	57391
114.8	0.25	1	2	57400
114.816	0.25	1	2	57408
114.832	0.25	1	2	57416
114.85	0.25	0	1	57425
114.866	0.25	0	1	57433
114.882	0.25	1	2	57441
114.9	0.25	1	2	57450
114.916	0.25	0	1	57458
114.932	0.25	0	1	57466
114.95	0.25	1	2	57475
114.966	0.25	1	2	57483
114.982	0.25	0	1	57491
115.0	0.25	0	1	57500
115.016	0.25	0	1	57508
115.032	0.25	0	1	57516
115.05	0.25	1	2	57525
115.066	0.25	1	2	57533
115.082	0.25	1	2	57541
115.1	0.25	1	2	57550
115.116	0.25	0	1	57558
115.132	0.25	0	1	57566
115.15	0.25	0	1	57575
116.632	0.25	0	1	58316
116.65	0.25	0	1	58325
116.666	0.25	0	1	58333
116.682	0.25	0	1	58341
116.7	0.25	1	2	58350
116.716	0.25	1	2	58358
116.732	0.25	1	2	58366
116.75	0.25	1	2	58375
116.766	0.25	0	1	58383
116.782	0.25	0	1	58391
116.8	0.25	0	1	58400
116.816	0.25	0	1	58408
116.832	0.25	0	1	58416
116.85	0.25	0	1	58425
116.866	0.25	0	1	58433
116.882	0.25	0	1	58441
116.9	0.25	1	2	58450
116.916	0.25	1	2	58458
116.932	0.25	1	2	58466
116.95	0.25	1	2	58475
116.966	0.25	1	2	58483
116.982	0.25	1	2	58491
117.0	0.25	1	2	58500
117.016	0.25	1	2	58508
117.032	0.25	1	2	58516
117.05	0.25	1	2	58525
117.066	0.25	0	1	58533
117.082	0.25	0	1	58541
117.1	0.25	0	1	58550
117.116	0.25	0	1	58558
117.132	0.25	0	1	58566
117.15	0.25	0	1	58575
117.166	0.25	0	1	58583
117.182	0.25	0	1	58591
117.2	0.25	0	1	58600
117.216	0.25	0	1	58608
117.232	0.25	0	1	58616
117.25	0.25	0	1	58625
117.266	0.25	1	2	58633
117.282	0.25	1	2	58641
117.3	0.25	1	2	58650
117.316	0.25	1	2	58658
117.332	0.25	0	1	58666
117.35	0.25	0	1	58675
117.366	0.25	0	1	58683
117.382	0.25	0	1	58691
117.4	0.25	1	2	58700
117.416	0.25	1	2	58708
117.432	0.25	0	1	58716
117.45	0.25	0	1	58725
117.466	0.25	1	2	58733
117.482	0.25	1	2	58741
117.5	0.25	0	1	58750
117.516	0.25	0	1	58758
117.532	0.25	1	2	58766
117.55	0.25	1	2	58775
117.566	0.25	0	1	58783
117.582	0.25	0	1	58791
117.6	0.25	1	2	58800
117.616	0.25	1	2	58808
117.632	0.25	1	2	58816
117.65	0.25	1	2	58825
117.666	0.25	0	1	58833
117.682	0.25	0	1	58841
117.7	0.25	1	2	58850
117.716	0.25	1	2	58858
117.732	0.25	0	1	58866
117.75	0.25	0	1	58875
117.766	0.25	0	1	58883
117.782	0.25	0	1	58891
117.8	0.25	0	1	58900
117.816	0.25	0	1	58908
117.832	0.25	1	2	58916
117.85	0.25	1	2	58925
117.866	0.25	0	1	58933
117.882	0.25	0	1	58941
117.9	0.25	0	1	58950
117.916	0.25	0	1	58958
117.932	0.25	0	1	58966
117.95	0.25	0	1	58975
117.966	0.25	1	2	58983
117.982	0.25	1	2	58991
118.0	0.25	1	2	59000
118.016	0.25	1	2	59008
118.032	0.25	1	2	59016
118.05	0.25	1	2	59025
118.066	0.25	0	1	59033
118.082	0.25	0	1	59041
118.1	0.25	1	2	59050
118.116	0.25	1	2	59058
118.132	0.25	0	1	59066
118.15	0.25	0	1	59075
118.166	0.25	1	2	59083
118.182	0.25	1	2	59091
118.2	0.25	1	2	59100
118.216	0.25	1	2	59108
118.232	0.25	1	2	59116
118.25	0.25	1	2	59125
118.266	0.25	1	2	59133
118.282	0.25	1	2	59141
118.3	0.25	1	2	59150
118.316	0.25	1	2	59158
118.332	0.25	0	1	59166
118.35	0.25	0	1	59175
118.366	0.25	0	1	59183
118.382	0.25	0	1	59191
118.4	0.25	1	2	59200
118.416	0.25	1	2	59208
118.432	0.25	0	1	59216
118.45	0.25	0	1	59225
118.466	0.25	0	1	59233
118.482	0.25	0	1	59241
118.5	0.25	0	1	59250
118.516	0.25	0	1	59258
118.532	0.25	1	2	59266
118.55	0.25	1	2	59275
118.566	0.25	1	2	59283
121.882	0.25	1	2	60941
121.9	0.25	1	2	60950
121.916	0.25	1	2	60958
121.932	0.25	1	2	60966
121.95	0.25	1	2	60975
121.966	0.25	1	2	60983
121.982	0.25	1	2	60991
122.0	0.25	1	2	61000
122.016	0.25	1	2	61008
122.032	0.25	1	2	61016
122.05	0.25	1	2	61025
122.066	0.25	1	2	61033
122.082	0.25	1	2	61041
122.1	0.25	1	2	61050
122.116	0.25	0	1	61058
122.132	0.25	0	1	61066
122.15	0.25	0	1	61075
122.166	0.25	0	1	61083
122.182	0.25	1	2	61091
122.2	0.25	1	2	61100
122.216	0.25	1	2	61108
122.232	0.25	1	2	61116
122.25	0.25	0	1	61125
122.266	0.25	0	1	61133
122.282	0.25	0	1	61141
122.3	0.25	0	1	61150
122.316	0.25	1	2	61158
122.332	0.25	1	2	61166
122.35	0.25	1	2	61175
122.366	0.25	1	2	61183
122.382	0.25	0	1	61191
122.4	0.25	0	1	61200
122.416	0.25	0	1	61208
122.432	0.25	0	1	61216
122.45	0.25	1	2	61225
122.466	0.25	1	2	61233
122.482	0.25	0	1	61241
122.5	0.25	0	1	61250
122.516	0.25	1	2	61258
122.532	0.25	1	2	61266
122.55	0.25	1	2	61275
122.566	0.25	1	2	61283
122.582	0.25	0	1	61291
122.6	0.25	0	1	61300
122.616	0.25	1	2	61308
122.632	0.25	1	2	61316
122.65	0.25	0	1	61325
122.666	0.25	0	1	61333
122.682	0.25	0	1	61341
122.7	0.25	0	1	61350
122.716	0.25	1	2	61358
122.732	0.25	1	2	61366
122.75	0.25	0	1	61375
122.766	0.25	0	1	61383
122.782	0.25	1	2	61391
122.8	0.25	1	2	61400
122.816	0.25	1	2	61408
122.832	0.25	1	2	61416
122.85	0.25	1	2	61425
122.866	0.25	1	2	61433
122.882	0.25	0	1	61441
122.9	0.25	0	1	61450
122.916	0.25	0	1	61458
122.932	0.25	0	1	61466
122.95	0.25	0	1	61475
122.966	0.25	0	1	61483
122.982	0.25	1	2	61491
123.0	0.25	1	2	61500
123.016	0.25	0	1	61508
123.032	0.25	0	1	61516
123.05	0.25	1	2	61525
123.066	0.25	1	2	61533
123.082	0.25	1	2	61541
123.1	0.25	1	2	61550
123.116	0.25	1	2	61558
123.132	0.25	1	2	61566
123.15	0.25	0	1	61575
123.166	0.25	0	1	61583
123.182	0.25	0	1	61591
123.2	0.25	0	1	61600
123.216	0.25	1	2	61608
123.232	0.25	1	2	61616
123.25	0.25	0	1	61625
123.266	0.25	0	1	61633
123.282	0.25	1	2	61641
123.3	0.25	1	2	61650
123.316	0.25	0	1	61658
123.332	0.25	0	1	61666
123.35	0.25	0	1	61675
123.366	0.25	0	1	61683
123.382	0.25	0	1	61691
123.4	0.25	0	1	61700
123.416	0.25	1	2	61708
123.432	0.25	1	2	61716
123.45	0.25	1	2	61725
123.466	0.25	1	2	61733
123.482	0.25	0	1	61741
123.5	0.25	0	1	61750
123.516	0.25	1	2	61758
123.532	0.25	1	2	61766
123.55	0.25	0	1	61775
123.566	0.25	0	1	61783
123.582	0.25	0	1	61791
123.6	0.25	0	1	61800
123.616	0.25	0	1	61808
123.632	0.25	0	1	61816
123.65	0.25	1	2	61825
123.666	0.25	1	2	61833
123.682	0.25	0	1	61841
123.7	0.25	0	1	61850
123.716	0.25	1	2	61858
123.732	0.25	1	2	61866
123.75	0.25	0	1	61875
123.766	0.25	0	1	61883
123.782	0.25	0	1	61891
123.8	0.25	0	1	61900
123.816	0.25	1	2	61908
125.3	0.25	1	2	62650
125.316	0.25	1	2	62658
125.332	0.25	1	2	62666
125.35	0.25	1	2	62675
125.366	0.25	0	1	62683
125.382	0.25	0	1	62691
125.4	0.25	0	1	62700
125.416	0.25	0	1	62708
125.432	0.25	0	1	62716
125.45	0.25	0	1	62725
125.466	0.25	0	1	62733
125.482	0.25	0	1	62741
125.5	0.25	1	2	62750
125.516	0.25	1	2	62758
125.532	0.25	0	1	62766
125.55	0.25	0	1	62775
125.566	0.25	0	1	62783
125.582	0.25	0	1	62791
125.6	0.25	1	2	62800
125.616	0.25	1	2	62808
125.632	0.25	1	2	62816
125.65	0.25	1	2	62825
125.666	0.25	0	1	62833
125.682	0.25	0	1	62841
125.7	0.25	0	1	62850
125.716	0.25	0	1	62858
125.732	0.25	0	1	62866
125.75	0.25	0	1	62875
125.766	0.25	0	1	62883
125.782	0.25	0	1	62891
125.8	0.25	0	1	62900
125.816	0.25	0	1	62908
125.832	0.25	0	1	62916
125.85	0.25	0	1	62925
125.866	0.25	1	2	62933
125.882	0.25	1	2	62941
125.9	0.25	0	1	62950
125.916	0.25	0	1	62958
125.932	0.25	1	2	62966
125.95	0.25	1	2	62975
125.966	0.25	1	2	62983
125.982	0.25	1	2	62991
126.0	0.25	0	1	63000
126.016	0.25	0	1	63008
126.032	0.25	1	2	63016
126.05	0.25	1	2	63025
126.066	0.25	0	1	63033
126.082	0.25	0	1	63041
126.1	0.25	1	2	63050
126.116	0.25	1	2	63058
126.132	0.25	0	1	63066
126.15	0.25	0	1	63075
126.166	0.25	1	2	63083
126.182	0.25	1	2	63091
126.2	0.25	0	1	63100
126.216	0.25	0	1	63108
126.232	0.25	0	1	63116
126.25	0.25	0	1	63125
126.266	0.25	0	1	63133
126.282	0.25	0	1	63141
126.3	0.25	1	2	63150
126.316	0.25	1	2	63158
126.332	0.25	1	2	63166
126.35	0.25	1	2	63175
126.366	0.25	1	2	63183
126.382	0.25	1	2	63191
126.4	0.25	0	1	63200
126.416	0.25	0	1	63208
126.432	0.25	1	2	63216
126.45	0.25	1	2	63225
126.466	0.25	1	2	63233
126.482	0.25	1	2	63241
126.5	0.25	1	2	63250
126.516	0.25	1	2	63258
126.532	0.25	0	1	63266
126.55	0.25	0	1	63275
126.566	0.25	1	2	63283
126.582	0.25	1	2	63291
126.6	0.25	0	1	63300
126.616	0.25	0	1	63308
126.632	0.25	1	2	63316
126.65	0.25	1	2	63325
126.666	0.25	1	2	63333
126.682	0.25	1	2	63341
126.7	0.25	0	1	63350
126.716	0.25	0	1	63358
126.732	0.25	0	1	63366
126.75	0.25	0	1	63375
126.766	0.25	0	1	63383
126.782	0.25	0	1	63391
126.8	0.25	1	2	63400
126.816	0.25	1	2	63408
126.832	0.25	1	2	63416
126.85	0.25	1	2	63425
126.866	0.25	0	1	63433
126.882	0.25	0	1	63441
126.9	0.25	1	2	63450
126.916	0.25	1	2	63458
126.932	0.25	1	2	63466
126.95	0.25	1	2	63475
126.966	0.25	1	2	63483
126.982	0.25	1	2	63491
127.0	0.25	0	1	63500
127.016	0.25	0	1	63508
127.032	0.25	0	1	63516
127.05	0.25	0	1	63525
127.066	0.25	0	1	63533
127.082	0.25	0	1	63541
127.1	0.25	0	1	63550
127.116	0.25	0	1	63558
127.132	0.25	0	1	63566
127.15	0.25	0	1	63575
127.166	0.25	1	2	63583
127.182	0.25	1	2	63591
127.2	0.25	1	2	63600
127.216	0.25	1	2	63608
127.232	0.25	1	2	63616
128.716	0.25	1	2	64358
128.732	0.25	1	2	64366
128.75	0.25	1	2	64375
128.766	0.25	1	2	64383
128.782	0.25	0	1	64391
128.8	0.25	0	1	64400
128.816	0.25	1	2	64408
128.832	0.25	1	2	64416
128.85	0.25	1	2	64425
128.866	0.25	1	2	64433
128.882	0.25	0	1	64441
128.9	0.25	0	1	64450
128.916	0.25	1	2	64458
128.932	0.25	1	2	64466
128.948	0.25	1	2	64474
128.966	0.25	1	2	64483
128.982	0.25	0	1	64491
129.0	0.25	0	1	64500
129.016	0.25	1	2	64508
129.032	0.25	1	2	64516
129.05	0.25	1	2	64525
129.066	0.25	1	2	64533
129.082	0.25	0	1	64541
129.1	0.25	0	1	64550
129.116	0.25	0	1	64558
129.132	0.25	0	1	64566
129.15	0.25	0	1	64575
129.166	0.25	0	1	64583
129.182	0.25	1	2	64591
129.198	0.25	1	2	64599
129.216	0.25	1	2	64608
129.232	0.25	1	2	64616
129.25	0.25	1	2	64625
129.266	0.25	1	2	64633
129.282	0.25	0	1	64641
129.3	0.25	0	1	64650
129.316	0.25	0	1	64658
129.332	0.25	0	1	64666
129.35	0.25	0	1	64675
129.366	0.25	0	1	64683
129.382	0.25	1	2	64691
129.4	0.25	1	2	64700
129.416	0.25	1	2	64708
129.432	0.25	1	2	64716
129.448	0.25	1	2	64724
129.466	0.25	1	2	64733
129.482	0.25	1	2	64741
129.5	0.25	1	2	64750
129.516	0.25	1	2	64758
129.532	0.25	1	2	64766
129.55	0.25	0	1	64775
129.566	0.25	0	1	64783
129.582	0.25	0	1	64791
129.6	0.25	0	1	64800
129.616	0.25	1	2	64808
129.632	0.25	1	2	64816
129.65	0.25	0	1	64825
129.666	0.25	0	1	64833
129.682	0.25	1	2	64841
129.698	0.25	1	2	64849
129.716	0.25	0	1	64858
129.732	0.25	0	1	64866
129.75	0.25	0	1	64875
129.766	0.25	0	1	64883
129.782	0.25	1	2	64891
129.8	0.25	1	2	64900
129.816	0.25	1	2	64908
129.832	0.25	1	2	64916
129.85	0.25	0	1	64925
129.866	0.25	0	1	64933
129.882	0.25	0	1	64941
129.9	0.25	0	1	64950
129.916	0.25	0	1	64958
129.932	0.25	0	1	64966
129.948	0.25	0	1	64974
129.966	0.25	0	1	64983
129.982	0.25	1	2	64991
130.0	0.25	1	2	65000
130.016	0.25	0	1	65008
130.032	0.25	0	1	65016
130.05	0.25	0	1	65025
130.066	0.25	0	1	65033
130.082	0.25	0	1	65041
130.1	0.25	0	1	65050
130.116	0.25	0	1	65058
130.132	0.25	0	1	65066
130.15	0.25	1	2	65075
130.166	0.25	1	2	65083
130.182	0.25	1	2	65091
130.198	0.25	1	2	65099
130.216	0.25	1	2	65108
130.232	0.25	1	2	65116
130.25	0.25	1	2	65125
130.266	0.25	1	2	65133
130.282	0.25	1	2	65141
130.3	0.25	1	2	65150
130.316	0.25	1	2	65158
130.332	0.25	1	2	65166
130.35	0.25	0	1	65175
130.366	0.25	0	1	65183
130.382	0.25	1	2	65191
130.4	0.25	1	2	65200
130.416	0.25	0	1	65208
130.432	0.25	0	1	65216
130.448	0.25	1	2	65224
130.466	0.25	1	2	65233
130.482	0.25	0	1	65241
130.5	0.25	0	1	65250
130.516	0.25	0	1	65258
130.532	0.25	0	1	65266
130.55	0.25	1	2	65275
130.566	0.25	1	2	65283
130.582	0.25	1	2	65291
130.6	0.25	1	2	65300
130.616	0.25	0	1	65308
130.632	0.25	0	1	65316
130.65	0.25	0	1	65325
132.132	0.25	0	1	66066
132.15	0.25	0	1	66075
132.166	0.25	0	1	66083
132.182	0.25	0	1	66091
132.2	0.25	1	2	66100
132.216	0.25	1	2	66108
132.232	0.25	1	2	66116
132.25	0.25	1	2	66125
132.266	0.25	0	1	66133
132.282	0.25	0	1	66141
132.3	0.25	0	1	66150
132.316	0.25	0	1	66158
132.332	0.25	0	1	66166
132.35	0.25	0	1	66175
132.366	0.25	0	1	66183
132.382	0.25	0	1	66191
132.4	0.25	1	2	66200
132.416	0.25	1	2	66208
132.432	0.25	1	2	66216
132.45	0.25	1	2	66225
132.466	0.25	1	2	66233
132.482	0.25	1	2	66241
132.5	0.25	1	2	66250
132.516	0.25	1	2	66258
132.532	0.25	1	2	66266
132.55	0.25	1	2	66275
132.566	0.25	0	1	66283
132.582	0.25	0	1	66291
132.6	0.25	0	1	66300
132.616	0.25	0	1	66308
132.632	0.25	0	1	66316
132.65	0.25	0	1	66325
132.666	0.25	0	1	66333
132.682	0.25	0	1	66341
132.7	0.25	0	1	66350
132.716	0.25	0	1	66358
132.732	0.25	0	1	66366
132.75	0.25	0	1	66375
132.766	0.25	1	2	66383
132.782	0.25	1	2	66391
132.8	0.25	1	2	66400
132.816	0.25	1	2	66408
132.832	0.25	0	1	66416
132.85	0.25	0	1	66425
132.866	0.25	0	1	66433
132.882	0.25	0	1	66441
132.9	0.25	1	2	66450
132.916	0.25	1	2	66458
132.932	0.25	0	1	66466
132.95	0.25	0	1	66475
132.966	0.25	1	2	66483
132.982	0.25	1	2	66491
133.0	0.25	0	1	66500
133.016	0.25	0	1	66508
133.032	0.25	1	2	66516
133.05	0.25	1	2	66525
133.066	0.25	0	1	66533
133.082	0.25	0	1	66541
133.1	0.25	1	2	66550
133.116	0.25	1	2	66558
133.132	0.25	1	2	66566
133.15	0.25	1	2	66575
133.166	0.25	0	1	66583
133.182	0.25	0	1	66591
133.2	0.25	1	2	66600
133.216	0.25	1	2	66608
133.232	0.25	0	1	66616
133.25	0.25	0	1	66625
133.266	0.25	0	1	66633
133.282	0.25	0	1	66641
133.3	0.25	0	1	66650
133.316	0.25	0	1	66658
133.332	0.25	1	2	66666
133.35	0.25	1	2	66675
133.366	0.25	0	1	66683
133.382	0.25	0	1	66691
133.4	0.25	0	1	66700
133.416	0.25	0	1	66708
133.432	0.25	0	1	66716
133.45	0.25	0	1	66725
133.466	0.25	1	2	66733
133.482	0.25	1	2	66741
133.5	0.25	1	2	66750
133.516	0.25	1	2	66758
133.532	0.25	1	2	66766
133.55	0.25	1	2	66775
133.566	0.25	0	1	66783
133.582	0.25	0	1	66791
133.6	0.25	1	2	66800
133.616	0.25	1	2	66808
133.632	0.25	0	1	66816
133.65	0.25	0	1	66825
133.666	0.25	1	2	66833
133.682	0.25	1	2	66841
133.7	0.25	1	2	66850
133.716	0.25	1	2	66858
133.732	0.25	1	2	66866
133.75	0.25	1	2	66875
133.766	0.25	1	2	66883
133.782	0.25	1	2	66891
133.8	0.25	1	2	66900
133.816	0.25	1	2	66908
133.832	0.25	0	1	66916
133.85	0.25	0	1	66925
133.866	0.25	0	1	66933
133.882	0.25	0	1	66941
133.9	0.25	1	2	66950
133.916	0.25	1	2	66958
133.932	0.25	0	1	66966
133.95	0.25	0	1	66975
133.966	0.25	0	1	66983
133.982	0.25	0	1	66991
134.0	0.25	0	1	67000
134.016	0.25	0	1	67008
134.032	0.25	1	2	67016
134.05	0.25	1	2	67025
134.066	0.25	1	2	67033
139.15	0.25	0	1	69575
139.166	0.25	0	1	69583
139.182	0.25	0	1	69591
139.2	0.25	0	1	69600
139.216	0.25	1	2	69608
139.232	0.25	1	2	69616
139.25	0.25	1	2	69625
139.266	0.25	1	2	69633
139.282	0.25	0	1	69641
139.3	0.25	0	1	69650
139.316	0.25	0	1	69658
139.332	0.25	0	1	69666
139.35	0.25	0	1	69675
139.366	0.25	0	1	69683
139.382	0.25	0	1	69691
139.4	0.25	0	1	69700
139.416	0.25	1	2	69708
139.432	0.25	1	2	69716
139.45	0.25	1	2	69725
139.466	0.25	1	2	69733
139.482	0.25	1	2	69741
139.5	0.25	1	2	69750
139.516	0.25	1	2	69758
139.532	0.25	1	2	69766
139.55	0.25	1	2	69775
139.566	0.25	1	2	69783
139.582	0.25	0	1	69791
139.6	0.25	0	1	69800
139.616	0.25	0	1	69808
139.632	0.25	0	1	69816
139.65	0.25	0	1	69825
139.666	0.25	0	1	69833
139.682	0.25	0	1	69841
139.7	0.25	0	1	69850
139.716	0.25	0	1	69858
139.732	0.25	0	1	69866
139.75	0.25	0	1	69875
139.766	0.25	0	1	69883
139.782	0.25	1	2	69891
139.8	0.25	1	2	69900
139.816	0.25	1	2	69908
139.832	0.25	1	2	69916
139.85	0.25	0	1	69925
139.866	0.25	0	1	69933
139.882	0.25	0	1	69941
139.9	0.25	0	1	69950
139.916	0.25	1	2	69958
139.932	0.25	1	2	69966
139.95	0.25	0	1	69975
139.966	0.25	0	1	69983
139.982	0.25	1	2	69991
140.0	0.25	1	2	70000
140.016	0.25	0	1	70008
140.032	0.25	0	1	70016
140.05	0.25	1	2	70025
140.066	0.25	1	2	70033
140.082	0.25	0	1	70041
140.1	0.25	0	1	70050
140.116	0.25	1	2	70058
140.132	0.25	1	2	70066
140.15	0.25	1	2	70075
140.166	0.25	1	2	70083
140.182	0.25	0	1	70091
140.2	0.25	0	1	70100
140.216	0.25	1	2	70108
140.232	0.25	1	2	70116
140.25	0.25	0	1	70125
140.266	0.25	0	1	70133
140.282	0.25	0	1	70141
140.3	0.25	0	1	70150
140.316	0.25	0	1	70158
140.332	0.25	0	1	70166
140.35	0.25	1	2	70175
140.366	0.25	1	2	70183
140.382	0.25	0	1	70191
140.4	0.25	0	1	70200
140.416	0.25	0	1	70208
140.432	0.25	0	1	70216
140.45	0.25	0	1	70225
140.466	0.25	0	1	70233
140.482	0.25	1	2	70241
140.5	0.25	1	2	70250
140.516	0.25	1	2	70258
140.532	0.25	1	2	70266
140.55	0.25	1	2	70275
140.566	0.25	1	2	70283
140.582	0.25	0	1	70291
140.6	0.25	0	1	70300
140.616	0.25	1	2	70308
140.632	0.25	1	2	70316
140.65	0.25	0	1	70325
140.666	0.25	0	1	70333
140.682	0.25	1	2	70341
140.7	0.25	1	2	70350
140.716	0.25	1	2	70358
140.732	0.25	1	2	70366
140.75	0.25	1	2	70375
140.766	0.25	1	2	70383
140.782	0.25	1	2	70391
140.8	0.25	1	2	70400
140.816	0.25	1	2	70408
140.832	0.25	1	2	70416
140.85	0.25	0	1	70425
140.866	0.25	0	1	70433
140.882	0.25	0	1	70441
140.9	0.25	0	1	70450
140.916	0.25	1	2	70458
140.932	0.25	1	2	70466
140.95	0.25	0	1	70475
140.966	0.25	0	1	70483
140.982	0.25	0	1	70491
141.0	0.25	0	1	70500
141.016	0.25	0	1	70508
141.032	0.25	0	1	70516
141.05	0.25	1	2	70525
141.066	0.25	1	2	70533
141.082	0.25	1	2	70541
142.566	0.25	1	2	71283
142.582	0.25	1	2	71291
142.6	0.25	1	2	71300
142.616	0.25	1	2	71308
142.632	0.25	0	1	71316
142.65	0.25	0	1	71325
142.666	0.25	0	1	71333
142.682	0.25	0	1	71341
142.7	0.25	0	1	71350
142.716	0.25	0	1	71358
142.732	0.25	0	1	71366
142.75	0.25	0	1	71375
142.766	0.25	1	2	71383
142.782	0.25	1	2	71391
142.8	0.25	0	1	71400
142.816	0.25	0	1	71408
142.832	0.25	0	1	71416
142.85	0.25	0	1	71425
142.866	0.25	1	2	71433
142.882	0.25	1	2	71441
142.9	0.25	1	2	71450
142.916	0.25	1	2	71458
142.932	0.25	0	1	71466
142.95	0.25	0	1	71475
142.966	0.25	0	1	71483
142.982	0.25	0	1	71491
143.0	0.25	0	1	71500
143.016	0.25	0	1	71508
143.032	0.25	0	1	71516
143.05	0.25	0	1	71525
143.066	0.25	0	1	71533
143.082	0.25	0	1	71541
143.1	0.25	0	1	71550
143.116	0.25	0	1	71558
143.132	0.25	1	2	71566
143.15	0.25	1	2	71575
143.166	0.25	0	1	71583
143.182	0.25	0	1	71591
143.2	0.25	1	2	71600
143.216	0.25	1	2	71608
143.232	0.25	1	2	71616
143.25	0.25	1	2	71625
143.266	0.25	0	1	71633
143.282	0.25	0	1	71641
143.3	0.25	1	2	71650
143.316	0.25	1	2	71658
143.332	0.25	0	1	71666
143.35	0.25	0	1	71675
143.366	0.25	1	2	71683
143.382	0.25	1	2	71691
143.4	0.25	0	1	71700
143.416	0.25	0	1	71708
143.432	0.25	1	2	71716
143.45	0.25	1	2	71725
143.466	0.25	0	1	71733
143.482	0.25	0	1	71741
143.5	0.25	0	1	71750
143.516	0.25	0	1	71758
143.532	0.25	0	1	71766
143.55	0.25	0	1	71775
143.566	0.25	1	2	71783
143.582	0.25	1	2	71791
143.6	0.25	1	2	71800
143.616	0.25	1	2	71808
143.632	0.25	1	2	71816
143.65	0.25	1	2	71825
143.666	0.25	0	1	71833
143.682	0.25	0	1	71841
143.7	0.25	1	2	71850
143.716	0.25	1	2	71858
143.732	0.25	1	2	71866
143.75	0.25	1	2	71875
143.766	0.25	1	2	71883
143.782	0.25	1	2	71891
143.8	0.25	0	1	71900
143.816	0.25	0	1	71908
143.832	0.25	1	2	71916
143.85	0.25	1	2	71925
143.866	0.25	0	1	71933
143.882	0.25	0	1	71941
143.9	0.25	1	2	71950
143.916	0.25	1	2	71958
143.932	0.25	1	2	71966
143.95	0.25	1	2	71975
143.966	0.25	0	1	71983
143.982	0.25	0	1	71991
144.0	0.25	0	1	72000
144.016	0.25	0	1	72008
144.032	0.25	0	1	72016
144.05	0.25	0	1	72025
144.066	0.25	1	2	72033
144.082	0.25	1	2	72041
144.1	0.25	1	2	72050
144.116	0.25	1	2	72058
144.132	0.25	0	1	72066
144.15	0.25	0	1	72075
144.166	0.25	1	2	72083
144.182	0.25	1	2	72091
144.2	0.25	1	2	72100
144.216	0.25	1	2	72108
144.232	0.25	1	2	72116
144.25	0.25	1	2	72125
144.266	0.25	0	1	72133
144.282	0.25	0	1	72141
144.3	0.25	0	1	72150
144.316	0.25	0	1	72158
144.332	0.25	0	1	72166
144.35	0.25	0	1	72175
144.366	0.25	0	1	72183
144.382	0.25	0	1	72191
144.4	0.25	0	1	72200
144.416	0.25	0	1	72208
144.432	0.25	1	2	72216
144.45	0.25	1	2	72225
144.466	0.25	1	2	72233
144.482	0.25	1	2	72241
144.5	0.25	1	2	72250
145.982	0.25	1	2	72991
146.0	0.25	1	2	73000
146.016	0.25	1	2	73008
146.032	0.25	1	2	73016
146.05	0.25	0	1	73025
146.066	0.25	0	1	73033
146.082	0.25	1	2	73041
146.1	0.25	1	2	73050
146.116	0.25	1	2	73058
146.132	0.25	1	2	73066
146.15	0.25	0	1	73075
146.166	0.25	0	1	73083
146.182	0.25	1	2	73091
146.2	0.25	1	2	73100
146.216	0.25	1	2	73108
146.232	0.25	1	2	73116
146.25	0.25	0	1	73125
146.266	0.25	0	1	73133
146.282	0.25	1	2	73141
146.3	0.25	1	2	73150
146.316	0.25	1	2	73158
146.332	0.25	1	2	73166
146.35	0.25	0	1	73175
146.366	0.25	0	1	73183
146.382	0.25	0	1	73191
146.4	0.25	0	1	73200
146.416	0.25	0	1	73208
146.432	0.25	0	1	73216
146.45	0.25	1	2	73225
146.466	0.25	1	2	73233
146.482	0.25	1	2	73241
146.5	0.25	1	2	73250
146.516	0.25	1	2	73258
146.532	0.25	1	2	73266
146.55	0.25	0	1	73275
146.566	0.25	0	1	73283
146.582	0.25	0	1	73291
146.6	0.25	0	1	73300
146.616	0.25	0	1	73308
146.632	0.25	0	1	73316
146.65	0.25	1	2	73325
146.666	0.25	1	2	73333
146.682	0.25	1	2	73341
146.7	0.25	1	2	73350
146.716	0.25	1	2	73358
146.732	0.25	1	2	73366
146.75	0.25	1	2	73375
146.766	0.25	1	2	73383
146.782	0.25	1	2	73391
146.8	0.25	1	2	73400
146.816	0.25	0	1	73408
146.832	0.25	0	1	73416
146.85	0.25	0	1	73425
146.866	0.25	0	1	73433
146.882	0.25	1	2	73441
146.9	0.25	1	2	73450
146.916	0.25	0	1	73458
146.932	0.25	0	1	73466
146.95	0.25	1	2	73475
146.966	0.25	1	2	73483
146.982	0.25	0	1	73491
147.0	0.25	0	1	73500
147.016	0.25	0	1	73508
147.032	0.25	0	1	73516
147.05	0.25	1	2	73525
147.066	0.25	1	2	73533
147.082	0.25	1	2	73541
147.1	0.25	1	2	73550
147.116	0.25	0	1	73558
147.132	0.25	0	1	73566
147.15	0.25	0	1	73575
147.166	0.25	0	1	73583
147.182	0.25	0	1	73591
147.2	0.25	0	1	73600
147.216	0.25	0	1	73608
147.232	0.25	0	1	73616
147.25	0.25	1	2	73625
147.266	0.25	1	2	73633
147.282	0.25	0	1	73641
147.3	0.25	0	1	73650
147.316	0.25	0	1	73658
147.332	0.25	0	1	73666
147.35	0.25	0	1	73675
147.366	0.25	0	1	73683
147.382	0.25	0	1	73691
147.4	0.25	0	1	73700
147.416	0.25	1	2	73708
147.432	0.25	1	2	73716
147.45	0.25	1	2	73725
147.466	0.25	1	2	73733
147.482	0.25	1	2	73741
147.5	0.25	1	2	73750
147.516	0.25	1	2	73758
147.532	0.25	1	2	73766
147.55	0.25	1	2	73775
147.566	0.25	1	2	73783
147.582	0.25	1	2	73791
147.6	0.25	1	2	73800
147.616	0.25	0	1	73808
147.632	0.25	0	1	73816
147.65	0.25	1	2	73825
147.666	0.25	1	2	73833
147.682	0.25	0	1	73841
147.7	0.25	0	1	73850
147.716	0.25	1	2	73858
147.732	0.25	1	2	73866
147.75	0.25	0	1	73875
147.766	0.25	0	1	73883
147.782	0.25	0	1	73891
147.8	0.25	0	1	73900
147.816	0.25	1	2	73908
147.832	0.25	1	2	73916
147.85	0.25	1	2	73925
147.866	0.25	1	2	73933
147.882	0.25	0	1	73941
147.9	0.25	0	1	73950
147.916	0.25	0	1	73958
149.4	0.25	1	2	74700
149.416	0.25	1	2	74708
149.432	0.25	1	2	74716
149.45	0.25	1	2	74725
149.466	0.25	1	2	74733
149.482	0.25	1	2	74741
149.5	0.25	1	2	74750
149.516	0.25	1	2	74758
149.532	0.25	1	2	74766
149.55	0.25	1	2	74775
149.566	0.25	1	2	74783
149.582	0.25	1	2	74791
149.6	0.25	1	2	74800
149.616	0.25	1	2	74808
149.632	0.25	0	1	74816
149.65	0.25	0	1	74825
149.666	0.25	0	1	74833
149.682	0.25	0	1	74841
149.7	0.25	1	2	74850
149.716	0.25	1	2	74858
149.732	0.25	1	2	74866
149.75	0.25	1	2	74875
149.766	0.25	0	1	74883
149.782	0.25	0	1	74891
149.8	0.25	0	1	74900
149.816	0.25	0	1	74908
149.832	0.25	1	2	74916
149.85	0.25	1	2	74925
149.866	0.25	1	2	74933
149.882	0.25	1	2	74941
149.9	0.25	0	1	74950
149.916	0.25	0	1	74958
149.932	0.25	0	1	74966
149.95	0.25	0	1	74975
149.966	0.25	1	2	74983
149.982	0.25	1	2	74991
150.0	0.25	0	1	75000
150.016	0.25	0	1	75008
150.032	0.25	1	2	75016
150.05	0.25	1	2	75025
150.066	0.25	1	2	75033
150.082	0.25	1	2	75041
150.1	0.25	0	1	75050
150.116	0.25	0	1	75058
150.132	0.25	1	2	75066
150.15	0.25	1	2	75075
150.166	0.25	0	1	75083
150.182	0.25	0	1	75091
150.2	0.25	0	1	75100
150.216	0.25	0	1	75108
150.232	0.25	1	2	75116
150.25	0.25	1	2	75125
150.266	0.25	0	1	75133
150.282	0.25	0	1	75141
150.3	0.25	1	2	75150
150.316	0.25	1	2	75158
150.332	0.25	1	2	75166
150.35	0.25	1	2	75175
150.366	0.25	1	2	75183
150.382	0.25	1	2	75191
150.4	0.25	0	1	75200
150.416	0.25	0	1	75208
150.432	0.25	0	1	75216
150.45	0.25	0	1	75225
150.466	0.25	0	1	75233
150.482	0.25	0	1	75241
150.5	0.25	1	2	75250
150.516	0.25	1	2	75258
150.532	0.25	0	1	75266
150.55	0.25	0	1	75275
150.566	0.25	1	2	75283
150.582	0.25	1	2	75291
150.6	0.25	1	2	75300
150.616	0.25	1	2	75308
150.632	0.25	1	2	75316
150.65	0.25	1	2	75325
150.666	0.25	0	1	75333
150.682	0.25	0	1	75341
150.7	0.25	0	1	75350
150.716	0.25	0	1	75358
150.732	0.25	1	2	75366
150.75	0.25	1	2	75375
150.766	0.25	0	1	75383
150.782	0.25	0	1	75391
150.8	0.25	1	2	75400
150.816	0.25	1	2	75408
150.832	0.25	0	1	75416
150.85	0.25	0	1	75425
150.866	0.25	0	1	75433
150.882	0.25	0	1	75441
150.9	0.25	0	1	75450
150.916	0.25	0	1	75458
150.932	0.25	1	2	75466
150.95	0.25	1	2	75475
150.966	0.25	1	2	75483
150.982	0.25	1	2	75491
151.0	0.25	0	1	75500
151.016	0.25	0	1	75508
151.032	0.25	1	2	75516
151.05	0.25	1	2	75525
151.066	0.25	0	1	75533
151.082	0.25	0	1	75541
151.1	0.25	0	1	75550
151.116	0.25	0	1	75558
151.132	0.25	0	1	75566
151.15	0.25	0	1	75575
151.166	0.25	1	2	75583
151.182	0.25	1	2	75591
151.2	0.25	0	1	75600
151.216	0.25	0	1	75608
151.232	0.25	1	2	75616
151.25	0.25	1	2	75625
151.266	0.25	0	1	75633
151.282	0.25	0	1	75641
151.3	0.25	0	1	75650
151.316	0.25	0	1	75658
151.332	0.25	1	2	75666
153.682	0.25	1	2	76841
153.7	0.25	1	2	76850
153.716	0.25	1	2	76858
153.732	0.25	1	2	76866
153.75	0.25	0	1	76875
153.766	0.25	0	1	76883
153.782	0.25	0	1	76891
153.8	0.25	0	1	76900
153.816	0.25	0	1	76908
153.832	0.25	0	1	76916
153.85	0.25	0	1	76925
153.866	0.25	0	1	76933
153.882	0.25	1	2	76941
153.9	0.25	1	2	76950
153.916	0.25	0	1	76958
153.932	0.25	0	1	76966
153.95	0.25	0	1	76975
153.966	0.25	0	1	76983
153.982	0.25	1	2	76991
154.0	0.25	1	2	77000
154.016	0.25	1	2	77008
154.032	0.25	1	2	77016
154.05	0.25	0	1	77025
154.066	0.25	0	1	77033
154.082	0.25	0	1	77041
154.1	0.25	0	1	77050
154.116	0.25	0	1	77058
154.132	0.25	0	1	77066
154.15	0.25	0	1	77075
154.166	0.25	0	1	77083
154.182	0.25	0	1	77091
154.2	0.25	0	1	77100
154.216	0.25	0	1	77108
154.232	0.25	0	1	77116
154.25	0.25	1	2	77125
154.266	0.25	1	2	77133
154.282	0.25	0	1	77141
154.3	0.25	0	1	77150
154.316	0.25	1	2	77158
154.332	0.25	1	2	77166
154.35	0.25	1	2	77175
154.366	0.25	1	2	77183
154.382	0.25	0	1	77191
154.4	0.25	0	1	77200
154.416	0.25	1	2	77208
154.432	0.25	1	2	77216
154.45	0.25	0	1	77225
154.466	0.25	0	1	77233
154.482	0.25	1	2	77241
154.5	0.25	1	2	77250
154.516	0.25	0	1	77258
154.532	0.25	0	1	77266
154.55	0.25	1	2	77275
154.566	0.25	1	2	77283
154.582	0.25	0	1	77291
154.6	0.25	0	1	77300
154.616	0.25	0	1	77308
154.632	0.25	0	1	77316
154.65	0.25	0	1	77325
154.666	0.25	0	1	77333
154.682	0.25	1	2	77341
154.7	0.25	1	2	77350
154.716	0.25	1	2	77358
154.732	0.25	1	2	77366
154.75	0.25	1	2	77375
154.766	0.25	1	2	77383
154.782	0.25	0	1	77391
154.8	0.25	0	1	77400
154.816	0.25	1	2	77408
154.832	0.25	1	2	77416
154.85	0.25	1	2	77425
154.866	0.25	1	2	77433
154.882	0.25	1	2	77441
154.9	0.25	1	2	77450
154.916	0.25	0	1	77458
154.932	0.25	0	1	77466
154.95	0.25	1	2	77475
154.966	0.25	1	2	77483
154.982	0.25	0	1	77491
155.0	0.25	0	1	77500
155.016	0.25	1	2	77508
155.032	0.25	1	2	77516
155.05	0.25	1	2	77525
155.066	0.25	1	2	77533
155.082	0.25	0	1	77541
155.1	0.25	0	1	77550
155.116	0.25	0	1	77558
155.132	0.25	0	1	77566
155.15	0.25	0	1	77575
155.166	0.25	0	1	77583
155.182	0.25	1	2	77591
155.2	0.25	1	2	77600
155.216	0.25	1	2	77608
155.232	0.25	1	2	77616
155.25	0.25	0	1	77625
155.266	0.25	0	1	77633
155.282	0.25	1	2	77641
155.3	0.25	1	2	77650
155.316	0.25	1	2	77658
155.332	0.25	1	2	77666
155.35	0.25	1	2	77675
155.366	0.25	1	2	77683
155.382	0.25	0	1	77691
155.4	0.25	0	1	77700
155.416	0.25	0	1	77708
155.432	0.25	0	1	77716
155.45	0.25	0	1	77725
155.466	0.25	0	1	77733
155.482	0.25	0	1	77741
155.5	0.25	0	1	77750
155.516	0.25	0	1	77758
155.532	0.25	0	1	77766
155.55	0.25	1	2	77775
155.566	0.25	1	2	77783
155.582	0.25	1	2	77791
155.6	0.25	1	2	77800
155.616	0.25	1	2	77808
157.1	0.25	1	2	78550
157.116	0.25	1	2	78558
157.132	0.25	1	2	78566
157.15	0.25	1	2	78575
157.166	0.25	0	1	78583
157.182	0.25	0	1	78591
157.2	0.25	1	2	78600
157.216	0.25	1	2	78608
157.232	0.25	1	2	78616
157.25	0.25	1	2	78625
157.266	0.25	0	1	78633
157.282	0.25	0	1	78641
157.3	0.25	1	2	78650
157.316	0.25	1	2	78658
157.332	0.25	1	2	78666
157.35	0.25	1	2	78675
157.366	0.25	0	1	78683
157.382	0.25	0	1	78691
157.4	0.25	1	2	78700
157.416	0.25	1	2	78708
157.432	0.25	1	2	78716
157.45	0.25	1	2	78725
157.466	0.25	0	1	78733
157.482	0.25	0	1	78741
157.5	0.25	0	1	78750
157.516	0.25	0	1	78758
157.532	0.25	0	1	78766
157.55	0.25	0	1	78775
157.566	0.25	1	2	78783
157.582	0.25	1	2	78791
157.6	0.25	1	2	78800
157.616	0.25	1	2	78808
157.632	0.25	1	2	78816
157.65	0.25	1	2	78825
157.666	0.25	0	1	78833
157.682	0.25	0	1	78841
157.7	0.25	0	1	78850
157.716	0.25	0	1	78858
157.732	0.25	0	1	78866
157.75	0.25	0	1	78875
157.766	0.25	1	2	78883
157.782	0.25	1	2	78891
157.8	0.25	1	2	78900
157.816	0.25	1	2	78908
157.832	0.25	1	2	78916
157.85	0.25	1	2	78925
157.866	0.25	1	2	78933
157.882	0.25	1	2	78941
157.9	0.25	1	2	78950
157.916	0.25	1	2	78958
157.932	0.25	0	1	78966
157.95	0.25	0	1	78975
157.966	0.25	0	1	78983
157.982	0.25	0	1	78991
158.0	0.25	1	2	79000
158.016	0.25	1	2	79008
158.032	0.25	0	1	79016
158.05	0.25	0	1	79025
158.066	0.25	1	2	79033
158.082	0.25	1	2	79041
158.1	0.25	0	1	79050
158.116	0.25	0	1	79058
158.132	0.25	0	1	79066
158.15	0.25	0	1	79075
158.166	0.25	1	2	79083
158.182	0.25	1	2	79091
158.2	0.25	1	2	79100
158.216	0.25	1	2	79108
158.232	0.25	0	1	79116
158.25	0.25	0	1	79125
158.266	0.25	0	1	79133
158.282	0.25	0	1	79141
158.3	0.25	0	1	79150
158.316	0.25	0	1	79158
158.332	0.25	0	1	79166
158.35	0.25	0	1	79175
158.366	0.25	1	2	79183
158.382	0.25	1	2	79191
158.4	0.25	0	1	79200
158.416	0.25	0	1	79208
158.432	0.25	0	1	79216
158.45	0.25	0	1	79225
158.466	0.25	0	1	79233
158.482	0.25	0	1	79241
158.5	0.25	0	1	79250
158.516	0.25	0	1	79258
158.532	0.25	1	2	79266
158.55	0.25	1	2	79275
158.566	0.25	1	2	79283
158.582	0.25	1	2	79291
158.6	0.25	1	2	79300
158.616	0.25	1	2	79308
158.632	0.25	1	2	79316
158.65	0.25	1	2	79325
158.666	0.25	1	2	79333
158.682	0.25	1	2	79341
158.7	0.25	1	2	79350
158.716	0.25	1	2	79358
158.732	0.25	0	1	79366
158.75	0.25	0	1	79375
158.766	0.25	1	2	79383
158.782	0.25	1	2	79391
158.8	0.25	0	1	79400
158.816	0.25	0	1	79408
158.832	0.25	1	2	79416
158.85	0.25	1	2	79425
158.866	0.25	0	1	79433
158.882	0.25	0	1	79441
158.9	0.25	0	1	79450
158.916	0.25	0	1	79458
158.932	0.25	1	2	79466
158.95	0.25	1	2	79475
158.966	0.25	1	2	79483
158.982	0.25	1	2	79491
159.0	0.25	0	1	79500
159.016	0.25	0	1	79508
159.032	0.25	0	1	79516
160.516	0.25	1	2	80258
160.532	0.25	1	2	80266
160.55	0.25	1	2	80275
160.566	0.25	1	2	80283
160.582	0.25	1	2	80291
160.6	0.25	1	2	80300
160.616	0.25	1	2	80308
160.632	0.25	1	2	80316
160.65	0.25	1	2	80325
160.666	0.25	1	2	80333
160.682	0.25	1	2	80341
160.7	0.25	1	2	80350
160.716	0.25	1	2	80358
160.732	0.25	1	2	80366
160.75	0.25	0	1	80375
160.766	0.25	0	1	80383
160.782	0.25	0	1	80391
160.8	0.25	0	1	80400
160.816	0.25	1	2	80408
160.832	0.25	1	2	80416
160.85	0.25	1	2	80425
160.866	0.25	1	2	80433
160.882	0.25	0	1	80441
160.9	0.25	0	1	80450
160.916	0.25	0	1	80458
160.932	0.25	0	1	80466
160.95	0.25	1	2	80475
160.966	0.25	1	2	80483
160.982	0.25	1	2	80491
161.0	0.25	1	2	80500
161.016	0.25	0	1	80508
161.032	0.25	0	1	80516
161.05	0.25	0	1	80525
161.066	0.25	0	1	80533
161.082	0.25	1	2	80541
161.1	0.25	1	2	80550
161.116	0.25	0	1	80558
161.132	0.25	0	1	80566
161.15	0.25	1	2	80575
161.166	0.25	1	2	80583
161.182	0.25	1	2	80591
161.2	0.25	1	2	80600
161.216	0.25	0	1	80608
161.232	0.25	0	1	80616
161.25	0.25	1	2	80625
161.266	0.25	1	2	80633
161.282	0.25	0	1	80641
161.3	0.25	0	1	80650
161.316	0.25	0	1	80658
161.332	0.25	0	1	80666
161.35	0.25	1	2	80675
161.366	0.25	1	2	80683
161.382	0.25	0	1	80691
161.4	0.25	0	1	80700
161.416	0.25	1	2	80708
161.432	0.25	1	2	80716
161.45	0.25	1	2	80725
161.466	0.25	1	2	80733
161.482	0.25	1	2	80741
161.5	0.25	1	2	80750
161.516	0.25	0	1	80758
161.532	0.25	0	1	80766
161.55	0.25	0	1	80775
161.566	0.25	0	1	80783
161.582	0.25	0	1	80791
161.6	0.25	0	1	80800
161.616	0.25	1	2	80808
161.632	0.25	1	2	80816
161.65	0.25	0	1	80825
161.666	0.25	0	1	80833
161.682	0.25	1	2	80841
161.7	0.25	1	2	80850
161.716	0.25	1	2	80858
161.732	0.25	1	2	80866
161.75	0.25	1	2	80875
161.766	0.25	1	2	80883
161.782	0.25	0	1	80891
161.8	0.25	0	1	80900
161.816	0.25	0	1	80908
161.832	0.25	0	1	80916
161.85	0.25	1	2	80925
161.866	0.25	1	2	80933
161.882	0.25	0	1	80941
161.9	0.25	0	1	80950
161.916	0.25	1	2	80958
161.932	0.25	1	2	80966
161.95	0.25	0	1	80975
161.966	0.25	0	1	80983
161.982	0.25	0	1	80991
162.0	0.25	0	1	81000
162.016	0.25	0	1	81008
162.032	0.25	0	1	81016
162.05	0.25	1	2	81025
162.066	0.25	1	2	81033
162.082	0.25	1	2	81041
162.1	0.25	1	2	81050
162.116	0.25	0	1	81058
162.132	0.25	0	1	81066
162.15	0.25	1	2	81075
162.166	0.25	1	2	81083
162.182	0.25	0	1	81091
162.2	0.25	0	1	81100
162.216	0.25	0	1	81108
162.232	0.25	0	1	81116
162.25	0.25	0	1	81125
162.266	0.25	0	1	81133
162.282	0.25	1	2	81141
162.3	0.25	1	2	81150
162.316	0.25	0	1	81158
162.332	0.25	0	1	81166
162.35	0.25	1	2	81175
162.366	0.25	1	2	81183
162.382	0.25	0	1	81191
162.4	0.25	0	1	81200
162.416	0.25	0	1	81208
162.432	0.25	0	1	81216
162.45	0.25	1	2	81225
163.932	0.25	0	1	81966
163.95	0.25	0	1	81975
163.966	0.25	0	1	81983
163.982	0.25	0	1	81991
164.0	0.25	1	2	82000
164.016	0.25	1	2	82008
164.032	0.25	1	2	82016
164.05	0.25	1	2	82025
164.066	0.25	0	1	82033
164.082	0.25	0	1	82041
164.1	0.25	0	1	82050
164.116	0.25	0	1	82058
164.132	0.25	0	1	82066
164.15	0.25	0	1	82075
164.166	0.25	0	1	82083
164.182	0.25	0	1	82091
164.2	0.25	1	2	82100
164.216	0.25	1	2	82108
164.232	0.25	1	2	82116
164.25	0.25	1	2	82125
164.266	0.25	1	2	82133
164.282	0.25	1	2	82141
164.3	0.25	1	2	82150
164.316	0.25	1	2	82158
164.332	0.25	1	2	82166
164.35	0.25	1	2	82175
164.366	0.25	0	1	82183
164.382	0.25	0	1	82191
164.4	0.25	0	1	82200
164.416	0.25	0	1	82208
164.432	0.25	0	1	82216
164.45	0.25	0	1	82225
164.466	0.25	0	1	82233
164.482	0.25	0	1	82241
164.5	0.25	0	1	82250
164.516	0.25	0	1	82258
164.532	0.25	0	1	82266
164.55	0.25	0	1	82275
164.566	0.25	1	2	82283
164.582	0.25	1	2	82291
164.6	0.25	1	2	82300
164.616	0.25	1	2	82308
164.632	0.25	0	1	82316
164.65	0.25	0	1	82325
164.666	0.25	0	1	82333
164.682	0.25	0	1	82341
164.7	0.25	1	2	82350
164.716	0.25	1	2	82358
164.732	0.25	0	1	82366
164.75	0.25	0	1	82375
164.766	0.25	1	2	82383
164.782	0.25	1	2	82391
164.8	0.25	0	1	82400
164.816	0.25	0	1	82408
164.832	0.25	1	2	82416
164.85	0.25	1	2	82425
164.866	0.25	0	1	82433
164.882	0.25	0	1	82441
164.9	0.25	1	2	82450
164.916	0.25	1	2	82458
164.932	0.25	1	2	82466
164.95	0.25	1	2	82475
164.966	0.25	0	1	82483
164.982	0.25	0	1	82491
165.0	0.25	1	2	82500
165.016	0.25	1	2	82508
165.032	0.25	0	1	82516
165.05	0.25	0	1	82525
165.066	0.25	0	1	82533
165.082	0.25	0	1	82541
165.1	0.25	0	1	82550
165.116	0.25	0	1	82558
165.132	0.25	1	2	82566
165.15	0.25	1	2	82575
165.166	0.25	0	1	82583
165.182	0.25	0	1	82591
165.2	0.25	0	1	82600
165.216	0.25	0	1	82608
165.232	0.25	0	1	82616
165.25	0.25	0	1	82625
165.266	0.25	1	2	82633
165.282	0.25	1	2	82641
165.3	0.25	1	2	82650
165.316	0.25	1	2	82658
165.332	0.25	1	2	82666
165.35	0.25	1	2	82675
165.366	0.25	0	1	82683
165.382	0.25	0	1	82691
165.4	0.25	1	2	82700
165.416	0.25	1	2	82708
165.432	0.25	0	1	82716
165.45	0.25	0	1	82725
165.466	0.25	1	2	82733
165.482	0.25	1	2	82741
165.5	0.25	1	2	82750
165.516	0.25	1	2	82758
165.532	0.25	1	2	82766
165.55	0.25	1	2	82775
165.566	0.25	1	2	82783
165.582	0.25	1	2	82791
165.6	0.25	1	2	82800
165.616	0.25	1	2	82808
165.632	0.25	0	1	82816
165.65	0.25	0	1	82825
165.666	0.25	0	1	82833
165.682	0.25	0	1	82841
165.7	0.25	1	2	82850
165.716	0.25	1	2	82858
165.732	0.25	0	1	82866
165.75	0.25	0	1	82875
165.766	0.25	0	1	82883
165.782	0.25	0	1	82891
165.8	0.25	0	1	82900
165.816	0.25	0	1	82908
165.832	0.25	1	2	82916
165.85	0.25	1	2	82925
165.866	0.25	1	2	82933
169.866	0.25	1	2	84933
169.882	0.25	1	2	84941
169.9	0.25	1	2	84950
169.916	0.25	1	2	84958
169.932	0.25	0	1	84966
169.95	0.25	0	1	84975
169.966	0.25	0	1	84983
169.982	0.25	0	1	84991
170.0	0.25	0	1	85000
170.016	0.25	0	1	85008
170.032	0.25	0	1	85016
170.05	0.25	0	1	85025
170.066	0.25	1	2	85033
170.082	0.25	1	2	85041
170.1	0.25	0	1	85050
170.116	0.25	0	1	85058
170.132	0.25	0	1	85066
170.15	0.25	0	1	85075
170.166	0.25	1	2	85083
170.182	0.25	1	2	85091
170.2	0.25	1	2	85100
170.216	0.25	1	2	85108
170.232	0.25	0	1	85116
170.25	0.25	0	1	85125
170.266	0.25	0	1	85133
170.282	0.25	0	1	85141
170.3	0.25	0	1	85150
170.316	0.25	0	1	85158
170.332	0.25	0	1	85166
170.35	0.25	0	1	85175
170.366	0.25	0	1	85183
170.382	0.25	0	1	85191
170.4	0.25	0	1	85200
170.416	0.25	0	1	85208
170.432	0.25	1	2	85216
170.45	0.25	1	2	85225
170.466	0.25	0	1	85233
170.482	0.25	0	1	85241
170.5	0.25	1	2	85250
170.516	0.25	1	2	85258
170.532	0.25	1	2	85266
170.55	0.25	1	2	85275
170.566	0.25	0	1	85283
170.582	0.25	0	1	85291
170.6	0.25	1	2	85300
170.616	0.25	1	2	85308
170.632	0.25	0	1	85316
170.65	0.25	0	1	85325
170.666	0.25	1	2	85333
170.682	0.25	1	2	85341
170.7	0.25	0	1	85350
170.716	0.25	0	1	85358
170.732	0.25	1	2	85366
170.75	0.25	1	2	85375
170.766	0.25	0	1	85383
170.782	0.25	0	1	85391
170.8	0.25	0	1	85400
170.816	0.25	0	1	85408
170.832	0.25	0	1	85416
170.85	0.25	0	1	85425
170.866	0.25	1	2	85433
170.882	0.25	1	2	85441
170.9	0.25	1	2	85450
170.916	0.25	1	2	85458
170.932	0.25	1	2	85466
170.95	0.25	1	2	85475
170.966	0.25	0	1	85483
170.982	0.25	0	1	85491
171.0	0.25	1	2	85500
171.016	0.25	1	2	85508
171.032	0.25	1	2	85516
171.05	0.25	1	2	85525
171.066	0.25	1	2	85533
171.082	0.25	1	2	85541
171.1	0.25	0	1	85550
171.116	0.25	0	1	85558
171.132	0.25	1	2	85566
171.15	0.25	1	2	85575
171.166	0.25	0	1	85583
171.182	0.25	0	1	85591
171.2	0.25	1	2	85600
171.216	0.25	1	2	85608
171.232	0.25	1	2	85616
171.25	0.25	1	2	85625
171.266	0.25	0	1	85633
171.282	0.25	0	1	85641
171.3	0.25	0	1	85650
171.316	0.25	0	1	85658
171.332	0.25	0	1	85666
171.35	0.25	0	1	85675
171.366	0.25	1	2	85683
171.382	0.25	1	2	85691
171.4	0.25	1	2	85700
171.416	0.25	1	2	85708
171.432	0.25	0	1	85716
171.45	0.25	0	1	85725
171.466	0.25	1	2	85733
171.482	0.25	1	2	85741
171.5	0.25	1	2	85750
171.516	0.25	1	2	85758
171.532	0.25	1	2	85766
171.55	0.25	1	2	85775
171.566	0.25	0	1	85783
171.582	0.25	0	1	85791
171.6	0.25	0	1	85800
171.616	0.25	0	1	85808
171.632	0.25	0	1	85816
171.65	0.25	0	1	85825
171.666	0.25	0	1	85833
171.682	0.25	0	1	85841
171.7	0.25	0	1	85850
171.716	0.25	0	1	85858
171.732	0.25	1	2	85866
171.75	0.25	1	2	85875
171.766	0.25	1	2	85883
171.782	0.25	1	2	85891
171.8	0.25	1	2	85900
173.282	0.25	0	1	86641
173.3	0.25	0	1	86650
173.316	0.25	0	1	86658
173.332	0.25	0	1	86666
173.35	0.25	1	2	86675
173.366	0.25	1	2	86683
173.382	0.25	1	2	86691
173.4	0.25	1	2	86700
173.416	0.25	0	1	86708
173.432	0.25	0	1	86716
173.45	0.25	0	1	86725
173.466	0.25	0	1	86733
173.482	0.25	0	1	86741
173.5	0.25	0	1	86750
173.516	0.25	0	1	86758
173.532	0.25	0	1	86766
173.55	0.25	1	2	86775
173.566	0.25	1	2	86783
173.582	0.25	1	2	86791
173.6	0.25	1	2	86800
173.616	0.25	1	2	86808
173.632	0.25	1	2	86816
173.65	0.25	1	2	86825
173.666	0.25	1	2	86833
173.682	0.25	1	2	86841
173.7	0.25	1	2	86850
173.716	0.25	0	1	86858
173.732	0.25	0	1	86866
173.75	0.25	0	1	86875
173.766	0.25	0	1	86883
173.782	0.25	0	1	86891
173.8	0.25	0	1	86900
173.816	0.25	0	1	86908
173.832	0.25	0	1	86916
173.85	0.25	0	1	86925
173.866	0.25	0	1	86933
173.882	0.25	0	1	86941
173.9	0.25	0	1	86950
173.916	0.25	1	2	86958
173.932	0.25	1	2	86966
173.95	0.25	1	2	86975
173.966	0.25	1	2	86983
173.982	0.25	0	1	86991
174.0	0.25	0	1	87000
174.016	0.25	0	1	87008
174.032	0.25	0	1	87016
174.05	0.25	1	2	87025
174.066	0.25	1	2	87033
174.082	0.25	0	1	87041
174.1	0.25	0	1	87050
174.116	0.25	1	2	87058
174.132	0.25	1	2	87066
174.15	0.25	0	1	87075
174.166	0.25	0	1	87083
174.182	0.25	1	2	87091
174.2	0.25	1	2	87100
174.216	0.25	0	1	87108
174.232	0.25	0	1	87116
174.25	0.25	1	2	87125
174.266	0.25	1	2	87133
174.282	0.25	1	2	87141
174.3	0.25	1	2	87150
174.316	0.25	0	1	87158
174.332	0.25	0	1	87166
174.35	0.25	1	2	87175
174.366	0.25	1	2	87183
174.382	0.25	0	1	87191
174.4	0.25	0	1	87200
174.416	0.25	0	1	87208
174.432	0.25	0	1	87216
174.45	0.25	0	1	87225
174.466	0.25	0	1	87233
174.482	0.25	1	2	87241
174.5	0.25	1	2	87250
174.516	0.25	0	1	87258
174.532	0.25	0	1	87266
174.55	0.25	0	1	87275
174.566	0.25	0	1	87283
174.582	0.25	0	1	87291
174.6	0.25	0	1	87300
174.616	0.25	1	2	87308
174.632	0.25	1	2	87316
174.65	0.25	1	2	87325
174.666	0.25	1	2	87333
174.682	0.25	1	2	87341
174.7	0.25	1	2	87350
174.716	0.25	0	1	87358
174.732	0.25	0	1	87366
174.75	0.25	1	2	87375
174.766	0.25	1	2	87383
174.782	0.25	0	1	87391
174.8	0.25	0	1	87400
174.816	0.25	1	2	87408
174.832	0.25	1	2	87416
174.85	0.25	1	2	87425
174.866	0.25	1	2	87433
174.882	0.25	1	2	87441
174.9	0.25	1	2	87450
174.916	0.25	1	2	87458
174.932	0.25	1	2	87466
174.95	0.25	1	2	87475
174.966	0.25	1	2	87483
174.982	0.25	0	1	87491
175.0	0.25	0	1	87500
175.016	0.25	0	1	87508
175.032	0.25	0	1	87516
175.05	0.25	1	2	87525
175.066	0.25	1	2	87533
175.082	0.25	0	1	87541
175.1	0.25	0	1	87550
175.116	0.25	0	1	87558
175.132	0.25	0	1	87566
175.15	0.25	0	1	87575
175.166	0.25	0	1	87583
175.182	0.25	1	2	87591
175.2	0.25	1	2	87600
175.216	0.25	1	2	87608
176.7	0.25	1	2	88350
176.716	0.25	1	2	88358
176.732	0.25	1	2	88366
176.75	0.25	1	2	88375
176.766	0.25	0	1	88383
176.782	0.25	0	1	88391
176.8	0.25	1	2	88400
176.816	0.25	1	2	88408
176.832	0.25	1	2	88416
176.85	0.25	1	2	88425
176.866	0.25	0	1	88433
176.882	0.25	0	1	88441
176.9	0.25	1	2	88450
176.916	0.25	1	2	88458
176.932	0.25	1	2	88466
176.95	0.25	1	2	88475
176.966	0.25	0	1	88483
176.982	0.25	0	1	88491
177.0	0.25	1	2	88500
177.016	0.25	1	2	88508
177.032	0.25	1	2	88516
177.05	0.25	1	2	88525
177.066	0.25	0	1	88533
177.082	0.25	0	1	88541
177.1	0.25	0	1	88550
177.116	0.25	0	1	88558
177.132	0.25	0	1	88566
177.15	0.25	0	1	88575
177.166	0.25	1	2	88583
177.182	0.25	1	2	88591
177.2	0.25	1	2	88600
177.216	0.25	1	2	88608
177.232	0.25	1	2	88616
177.25	0.25	1	2	88625
177.266	0.25	0	1	88633
177.282	0.25	0	1	88641
177.3	0.25	0	1	88650
177.316	0.25	0	1	88658
177.332	0.25	0	1	88666
177.35	0.25	0	1	88675
177.366	0.25	1	2	88683
177.382	0.25	1	2	88691
177.4	0.25	1	2	88700
177.416	0.25	1	2	88708
177.432	0.25	1	2	88716
177.45	0.25	1	2	88725
177.466	0.25	1	2	88733
177.482	0.25	1	2	88741
177.5	0.25	1	2	88750
177.516	0.25	1	2	88758
177.532	0.25	0	1	88766
177.55	0.25	0	1	88775
177.566	0.25	0	1	88783
177.582	0.25	0	1	88791
177.6	0.25	1	2	88800
177.616	0.25	1	2	88808
177.632	0.25	0	1	88816
177.65	0.25	0	1	88825
177.666	0.25	1	2	88833
177.682	0.25	1	2	88841
177.7	0.25	0	1	88850
177.716	0.25	0	1	88858
177.732	0.25	0	1	88866
177.75	0.25	0	1	88875
177.766	0.25	1	2	88883
177.782	0.25	1	2	88891
177.8	0.25	1	2	88900
177.816	0.25	1	2	88908
177.832	0.25	0	1	88916
177.85	0.25	0	1	88925
177.866	0.25	0	1	88933
177.882	0.25	0	1	88941
177.9	0.25	0	1	88950
177.916	0.25	0	1	88958
177.932	0.25	0	1	88966
177.95	0.25	0	1	88975
177.966	0.25	1	2	88983
177.982	0.25	1	2	88991
178.0	0.25	0	1	89000
178.016	0.25	0	1	89008
178.032	0.25	0	1	89016
178.05	0.25	0	1	89025
178.066	0.25	0	1	89033
178.082	0.25	0	1	89041
178.1	0.25	0	1	89050
178.116	0.25	0	1	89058
178.132	0.25	1	2	89066
178.15	0.25	1	2	89075
178.166	0.25	1	2	89083
178.182	0.25	1	2	89091
178.2	0.25	1	2	89100
178.216	0.25	1	2	89108
178.232	0.25	1	2	89116
178.25	0.25	1	2	89125
178.266	0.25	1	2	89133
178.282	0.25	1	2	89141
178.3	0.25	1	2	89150
178.316	0.25	1	2	89158
178.332	0.25	0	1	89166
178.35	0.25	0	1	89175
178.366	0.25	1	2	89183
178.382	0.25	1	2	89191
178.4	0.25	0	1	89200
178.416	0.25	0	1	89208
178.432	0.25	1	2	89216
178.45	0.25	1	2	89225
178.466	0.25	0	1	89233
178.482	0.25	0	1	89241
178.5	0.25	0	1	89250
178.516	0.25	0	1	89258
178.532	0.25	1	2	89266
178.55	0.25	1	2	89275
178.566	0.25	1	2	89283
178.582	0.25	1	2	89291
178.6	0.25	0	1	89300
178.616	0.25	0	1	89308
178.632	0.25	0	1	89316
180.116	0.25	1	2	90058
180.132	0.25	1	2	90066
180.15	0.25	1	2	90075
180.166	0.25	1	2	90083
180.182	0.25	1	2	90091
180.2	0.25	1	2	90100
180.216	0.25	1	2	90108
180.232	0.25	1	2	90116
180.25	0.25	1	2	90125
180.266	0.25	1	2	90133
180.282	0.25	1	2	90141
180.3	0.25	1	2	90150
180.316	0.25	1	2	90158
180.332	0.25	1	2	90166
180.35	0.25	0	1	90175
180.366	0.25	0	1	90183
180.382	0.25	0	1	90191
180.4	0.25	0	1	90200
180.416	0.25	1	2	90208
180.432	0.25	1	2	90216
180.45	0.25	1	2	90225
180.466	0.25	1	2	90233
180.482	0.25	0	1	90241
180.5	0.25	0	1	90250
180.516	0.25	0	1	90258
180.532	0.25	0	1	90266
180.55	0.25	1	2	90275
180.566	0.25	1	2	90283
180.582	0.25	1	2	90291
180.6	0.25	1	2	90300
180.616	0.25	0	1	90308
180.632	0.25	0	1	90316
180.65	0.25	0	1	90325
180.666	0.25	0	1	90333
180.682	0.25	1	2	90341
180.7	0.25	1	2	90350
180.716	0.25	0	1	90358
180.732	0.25	0	1	90366
180.75	0.25	1	2	90375
180.766	0.25	1	2	90383
180.782	0.25	1	2	90391
180.8	0.25	1	2	90400
180.816	0.25	0	1	90408
180.832	0.25	0	1	90416
180.85	0.25	1	2	90425
180.866	0.25	1	2	90433
180.882	0.25	0	1	90441
180.9	0.25	0	1	90450
180.916	0.25	0	1	90458
180.932	0.25	0	1	90466
180.95	0.25	1	2	90475
180.966	0.25	1	2	90483
180.982	0.25	0	1	90491
181.0	0.25	0	1	90500
181.016	0.25	1	2	90508
181.032	0.25	1	2	90516
181.05	0.25	1	2	90525
181.066	0.25	1	2	90533
181.082	0.25	1	2	90541
181.1	0.25	1	2	90550
181.116	0.25	0	1	90558
181.132	0.25	0	1	90566
181.15	0.25	0	1	90575
181.166	0.25	0	1	90583
181.182	0.25	0	1	90591
181.2	0.25	0	1	90600
181.216	0.25	1	2	90608
181.232	0.25	1	2	90616
181.25	0.25	0	1	90625
181.266	0.25	0	1	90633
181.282	0.25	1	2	90641
181.3	0.25	1	2	90650
181.316	0.25	1	2	90658
181.332	0.25	1	2	90666
181.35	0.25	1	2	90675
181.366	0.25	1	2	90683
181.382	0.25	0	1	90691
181.4	0.25	0	1	90700
181.416	0.25	0	1	90708
181.432	0.25	0	1	90716
181.45	0.25	1	2	90725
181.466	0.25	1	2	90733
181.482	0.25	0	1	90741
181.5	0.25	0	1	90750
181.516	0.25	1	2	90758
181.532	0.25	1	2	90766
181.55	0.25	0	1	90775
181.566	0.25	0	1	90783
181.582	0.25	0	1	90791
181.6	0.25	0	1	90800
181.616	0.25	0	1	90808
181.632	0.25	0	1	90816
181.65	0.25	1	2	90825
181.666	0.25	1	2	90833
181.682	0.25	1	2	90841
181.7	0.25	1	2	90850
181.716	0.25	0	1	90858
181.732	0.25	0	1	90866
181.75	0.25	1	2	90875
181.766	0.25	1	2	90883
181.782	0.25	0	1	90891
181.8	0.25	0	1	90900
181.816	0.25	0	1	90908
181.832	0.25	0	1	90916
181.85	0.25	0	1	90925
181.866	0.25	0	1	90933
181.882	0.25	1	2	90941
181.9	0.25	1	2	90950
181.916	0.25	0	1	90958
181.932	0.25	0	1	90966
181.95	0.25	1	2	90975
181.966	0.25	1	2	90983
181.982	0.25	0	1	90991
182.0	0.25	0	1	91000
182.016	0.25	0	1	91008
182.032	0.25	0	1	91016
182.05	0.25	1	2	91025
186.016	0.25	1	2	93008
186.032	0.25	1	2	93016
186.05	0.25	1	2	93025
186.066	0.25	1	2	93033
186.082	0.25	0	1	93041
186.1	0.25	0	1	93050
186.116	0.25	1	2	93058
186.132	0.25	1	2	93066
186.15	0.25	1	2	93075
186.166	0.25	1	2	93083
186.182	0.25	0	1	93091
186.2	0.25	0	1	93100
186.216	0.25	1	2	93108
186.232	0.25	1	2	93116
186.25	0.25	1	2	93125
186.266	0.25	1	2	93133
186.282	0.25	0	1	93141
186.3	0.25	0	1	93150
186.316	0.25	1	2	93158
186.332	0.25	1	2	93166
186.35	0.25	1	2	93175
186.366	0.25	1	2	93183
186.382	0.25	0	1	93191
186.4	0.25	0	1	93200
186.416	0.25	0	1	93208
186.432	0.25	0	1	93216
186.45	0.25	0	1	93225
186.466	0.25	0	1	93233
186.482	0.25	1	2	93241
186.5	0.25	1	2	93250
186.516	0.25	1	2	93258
186.532	0.25	1	2	93266
186.55	0.25	1	2	93275
186.566	0.25	1	2	93283
186.582	0.25	0	1	93291
186.6	0.25	0	1	93300
186.616	0.25	0	1	93308
186.632	0.25	0	1	93316
186.65	0.25	0	1	93325
186.666	0.25	0	1	93333
186.682	0.25	1	2	93341
186.7	0.25	1	2	93350
186.716	0.25	1	2	93358
186.732	0.25	1	2	93366
186.75	0.25	1	2	93375
186.766	0.25	1	2	93383
186.782	0.25	1	2	93391
186.8	0.25	1	2	93400
186.816	0.25	1	2	93408
186.832	0.25	1	2	93416
186.85	0.25	0	1	93425
186.866	0.25	0	1	93433
186.882	0.25	0	1	93441
186.9	0.25	0	1	93450
186.916	0.25	1	2	93458
186.932	0.25	1	2	93466
186.95	0.25	0	1	93475
186.966	0.25	0	1	93483
186.982	0.25	1	2	93491
187.0	0.25	1	2	93500
187.016	0.25	0	1	93508
187.032	0.25	0	1	93516
187.05	0.25	0	1	93525
187.066	0.25	0	1	93533
187.082	0.25	1	2	93541
187.1	0.25	1	2	93550
187.116	0.25	1	2	93558
187.132	0.25	1	2	93566
187.15	0.25	0	1	93575
187.166	0.25	0	1	93583
187.182	0.25	0	1	93591
187.2	0.25	0	1	93600
187.216	0.25	0	1	93608
187.232	0.25	0	1	93616
187.25	0.25	0	1	93625
187.266	0.25	0	1	93633
187.282	0.25	1	2	93641
187.3	0.25	1	2	93650
187.316	0.25	0	1	93658
187.332	0.25	0	1	93666
187.35	0.25	0	1	93675
187.366	0.25	0	1	93683
187.382	0.25	0	1	93691
187.4	0.25	0	1	93700
187.416	0.25	0	1	93708
187.432	0.25	0	1	93716
187.45	0.25	1	2	93725
187.466	0.25	1	2	93733
187.482	0.25	1	2	93741
187.5	0.25	1	2	93750
187.516	0.25	1	2	93758
187.532	0.25	1	2	93766
187.55	0.25	1	2	93775
187.566	0.25	1	2	93783
187.582	0.25	1	2	93791
187.6	0.25	1	2	93800
187.616	0.25	1	2	93808
187.632	0.25	1	2	93816
187.65	0.25	0	1	93825
187.666	0.25	0	1	93833
187.682	0.25	1	2	93841
187.7	0.25	1	2	93850
187.716	0.25	0	1	93858
187.732	0.25	0	1	93866
187.75	0.25	1	2	93875
187.766	0.25	1	2	93883
187.782	0.25	0	1	93891
187.8	0.25	0	1	93900
187.816	0.25	0	1	93908
187.832	0.25	0	1	93916
187.85	0.25	1	2	93925
187.866	0.25	1	2	93933
187.882	0.25	1	2	93941
187.9	0.25	1	2	93950
187.916	0.25	0	1	93958
187.932	0.25	0	1	93966
187.95	0.25	0	1	93975
189.432	0.25	1	2	94716
189.45	0.25	1	2	94725
189.466	0.25	1	2	94733
189.482	0.25	1	2	94741
189.5	0.25	1	2	94750
189.516	0.25	1	2	94758
189.532	0.25	1	2	94766
189.55	0.25	1	2	94775
189.566	0.25	1	2	94783
189.582	0.25	1	2	94791
189.6	0.25	1	2	94800
189.616	0.25	1	2	94808
189.632	0.25	1	2	94816
189.65	0.25	1	2	94825
189.666	0.25	0	1	94833
189.682	0.25	0	1	94841
189.7	0.25	0	1	94850
189.716	0.25	0	1	94858
189.732	0.25	1	2	94866
189.75	0.25	1	2	94875
189.766	0.25	1	2	94883
189.782	0.25	1	2	94891
189.8	0.25	0	1	94900
189.816	0.25	0	1	94908
189.832	0.25	0	1	94916
189.85	0.25	0	1	94925
189.866	0.25	1	2	94933
189.882	0.25	1	2	94941
189.9	0.25	1	2	94950
189.916	0.25	1	2	94958
189.932	0.25	0	1	94966
189.95	0.25	0	1	94975
189.966	0.25	0	1	94983
189.982	0.25	0	1	94991
190.0	0.25	1	2	95000
190.016	0.25	1	2	95008
190.032	0.25	0	1	95016
190.05	0.25	0	1	95025
190.066	0.25	1	2	95033
190.082	0.25	1	2	95041
190.1	0.25	1	2	95050
190.116	0.25	1	2	95058
190.132	0.25	0	1	95066
190.15	0.25	0	1	95075
190.166	0.25	1	2	95083
190.182	0.25	1	2	95091
190.2	0.25	0	1	95100
190.216	0.25	0	1	95108
190.232	0.25	0	1	95116
190.25	0.25	0	1	95125
190.266	0.25	1	2	95133
190.282	0.25	1	2	95141
190.3	0.25	0	1	95150
190.316	0.25	0	1	95158
190.332	0.25	1	2	95166
190.35	0.25	1	2	95175
190.366	0.25	1	2	95183
190.382	0.25	1	2	95191
190.4	0.25	1	2	95200
190.416	0.25	1	2	95208
190.432	0.25	0	1	95216
190.45	0.25	0	1	95225
190.466	0.25	0	1	95233
190.482	0.25	0	1	95241
190.5	0.25	0	1	95250
190.516	0.25	0	1	95258
190.532	0.25	1	2	95266
190.55	0.25	1	2	95275
190.566	0.25	0	1	95283
190.582	0.25	0	1	95291
190.6	0.25	1	2	95300
190.616	0.25	1	2	95308
190.632	0.25	1	2	95316
190.65	0.25	1	2	95325
190.666	0.25	1	2	95333
190.682	0.25	1	2	95341
190.7	0.25	0	1	95350
190.716	0.25	0	1	95358
190.732	0.25	0	1	95366
190.75	0.25	0	1	95375
190.766	0.25	1	2	95383
190.782	0.25	1	2	95391
190.8	0.25	0	1	95400
190.816	0.25	0	1	95408
190.832	0.25	1	2	95416
190.85	0.25	1	2	95425
190.866	0.25	0	1	95433
190.882	0.25	0	1	95441
190.9	0.25	0	1	95450
190.916	0.25	0	1	95458
190.932	0.25	0	1	95466
190.95	0.25	0	1	95475
190.966	0.25	1	2	95483
190.982	0.25	1	2	95491
191.0	0.25	1	2	95500
191.016	0.25	1	2	95508
191.032	0.25	0	1	95516
191.05	0.25	0	1	95525
191.066	0.25	1	2	95533
191.082	0.25	1	2	95541
191.1	0.25	0	1	95550
191.116	0.25	0	1	95558
191.132	0.25	0	1	95566
191.15	0.25	0	1	95575
191.166	0.25	0	1	95583
191.182	0.25	0	1	95591
191.2	0.25	1	2	95600
191.216	0.25	1	2	95608
191.232	0.25	0	1	95616
191.25	0.25	0	1	95625
191.266	0.25	1	2	95633
191.282	0.25	1	2	95641
191.3	0.25	0	1	95650
191.316	0.25	0	1	95658
191.332	0.25	0	1	95666
191.35	0.25	0	1	95675
191.366	0.25	1	2	95683
192.85	0.25	0	1	96425
192.866	0.25	0	1	96433
192.882	0.25	0	1	96441
192.9	0.25	0	1	96450
192.916	0.25	1	2	96458
192.932	0.25	1	2	96466
192.95	0.25	1	2	96475
192.966	0.25	1	2	96483
192.982	0.25	0	1	96491
193.0	0.25	0	1	96500
193.016	0.25	0	1	96508
193.032	0.25	0	1	96516
193.05	0.25	0	1	96525
193.066	0.25	0	1	96533
193.082	0.25	0	1	96541
193.1	0.25	0	1	96550
193.116	0.25	1	2	96558
193.132	0.25	1	2	96566
193.15	0.25	1	2	96575
193.166	0.25	1	2	96583
193.182	0.25	1	2	96591
193.2	0.25	1	2	96600
193.216	0.25	1	2	96608
193.232	0.25	1	2	96616
193.25	0.25	1	2	96625
193.266	0.25	1	2	96633
193.282	0.25	0	1	96641
193.3	0.25	0	1	96650
193.316	0.25	0	1	96658
193.332	0.25	0	1	96666
193.35	0.25	0	1	96675
193.366	0.25	0	1	96683
193.382	0.25	0	1	96691
193.4	0.25	0	1	96700
193.416	0.25	0	1	96708
193.432	0.25	0	1	96716
193.45	0.25	0	1	96725
193.466	0.25	0	1	96733
193.482	0.25	1	2	96741
193.5	0.25	1	2	96750
193.516	0.25	1	2	96758
193.532	0.25	1	2	96766
193.55	0.25	0	1	96775
193.566	0.25	0	1	96783
193.582	0.25	0	1	96791
193.6	0.25	0	1	96800
193.616	0.25	1	2	96808
193.632	0.25	1	2	96816
193.65	0.25	0	1	96825
193.666	0.25	0	1	96833
193.682	0.25	1	2	96841
193.7	0.25	1	2	96850
193.716	0.25	0	1	96858
193.732	0.25	0	1	96866
193.75	0.25	1	2	96875
193.766	0.25	1	2	96883
193.782	0.25	0	1	96891
193.8	0.25	0	1	96900
193.816	0.25	1	2	96908
193.832	0.25	1	2	96916
193.85	0.25	1	2	96925
193.866	0.25	1	2	96933
193.882	0.25	0	1	96941
193.9	0.25	0	1	96950
193.916	0.25	1	2	96958
193.932	0.25	1	2	96966
193.95	0.25	0	1	96975
193.966	0.25	0	1	96983
193.982	0.25	0	1	96991
194.0	0.25	0	1	97000
194.016	0.25	0	1	97008
194.032	0.25	0	1	97016
194.05	0.25	1	2	97025
194.066	0.25	1	2	97033
194.082	0.25	0	1	97041
194.1	0.25	0	1	97050
194.116	0.25	0	1	97058
194.132	0.25	0	1	97066
194.15	0.25	0	1	97075
194.166	0.25	0	1	97083
194.182	0.25	1	2	97091
194.2	0.25	1	2	97100
194.216	0.25	1	2	97108
194.232	0.25	1	2	97116
194.25	0.25	1	2	97125
194.266	0.25	1	2	97133
194.282	0.25	0	1	97141
194.3	0.25	0	1	97150
194.316	0.25	1	2	97158
194.332	0.25	1	2	97166
194.35	0.25	0	1	97175
194.366	0.25	0	1	97183
194.382	0.25	1	2	97191
194.4	0.25	1	2	97200
194.416	0.25	1	2	97208
194.432	0.25	1	2	97216
194.45	0.25	1	2	97225
194.466	0.25	1	2	97233
194.482	0.25	1	2	97241
194.5	0.25	1	2	97250
194.516	0.25	1	2	97258
194.532	0.25	1	2	97266
194.55	0.25	0	1	97275
194.566	0.25	0	1	97283
194.582	0.25	0	1	97291
194.6	0.25	0	1	97300
194.616	0.25	1	2	97308
194.632	0.25	1	2	97316
194.65	0.25	0	1	97325
194.666	0.25	0	1	97333
194.682	0.25	0	1	97341
194.7	0.25	0	1	97350
194.716	0.25	0	1	97358
194.732	0.25	0	1	97366
194.75	0.25	1	2	97375
194.766	0.25	1	2	97383
194.782	0.25	1	2	97391
196.266	0.25	1	2	98133
196.282	0.25	1	2	98141
196.3	0.25	1	2	98150
196.316	0.25	1	2	98158
196.332	0.25	0	1	98166
196.35	0.25	0	1	98175
196.366	0.25	0	1	98183
196.382	0.25	0	1	98191
196.4	0.25	0	1	98200
196.416	0.25	0	1	98208
196.432	0.25	0	1	98216
196.45	0.25	0	1	98225
196.466	0.25	1	2	98233
196.482	0.25	1	2	98241
196.5	0.25	0	1	98250
196.516	0.25	0	1	98258
196.532	0.25	0	1	98266
196.55	0.25	0	1	98275
196.566	0.25	1	2	98283
196.582	0.25	1	2	98291
196.6	0.25	1	2	98300
196.616	0.25	1	2	98308
196.632	0.25	0	1	98316
196.65	0.25	0	1	98325
196.666	0.25	0	1	98333
196.682	0.25	0	1	98341
196.7	0.25	0	1	98350
196.716	0.25	0	1	98358
196.732	0.25	0	1	98366
196.75	0.25	0	1	98375
196.766	0.25	0	1	98383
196.782	0.25	0	1	98391
196.8	0.25	0	1	98400
196.816	0.25	0	1	98408
196.832	0.25	1	2	98416
196.85	0.25	1	2	98425
196.866	0.25	0	1	98433
196.882	0.25	0	1	98441
196.9	0.25	1	2	98450
196.916	0.25	1	2	98458
196.932	0.25	1	2	98466
196.95	0.25	1	2	98475
196.966	0.25	0	1	98483
196.982	0.25	0	1	98491
197.0	0.25	1	2	98500
197.016	0.25	1	2	98508
197.032	0.25	0	1	98516
197.05	0.25	0	1	98525
197.066	0.25	1	2	98533
197.082	0.25	1	2	98541
197.1	0.25	0	1	98550
197.116	0.25	0	1	98558
197.132	0.25	1	2	98566
197.15	0.25	1	2	98575
197.166	0.25	0	1	98583
197.182	0.25	0	1	98591
197.2	0.25	0	1	98600
197.216	0.25	0	1	98608
197.232	0.25	0	1	98616
197.25	0.25	0	1	98625
197.266	0.25	1	2	98633
197.282	0.25	1	2	98641
197.3	0.25	1	2	98650
197.316	0.25	1	2	98658
197.332	0.25	1	2	98666
197.35	0.25	1	2	98675
197.366	0.25	0	1	98683
197.382	0.25	0	1	98691
197.4	0.25	1	2	98700
197.416	0.25	1	2	98708
197.432	0.25	1	2	98716
197.45	0.25	1	2	98725
197.466	0.25	1	2	98733
197.482	0.25	1	2	98741
197.5	0.25	0	1	98750
197.516	0.25	0	1	98758
197.532	0.25	1	2	98766
197.55	0.25	1	2	98775
197.566	0.25	0	1	98783
197.582	0.25	0	1	98791
197.6	0.25	1	2	98800
197.616	0.25	1	2	98808
197.632	0.25	1	2	98816
197.65	0.25	1	2	98825
197.666	0.25	0	1	98833
197.682	0.25	0	1	98841
197.7	0.25	0	1	98850
197.716	0.25	0	1	98858
197.732	0.25	0	1	98866
197.75	0.25	0	1	98875
197.766	0.25	1	2	98883
197.782	0.25	1	2	98891
197.8	0.25	1	2	98900
197.816	0.25	1	2	98908
197.832	0.25	0	1	98916
197.85	0.25	0	1	98925
197.866	0.25	1	2	98933
197.882	0.25	1	2	98941
197.9	0.25	1	2	98950
197.916	0.25	1	2	98958
197.932	0.25	1	2	98966
197.95	0.25	1	2	98975
197.966	0.25	0	1	98983
197.982	0.25	0	1	98991
198.0	0.25	0	1	99000
198.016	0.25	0	1	99008
198.032	0.25	0	1	99016
198.05	0.25	0	1	99025
198.066	0.25	0	1	99033
198.082	0.25	0	1	99041
198.1	0.25	0	1	99050
198.116	0.25	0	1	99058
198.132	0.25	1	2	99066
198.15	0.25	1	2	99075
198.166	0.25	1	2	99083
198.182	0.25	1	2	99091
198.2	0.25	1	2	99100
202.966	0.25	0	1	101483
202.982	0.25	0	1	101491
203.0	0.25	0	1	101500
203.016	0.25	0	1	101508
203.032	0.25	1	2	101516
203.05	0.25	1	2	101525
203.066	0.25	1	2	101533
203.082	0.25	1	2	101541
203.1	0.25	0	1	101550
203.116	0.25	0	1	101558
203.132	0.25	0	1	101566
203.15	0.25	0	1	101575
203.166	0.25	0	1	101583
203.182	0.25	0	1	101591
203.2	0.25	0	1	101600
203.216	0.25	0	1	101608
203.232	0.25	1	2	101616
203.25	0.25	1	2	101625
203.266	0.25	1	2	101633
203.282	0.25	1	2	101641
203.3	0.25	1	2	101650
203.316	0.25	1	2	101658
203.332	0.25	1	2	101666
203.35	0.25	1	2	101675
203.366	0.25	1	2	101683
203.382	0.25	1	2	101691
203.4	0.25	0	1	101700
203.416	0.25	0	1	101708
203.432	0.25	0	1	101716
203.45	0.25	0	1	101725
203.466	0.25	0	1	101733
203.482	0.25	0	1	101741
203.5	0.25	0	1	101750
203.516	0.25	0	1	101758
203.532	0.25	0	1	101766
203.55	0.25	0	1	101775
203.566	0.25	0	1	101783
203.582	0.25	0	1	101791
203.6	0.25	1	2	101800
203.616	0.25	1	2	101808
203.632	0.25	1	2	101816
203.65	0.25	1	2	101825
203.666	0.25	0	1	101833
203.682	0.25	0	1	101841
203.7	0.25	0	1	101850
203.716	0.25	0	1	101858
203.732	0.25	1	2	101866
203.75	0.25	1	2	101875
203.766	0.25	0	1	101883
203.782	0.25	0	1	101891
203.8	0.25	1	2	101900
203.816	0.25	1	2	101908
203.832	0.25	0	1	101916
203.85	0.25	0	1	101925
203.866	0.25	1	2	101933
203.882	0.25	1	2	101941
203.9	0.25	0	1	101950
203.916	0.25	0	1	101958
203.932	0.25	1	2	101966
203.95	0.25	1	2	101975
203.966	0.25	1	2	101983
203.982	0.25	1	2	101991
204.0	0.25	0	1	102000
204.016	0.25	0	1	102008
204.032	0.25	1	2	102016
204.05	0.25	1	2	102025
204.066	0.25	0	1	102033
204.082	0.25	0	1	102041
204.1	0.25	0	1	102050
204.116	0.25	0	1	102058
204.132	0.25	0	1	102066
204.15	0.25	0	1	102075
204.166	0.25	1	2	102083
204.182	0.25	1	2	102091
204.2	0.25	0	1	102100
204.216	0.25	0	1	102108
204.232	0.25	0	1	102116
204.25	0.25	0	1	102125
204.266	0.25	0	1	102133
204.282	0.25	0	1	102141
204.3	0.25	1	2	102150
204.316	0.25	1	2	102158
204.332	0.25	1	2	102166
204.35	0.25	1	2	102175
204.366	0.25	1	2	102183
204.382	0.25	1	2	102191
204.4	0.25	0	1	102200
204.416	0.25	0	1	102208
204.432	0.25	1	2	102216
204.45	0.25	1	2	102225
204.466	0.25	0	1	102233
204.482	0.25	0	1	102241
204.5	0.25	1	2	102250
204.516	0.25	1	2	102258
204.532	0.25	1	2	102266
204.55	0.25	1	2	102275
204.566	0.25	1	2	102283
204.582	0.25	1	2	102291
204.6	0.25	1	2	102300
204.616	0.25	1	2	102308
204.632	0.25	1	2	102316
204.65	0.25	1	2	102325
204.666	0.25	0	1	102333
204.682	0.25	0	1	102341
204.7	0.25	0	1	102350
204.716	0.25	0	1	102358
204.732	0.25	1	2	102366
204.75	0.25	1	2	102375
204.766	0.25	0	1	102383
204.782	0.25	0	1	102391
204.8	0.25	0	1	102400
204.816	0.25	0	1	102408
204.832	0.25	0	1	102416
204.85	0.25	0	1	102425
204.866	0.25	1	2	102433
204.882	0.25	1	2	102441
204.9	0.25	1	2	102450
206.382	0.25	1	2	103191
206.4	0.25	1	2	103200
206.416	0.25	1	2	103208
206.432	0.25	1	2	103216
206.45	0.25	0	1	103225
206.466	0.25	0	1	103233
206.482	0.25	1	2	103241
206.5	0.25	1	2	103250
206.516	0.25	1	2	103258
206.532	0.25	1	2	103266
206.55	0.25	0	1	103275
206.566	0.25	0	1	103283
206.582	0.25	1	2	103291
206.6	0.25	1	2	103300
206.616	0.25	1	2	103308
206.632	0.25	1	2	103316
206.65	0.25	0	1	103325
206.666	0.25	0	1	103333
206.682	0.25	1	2	103341
206.7	0.25	1	2	103350
206.716	0.25	1	2	103358
206.732	0.25	1	2	103366
206.75	0.25	0	1	103375
206.766	0.25	0	1	103383
206.782	0.25	0	1	103391
206.8	0.25	0	1	103400
206.816	0.25	0	1	103408
206.832	0.25	0	1	103416
206.85	0.25	1	2	103425
206.866	0.25	1	2	103433
206.882	0.25	1	2	103441
206.9	0.25	1	2	103450
206.916	0.25	1	2	103458
206.932	0.25	1	2	103466
206.95	0.25	0	1	103475
206.966	0.25	0	1	103483
206.982	0.25	0	1	103491
207.0	0.25	0	1	103500
207.016	0.25	0	1	103508
207.032	0.25	0	1	103516
207.05	0.25	1	2	103525
207.066	0.25	1	2	103533
207.082	0.25	1	2	103541
207.1	0.25	1	2	103550
207.116	0.25	1	2	103558
207.132	0.25	1	2	103566
207.15	0.25	1	2	103575
207.166	0.25	1	2	103583
207.182	0.25	1	2	103591
207.2	0.25	1	2	103600
207.216	0.25	0	1	103608
207.232	0.25	0	1	103616
207.25	0.25	0	1	103625
207.266	0.25	0	1	103633
207.282	0.25	1	2	103641
207.3	0.25	1	2	103650
207.316	0.25	0	1	103658
207.332	0.25	0	1	103666
207.35	0.25	1	2	103675
207.366	0.25	1	2	103683
207.382	0.25	0	1	103691
207.4	0.25	0	1	103700
207.416	0.25	0	1	103708
207.432	0.25	0	1	103716
207.45	0.25	1	2	103725
207.466	0.25	1	2	103733
207.482	0.25	1	2	103741
207.5	0.25	1	2	103750
207.516	0.25	0	1	103758
207.532	0.25	0	1	103766
207.55	0.25	0	1	103775
207.566	0.25	0	1	103783
207.582	0.25	0	1	103791
207.6	0.25	0	1	103800
207.616	0.25	0	1	103808
207.632	0.25	0	1	103816
207.65	0.25	1	2	103825
207.666	0.25	1	2	103833
207.682	0.25	0	1	103841
207.7	0.25	0	1	103850
207.716	0.25	0	1	103858
207.732	0.25	0	1	103866
207.75	0.25	0	1	103875
207.766	0.25	0	1	103883
207.782	0.25	0	1	103891
207.8	0.25	0	1	103900
207.816	0.25	1	2	103908
207.832	0.25	1	2	103916
207.85	0.25	1	2	103925
207.866	0.25	1	2	103933
207.882	0.25	1	2	103941
207.9	0.25	1	2	103950
207.916	0.25	1	2	103958
207.932	0.25	1	2	103966
207.95	0.25	1	2	103975
207.966	0.25	1	2	103983
207.982	0.25	1	2	103991
208.0	0.25	1	2	104000
208.016	0.25	0	1	104008
208.032	0.25	0	1	104016
208.05	0.25	1	2	104025
208.066	0.25	1	2	104033
208.082	0.25	0	1	104041
208.1	0.25	0	1	104050
208.116	0.25	1	2	104058
208.132	0.25	1	2	104066
208.15	0.25	0	1	104075
208.166	0.25	0	1	104083
208.182	0.25	0	1	104091
208.2	0.25	0	1	104100
208.216	0.25	1	2	104108
208.232	0.25	1	2	104116
208.25	0.25	1	2	104125
208.266	0.25	1	2	104133
208.282	0.25	0	1	104141
208.3	0.25	0	1	104150
208.316	0.25	0	1	104158
209.8	0.25	1	2	104900
209.816	0.25	1	2	104908
209.832	0.25	1	2	104916
209.85	0.25	1	2	104925
209.866	0.25	0	1	104933
209.882	0.25	0	1	104941
209.9	0.25	0	1	104950
209.916	0.25	0	1	104958
209.932	0.25	0	1	104966
209.95	0.25	0	1	104975
209.966	0.25	0	1	104983
209.982	0.25	0	1	104991
210.0	0.25	1	2	105000
210.016	0.25	1	2	105008
210.032	0.25	0	1	105016
210.05	0.25	0	1	105025
210.066	0.25	0	1	105033
210.082	0.25	0	1	105041
210.1	0.25	1	2	105050
210.116	0.25	1	2	105058
210.132	0.25	1	2	105066
210.15	0.25	1	2	105075
210.166	0.25	0	1	105083
210.182	0.25	0	1	105091
210.2	0.25	0	1	105100
210.216	0.25	0	1	105108
210.232	0.25	0	1	105116
210.25	0.25	0	1	105125
210.266	0.25	0	1	105133
210.282	0.25	0	1	105141
210.3	0.25	0	1	105150
210.316	0.25	0	1	105158
210.332	0.25	0	1	105166
210.35	0.25	0	1	105175
210.366	0.25	1	2	105183
210.382	0.25	1	2	105191
210.4	0.25	0	1	105200
210.416	0.25	0	1	105208
210.432	0.25	1	2	105216
210.45	0.25	1	2	105225
210.466	0.25	1	2	105233
210.482	0.25	1	2	105241
210.5	0.25	0	1	105250
210.516	0.25	0	1	105258
210.532	0.25	1	2	105266
210.55	0.25	1	2	105275
210.566	0.25	0	1	105283
210.582	0.25	0	1	105291
210.6	0.25	1	2	105300
210.616	0.25	1	2	105308
210.632	0.25	0	1	105316
210.65	0.25	0	1	105325
210.666	0.25	1	2	105333
210.682	0.25	1	2	105341
210.7	0.25	0	1	105350
210.716	0.25	0	1	105358
210.732	0.25	0	1	105366
210.75	0.25	0	1	105375
210.766	0.25	0	1	105383
210.782	0.25	0	1	105391
210.8	0.25	1	2	105400
210.816	0.25	1	2	105408
210.832	0.25	1	2	105416
210.85	0.25	1	2	105425
210.866	0.25	1	2	105433
210.882	0.25	1	2	105441
210.9	0.25	0	1	105450
210.916	0.25	0	1	105458
210.932	0.25	1	2	105466
210.95	0.25	1	2	105475
210.966	0.25	1	2	105483
210.982	0.25	1	2	105491
211.0	0.25	1	2	105500
211.016	0.25	1	2	105508
211.032	0.25	0	1	105516
211.05	0.25	0	1	105525
211.066	0.25	1	2	105533
211.082	0.25	1	2	105541
211.1	0.25	0	1	105550
211.116	0.25	0	1	105558
211.132	0.25	1	2	105566
211.15	0.25	1	2	105575
211.166	0.25	1	2	105583
211.182	0.25	1	2	105591
211.2	0.25	0	1	105600
211.216	0.25	0	1	105608
211.232	0.25	0	1	105616
211.25	0.25	0	1	105625
211.266	0.25	0	1	105633
211.282	0.25	0	1	105641
211.3	0.25	1	2	105650
211.316	0.25	1	2	105658
211.332	0.25	1	2	105666
211.35	0.25	1	2	105675
211.366	0.25	0	1	105683
211.382	0.25	0	1	105691
211.4	0.25	1	2	105700
211.416	0.25	1	2	105708
211.432	0.25	1	2	105716
211.45	0.25	1	2	105725
211.466	0.25	1	2	105733
211.482	0.25	1	2	105741
211.5	0.25	0	1	105750
211.516	0.25	0	1	105758
211.532	0.25	0	1	105766
211.55	0.25	0	1	105775
211.566	0.25	0	1	105783
211.582	0.25	0	1	105791
211.6	0.25	0	1	105800
211.616	0.25	0	1	105808
211.632	0.25	0	1	105816
211.65	0.25	0	1	105825
211.666	0.25	1	2	105833
211.682	0.25	1	2	105841
211.7	0.25	1	2	105850
211.716	0.25	1	2	105858
211.732	0.25	1	2	105866
213.216	0.25	1	2	106608
213.232	0.25	1	2	106616
213.25	0.25	1	2	106625
213.266	0.25	1	2	106633
213.282	0.25	1	2	106641
213.3	0.25	1	2	106650
213.316	0.25	1	2	106658
213.332	0.25	1	2	106666
213.35	0.25	1	2	106675
213.366	0.25	1	2	106683
213.382	0.25	1	2	106691
213.4	0.25	1	2	106700
213.416	0.25	1	2	106708
213.432	0.25	1	2	106716
213.45	0.25	0	1	106725
213.466	0.25	0	1	106733
213.482	0.25	0	1	106741
213.5	0.25	0	1	106750
213.516	0.25	1	2	106758
213.532	0.25	1	2	106766
213.55	0.25	1	2	106775
213.566	0.25	1	2	106783
213.582	0.25	0	1	106791
213.6	0.25	0	1	106800
213.616	0.25	0	1	106808
213.632	0.25	0	1	106816
213.65	0.25	1	2	106825
213.666	0.25	1	2	106833
213.682	0.25	1	2	106841
213.7	0.25	1	2	106850
213.716	0.25	0	1	106858
213.732	0.25	0	1	106866
213.75	0.25	0	1	106875
213.766	0.25	0	1	106883
213.782	0.25	1	2	106891
213.8	0.25	1	2	106900
213.816	0.25	0	1	106908
213.832	0.25	0	1	106916
213.85	0.25	1	2	106925
213.866	0.25	1	2	106933
213.882	0.25	1	2	106941
213.9	0.25	1	2	106950
213.916	0.25	0	1	106958
213.932	0.25	0	1	106966
213.95	0.25	1	2	106975
213.966	0.25	1	2	106983
213.982	0.25	0	1	106991
214.0	0.25	0	1	107000
214.016	0.25	0	1	107008
214.032	0.25	0	1	107016
214.05	0.25	1	2	107025
214.066	0.25	1	2	107033
214.082	0.25	0	1	107041
214.1	0.25	0	1	107050
214.116	0.25	1	2	107058
214.132	0.25	1	2	107066
214.15	0.25	1	2	107075
214.166	0.25	1	2	107083
214.182	0.25	1	2	107091
214.2	0.25	1	2	107100
214.216	0.25	0	1	107108
214.232	0.25	0	1	107116
214.25	0.25	0	1	107125
214.266	0.25	0	1	107133
214.282	0.25	0	1	107141
214.3	0.25	0	1	107150
214.316	0.25	1	2	107158
214.332	0.25	1	2	107166
214.35	0.25	0	1	107175
214.366	0.25	0	1	107183
214.382	0.25	1	2	107191
214.4	0.25	1	2	107200
214.416	0.25	1	2	107208
214.432	0.25	1	2	107216
214.45	0.25	1	2	107225
214.466	0.25	1	2	107233
214.482	0.25	0	1	107241
214.5	0.25	0	1	107250
214.516	0.25	0	1	107258
214.532	0.25	0	1	107266
214.55	0.25	1	2	107275
214.566	0.25	1	2	107283
214.582	0.25	0	1	107291
214.6	0.25	0	1	107300
214.616	0.25	1	2	107308
214.632	0.25	1	2	107316
214.65	0.25	0	1	107325
214.666	0.25	0	1	107333
214.682	0.25	0	1	107341
214.7	0.25	0	1	107350
214.716	0.25	0	1	107358
214.732	0.25	0	1	107366
214.75	0.25	1	2	107375
214.766	0.25	1	2	107383
214.782	0.25	1	2	107391
214.8	0.25	1	2	107400
214.816	0.25	0	1	107408
214.832	0.25	0	1	107416
214.85	0.25	1	2	107425
214.866	0.25	1	2	107433
214.882	0.25	0	1	107441
214.9	0.25	0	1	107450
214.916	0.25	0	1	107458
214.932	0.25	0	1	107466
214.95	0.25	0	1	107475
214.966	0.25	0	1	107483
214.982	0.25	1	2	107491
215.0	0.25	1	2	107500
215.016	0.25	0	1	107508
215.032	0.25	0	1	107516
215.05	0.25	1	2	107525
215.066	0.25	1	2	107533
215.082	0.25	0	1	107541
215.1	0.25	0	1	107550
215.116	0.25	0	1	107558
215.132	0.25	0	1	107566
215.15	0.25	1	2	107575
219.566	0.25	1	2	109783
219.582	0.25	1	2	109791
219.6	0.25	1	2	109800
219.616	0.25	1	2	109808
219.632	0.25	1	2	109816
219.65	0.25	1	2	109825
219.666	0.25	1	2	109833
219.682	0.25	1	2	109841
219.7	0.25	1	2	109850
219.716	0.25	1	2	109858
219.732	0.25	1	2	109866
219.75	0.25	1	2	109875
219.766	0.25	1	2	109883
219.782	0.25	1	2	109891
219.8	0.25	0	1	109900
219.816	0.25	0	1	109908
219.832	0.25	0	1	109916
219.85	0.25	0	1	109925
219.866	0.25	1	2	109933
219.882	0.25	1	2	109941
219.9	0.25	1	2	109950
219.916	0.25	1	2	109958
219.932	0.25	0	1	109966
219.95	0.25	0	1	109975
219.966	0.25	0	1	109983
219.982	0.25	0	1	109991
220.0	0.25	1	2	110000
220.016	0.25	1	2	110008
220.032	0.25	1	2	110016
220.05	0.25	1	2	110025
220.066	0.25	0	1	110033
220.082	0.25	0	1	110041
220.1	0.25	0	1	110050
220.116	0.25	0	1	110058
220.132	0.25	1	2	110066
220.15	0.25	1	2	110075
220.166	0.25	0	1	110083
220.182	0.25	0	1	110091
220.2	0.25	1	2	110100
220.216	0.25	1	2	110108
220.232	0.25	1	2	110116
220.25	0.25	1	2	110125
220.266	0.25	0	1	110133
220.282	0.25	0	1	110141
220.3	0.25	1	2	110150
220.316	0.25	1	2	110158
220.332	0.25	0	1	110166
220.35	0.25	0	1	110175
220.366	0.25	0	1	110183
220.382	0.25	0	1	110191
220.4	0.25	1	2	110200
220.416	0.25	1	2	110208
220.432	0.25	0	1	110216
220.45	0.25	0	1	110225
220.466	0.25	1	2	110233
220.482	0.25	1	2	110241
220.5	0.25	1	2	110250
220.516	0.25	1	2	110258
220.532	0.25	1	2	110266
220.55	0.25	1	2	110275
220.566	0.25	0	1	110283
220.582	0.25	0	1	110291
220.6	0.25	0	1	110300
220.616	0.25	0	1	110308
220.632	0.25	0	1	110316
220.65	0.25	0	1	110325
220.666	0.25	1	2	110333
220.682	0.25	1	2	110341
220.7	0.25	0	1	110350
220.716	0.25	0	1	110358
220.732	0.25	1	2	110366
220.75	0.25	1	2	110375
220.766	0.25	1	2	110383
220.782	0.25	1	2	110391
220.8	0.25	1	2	110400
220.816	0.25	1	2	110408
220.832	0.25	0	1	110416
220.85	0.25	0	1	110425
220.866	0.25	0	1	110433
220.882	0.25	0	1	110441
220.9	0.25	1	2	110450
220.916	0.25	1	2	110458
220.932	0.25	0	1	110466
220.95	0.25	0	1	110475
220.966	0.25	1	2	110483
220.982	0.25	1	2	110491
221.0	0.25	0	1	110500
221.016	0.25	0	1	110508
221.032	0.25	0	1	110516
221.05	0.25	0	1	110525
221.066	0.25	0	1	110533
221.082	0.25	0	1	110541
221.1	0.25	1	2	110550
221.116	0.25	1	2	110558
221.132	0.25	1	2	110566
221.15	0.25	1	2	110575
221.166	0.25	0	1	110583
221.182	0.25	0	1	110591
221.2	0.25	1	2	110600
221.216	0.25	1	2	110608
221.232	0.25	0	1	110616
221.25	0.25	0	1	110625
221.266	0.25	0	1	110633
221.282	0.25	0	1	110641
221.3	0.25	0	1	110650
221.316	0.25	0	1	110658
221.332	0.25	1	2	110666
221.35	0.25	1	2	110675
221.366	0.25	0	1	110683
221.382	0.25	0	1	110691
221.4	0.25	1	2	110700
221.416	0.25	1	2	110708
221.432	0.25	0	1	110716
221.45	0.25	0	1	110725
221.466	0.25	0	1	110733
221.482	0.25	0	1	110741
221.5	0.25	1	2	110750
222.982	0.25	1	2	111491
223.0	0.25	1	2	111500
223.016	0.25	1	2	111508
223.032	0.25	1	2	111516
223.05	0.25	0	1	111525
223.066	0.25	0	1	111533
223.082	0.25	0	1	111541
223.1	0.25	0	1	111550
223.116	0.25	0	1	111558
223.132	0.25	0	1	111566
223.15	0.25	0	1	111575
223.166	0.25	0	1	111583
223.182	0.25	1	2	111591
223.2	0.25	1	2	111600
223.216	0.25	0	1	111608
223.232	0.25	0	1	111616
223.25	0.25	0	1	111625
223.266	0.25	0	1	111633
223.282	0.25	1	2	111641
223.3	0.25	1	2	111650
223.316	0.25	1	2	111658
223.332	0.25	1	2	111666
223.35	0.25	0	1	111675
223.366	0.25	0	1	111683
223.382	0.25	0	1	111691
223.4	0.25	0	1	111700
223.416	0.25	0	1	111708
223.432	0.25	0	1	111716
223.45	0.25	0	1	111725
223.466	0.25	0	1	111733
223.482	0.25	0	1	111741
223.5	0.25	0	1	111750
223.516	0.25	0	1	111758
223.532	0.25	0	1	111766
223.55	0.25	1	2	111775
223.566	0.25	1	2	111783
223.582	0.25	0	1	111791
223.6	0.25	0	1	111800
223.616	0.25	1	2	111808
223.632	0.25	1	2	111816
223.65	0.25	1	2	111825
223.666	0.25	1	2	111833
223.682	0.25	0	1	111841
223.7	0.25	0	1	111850
223.716	0.25	1	2	111858
223.732	0.25	1	2	111866
223.75	0.25	0	1	111875
223.766	0.25	0	1	111883
223.782	0.25	1	2	111891
223.8	0.25	1	2	111900
223.816	0.25	0	1	111908
223.832	0.25	0	1	111916
223.85	0.25	1	2	111925
223.866	0.25	1	2	111933
223.882	0.25	0	1	111941
223.9	0.25	0	1	111950
223.916	0.25	0	1	111958
223.932	0.25	0	1	111966
223.95	0.25	0	1	111975
223.966	0.25	0	1	111983
223.982	0.25	1	2	111991
224.0	0.25	1	2	112000
224.016	0.25	1	2	112008
224.032	0.25	1	2	112016
224.05	0.25	1	2	112025
224.066	0.25	1	2	112033
224.082	0.25	0	1	112041
224.1	0.25	0	1	112050
224.116	0.25	1	2	112058
224.132	0.25	1	2	112066
224.15	0.25	1	2	112075
224.166	0.25	1	2	112083
224.182	0.25	1	2	112091
224.2	0.25	1	2	112100
224.216	0.25	0	1	112108
224.232	0.25	0	1	112116
224.25	0.25	1	2	112125
224.266	0.25	1	2	112133
224.282	0.25	0	1	112141
224.3	0.25	0	1	112150
224.316	0.25	1	2	112158
224.332	0.25	1	2	112166
224.35	0.25	1	2	112175
224.366	0.25	1	2	112183
224.382	0.25	0	1	112191
224.4	0.25	0	1	112200
224.416	0.25	0	1	112208
224.432	0.25	0	1	112216
224.45	0.25	0	1	112225
224.466	0.25	0	1	112233
224.482	0.25	1	2	112241
224.5	0.25	1	2	112250
224.516	0.25	1	2	112258
224.532	0.25	1	2	112266
224.55	0.25	0	1	112275
224.566	0.25	0	1	112283
224.582	0.25	1	2	112291
224.6	0.25	1	2	112300
224.616	0.25	1	2	112308
224.632	0.25	1	2	112316
224.65	0.25	1	2	112325
224.666	0.25	1	2	112333
224.682	0.25	0	1	112341
224.7	0.25	0	1	112350
224.716	0.25	0	1	112358
224.732	0.25	0	1	112366
224.75	0.25	0	1	112375
224.766	0.25	0	1	112383
224.782	0.25	0	1	112391
224.8	0.25	0	1	112400
224.816	0.25	0	1	112408
224.832	0.25	0	1	112416
224.85	0.25	1	2	112425
224.866	0.25	1	2	112433
224.882	0.25	1	2	112441
224.9	0.25	1	2	112450
224.916	0.25	1	2	112458
226.4	0.25	0	1	113200
226.416	0.25	0	1	113208
226.432	0.25	0	1	113216
226.45	0.25	0	1	113225
226.466	0.25	1	2	113233
226.482	0.25	1	2	113241
226.5	0.25	1	2	113250
226.516	0.25	1	2	113258
226.532	0.25	0	1	113266
226.55	0.25	0	1	113275
226.566	0.25	0	1	113283
226.582	0.25	0	1	113291
226.6	0.25	0	1	113300
226.616	0.25	0	1	113308
226.632	0.25	0	1	113316
226.65	0.25	0	1	113325
226.666	0.25	1	2	113333
226.682	0.25	1	2	113341
226.7	0.25	1	2	113350
226.716	0.25	1	2	113358
226.732	0.25	1	2	113366
226.75	0.25	1	2	113375
226.766	0.25	1	2	113383
226.782	0.25	1	2	113391
226.8	0.25	1	2	113400
226.816	0.25	1	2	113408
226.832	0.25	0	1	113416
226.85	0.25	0	1	113425
226.866	0.25	0	1	113433
226.882	0.25	0	1	113441
226.9	0.25	0	1	113450
226.916	0.25	0	1	113458
226.932	0.25	0	1	113466
226.95	0.25	0	1	113475
226.966	0.25	0	1	113483
226.982	0.25	0	1	113491
227.0	0.25	0	1	113500
227.016	0.25	0	1	113508
227.032	0.25	1	2	113516
227.05	0.25	1	2	113525
227.066	0.25	1	2	113533
227.082	0.25	1	2	113541
227.1	0.25	0	1	113550
227.116	0.25	0	1	113558
227.132	0.25	0	1	113566
227.15	0.25	0	1	113575
227.166	0.25	1	2	113583
227.182	0.25	1	2	113591
227.2	0.25	0	1	113600
227.216	0.25	0	1	113608
227.232	0.25	1	2	113616
227.25	0.25	1	2	113625
227.266	0.25	0	1	113633
227.282	0.25	0	1	113641
227.3	0.25	1	2	113650
227.316	0.25	1	2	113658
227.332	0.25	0	1	113666
227.35	0.25	0	1	113675
227.366	0.25	1	2	113683
227.382	0.25	1	2	113691
227.4	0.25	1	2	113700
227.416	0.25	1	2	113708
227.432	0.25	0	1	113716
227.45	0.25	0	1	113725
227.466	0.25	1	2	113733
227.482	0.25	1	2	113741
227.5	0.25	0	1	113750
227.516	0.25	0	1	113758
227.532	0.25	0	1	113766
227.55	0.25	0	1	113775
227.566	0.25	0	1	113783
227.582	0.25	0	1	113791
227.6	0.25	1	2	113800
227.616	0.25	1	2	113808
227.632	0.25	0	1	113816
227.65	0.25	0	1	113825
227.666	0.25	0	1	113833
227.682	0.25	0	1	113841
227.7	0.25	0	1	113850
227.716	0.25	0	1	113858
227.732	0.25	1	2	113866
227.75	0.25	1	2	113875
227.766	0.25	1	2	113883
227.782	0.25	1	2	113891
227.8	0.25	1	2	113900
227.816	0.25	1	2	113908
227.832	0.25	0	1	113916
227.85	0.25	0	1	113925
227.866	0.25	1	2	113933
227.882	0.25	1	2	113941
227.9	0.25	0	1	113950
227.916	0.25	0	1	113958
227.932	0.25	1	2	113966
227.95	0.25	1	2	113975
227.966	0.25	1	2	113983
227.982	0.25	1	2	113991
228.0	0.25	1	2	114000
228.016	0.25	1	2	114008
228.032	0.25	1	2	114016
228.05	0.25	1	2	114025
228.066	0.25	1	2	114033
228.082	0.25	1	2	114041
228.1	0.25	0	1	114050
228.116	0.25	0	1	114058
228.132	0.25	0	1	114066
228.15	0.25	0	1	114075
228.166	0.25	1	2	114083
228.182	0.25	1	2	114091
228.2	0.25	0	1	114100
228.216	0.25	0	1	114108
228.232	0.25	0	1	114116
228.25	0.25	0	1	114125
228.266	0.25	0	1	114133
228.282	0.25	0	1	114141
228.3	0.25	1	2	114150
228.316	0.25	1	2	114158
228.332	0.25	1	2	114166
229.816	0.25	1	2	114908
229.832	0.25	1	2	114916
229.85	0.25	1	2	114925
229.866	0.25	1	2	114933
229.882	0.25	0	1	114941
229.9	0.25	0	1	114950
229.916	0.25	1	2	114958
229.932	0.25	1	2	114966
229.95	0.25	1	2	114975
229.966	0.25	1	2	114983
229.982	0.25	0	1	114991
230.0	0.25	0	1	115000
230.016	0.25	1	2	115008
230.032	0.25	1	2	115016
230.05	0.25	1	2	115025
230.066	0.25	1	2	115033
230.082	0.25	0	1	115041
230.1	0.25	0	1	115050
230.116	0.25	1	2	115058
230.132	0.25	1	2	115066
230.15	0.25	1	2	115075
230.166	0.25	1	2	115083
230.182	0.25	0	1	115091
230.2	0.25	0	1	115100
230.216	0.25	0	1	115108
230.232	0.25	0	1	115116
230.25	0.25	0	1	115125
230.266	0.25	0	1	115133
230.282	0.25	1	2	115141
230.3	0.25	1	2	115150
230.316	0.25	1	2	115158
230.332	0.25	1	2	115166
230.35	0.25	1	2	115175
230.366	0.25	1	2	115183
230.382	0.25	0	1	115191
230.4	0.25	0	1	115200
230.416	0.25	0	1	115208
230.432	0.25	0	1	115216
230.45	0.25	0	1	115225
230.466	0.25	0	1	115233
230.482	0.25	1	2	115241
230.5	0.25	1	2	115250
230.516	0.25	1	2	115258
230.532	0.25	1	2	115266
230.55	0.25	1	2	115275
230.566	0.25	1	2	115283
230.582	0.25	1	2	115291
230.6	0.25	1	2	115300
230.616	0.25	1	2	115308
230.632	0.25	1	2	115316
230.65	0.25	0	1	115325
230.666	0.25	0	1	115333
230.682	0.25	0	1	115341
230.7	0.25	0	1	115350
230.716	0.25	1	2	115358
230.732	0.25	1	2	115366
230.75	0.25	0	1	115375
230.766	0.25	0	1	115383
230.782	0.25	1	2	115391
230.8	0.25	1	2	115400
230.816	0.25	0	1	115408
230.832	0.25	0	1	115416
230.85	0.25	0	1	115425
230.866	0.25	0	1	115433
230.882	0.25	1	2	115441
230.9	0.25	1	2	115450
230.916	0.25	1	2	115458
230.932	0.25	1	2	115466
230.95	0.25	0	1	115475
230.966	0.25	0	1	115483
230.982	0.25	0	1	115491
231.0	0.25	0	1	115500
231.016	0.25	0	1	115508
231.032	0.25	0	1	115516
231.05	0.25	0	1	115525
231.066	0.25	0	1	115533
231.082	0.25	1	2	115541
231.1	0.25	1	2	115550
231.116	0.25	0	1	115558
231.132	0.25	0	1	115566
231.15	0.25	0	1	115575
231.166	0.25	0	1	115583
231.182	0.25	0	1	115591
231.2	0.25	0	1	115600
231.216	0.25	0	1	115608
231.232	0.25	0	1	115616
231.25	0.25	1	2	115625
231.266	0.25	1	2	115633
231.282	0.25	1	2	115641
231.3	0.25	1	2	115650
231.316	0.25	1	2	115658
231.332	0.25	1	2	115666
231.35	0.25	1	2	115675
231.366	0.25	1	2	115683
231.382	0.25	1	2	115691
231.4	0.25	1	2	115700
231.416	0.25	1	2	115708
231.432	0.25	1	2	115716
231.45	0.25	0	1	115725
231.466	0.25	0	1	115733
231.482	0.25	1	2	115741
231.5	0.25	1	2	115750
231.516	0.25	0	1	115758
231.532	0.25	0	1	115766
231.55	0.25	1	2	115775
231.566	0.25	1	2	115783
231.582	0.25	0	1	115791
231.6	0.25	0	1	115800
231.616	0.25	0	1	115808
231.632	0.25	0	1	115816
231.65	0.25	1	2	115825
231.666	0.25	1	2	115833
231.682	0.25	1	2	115841
231.7	0.25	1	2	115850
231.716	0.25	0	1	115858
231.732	0.25	0	1	115866
231.75	0.25	0	1	115875
234.132	0.25	1	2	117066
234.15	0.25	1	2	117075
234.166	0.25	1	2	117083
234.182	0.25	1	2	117091
234.2	0.25	1	2	117100
234.216	0.25	1	2	117108
234.232	0.25	1	2	117116
234.25	0.25	1	2	117125
234.266	0.25	1	2	117133
234.282	0.25	1	2	117141
234.3	0.25	1	2	117150
234.316	0.25	1	2	117158
234.332	0.25	1	2	117166
234.35	0.25	1	2	117175
234.366	0.25	0	1	117183
234.382	0.25	0	1	117191
234.4	0.25	0	1	117200
234.416	0.25	0	1	117208
234.432	0.25	1	2	117216
234.45	0.25	1	2	117225
234.466	0.25	1	2	117233
234.482	0.25	1	2	117241
234.5	0.25	0	1	117250
234.516	0.25	0	1	117258
234.532	0.25	0	1	117266
234.55	0.25	0	1	117275
234.566	0.25	1	2	117283
234.582	0.25	1	2	117291
234.6	0.25	1	2	117300
234.616	0.25	1	2	117308
234.632	0.25	0	1	117316
234.65	0.25	0	1	117325
234.666	0.25	0	1	117333
234.682	0.25	0	1	117341
234.7	0.25	1	2	117350
234.716	0.25	1	2	117358
234.732	0.25	0	1	117366
234.75	0.25	0	1	117375
234.766	0.25	1	2	117383
234.782	0.25	1	2	117391
234.8	0.25	1	2	117400
234.816	0.25	1	2	117408
234.832	0.25	0	1	117416
234.85	0.25	0	1	117425
234.866	0.25	1	2	117433
234.882	0.25	1	2	117441
234.9	0.25	0	1	117450
234.916	0.25	0	1	117458
234.932	0.25	0	1	117466
234.95	0.25	0	1	117475
234.966	0.25	1	2	117483
234.982	0.25	1	2	117491
235.0	0.25	0	1	117500
235.016	0.25	0	1	117508
235.032	0.25	1	2	117516
235.05	0.25	1	2	117525
235.066	0.25	1	2	117533
235.082	0.25	1	2	117541
235.1	0.25	1	2	117550
235.116	0.25	1	2	117558
235.132	0.25	0	1	117566
235.15	0.25	0	1	117575
235.166	0.25	0	1	117583
235.182	0.25	0	1	117591
235.2	0.25	0	1	117600
235.216	0.25	0	1	117608
235.232	0.25	1	2	117616
235.25	0.25	1	2	117625
235.266	0.25	0	1	117633
235.282	0.25	0	1	117641
235.3	0.25	1	2	117650
235.316	0.25	1	2	117658
235.332	0.25	1	2	117666
235.35	0.25	1	2	117675
235.366	0.25	1	2	117683
235.382	0.25	1	2	117691
235.4	0.25	0	1	117700
235.416	0.25	0	1	117708
235.432	0.25	0	1	117716
235.45	0.25	0	1	117725
235.466	0.25	1	2	117733
235.482	0.25	1	2	117741
235.5	0.25	0	1	117750
235.516	0.25	0	1	117758
235.532	0.25	1	2	117766
235.55	0.25	1	2	117775
235.566	0.25	0	1	117783
235.582	0.25	0	1	117791
235.6	0.25	0	1	117800
235.616	0.25	0	1	117808
235.632	0.25	0	1	117816
235.65	0.25	0	1	117825
235.666	0.25	1	2	117833
235.682	0.25	1	2	117841
235.7	0.25	1	2	117850
235.716	0.25	1	2	117858
235.732	0.25	0	1	117866
235.75	0.25	0	1	117875
235.766	0.25	1	2	117883
235.782	0.25	1	2	117891
235.8	0.25	0	1	117900
235.816	0.25	0	1	117908
235.832	0.25	0	1	117916
235.85	0.25	0	1	117925
235.866	0.25	0	1	117933
235.882	0.25	0	1	117941
235.9	0.25	1	2	117950
235.916	0.25	1	2	117958
235.932	0.25	0	1	117966
235.95	0.25	0	1	117975
235.966	0.25	1	2	117983
235.982	0.25	1	2	117991
236.0	0.25	0	1	118000
236.016	0.25	0	1	118008
236.032	0.25	0	1	118016
236.05	0.25	0	1	118025
236.066	0.25	1	2	118033
237.55	0.25	0	1	118775
237.566	0.25	0	1	118783
237.582	0.25	0	1	118791
237.6	0.25	0	1	118800
237.616	0.25	1	2	118808
237.632	0.25	1	2	118816
237.65	0.25	1	2	118825
237.666	0.25	1	2	118833
237.682	0.25	0	1	118841
237.7	0.25	0	1	118850
237.716	0.25	0	1	118858
237.732	0.25	0	1	118866
237.75	0.25	0	1	118875
237.766	0.25	0	1	118883
237.782	0.25	0	1	118891
237.8	0.25	0	1	118900
237.816	0.25	1	2	118908
237.832	0.25	1	2	118916
237.85	0.25	1	2	118925
237.866	0.25	1	2	118933
237.882	0.25	1	2	118941
237.9	0.25	1	2	118950
237.916	0.25	1	2	118958
237.932	0.25	1	2	118966
237.95	0.25	1	2	118975
237.966	0.25	1	2	118983
237.982	0.25	0	1	118991
238.0	0.25	0	1	119000
238.016	0.25	0	1	119008
238.032	0.25	0	1	119016
238.05	0.25	0	1	119025
238.066	0.25	0	1	119033
238.082	0.25	0	1	119041
238.1	0.25	0	1	119050
238.116	0.25	0	1	119058
238.132	0.25	0	1	119066
238.15	0.25	0	1	119075
238.166	0.25	0	1	119083
238.182	0.25	1	2	119091
238.2	0.25	1	2	119100
238.216	0.25	1	2	119108
238.232	0.25	1	2	119116
238.25	0.25	0	1	119125
238.266	0.25	0	1	119133
238.282	0.25	0	1	119141
238.3	0.25	0	1	119150
238.316	0.25	1	2	119158
238.332	0.25	1	2	119166
238.35	0.25	0	1	119175
238.366	0.25	0	1	119183
238.382	0.25	1	2	119191
238.4	0.25	1	2	119200
238.416	0.25	0	1	119208
238.432	0.25	0	1	119216
238.45	0.25	1	2	119225
238.466	0.25	1	2	119233
238.482	0.25	0	1	119241
238.5	0.25	0	1	119250
238.516	0.25	1	2	119258
238.532	0.25	1	2	119266
238.55	0.25	1	2	119275
238.566	0.25	1	2	119283
238.582	0.25	0	1	119291
238.6	0.25	0	1	119300
238.616	0.25	1	2	119308
238.632	0.25	1	2	119316
238.65	0.25	0	1	119325
238.666	0.25	0	1	119333
238.682	0.25	0	1	119341
238.7	0.25	0	1	119350
238.716	0.25	0	1	119358
238.732	0.25	0	1	119366
238.75	0.25	1	2	119375
238.766	0.25	1	2	119383
238.782	0.25	0	1	119391
238.8	0.25	0	1	119400
238.816	0.25	0	1	119408
238.832	0.25	0	1	119416
238.85	0.25	0	1	119425
238.866	0.25	0	1	119433
238.882	0.25	1	2	119441
238.9	0.25	1	2	119450
238.916	0.25	1	2	119458
238.932	0.25	1	2	119466
238.95	0.25	1	2	119475
238.966	0.25	1	2	119483
238.982	0.25	0	1	119491
239.0	0.25	0	1	119500
239.016	0.25	1	2	119508
239.032	0.25	1	2	119516
239.05	0.25	0	1	119525
239.066	0.25	0	1	119533
239.082	0.25	1	2	119541
239.1	0.25	1	2	119550
239.116	0.25	1	2	119558
239.132	0.25	1	2	119566
239.15	0.25	1	2	119575
239.166	0.25	1	2	119583
239.182	0.25	1	2	119591
239.2	0.25	1	2	119600
239.216	0.25	1	2	119608
239.232	0.25	1	2	119616
239.25	0.25	0	1	119625
239.266	0.25	0	1	119633
239.282	0.25	0	1	119641
239.3	0.25	0	1	119650
239.316	0.25	1	2	119658
239.332	0.25	1	2	119666
239.35	0.25	0	1	119675
239.366	0.25	0	1	119683
239.382	0.25	0	1	119691
239.4	0.25	0	1	119700
239.416	0.25	0	1	119708
239.432	0.25	0	1	119716
239.45	0.25	1	2	119725
239.466	0.25	1	2	119733
239.482	0.25	1	2	119741
240.966	0.25	1	2	120483
240.982	0.25	1	2	120491
241.0	0.25	1	2	120500
241.016	0.25	1	2	120508
241.032	0.25	0	1	120516
241.05	0.25	0	1	120525
241.066	0.25	0	1	120533
241.082	0.25	0	1	120541
241.1	0.25	0	1	120550
241.116	0.25	0	1	120558
241.132	0.25	0	1	120566
241.15	0.25	0	1	120575
241.166	0.25	1	2	120583
241.182	0.25	1	2	120591
241.2	0.25	0	1	120600
241.216	0.25	0	1	120608
241.232	0.25	0	1	120616
241.25	0.25	0	1	120625
241.266	0.25	1	2	120633
241.282	0.25	1	2	120641
241.3	0.25	1	2	120650
241.316	0.25	1	2	120658
241.332	0.25	0	1	120666
241.35	0.25	0	1	120675
241.366	0.25	0	1	120683
241.382	0.25	0	1	120691
241.4	0.25	0	1	120700
241.416	0.25	0	1	120708
241.432	0.25	0	1	120716
241.45	0.25	0	1	120725
241.466	0.25	0	1	120733
241.482	0.25	0	1	120741
241.5	0.25	0	1	120750
241.516	0.25	0	1	120758
241.532	0.25	1	2	120766
241.55	0.25	1	2	120775
241.566	0.25	0	1	120783
241.582	0.25	0	1	120791
241.6	0.25	1	2	120800
241.616	0.25	1	2	120808
241.632	0.25	1	2	120816
241.65	0.25	1	2	120825
241.666	0.25	0	1	120833
241.682	0.25	0	1	120841
241.7	0.25	1	2	120850
241.716	0.25	1	2	120858
241.732	0.25	0	1	120866
241.75	0.25	0	1	120875
241.766	0.25	1	2	120883
241.782	0.25	1	2	120891
241.8	0.25	0	1	120900
241.816	0.25	0	1	120908
241.832	0.25	1	2	120916
241.85	0.25	1	2	120925
241.866	0.25	0	1	120933
241.882	0.25	0	1	120941
241.9	0.25	0	1	120950
241.916	0.25	0	1	120958
241.932	0.25	0	1	120966
241.95	0.25	0	1	120975
241.966	0.25	1	2	120983
241.982	0.25	1	2	120991
242.0	0.25	1	2	121000
242.016	0.25	1	2	121008
242.032	0.25	1	2	121016
242.05	0.25	1	2	121025
242.066	0.25	0	1	121033
242.082	0.25	0	1	121041
242.1	0.25	1	2	121050
242.116	0.25	1	2	121058
242.132	0.25	1	2	121066
242.15	0.25	1	2	121075
242.166	0.25	1	2	121083
242.182	0.25	1	2	121091
242.2	0.25	0	1	121100
242.216	0.25	0	1	121108
242.232	0.25	1	2	121116
242.25	0.25	1	2	121125
242.266	0.25	0	1	121133
242.282	0.25	0	1	121141
242.3	0.25	1	2	121150
242.316	0.25	1	2	121158
242.332	0.25	1	2	121166
242.35	0.25	1	2	121175
242.366	0.25	0	1	121183
242.382	0.25	0	1	121191
242.4	0.25	0	1	121200
242.416	0.25	0	1	121208
242.432	0.25	0	1	121216
242.45	0.25	0	1	121225
242.466	0.25	1	2	121233
242.482	0.25	1	2	121241
242.5	0.25	1	2	121250
242.516	0.25	1	2	121258
242.532	0.25	0	1	121266
242.55	0.25	0	1	121275
242.566	0.25	1	2	121283
242.582	0.25	1	2	121291
242.6	0.25	1	2	121300
242.616	0.25	1	2	121308
242.632	0.25	1	2	121316
242.65	0.25	1	2	121325
242.666	0.25	0	1	121333
242.682	0.25	0	1	121341
242.7	0.25	0	1	121350
242.716	0.25	0	1	121358
242.732	0.25	0	1	121366
242.75	0.25	0	1	121375
242.766	0.25	0	1	121383
242.782	0.25	0	1	121391
242.8	0.25	0	1	121400
242.816	0.25	0	1	121408
242.832	0.25	1	2	121416
242.85	0.25	1	2	121425
242.866	0.25	1	2	121433
242.882	0.25	1	2	121441
242.9	0.25	1	2	121450
244.382	0.25	1	2	122191
244.4	0.25	1	2	122200
244.416	0.25	1	2	122208
244.432	0.25	1	2	122216
244.45	0.25	0	1	122225
244.466	0.25	0	1	122233
244.482	0.25	1	2	122241
244.5	0.25	1	2	122250
244.516	0.25	1	2	122258
244.532	0.25	1	2	122266
244.55	0.25	0	1	122275
244.566	0.25	0	1	122283
244.582	0.25	1	2	122291
244.6	0.25	1	2	122300
244.616	0.25	1	2	122308
244.632	0.25	1	2	122316
244.65	0.25	0	1	122325
244.666	0.25	0	1	122333
244.682	0.25	1	2	122341
244.7	0.25	1	2	122350
244.716	0.25	1	2	122358
244.732	0.25	1	2	122366
244.75	0.25	0	1	122375
244.766	0.25	0	1	122383
244.782	0.25	0	1	122391
244.8	0.25	0	1	122400
244.816	0.25	0	1	122408
244.832	0.25	0	1	122416
244.85	0.25	1	2	122425
244.866	0.25	1	2	122433
244.882	0.25	1	2	122441
244.9	0.25	1	2	122450
244.916	0.25	1	2	122458
244.932	0.25	1	2	122466
244.95	0.25	0	1	122475
244.966	0.25	0	1	122483
244.982	0.25	0	1	122491
245.0	0.25	0	1	122500
245.016	0.25	0	1	122508
245.032	0.25	0	1	122516
245.05	0.25	1	2	122525
245.066	0.25	1	2	122533
245.082	0.25	1	2	122541
245.1	0.25	1	2	122550
245.116	0.25	1	2	122558
245.132	0.25	1	2	122566
245.15	0.25	1	2	122575
245.166	0.25	1	2	122583
245.182	0.25	1	2	122591
245.2	0.25	1	2	122600
245.216	0.25	0	1	122608
245.232	0.25	0	1	122616
245.25	0.25	0	1	122625
245.266	0.25	0	1	122633
245.282	0.25	1	2	122641
245.3	0.25	1	2	122650
245.316	0.25	0	1	122658
245.332	0.25	0	1	122666
245.35	0.25	1	2	122675
245.366	0.25	1	2	122683
245.382	0.25	0	1	122691
245.4	0.25	0	1	122700
245.416	0.25	0	1	122708
245.432	0.25	0	1	122716
245.45	0.25	1	2	122725
245.466	0.25	1	2	122733
245.482	0.25	1	2	122741
245.5	0.25	1	2	122750
245.516	0.25	0	1	122758
245.532	0.25	0	1	122766
245.55	0.25	0	1	122775
245.566	0.25	0	1	122783
245.582	0.25	0	1	122791
245.6	0.25	0	1	122800
245.616	0.25	0	1	122808
245.632	0.25	0	1	122816
245.65	0.25	1	2	122825
245.666	0.25	1	2	122833
245.682	0.25	0	1	122841
245.7	0.25	0	1	122850
245.716	0.25	0	1	122858
245.732	0.25	0	1	122866
245.75	0.25	0	1	122875
245.766	0.25	0	1	122883
245.782	0.25	0	1	122891
245.8	0.25	0	1	122900
245.816	0.25	1	2	122908
245.832	0.25	1	2	122916
245.85	0.25	1	2	122925
245.866	0.25	1	2	122933
245.882	0.25	1	2	122941
245.9	0.25	1	2	122950
245.916	0.25	1	2	122958
245.932	0.25	1	2	122966
245.95	0.25	1	2	122975
245.966	0.25	1	2	122983
245.982	0.25	1	2	122991
246.0	0.25	1	2	123000
246.016	0.25	0	1	123008
246.032	0.25	0	1	123016
246.05	0.25	1	2	123025
246.066	0.25	1	2	123033
246.082	0.25	0	1	123041
246.1	0.25	0	1	123050
246.116	0.25	1	2	123058
246.132	0.25	1	2	123066
246.15	0.25	0	1	123075
246.166	0.25	0	1	123083
246.182	0.25	0	1	123091
246.2	0.25	0	1	123100
246.216	0.25	1	2	123108
246.232	0.25	1	2	123116
246.25	0.25	1	2	123125
246.266	0.25	1	2	123133
246.282	0.25	0	1	123141
246.3	0.25	0	1	123150
246.316	0.25	0	1	123158
