onset	duration	trial_type	value	sample
12.382	n/a	1	2	6191
12.4	n/a	1	2	6200
12.416	n/a	1	2	6208
12.432	n/a	1	2	6216
12.45	n/a	0	1	6225
12.466	n/a	0	1	6233
12.482	n/a	0	1	6241
12.5	n/a	0	1	6250
12.516	n/a	0	1	6258
12.532	n/a	0	1	6266
12.55	n/a	0	1	6275
12.566	n/a	0	1	6283
12.582	n/a	1	2	6291
12.6	n/a	1	2	6300
12.616	n/a	0	1	6308
12.632	n/a	0	1	6316
12.65	n/a	0	1	6325
12.666	n/a	0	1	6333
12.682	n/a	1	2	6341
12.7	n/a	1	2	6350
12.716	n/a	1	2	6358
12.732	n/a	1	2	6366
12.75	n/a	0	1	6375
12.766	n/a	0	1	6383
12.782	n/a	0	1	6391
12.8	n/a	0	1	6400
12.816	n/a	0	1	6408
12.832	n/a	0	1	6416
12.85	n/a	0	1	6425
12.866	n/a	0	1	6433
12.882	n/a	0	1	6441
12.9	n/a	0	1	6450
12.916	n/a	0	1	6458
12.932	n/a	0	1	6466
12.95	n/a	1	2	6475
12.966	n/a	1	2	6483
12.982	n/a	0	1	6491
13.0	n/a	0	1	6500
13.016	n/a	1	2	6508
13.032	n/a	1	2	6516
13.05	n/a	1	2	6525
13.066	n/a	1	2	6533
13.082	n/a	0	1	6541
13.1	n/a	0	1	6550
13.116	n/a	1	2	6558
13.132	n/a	1	2	6566
13.15	n/a	0	1	6575
13.166	n/a	0	1	6583
13.182	n/a	1	2	6591
13.2	n/a	1	2	6600
13.216	n/a	0	1	6608
13.232	n/a	0	1	6616
13.25	n/a	1	2	6625
13.266	n/a	1	2	6633
13.282	n/a	0	1	6641
13.3	n/a	0	1	6650
13.316	n/a	0	1	6658
13.332	n/a	0	1	6666
13.35	n/a	0	1	6675
13.366	n/a	0	1	6683
13.382	n/a	1	2	6691
13.4	n/a	1	2	6700
13.416	n/a	1	2	6708
13.432	n/a	1	2	6716
13.45	n/a	1	2	6725
13.466	n/a	1	2	6733
13.482	n/a	0	1	6741
13.5	n/a	0	1	6750
13.516	n/a	1	2	6758
13.532	n/a	1	2	6766
13.55	n/a	1	2	6775
13.566	n/a	1	2	6783
13.582	n/a	1	2	6791
13.6	n/a	1	2	6800
13.616	n/a	0	1	6808
13.632	n/a	0	1	6816
13.65	n/a	1	2	6825
13.666	n/a	1	2	6833
13.682	n/a	0	1	6841
13.7	n/a	0	1	6850
13.716	n/a	1	2	6858
13.732	n/a	1	2	6866
13.75	n/a	1	2	6875
13.766	n/a	1	2	6883
13.782	n/a	0	1	6891
13.8	n/a	0	1	6900
13.816	n/a	0	1	6908
13.832	n/a	0	1	6916
13.85	n/a	0	1	6925
13.866	n/a	0	1	6933
13.882	n/a	1	2	6941
13.9	n/a	1	2	6950
13.916	n/a	1	2	6958
13.932	n/a	1	2	6966
13.95	n/a	0	1	6975
13.966	n/a	0	1	6983
13.982	n/a	1	2	6991
14.0	n/a	1	2	7000
14.016	n/a	1	2	7008
14.032	n/a	1	2	7016
14.05	n/a	1	2	7025
14.066	n/a	1	2	7033
14.082	n/a	0	1	7041
14.1	n/a	0	1	7050
14.116	n/a	0	1	7058
14.132	n/a	0	1	7066
14.15	n/a	0	1	7075
14.166	n/a	0	1	7083
14.182	n/a	0	1	7091
14.2	n/a	0	1	7100
14.216	n/a	0	1	7108
14.232	n/a	0	1	7116
14.25	n/a	1	2	7125
14.266	n/a	1	2	7133
14.282	n/a	1	2	7141
14.3	n/a	1	2	7150
14.316	n/a	1	2	7158
15.8	n/a	0	1	7900
15.816	n/a	0	1	7908
15.832	n/a	0	1	7916
15.85	n/a	0	1	7925
15.866	n/a	1	2	7933
15.882	n/a	1	2	7941
15.9	n/a	1	2	7950
15.916	n/a	1	2	7958
15.932	n/a	0	1	7966
15.95	n/a	0	1	7975
15.966	n/a	0	1	7983
15.982	n/a	0	1	7991
16.0	n/a	0	1	8000
16.016	n/a	0	1	8008
16.032	n/a	0	1	8016
16.05	n/a	0	1	8025
16.066	n/a	1	2	8033
16.082	n/a	1	2	8041
16.1	n/a	1	2	8050
16.116	n/a	1	2	8058
16.132	n/a	1	2	8066
16.148	n/a	1	2	8074
16.166	n/a	1	2	8083
16.182	n/a	1	2	8091
16.2	n/a	1	2	8100
16.216	n/a	1	2	8108
16.232	n/a	0	1	8116
16.25	n/a	0	1	8125
16.266	n/a	0	1	8133
16.282	n/a	0	1	8141
16.3	n/a	0	1	8150
16.316	n/a	0	1	8158
16.332	n/a	0	1	8166
16.35	n/a	0	1	8175
16.366	n/a	0	1	8183
16.382	n/a	0	1	8191
16.4	n/a	0	1	8200
16.416	n/a	0	1	8208
16.432	n/a	1	2	8216
16.45	n/a	1	2	8225
16.466	n/a	1	2	8233
16.482	n/a	1	2	8241
16.5	n/a	0	1	8250
16.516	n/a	0	1	8258
16.532	n/a	0	1	8266
16.55	n/a	0	1	8275
16.566	n/a	1	2	8283
16.582	n/a	1	2	8291
16.6	n/a	0	1	8300
16.616	n/a	0	1	8308
16.632	n/a	1	2	8316
16.65	n/a	1	2	8325
16.666	n/a	0	1	8333
16.682	n/a	0	1	8341
16.7	n/a	1	2	8350
16.716	n/a	1	2	8358
16.732	n/a	0	1	8366
16.75	n/a	0	1	8375
16.766	n/a	1	2	8383
16.782	n/a	1	2	8391
16.8	n/a	1	2	8400
16.816	n/a	1	2	8408
16.832	n/a	0	1	8416
16.85	n/a	0	1	8425
16.866	n/a	1	2	8433
16.882	n/a	1	2	8441
16.9	n/a	0	1	8450
16.916	n/a	0	1	8458
16.932	n/a	0	1	8466
16.95	n/a	0	1	8475
16.966	n/a	0	1	8483
16.982	n/a	0	1	8491
17.0	n/a	1	2	8500
17.016	n/a	1	2	8508
17.032	n/a	0	1	8516
17.05	n/a	0	1	8525
17.066	n/a	0	1	8533
17.082	n/a	0	1	8541
17.1	n/a	0	1	8550
17.116	n/a	0	1	8558
17.132	n/a	1	2	8566
17.15	n/a	1	2	8575
17.166	n/a	1	2	8583
17.182	n/a	1	2	8591
17.2	n/a	1	2	8600
17.216	n/a	1	2	8608
17.232	n/a	0	1	8616
17.25	n/a	0	1	8625
17.266	n/a	1	2	8633
17.282	n/a	1	2	8641
17.3	n/a	0	1	8650
17.316	n/a	0	1	8658
17.332	n/a	1	2	8666
17.35	n/a	1	2	8675
17.366	n/a	1	2	8683
17.382	n/a	1	2	8691
17.4	n/a	1	2	8700
17.416	n/a	1	2	8708
17.432	n/a	1	2	8716
17.45	n/a	1	2	8725
17.466	n/a	1	2	8733
17.482	n/a	1	2	8741
17.5	n/a	0	1	8750
17.516	n/a	0	1	8758
17.532	n/a	0	1	8766
17.55	n/a	0	1	8775
17.566	n/a	1	2	8783
17.582	n/a	1	2	8791
17.6	n/a	0	1	8800
17.616	n/a	0	1	8808
17.632	n/a	0	1	8816
17.65	n/a	0	1	8825
17.666	n/a	0	1	8833
17.682	n/a	0	1	8841
17.7	n/a	1	2	8850
17.716	n/a	1	2	8858
17.732	n/a	1	2	8866
19.216	n/a	1	2	9608
19.232	n/a	1	2	9616
19.25	n/a	1	2	9625
19.266	n/a	1	2	9633
19.282	n/a	1	2	9641
19.3	n/a	1	2	9650
19.316	n/a	1	2	9658
19.332	n/a	1	2	9666
19.35	n/a	1	2	9675
19.366	n/a	1	2	9683
19.382	n/a	1	2	9691
19.4	n/a	1	2	9700
19.416	n/a	1	2	9708
19.432	n/a	1	2	9716
19.45	n/a	0	1	9725
19.466	n/a	0	1	9733
19.482	n/a	0	1	9741
19.5	n/a	0	1	9750
19.516	n/a	1	2	9758
19.532	n/a	1	2	9766
19.55	n/a	1	2	9775
19.566	n/a	1	2	9783
19.582	n/a	0	1	9791
19.6	n/a	0	1	9800
19.616	n/a	0	1	9808
19.632	n/a	0	1	9816
19.65	n/a	1	2	9825
19.666	n/a	1	2	9833
19.682	n/a	1	2	9841
19.7	n/a	1	2	9850
19.716	n/a	0	1	9858
19.732	n/a	0	1	9866
19.75	n/a	0	1	9875
19.766	n/a	0	1	9883
19.782	n/a	1	2	9891
19.8	n/a	1	2	9900
19.816	n/a	0	1	9908
19.832	n/a	0	1	9916
19.85	n/a	1	2	9925
19.866	n/a	1	2	9933
19.882	n/a	1	2	9941
19.9	n/a	1	2	9950
19.916	n/a	0	1	9958
19.932	n/a	0	1	9966
19.95	n/a	1	2	9975
19.966	n/a	1	2	9983
19.982	n/a	0	1	9991
20.0	n/a	0	1	10000
20.016	n/a	0	1	10008
20.032	n/a	0	1	10016
20.05	n/a	1	2	10025
20.066	n/a	1	2	10033
20.082	n/a	0	1	10041
20.1	n/a	0	1	10050
20.116	n/a	1	2	10058
20.132	n/a	1	2	10066
20.15	n/a	1	2	10075
20.166	n/a	1	2	10083
20.182	n/a	1	2	10091
20.2	n/a	1	2	10100
20.216	n/a	0	1	10108
20.232	n/a	0	1	10116
20.25	n/a	0	1	10125
20.266	n/a	0	1	10133
20.282	n/a	0	1	10141
20.3	n/a	0	1	10150
20.316	n/a	1	2	10158
20.332	n/a	1	2	10166
20.35	n/a	0	1	10175
20.366	n/a	0	1	10183
20.382	n/a	1	2	10191
20.4	n/a	1	2	10200
20.416	n/a	1	2	10208
20.432	n/a	1	2	10216
20.45	n/a	1	2	10225
20.466	n/a	1	2	10233
20.482	n/a	0	1	10241
20.5	n/a	0	1	10250
20.516	n/a	0	1	10258
20.532	n/a	0	1	10266
20.55	n/a	1	2	10275
20.566	n/a	1	2	10283
20.582	n/a	0	1	10291
20.6	n/a	0	1	10300
20.616	n/a	1	2	10308
20.632	n/a	1	2	10316
20.65	n/a	0	1	10325
20.666	n/a	0	1	10333
20.682	n/a	0	1	10341
20.7	n/a	0	1	10350
20.716	n/a	0	1	10358
20.732	n/a	0	1	10366
20.75	n/a	1	2	10375
20.766	n/a	1	2	10383
20.782	n/a	1	2	10391
20.8	n/a	1	2	10400
20.816	n/a	0	1	10408
20.832	n/a	0	1	10416
20.85	n/a	1	2	10425
20.866	n/a	1	2	10433
20.882	n/a	0	1	10441
20.9	n/a	0	1	10450
20.916	n/a	0	1	10458
20.932	n/a	0	1	10466
20.95	n/a	0	1	10475
20.966	n/a	0	1	10483
20.982	n/a	1	2	10491
21.0	n/a	1	2	10500
21.016	n/a	0	1	10508
21.032	n/a	0	1	10516
21.05	n/a	1	2	10525
21.066	n/a	1	2	10533
21.082	n/a	0	1	10541
21.1	n/a	0	1	10550
21.116	n/a	0	1	10558
21.132	n/a	0	1	10566
21.15	n/a	1	2	10575
22.632	n/a	1	2	11316
22.65	n/a	1	2	11325
22.666	n/a	1	2	11333
22.682	n/a	1	2	11341
22.7	n/a	0	1	11350
22.716	n/a	0	1	11358
22.732	n/a	1	2	11366
22.75	n/a	1	2	11375
22.766	n/a	1	2	11383
22.782	n/a	1	2	11391
22.8	n/a	0	1	11400
22.816	n/a	0	1	11408
22.832	n/a	1	2	11416
22.85	n/a	1	2	11425
22.866	n/a	1	2	11433
22.882	n/a	1	2	11441
22.9	n/a	0	1	11450
22.916	n/a	0	1	11458
22.932	n/a	1	2	11466
22.95	n/a	1	2	11475
22.966	n/a	1	2	11483
22.982	n/a	1	2	11491
23.0	n/a	0	1	11500
23.016	n/a	0	1	11508
23.032	n/a	0	1	11516
23.05	n/a	0	1	11525
23.066	n/a	0	1	11533
23.082	n/a	0	1	11541
23.1	n/a	1	2	11550
23.116	n/a	1	2	11558
23.132	n/a	1	2	11566
23.15	n/a	1	2	11575
23.166	n/a	1	2	11583
23.182	n/a	1	2	11591
23.2	n/a	0	1	11600
23.216	n/a	0	1	11608
23.232	n/a	0	1	11616
23.25	n/a	0	1	11625
23.266	n/a	0	1	11633
23.282	n/a	0	1	11641
23.3	n/a	1	2	11650
23.316	n/a	1	2	11658
23.332	n/a	1	2	11666
23.35	n/a	1	2	11675
23.366	n/a	1	2	11683
23.382	n/a	1	2	11691
23.4	n/a	1	2	11700
23.416	n/a	1	2	11708
23.432	n/a	1	2	11716
23.45	n/a	1	2	11725
23.466	n/a	0	1	11733
23.482	n/a	0	1	11741
23.5	n/a	0	1	11750
23.516	n/a	0	1	11758
23.532	n/a	1	2	11766
23.55	n/a	1	2	11775
23.566	n/a	0	1	11783
23.582	n/a	0	1	11791
23.6	n/a	1	2	11800
23.616	n/a	1	2	11808
23.632	n/a	0	1	11816
23.65	n/a	0	1	11825
23.666	n/a	0	1	11833
23.682	n/a	0	1	11841
23.7	n/a	1	2	11850
23.716	n/a	1	2	11858
23.732	n/a	1	2	11866
23.75	n/a	1	2	11875
23.766	n/a	0	1	11883
23.782	n/a	0	1	11891
23.8	n/a	0	1	11900
23.816	n/a	0	1	11908
23.832	n/a	0	1	11916
23.85	n/a	0	1	11925
23.866	n/a	0	1	11933
23.882	n/a	0	1	11941
23.9	n/a	1	2	11950
23.916	n/a	1	2	11958
23.932	n/a	0	1	11966
23.95	n/a	0	1	11975
23.966	n/a	0	1	11983
23.982	n/a	0	1	11991
24.0	n/a	0	1	12000
24.016	n/a	0	1	12008
24.032	n/a	0	1	12016
24.05	n/a	0	1	12025
24.066	n/a	1	2	12033
24.082	n/a	1	2	12041
24.1	n/a	1	2	12050
24.116	n/a	1	2	12058
24.132	n/a	1	2	12066
24.15	n/a	1	2	12075
24.166	n/a	1	2	12083
24.182	n/a	1	2	12091
24.2	n/a	1	2	12100
24.216	n/a	1	2	12108
24.232	n/a	1	2	12116
24.25	n/a	1	2	12125
24.266	n/a	0	1	12133
24.282	n/a	0	1	12141
24.3	n/a	1	2	12150
24.316	n/a	1	2	12158
24.332	n/a	0	1	12166
24.35	n/a	0	1	12175
24.366	n/a	1	2	12183
24.382	n/a	1	2	12191
24.4	n/a	0	1	12200
24.416	n/a	0	1	12208
24.432	n/a	0	1	12216
24.45	n/a	0	1	12225
24.466	n/a	1	2	12233
24.482	n/a	1	2	12241
24.5	n/a	1	2	12250
24.516	n/a	1	2	12258
24.532	n/a	0	1	12266
24.55	n/a	0	1	12275
24.566	n/a	0	1	12283
27.116	n/a	0	1	13558
27.132	n/a	0	1	13566
27.15	n/a	0	1	13575
27.166	n/a	0	1	13583
27.182	n/a	1	2	13591
27.2	n/a	1	2	13600
27.216	n/a	1	2	13608
27.232	n/a	1	2	13616
27.25	n/a	0	1	13625
27.266	n/a	0	1	13633
27.282	n/a	0	1	13641
27.3	n/a	0	1	13650
27.316	n/a	0	1	13658
27.332	n/a	0	1	13666
27.35	n/a	0	1	13675
27.366	n/a	0	1	13683
27.382	n/a	1	2	13691
27.4	n/a	1	2	13700
27.416	n/a	1	2	13708
27.432	n/a	1	2	13716
27.45	n/a	1	2	13725
27.466	n/a	1	2	13733
27.482	n/a	1	2	13741
27.5	n/a	1	2	13750
27.516	n/a	1	2	13758
27.532	n/a	1	2	13766
27.55	n/a	0	1	13775
27.566	n/a	0	1	13783
27.582	n/a	0	1	13791
27.6	n/a	0	1	13800
27.616	n/a	0	1	13808
27.632	n/a	0	1	13816
27.65	n/a	0	1	13825
27.666	n/a	0	1	13833
27.682	n/a	0	1	13841
27.7	n/a	0	1	13850
27.716	n/a	0	1	13858
27.732	n/a	0	1	13866
27.75	n/a	1	2	13875
27.766	n/a	1	2	13883
27.782	n/a	1	2	13891
27.8	n/a	1	2	13900
27.816	n/a	0	1	13908
27.832	n/a	0	1	13916
27.85	n/a	0	1	13925
27.866	n/a	0	1	13933
27.882	n/a	1	2	13941
27.9	n/a	1	2	13950
27.916	n/a	0	1	13958
27.932	n/a	0	1	13966
27.95	n/a	1	2	13975
27.966	n/a	1	2	13983
27.982	n/a	0	1	13991
28.0	n/a	0	1	14000
28.016	n/a	1	2	14008
28.032	n/a	1	2	14016
28.05	n/a	0	1	14025
28.066	n/a	0	1	14033
28.082	n/a	1	2	14041
28.1	n/a	1	2	14050
28.116	n/a	1	2	14058
28.132	n/a	1	2	14066
28.15	n/a	0	1	14075
28.166	n/a	0	1	14083
28.182	n/a	1	2	14091
28.2	n/a	1	2	14100
28.216	n/a	0	1	14108
28.232	n/a	0	1	14116
28.25	n/a	0	1	14125
28.266	n/a	0	1	14133
28.282	n/a	0	1	14141
28.3	n/a	0	1	14150
28.316	n/a	1	2	14158
28.332	n/a	1	2	14166
28.35	n/a	0	1	14175
28.366	n/a	0	1	14183
28.382	n/a	0	1	14191
28.4	n/a	0	1	14200
28.416	n/a	0	1	14208
28.432	n/a	0	1	14216
28.45	n/a	1	2	14225
28.466	n/a	1	2	14233
28.482	n/a	1	2	14241
28.5	n/a	1	2	14250
28.516	n/a	1	2	14258
28.532	n/a	1	2	14266
28.55	n/a	0	1	14275
28.566	n/a	0	1	14283
28.582	n/a	1	2	14291
28.6	n/a	1	2	14300
28.616	n/a	0	1	14308
28.632	n/a	0	1	14316
28.65	n/a	1	2	14325
28.666	n/a	1	2	14333
28.682	n/a	1	2	14341
28.7	n/a	1	2	14350
28.716	n/a	1	2	14358
28.732	n/a	1	2	14366
28.75	n/a	1	2	14375
28.766	n/a	1	2	14383
28.782	n/a	1	2	14391
28.8	n/a	1	2	14400
28.816	n/a	0	1	14408
28.832	n/a	0	1	14416
28.85	n/a	0	1	14425
28.866	n/a	0	1	14433
28.882	n/a	1	2	14441
28.9	n/a	1	2	14450
28.916	n/a	0	1	14458
28.932	n/a	0	1	14466
28.95	n/a	0	1	14475
28.966	n/a	0	1	14483
28.982	n/a	0	1	14491
29.0	n/a	0	1	14500
29.016	n/a	1	2	14508
29.032	n/a	1	2	14516
29.05	n/a	1	2	14525
30.532	n/a	1	2	15266
30.55	n/a	1	2	15275
30.566	n/a	1	2	15283
30.582	n/a	1	2	15291
30.6	n/a	0	1	15300
30.616	n/a	0	1	15308
30.632	n/a	1	2	15316
30.65	n/a	1	2	15325
30.666	n/a	1	2	15333
30.682	n/a	1	2	15341
30.7	n/a	0	1	15350
30.716	n/a	0	1	15358
30.732	n/a	1	2	15366
30.75	n/a	1	2	15375
30.766	n/a	1	2	15383
30.782	n/a	1	2	15391
30.8	n/a	0	1	15400
30.816	n/a	0	1	15408
30.832	n/a	1	2	15416
30.85	n/a	1	2	15425
30.866	n/a	1	2	15433
30.882	n/a	1	2	15441
30.9	n/a	0	1	15450
30.916	n/a	0	1	15458
30.932	n/a	0	1	15466
30.95	n/a	0	1	15475
30.966	n/a	0	1	15483
30.982	n/a	0	1	15491
31.0	n/a	1	2	15500
31.016	n/a	1	2	15508
31.032	n/a	1	2	15516
31.05	n/a	1	2	15525
31.066	n/a	1	2	15533
31.082	n/a	1	2	15541
31.1	n/a	0	1	15550
31.116	n/a	0	1	15558
31.132	n/a	0	1	15566
31.15	n/a	0	1	15575
31.166	n/a	0	1	15583
31.182	n/a	0	1	15591
31.2	n/a	1	2	15600
31.216	n/a	1	2	15608
31.232	n/a	1	2	15616
31.25	n/a	1	2	15625
31.266	n/a	1	2	15633
31.282	n/a	1	2	15641
31.3	n/a	1	2	15650
31.316	n/a	1	2	15658
31.332	n/a	1	2	15666
31.35	n/a	1	2	15675
31.366	n/a	0	1	15683
31.382	n/a	0	1	15691
31.4	n/a	0	1	15700
31.416	n/a	0	1	15708
31.432	n/a	1	2	15716
31.45	n/a	1	2	15725
31.466	n/a	0	1	15733
31.482	n/a	0	1	15741
31.5	n/a	1	2	15750
31.516	n/a	1	2	15758
31.532	n/a	0	1	15766
31.55	n/a	0	1	15775
31.566	n/a	0	1	15783
31.582	n/a	0	1	15791
31.6	n/a	1	2	15800
31.616	n/a	1	2	15808
31.632	n/a	1	2	15816
31.65	n/a	1	2	15825
31.666	n/a	0	1	15833
31.682	n/a	0	1	15841
31.7	n/a	0	1	15850
31.716	n/a	0	1	15858
31.732	n/a	0	1	15866
31.75	n/a	0	1	15875
31.766	n/a	0	1	15883
31.782	n/a	0	1	15891
31.8	n/a	1	2	15900
31.816	n/a	1	2	15908
31.832	n/a	0	1	15916
31.85	n/a	0	1	15925
31.866	n/a	0	1	15933
31.882	n/a	0	1	15941
31.9	n/a	0	1	15950
31.916	n/a	0	1	15958
31.932	n/a	0	1	15966
31.95	n/a	0	1	15975
31.966	n/a	1	2	15983
31.982	n/a	1	2	15991
32.0	n/a	1	2	16000
32.016	n/a	1	2	16008
32.032	n/a	1	2	16016
32.048	n/a	1	2	16024
32.066	n/a	1	2	16033
32.082	n/a	1	2	16041
32.1	n/a	1	2	16050
32.116	n/a	1	2	16058
32.132	n/a	1	2	16066
32.15	n/a	1	2	16075
32.166	n/a	0	1	16083
32.182	n/a	0	1	16091
32.2	n/a	1	2	16100
32.216	n/a	1	2	16108
32.232	n/a	0	1	16116
32.25	n/a	0	1	16125
32.266	n/a	1	2	16133
32.282	n/a	1	2	16141
32.298	n/a	0	1	16149
32.316	n/a	0	1	16158
32.332	n/a	0	1	16166
32.35	n/a	0	1	16175
32.366	n/a	1	2	16183
32.382	n/a	1	2	16191
32.4	n/a	1	2	16200
32.416	n/a	1	2	16208
32.432	n/a	0	1	16216
32.45	n/a	0	1	16225
32.466	n/a	0	1	16233
33.95	n/a	1	2	16975
33.966	n/a	1	2	16983
33.982	n/a	1	2	16991
34.0	n/a	1	2	17000
34.016	n/a	0	1	17008
34.032	n/a	0	1	17016
34.05	n/a	0	1	17025
34.066	n/a	0	1	17033
34.082	n/a	0	1	17041
34.1	n/a	0	1	17050
34.116	n/a	0	1	17058
34.132	n/a	0	1	17066
34.15	n/a	1	2	17075
34.166	n/a	1	2	17083
34.182	n/a	0	1	17091
34.2	n/a	0	1	17100
34.216	n/a	0	1	17108
34.232	n/a	0	1	17116
34.25	n/a	1	2	17125
34.266	n/a	1	2	17133
34.282	n/a	1	2	17141
34.3	n/a	1	2	17150
34.316	n/a	0	1	17158
34.332	n/a	0	1	17166
34.35	n/a	0	1	17175
34.366	n/a	0	1	17183
34.382	n/a	0	1	17191
34.4	n/a	0	1	17200
34.416	n/a	0	1	17208
34.432	n/a	0	1	17216
34.45	n/a	0	1	17225
34.466	n/a	0	1	17233
34.482	n/a	0	1	17241
34.5	n/a	0	1	17250
34.516	n/a	1	2	17258
34.532	n/a	1	2	17266
34.55	n/a	0	1	17275
34.566	n/a	0	1	17283
34.582	n/a	1	2	17291
34.6	n/a	1	2	17300
34.616	n/a	1	2	17308
34.632	n/a	1	2	17316
34.65	n/a	0	1	17325
34.666	n/a	0	1	17333
34.682	n/a	1	2	17341
34.7	n/a	1	2	17350
34.716	n/a	0	1	17358
34.732	n/a	0	1	17366
34.75	n/a	1	2	17375
34.766	n/a	1	2	17383
34.782	n/a	0	1	17391
34.8	n/a	0	1	17400
34.816	n/a	1	2	17408
34.832	n/a	1	2	17416
34.85	n/a	0	1	17425
34.866	n/a	0	1	17433
34.882	n/a	0	1	17441
34.9	n/a	0	1	17450
34.916	n/a	0	1	17458
34.932	n/a	0	1	17466
34.95	n/a	1	2	17475
34.966	n/a	1	2	17483
34.982	n/a	1	2	17491
35.0	n/a	1	2	17500
35.016	n/a	1	2	17508
35.032	n/a	1	2	17516
35.05	n/a	0	1	17525
35.066	n/a	0	1	17533
35.082	n/a	1	2	17541
35.1	n/a	1	2	17550
35.116	n/a	1	2	17558
35.132	n/a	1	2	17566
35.15	n/a	1	2	17575
35.166	n/a	1	2	17583
35.182	n/a	0	1	17591
35.2	n/a	0	1	17600
35.216	n/a	1	2	17608
35.232	n/a	1	2	17616
35.25	n/a	0	1	17625
35.266	n/a	0	1	17633
35.282	n/a	1	2	17641
35.3	n/a	1	2	17650
35.316	n/a	1	2	17658
35.332	n/a	1	2	17666
35.35	n/a	0	1	17675
35.366	n/a	0	1	17683
35.382	n/a	0	1	17691
35.4	n/a	0	1	17700
35.416	n/a	0	1	17708
35.432	n/a	0	1	17716
35.45	n/a	1	2	17725
35.466	n/a	1	2	17733
35.482	n/a	1	2	17741
35.5	n/a	1	2	17750
35.516	n/a	0	1	17758
35.532	n/a	0	1	17766
35.55	n/a	1	2	17775
35.566	n/a	1	2	17783
35.582	n/a	1	2	17791
35.6	n/a	1	2	17800
35.616	n/a	1	2	17808
35.632	n/a	1	2	17816
35.65	n/a	0	1	17825
35.666	n/a	0	1	17833
35.682	n/a	0	1	17841
35.7	n/a	0	1	17850
35.716	n/a	0	1	17858
35.732	n/a	0	1	17866
35.75	n/a	0	1	17875
35.766	n/a	0	1	17883
35.782	n/a	0	1	17891
35.8	n/a	0	1	17900
35.816	n/a	1	2	17908
35.832	n/a	1	2	17916
35.85	n/a	1	2	17925
35.866	n/a	1	2	17933
35.882	n/a	1	2	17941
37.366	n/a	1	2	18683
37.382	n/a	1	2	18691
37.4	n/a	1	2	18700
37.416	n/a	1	2	18708
37.432	n/a	1	2	18716
37.45	n/a	1	2	18725
37.466	n/a	1	2	18733
37.482	n/a	1	2	18741
37.5	n/a	1	2	18750
37.516	n/a	1	2	18758
37.532	n/a	1	2	18766
37.55	n/a	1	2	18775
37.566	n/a	1	2	18783
37.582	n/a	1	2	18791
37.6	n/a	0	1	18800
37.616	n/a	0	1	18808
37.632	n/a	0	1	18816
37.65	n/a	0	1	18825
37.666	n/a	1	2	18833
37.682	n/a	1	2	18841
37.7	n/a	1	2	18850
37.716	n/a	1	2	18858
37.732	n/a	0	1	18866
37.75	n/a	0	1	18875
37.766	n/a	0	1	18883
37.782	n/a	0	1	18891
37.8	n/a	1	2	18900
37.816	n/a	1	2	18908
37.832	n/a	1	2	18916
37.85	n/a	1	2	18925
37.866	n/a	0	1	18933
37.882	n/a	0	1	18941
37.9	n/a	0	1	18950
37.916	n/a	0	1	18958
37.932	n/a	1	2	18966
37.95	n/a	1	2	18975
37.966	n/a	0	1	18983
37.982	n/a	0	1	18991
38.0	n/a	1	2	19000
38.016	n/a	1	2	19008
38.032	n/a	1	2	19016
38.05	n/a	1	2	19025
38.066	n/a	0	1	19033
38.082	n/a	0	1	19041
38.1	n/a	1	2	19050
38.116	n/a	1	2	19058
38.132	n/a	0	1	19066
38.15	n/a	0	1	19075
38.166	n/a	0	1	19083
38.182	n/a	0	1	19091
38.2	n/a	1	2	19100
38.216	n/a	1	2	19108
38.232	n/a	0	1	19116
38.25	n/a	0	1	19125
38.266	n/a	1	2	19133
38.282	n/a	1	2	19141
38.3	n/a	1	2	19150
38.316	n/a	1	2	19158
38.332	n/a	1	2	19166
38.35	n/a	1	2	19175
38.366	n/a	0	1	19183
38.382	n/a	0	1	19191
38.4	n/a	0	1	19200
38.416	n/a	0	1	19208
38.432	n/a	0	1	19216
38.45	n/a	0	1	19225
38.466	n/a	1	2	19233
38.482	n/a	1	2	19241
38.5	n/a	0	1	19250
38.516	n/a	0	1	19258
38.532	n/a	1	2	19266
38.55	n/a	1	2	19275
38.566	n/a	1	2	19283
38.582	n/a	1	2	19291
38.6	n/a	1	2	19300
38.616	n/a	1	2	19308
38.632	n/a	0	1	19316
38.65	n/a	0	1	19325
38.666	n/a	0	1	19333
38.682	n/a	0	1	19341
38.7	n/a	1	2	19350
38.716	n/a	1	2	19358
38.732	n/a	0	1	19366
38.75	n/a	0	1	19375
38.766	n/a	1	2	19383
38.782	n/a	1	2	19391
38.8	n/a	0	1	19400
38.816	n/a	0	1	19408
38.832	n/a	0	1	19416
38.85	n/a	0	1	19425
38.866	n/a	0	1	19433
38.882	n/a	0	1	19441
38.9	n/a	1	2	19450
38.916	n/a	1	2	19458
38.932	n/a	1	2	19466
38.95	n/a	1	2	19475
38.966	n/a	0	1	19483
38.982	n/a	0	1	19491
39.0	n/a	1	2	19500
39.016	n/a	1	2	19508
39.032	n/a	0	1	19516
39.05	n/a	0	1	19525
39.066	n/a	0	1	19533
39.082	n/a	0	1	19541
39.1	n/a	0	1	19550
39.116	n/a	0	1	19558
39.132	n/a	1	2	19566
39.15	n/a	1	2	19575
39.166	n/a	0	1	19583
39.182	n/a	0	1	19591
39.2	n/a	1	2	19600
39.216	n/a	1	2	19608
39.232	n/a	0	1	19616
39.25	n/a	0	1	19625
39.266	n/a	0	1	19633
39.282	n/a	0	1	19641
39.3	n/a	1	2	19650
42.016	n/a	1	2	21008
42.032	n/a	1	2	21016
42.05	n/a	1	2	21025
42.066	n/a	1	2	21033
42.082	n/a	0	1	21041
42.1	n/a	0	1	21050
42.116	n/a	0	1	21058
42.132	n/a	0	1	21066
42.15	n/a	0	1	21075
42.166	n/a	0	1	21083
42.182	n/a	0	1	21091
42.2	n/a	0	1	21100
42.216	n/a	1	2	21108
42.232	n/a	1	2	21116
42.25	n/a	0	1	21125
42.266	n/a	0	1	21133
42.282	n/a	0	1	21141
42.3	n/a	0	1	21150
42.316	n/a	1	2	21158
42.332	n/a	1	2	21166
42.35	n/a	1	2	21175
42.366	n/a	1	2	21183
42.382	n/a	0	1	21191
42.4	n/a	0	1	21200
42.416	n/a	0	1	21208
42.432	n/a	0	1	21216
42.45	n/a	0	1	21225
42.466	n/a	0	1	21233
42.482	n/a	0	1	21241
42.5	n/a	0	1	21250
42.516	n/a	0	1	21258
42.532	n/a	0	1	21266
42.55	n/a	0	1	21275
42.566	n/a	0	1	21283
42.582	n/a	1	2	21291
42.6	n/a	1	2	21300
42.616	n/a	0	1	21308
42.632	n/a	0	1	21316
42.65	n/a	1	2	21325
42.666	n/a	1	2	21333
42.682	n/a	1	2	21341
42.7	n/a	1	2	21350
42.716	n/a	0	1	21358
42.732	n/a	0	1	21366
42.75	n/a	1	2	21375
42.766	n/a	1	2	21383
42.782	n/a	0	1	21391
42.8	n/a	0	1	21400
42.816	n/a	1	2	21408
42.832	n/a	1	2	21416
42.85	n/a	0	1	21425
42.866	n/a	0	1	21433
42.882	n/a	1	2	21441
42.9	n/a	1	2	21450
42.916	n/a	0	1	21458
42.932	n/a	0	1	21466
42.95	n/a	0	1	21475
42.966	n/a	0	1	21483
42.982	n/a	0	1	21491
43.0	n/a	0	1	21500
43.016	n/a	1	2	21508
43.032	n/a	1	2	21516
43.05	n/a	1	2	21525
43.066	n/a	1	2	21533
43.082	n/a	1	2	21541
43.1	n/a	1	2	21550
43.116	n/a	0	1	21558
43.132	n/a	0	1	21566
43.15	n/a	1	2	21575
43.166	n/a	1	2	21583
43.182	n/a	1	2	21591
43.2	n/a	1	2	21600
43.216	n/a	1	2	21608
43.232	n/a	1	2	21616
43.25	n/a	0	1	21625
43.266	n/a	0	1	21633
43.282	n/a	1	2	21641
43.3	n/a	1	2	21650
43.316	n/a	0	1	21658
43.332	n/a	0	1	21666
43.35	n/a	1	2	21675
43.366	n/a	1	2	21683
43.382	n/a	1	2	21691
43.4	n/a	1	2	21700
43.416	n/a	0	1	21708
43.432	n/a	0	1	21716
43.45	n/a	0	1	21725
43.466	n/a	0	1	21733
43.482	n/a	0	1	21741
43.5	n/a	0	1	21750
43.516	n/a	1	2	21758
43.532	n/a	1	2	21766
43.55	n/a	1	2	21775
43.566	n/a	1	2	21783
43.582	n/a	0	1	21791
43.6	n/a	0	1	21800
43.616	n/a	1	2	21808
43.632	n/a	1	2	21816
43.65	n/a	1	2	21825
43.666	n/a	1	2	21833
43.682	n/a	1	2	21841
43.7	n/a	1	2	21850
43.716	n/a	0	1	21858
43.732	n/a	0	1	21866
43.75	n/a	0	1	21875
43.766	n/a	0	1	21883
43.782	n/a	0	1	21891
43.8	n/a	0	1	21900
43.816	n/a	0	1	21908
43.832	n/a	0	1	21916
43.85	n/a	0	1	21925
43.866	n/a	0	1	21933
43.882	n/a	1	2	21941
43.9	n/a	1	2	21950
43.916	n/a	1	2	21958
43.932	n/a	1	2	21966
43.95	n/a	1	2	21975
45.432	n/a	1	2	22716
45.45	n/a	1	2	22725
45.466	n/a	1	2	22733
45.482	n/a	1	2	22741
45.5	n/a	0	1	22750
45.516	n/a	0	1	22758
45.532	n/a	1	2	22766
45.55	n/a	1	2	22775
45.566	n/a	1	2	22783
45.582	n/a	1	2	22791
45.6	n/a	0	1	22800
45.616	n/a	0	1	22808
45.632	n/a	1	2	22816
45.65	n/a	1	2	22825
45.666	n/a	1	2	22833
45.682	n/a	1	2	22841
45.7	n/a	0	1	22850
45.716	n/a	0	1	22858
45.732	n/a	1	2	22866
45.75	n/a	1	2	22875
45.766	n/a	1	2	22883
45.782	n/a	1	2	22891
45.8	n/a	0	1	22900
45.816	n/a	0	1	22908
45.832	n/a	0	1	22916
45.85	n/a	0	1	22925
45.866	n/a	0	1	22933
45.882	n/a	0	1	22941
45.9	n/a	1	2	22950
45.916	n/a	1	2	22958
45.932	n/a	1	2	22966
45.95	n/a	1	2	22975
45.966	n/a	1	2	22983
45.982	n/a	1	2	22991
46.0	n/a	0	1	23000
46.016	n/a	0	1	23008
46.032	n/a	0	1	23016
46.05	n/a	0	1	23025
46.066	n/a	0	1	23033
46.082	n/a	0	1	23041
46.1	n/a	1	2	23050
46.116	n/a	1	2	23058
46.132	n/a	1	2	23066
46.15	n/a	1	2	23075
46.166	n/a	1	2	23083
46.182	n/a	1	2	23091
46.2	n/a	1	2	23100
46.216	n/a	1	2	23108
46.232	n/a	1	2	23116
46.25	n/a	1	2	23125
46.266	n/a	0	1	23133
46.282	n/a	0	1	23141
46.3	n/a	0	1	23150
46.316	n/a	0	1	23158
46.332	n/a	1	2	23166
46.35	n/a	1	2	23175
46.366	n/a	0	1	23183
46.382	n/a	0	1	23191
46.4	n/a	1	2	23200
46.416	n/a	1	2	23208
46.432	n/a	0	1	23216
46.45	n/a	0	1	23225
46.466	n/a	0	1	23233
46.482	n/a	0	1	23241
46.5	n/a	1	2	23250
46.516	n/a	1	2	23258
46.532	n/a	1	2	23266
46.55	n/a	1	2	23275
46.566	n/a	0	1	23283
46.582	n/a	0	1	23291
46.6	n/a	0	1	23300
46.616	n/a	0	1	23308
46.632	n/a	0	1	23316
46.65	n/a	0	1	23325
46.666	n/a	0	1	23333
46.682	n/a	0	1	23341
46.7	n/a	1	2	23350
46.716	n/a	1	2	23358
46.732	n/a	0	1	23366
46.75	n/a	0	1	23375
46.766	n/a	0	1	23383
46.782	n/a	0	1	23391
46.8	n/a	0	1	23400
46.816	n/a	0	1	23408
46.832	n/a	0	1	23416
46.85	n/a	0	1	23425
46.866	n/a	1	2	23433
46.882	n/a	1	2	23441
46.9	n/a	1	2	23450
46.916	n/a	1	2	23458
46.932	n/a	1	2	23466
46.95	n/a	1	2	23475
46.966	n/a	1	2	23483
46.982	n/a	1	2	23491
47.0	n/a	1	2	23500
47.016	n/a	1	2	23508
47.032	n/a	1	2	23516
47.05	n/a	1	2	23525
47.066	n/a	0	1	23533
47.082	n/a	0	1	23541
47.1	n/a	1	2	23550
47.116	n/a	1	2	23558
47.132	n/a	0	1	23566
47.15	n/a	0	1	23575
47.166	n/a	1	2	23583
47.182	n/a	1	2	23591
47.2	n/a	0	1	23600
47.216	n/a	0	1	23608
47.232	n/a	0	1	23616
47.25	n/a	0	1	23625
47.266	n/a	1	2	23633
47.282	n/a	1	2	23641
47.3	n/a	1	2	23650
47.316	n/a	1	2	23658
47.332	n/a	0	1	23666
47.35	n/a	0	1	23675
47.366	n/a	0	1	23683
48.85	n/a	1	2	24425
48.866	n/a	1	2	24433
48.882	n/a	1	2	24441
48.9	n/a	1	2	24450
48.916	n/a	1	2	24458
48.932	n/a	1	2	24466
48.95	n/a	1	2	24475
48.966	n/a	1	2	24483
48.982	n/a	1	2	24491
49.0	n/a	1	2	24500
49.016	n/a	1	2	24508
49.032	n/a	1	2	24516
49.05	n/a	1	2	24525
49.066	n/a	1	2	24533
49.082	n/a	0	1	24541
49.1	n/a	0	1	24550
49.116	n/a	0	1	24558
49.132	n/a	0	1	24566
49.15	n/a	1	2	24575
49.166	n/a	1	2	24583
49.182	n/a	1	2	24591
49.2	n/a	1	2	24600
49.216	n/a	0	1	24608
49.232	n/a	0	1	24616
49.25	n/a	0	1	24625
49.266	n/a	0	1	24633
49.282	n/a	1	2	24641
49.3	n/a	1	2	24650
49.316	n/a	1	2	24658
49.332	n/a	1	2	24666
49.35	n/a	0	1	24675
49.366	n/a	0	1	24683
49.382	n/a	0	1	24691
49.4	n/a	0	1	24700
49.416	n/a	1	2	24708
49.432	n/a	1	2	24716
49.45	n/a	0	1	24725
49.466	n/a	0	1	24733
49.482	n/a	1	2	24741
49.5	n/a	1	2	24750
49.516	n/a	1	2	24758
49.532	n/a	1	2	24766
49.55	n/a	0	1	24775
49.566	n/a	0	1	24783
49.582	n/a	1	2	24791
49.6	n/a	1	2	24800
49.616	n/a	0	1	24808
49.632	n/a	0	1	24816
49.65	n/a	0	1	24825
49.666	n/a	0	1	24833
49.682	n/a	1	2	24841
49.7	n/a	1	2	24850
49.716	n/a	0	1	24858
49.732	n/a	0	1	24866
49.75	n/a	1	2	24875
49.766	n/a	1	2	24883
49.782	n/a	1	2	24891
49.8	n/a	1	2	24900
49.816	n/a	1	2	24908
49.832	n/a	1	2	24916
49.85	n/a	0	1	24925
49.866	n/a	0	1	24933
49.882	n/a	0	1	24941
49.9	n/a	0	1	24950
49.916	n/a	0	1	24958
49.932	n/a	0	1	24966
49.95	n/a	1	2	24975
49.966	n/a	1	2	24983
49.982	n/a	0	1	24991
50.0	n/a	0	1	25000
50.016	n/a	1	2	25008
50.032	n/a	1	2	25016
50.05	n/a	1	2	25025
50.066	n/a	1	2	25033
50.082	n/a	1	2	25041
50.1	n/a	1	2	25050
50.116	n/a	0	1	25058
50.132	n/a	0	1	25066
50.15	n/a	0	1	25075
50.166	n/a	0	1	25083
50.182	n/a	1	2	25091
50.2	n/a	1	2	25100
50.216	n/a	0	1	25108
50.232	n/a	0	1	25116
50.25	n/a	1	2	25125
50.266	n/a	1	2	25133
50.282	n/a	0	1	25141
50.3	n/a	0	1	25150
50.316	n/a	0	1	25158
50.332	n/a	0	1	25166
50.35	n/a	0	1	25175
50.366	n/a	0	1	25183
50.382	n/a	1	2	25191
50.4	n/a	1	2	25200
50.416	n/a	1	2	25208
50.432	n/a	1	2	25216
50.45	n/a	0	1	25225
50.466	n/a	0	1	25233
50.482	n/a	1	2	25241
50.5	n/a	1	2	25250
50.516	n/a	0	1	25258
50.532	n/a	0	1	25266
50.55	n/a	0	1	25275
50.566	n/a	0	1	25283
50.582	n/a	0	1	25291
50.6	n/a	0	1	25300
50.616	n/a	1	2	25308
50.632	n/a	1	2	25316
50.65	n/a	0	1	25325
50.666	n/a	0	1	25333
50.682	n/a	1	2	25341
50.7	n/a	1	2	25350
50.716	n/a	0	1	25358
50.732	n/a	0	1	25366
50.75	n/a	0	1	25375
50.766	n/a	0	1	25383
50.782	n/a	1	2	25391
52.266	n/a	0	1	26133
52.282	n/a	0	1	26141
52.3	n/a	0	1	26150
52.316	n/a	0	1	26158
52.332	n/a	1	2	26166
52.35	n/a	1	2	26175
52.366	n/a	1	2	26183
52.382	n/a	1	2	26191
52.4	n/a	0	1	26200
52.416	n/a	0	1	26208
52.432	n/a	0	1	26216
52.45	n/a	0	1	26225
52.466	n/a	0	1	26233
52.482	n/a	0	1	26241
52.5	n/a	0	1	26250
52.516	n/a	0	1	26258
52.532	n/a	1	2	26266
52.55	n/a	1	2	26275
52.566	n/a	1	2	26283
52.582	n/a	1	2	26291
52.6	n/a	1	2	26300
52.616	n/a	1	2	26308
52.632	n/a	1	2	26316
52.65	n/a	1	2	26325
52.666	n/a	1	2	26333
52.682	n/a	1	2	26341
52.7	n/a	0	1	26350
52.716	n/a	0	1	26358
52.732	n/a	0	1	26366
52.75	n/a	0	1	26375
52.766	n/a	0	1	26383
52.782	n/a	0	1	26391
52.8	n/a	0	1	26400
52.816	n/a	0	1	26408
52.832	n/a	0	1	26416
52.85	n/a	0	1	26425
52.866	n/a	0	1	26433
52.882	n/a	0	1	26441
52.9	n/a	1	2	26450
52.916	n/a	1	2	26458
52.932	n/a	1	2	26466
52.95	n/a	1	2	26475
52.966	n/a	0	1	26483
52.982	n/a	0	1	26491
53.0	n/a	0	1	26500
53.016	n/a	0	1	26508
53.032	n/a	1	2	26516
53.05	n/a	1	2	26525
53.066	n/a	0	1	26533
53.082	n/a	0	1	26541
53.1	n/a	1	2	26550
53.116	n/a	1	2	26558
53.132	n/a	0	1	26566
53.15	n/a	0	1	26575
53.166	n/a	1	2	26583
53.182	n/a	1	2	26591
53.2	n/a	0	1	26600
53.216	n/a	0	1	26608
53.232	n/a	1	2	26616
53.25	n/a	1	2	26625
53.266	n/a	1	2	26633
53.282	n/a	1	2	26641
53.3	n/a	0	1	26650
53.316	n/a	0	1	26658
53.332	n/a	1	2	26666
53.35	n/a	1	2	26675
53.366	n/a	0	1	26683
53.382	n/a	0	1	26691
53.4	n/a	0	1	26700
53.416	n/a	0	1	26708
53.432	n/a	0	1	26716
53.45	n/a	0	1	26725
53.466	n/a	1	2	26733
53.482	n/a	1	2	26741
53.5	n/a	0	1	26750
53.516	n/a	0	1	26758
53.532	n/a	0	1	26766
53.55	n/a	0	1	26775
53.566	n/a	0	1	26783
53.582	n/a	0	1	26791
53.6	n/a	1	2	26800
53.616	n/a	1	2	26808
53.632	n/a	1	2	26816
53.65	n/a	1	2	26825
53.666	n/a	1	2	26833
53.682	n/a	1	2	26841
53.7	n/a	0	1	26850
53.716	n/a	0	1	26858
53.732	n/a	1	2	26866
53.75	n/a	1	2	26875
53.766	n/a	0	1	26883
53.782	n/a	0	1	26891
53.8	n/a	1	2	26900
53.816	n/a	1	2	26908
53.832	n/a	1	2	26916
53.85	n/a	1	2	26925
53.866	n/a	1	2	26933
53.882	n/a	1	2	26941
53.9	n/a	1	2	26950
53.916	n/a	1	2	26958
53.932	n/a	1	2	26966
53.95	n/a	1	2	26975
53.966	n/a	0	1	26983
53.982	n/a	0	1	26991
54.0	n/a	0	1	27000
54.016	n/a	0	1	27008
54.032	n/a	1	2	27016
54.05	n/a	1	2	27025
54.066	n/a	0	1	27033
54.082	n/a	0	1	27041
54.1	n/a	0	1	27050
54.116	n/a	0	1	27058
54.132	n/a	0	1	27066
54.15	n/a	0	1	27075
54.166	n/a	1	2	27083
54.182	n/a	1	2	27091
54.2	n/a	1	2	27100
56.532	n/a	0	1	28266
56.55	n/a	0	1	28275
56.566	n/a	0	1	28283
56.582	n/a	0	1	28291
56.6	n/a	1	2	28300
56.616	n/a	1	2	28308
56.632	n/a	1	2	28316
56.65	n/a	1	2	28325
56.666	n/a	0	1	28333
56.682	n/a	0	1	28341
56.7	n/a	0	1	28350
56.716	n/a	0	1	28358
56.732	n/a	0	1	28366
56.75	n/a	0	1	28375
56.766	n/a	0	1	28383
56.782	n/a	0	1	28391
56.8	n/a	1	2	28400
56.816	n/a	1	2	28408
56.832	n/a	1	2	28416
56.85	n/a	1	2	28425
56.866	n/a	1	2	28433
56.882	n/a	1	2	28441
56.9	n/a	1	2	28450
56.916	n/a	1	2	28458
56.932	n/a	1	2	28466
56.95	n/a	1	2	28475
56.966	n/a	0	1	28483
56.982	n/a	0	1	28491
57.0	n/a	0	1	28500
57.016	n/a	0	1	28508
57.032	n/a	0	1	28516
57.05	n/a	0	1	28525
57.066	n/a	0	1	28533
57.082	n/a	0	1	28541
57.1	n/a	0	1	28550
57.116	n/a	0	1	28558
57.132	n/a	0	1	28566
57.15	n/a	0	1	28575
57.166	n/a	1	2	28583
57.182	n/a	1	2	28591
57.2	n/a	1	2	28600
57.216	n/a	1	2	28608
57.232	n/a	0	1	28616
57.25	n/a	0	1	28625
57.266	n/a	0	1	28633
57.282	n/a	0	1	28641
57.3	n/a	1	2	28650
57.316	n/a	1	2	28658
57.332	n/a	0	1	28666
57.35	n/a	0	1	28675
57.366	n/a	1	2	28683
57.382	n/a	1	2	28691
57.4	n/a	0	1	28700
57.416	n/a	0	1	28708
57.432	n/a	1	2	28716
57.45	n/a	1	2	28725
57.466	n/a	0	1	28733
57.482	n/a	0	1	28741
57.5	n/a	1	2	28750
57.516	n/a	1	2	28758
57.532	n/a	1	2	28766
57.55	n/a	1	2	28775
57.566	n/a	0	1	28783
57.582	n/a	0	1	28791
57.6	n/a	1	2	28800
57.616	n/a	1	2	28808
57.632	n/a	0	1	28816
57.65	n/a	0	1	28825
57.666	n/a	0	1	28833
57.682	n/a	0	1	28841
57.7	n/a	0	1	28850
57.716	n/a	0	1	28858
57.732	n/a	1	2	28866
57.75	n/a	1	2	28875
57.766	n/a	0	1	28883
57.782	n/a	0	1	28891
57.8	n/a	0	1	28900
57.816	n/a	0	1	28908
57.832	n/a	0	1	28916
57.85	n/a	0	1	28925
57.866	n/a	1	2	28933
57.882	n/a	1	2	28941
57.9	n/a	1	2	28950
57.916	n/a	1	2	28958
57.932	n/a	1	2	28966
57.95	n/a	1	2	28975
57.966	n/a	0	1	28983
57.982	n/a	0	1	28991
58.0	n/a	1	2	29000
58.016	n/a	1	2	29008
58.032	n/a	0	1	29016
58.05	n/a	0	1	29025
58.066	n/a	1	2	29033
58.082	n/a	1	2	29041
58.1	n/a	1	2	29050
58.116	n/a	1	2	29058
58.132	n/a	1	2	29066
58.15	n/a	1	2	29075
58.166	n/a	1	2	29083
58.182	n/a	1	2	29091
58.2	n/a	1	2	29100
58.216	n/a	1	2	29108
58.232	n/a	0	1	29116
58.25	n/a	0	1	29125
58.266	n/a	0	1	29133
58.282	n/a	0	1	29141
58.3	n/a	1	2	29150
58.316	n/a	1	2	29158
58.332	n/a	0	1	29166
58.35	n/a	0	1	29175
58.366	n/a	0	1	29183
58.382	n/a	0	1	29191
58.4	n/a	0	1	29200
58.416	n/a	0	1	29208
58.432	n/a	1	2	29216
58.45	n/a	1	2	29225
58.466	n/a	1	2	29233
59.95	n/a	1	2	29975
59.966	n/a	1	2	29983
59.982	n/a	1	2	29991
60.0	n/a	1	2	30000
60.016	n/a	0	1	30008
60.032	n/a	0	1	30016
60.05	n/a	0	1	30025
60.066	n/a	0	1	30033
60.082	n/a	0	1	30041
60.1	n/a	0	1	30050
60.116	n/a	0	1	30058
60.132	n/a	0	1	30066
60.15	n/a	1	2	30075
60.166	n/a	1	2	30083
60.182	n/a	0	1	30091
60.2	n/a	0	1	30100
60.216	n/a	0	1	30108
60.232	n/a	0	1	30116
60.25	n/a	1	2	30125
60.266	n/a	1	2	30133
60.282	n/a	1	2	30141
60.3	n/a	1	2	30150
60.316	n/a	0	1	30158
60.332	n/a	0	1	30166
60.35	n/a	0	1	30175
60.366	n/a	0	1	30183
60.382	n/a	0	1	30191
60.4	n/a	0	1	30200
60.416	n/a	0	1	30208
60.432	n/a	0	1	30216
60.45	n/a	0	1	30225
60.466	n/a	0	1	30233
60.482	n/a	0	1	30241
60.5	n/a	0	1	30250
60.516	n/a	1	2	30258
60.532	n/a	1	2	30266
60.55	n/a	0	1	30275
60.566	n/a	0	1	30283
60.582	n/a	1	2	30291
60.6	n/a	1	2	30300
60.616	n/a	1	2	30308
60.632	n/a	1	2	30316
60.65	n/a	0	1	30325
60.666	n/a	0	1	30333
60.682	n/a	1	2	30341
60.7	n/a	1	2	30350
60.716	n/a	0	1	30358
60.732	n/a	0	1	30366
60.75	n/a	1	2	30375
60.766	n/a	1	2	30383
60.782	n/a	0	1	30391
60.8	n/a	0	1	30400
60.816	n/a	1	2	30408
60.832	n/a	1	2	30416
60.85	n/a	0	1	30425
60.866	n/a	0	1	30433
60.882	n/a	0	1	30441
60.9	n/a	0	1	30450
60.916	n/a	0	1	30458
60.932	n/a	0	1	30466
60.95	n/a	1	2	30475
60.966	n/a	1	2	30483
60.982	n/a	1	2	30491
61.0	n/a	1	2	30500
61.016	n/a	1	2	30508
61.032	n/a	1	2	30516
61.05	n/a	0	1	30525
61.066	n/a	0	1	30533
61.082	n/a	1	2	30541
61.1	n/a	1	2	30550
61.116	n/a	1	2	30558
61.132	n/a	1	2	30566
61.15	n/a	1	2	30575
61.166	n/a	1	2	30583
61.182	n/a	0	1	30591
61.2	n/a	0	1	30600
61.216	n/a	1	2	30608
61.232	n/a	1	2	30616
61.25	n/a	0	1	30625
61.266	n/a	0	1	30633
61.282	n/a	1	2	30641
61.3	n/a	1	2	30650
61.316	n/a	1	2	30658
61.332	n/a	1	2	30666
61.35	n/a	0	1	30675
61.366	n/a	0	1	30683
61.382	n/a	0	1	30691
61.4	n/a	0	1	30700
61.416	n/a	0	1	30708
61.432	n/a	0	1	30716
61.45	n/a	1	2	30725
61.466	n/a	1	2	30733
61.482	n/a	1	2	30741
61.5	n/a	1	2	30750
61.516	n/a	0	1	30758
61.532	n/a	0	1	30766
61.55	n/a	1	2	30775
61.566	n/a	1	2	30783
61.582	n/a	1	2	30791
61.6	n/a	1	2	30800
61.616	n/a	1	2	30808
61.632	n/a	1	2	30816
61.65	n/a	0	1	30825
61.666	n/a	0	1	30833
61.682	n/a	0	1	30841
61.7	n/a	0	1	30850
61.716	n/a	0	1	30858
61.732	n/a	0	1	30866
61.75	n/a	0	1	30875
61.766	n/a	0	1	30883
61.782	n/a	0	1	30891
61.8	n/a	0	1	30900
61.816	n/a	1	2	30908
61.832	n/a	1	2	30916
61.85	n/a	1	2	30925
61.866	n/a	1	2	30933
61.882	n/a	1	2	30941
63.366	n/a	1	2	31683
63.382	n/a	1	2	31691
63.4	n/a	1	2	31700
63.416	n/a	1	2	31708
63.432	n/a	1	2	31716
63.45	n/a	1	2	31725
63.466	n/a	1	2	31733
63.482	n/a	1	2	31741
63.5	n/a	1	2	31750
63.516	n/a	1	2	31758
63.532	n/a	1	2	31766
63.55	n/a	1	2	31775
63.566	n/a	1	2	31783
63.582	n/a	1	2	31791
63.6	n/a	0	1	31800
63.616	n/a	0	1	31808
63.632	n/a	0	1	31816
63.65	n/a	0	1	31825
63.666	n/a	1	2	31833
63.682	n/a	1	2	31841
63.7	n/a	1	2	31850
63.716	n/a	1	2	31858
63.732	n/a	0	1	31866
63.75	n/a	0	1	31875
63.766	n/a	0	1	31883
63.782	n/a	0	1	31891
63.8	n/a	1	2	31900
63.816	n/a	1	2	31908
63.832	n/a	1	2	31916
63.85	n/a	1	2	31925
63.866	n/a	0	1	31933
63.882	n/a	0	1	31941
63.9	n/a	0	1	31950
63.916	n/a	0	1	31958
63.932	n/a	1	2	31966
63.95	n/a	1	2	31975
63.966	n/a	0	1	31983
63.982	n/a	0	1	31991
64.0	n/a	1	2	32000
64.016	n/a	1	2	32008
64.032	n/a	1	2	32016
64.05	n/a	1	2	32025
64.066	n/a	0	1	32033
64.082	n/a	0	1	32041
64.098	n/a	1	2	32049
64.116	n/a	1	2	32058
64.132	n/a	0	1	32066
64.15	n/a	0	1	32075
64.166	n/a	0	1	32083
64.182	n/a	0	1	32091
64.2	n/a	1	2	32100
64.216	n/a	1	2	32108
64.232	n/a	0	1	32116
64.25	n/a	0	1	32125
64.266	n/a	1	2	32133
64.282	n/a	1	2	32141
64.3	n/a	1	2	32150
64.316	n/a	1	2	32158
64.332	n/a	1	2	32166
64.348	n/a	1	2	32174
64.366	n/a	0	1	32183
64.382	n/a	0	1	32191
64.4	n/a	0	1	32200
64.416	n/a	0	1	32208
64.432	n/a	0	1	32216
64.45	n/a	0	1	32225
64.466	n/a	1	2	32233
64.482	n/a	1	2	32241
64.5	n/a	0	1	32250
64.516	n/a	0	1	32258
64.532	n/a	1	2	32266
64.55	n/a	1	2	32275
64.566	n/a	1	2	32283
64.582	n/a	1	2	32291
64.598	n/a	1	2	32299
64.616	n/a	1	2	32308
64.632	n/a	0	1	32316
64.65	n/a	0	1	32325
64.666	n/a	0	1	32333
64.682	n/a	0	1	32341
64.7	n/a	1	2	32350
64.716	n/a	1	2	32358
64.732	n/a	0	1	32366
64.75	n/a	0	1	32375
64.766	n/a	1	2	32383
64.782	n/a	1	2	32391
64.8	n/a	0	1	32400
64.816	n/a	0	1	32408
64.832	n/a	0	1	32416
64.848	n/a	0	1	32424
64.866	n/a	0	1	32433
64.882	n/a	0	1	32441
64.9	n/a	1	2	32450
64.916	n/a	1	2	32458
64.932	n/a	1	2	32466
64.95	n/a	1	2	32475
64.966	n/a	0	1	32483
64.982	n/a	0	1	32491
65.0	n/a	1	2	32500
65.016	n/a	1	2	32508
65.032	n/a	0	1	32516
65.05	n/a	0	1	32525
65.066	n/a	0	1	32533
65.082	n/a	0	1	32541
65.098	n/a	0	1	32549
65.116	n/a	0	1	32558
65.132	n/a	1	2	32566
65.15	n/a	1	2	32575
65.166	n/a	0	1	32583
65.182	n/a	0	1	32591
65.2	n/a	1	2	32600
65.216	n/a	1	2	32608
65.232	n/a	0	1	32616
65.25	n/a	0	1	32625
65.266	n/a	0	1	32633
65.282	n/a	0	1	32641
65.3	n/a	1	2	32650
66.782	n/a	1	2	33391
66.8	n/a	1	2	33400
66.816	n/a	1	2	33408
66.832	n/a	1	2	33416
66.85	n/a	0	1	33425
66.866	n/a	0	1	33433
66.882	n/a	1	2	33441
66.9	n/a	1	2	33450
66.916	n/a	1	2	33458
66.932	n/a	1	2	33466
66.95	n/a	0	1	33475
66.966	n/a	0	1	33483
66.982	n/a	1	2	33491
67.0	n/a	1	2	33500
67.016	n/a	1	2	33508
67.032	n/a	1	2	33516
67.05	n/a	0	1	33525
67.066	n/a	0	1	33533
67.082	n/a	1	2	33541
67.1	n/a	1	2	33550
67.116	n/a	1	2	33558
67.132	n/a	1	2	33566
67.15	n/a	0	1	33575
67.166	n/a	0	1	33583
67.182	n/a	0	1	33591
67.2	n/a	0	1	33600
67.216	n/a	0	1	33608
67.232	n/a	0	1	33616
67.25	n/a	1	2	33625
67.266	n/a	1	2	33633
67.282	n/a	1	2	33641
67.3	n/a	1	2	33650
67.316	n/a	1	2	33658
67.332	n/a	1	2	33666
67.35	n/a	0	1	33675
67.366	n/a	0	1	33683
67.382	n/a	0	1	33691
67.4	n/a	0	1	33700
67.416	n/a	0	1	33708
67.432	n/a	0	1	33716
67.45	n/a	1	2	33725
67.466	n/a	1	2	33733
67.482	n/a	1	2	33741
67.5	n/a	1	2	33750
67.516	n/a	1	2	33758
67.532	n/a	1	2	33766
67.55	n/a	1	2	33775
67.566	n/a	1	2	33783
67.582	n/a	1	2	33791
67.6	n/a	1	2	33800
67.616	n/a	0	1	33808
67.632	n/a	0	1	33816
67.65	n/a	0	1	33825
67.666	n/a	0	1	33833
67.682	n/a	1	2	33841
67.7	n/a	1	2	33850
67.716	n/a	0	1	33858
67.732	n/a	0	1	33866
67.75	n/a	1	2	33875
67.766	n/a	1	2	33883
67.782	n/a	0	1	33891
67.8	n/a	0	1	33900
67.816	n/a	0	1	33908
67.832	n/a	0	1	33916
67.85	n/a	1	2	33925
67.866	n/a	1	2	33933
67.882	n/a	1	2	33941
67.9	n/a	1	2	33950
67.916	n/a	0	1	33958
67.932	n/a	0	1	33966
67.95	n/a	0	1	33975
67.966	n/a	0	1	33983
67.982	n/a	0	1	33991
68.0	n/a	0	1	34000
68.016	n/a	0	1	34008
68.032	n/a	0	1	34016
68.05	n/a	1	2	34025
68.066	n/a	1	2	34033
68.082	n/a	0	1	34041
68.1	n/a	0	1	34050
68.116	n/a	0	1	34058
68.132	n/a	0	1	34066
68.15	n/a	0	1	34075
68.166	n/a	0	1	34083
68.182	n/a	0	1	34091
68.2	n/a	0	1	34100
68.216	n/a	1	2	34108
68.232	n/a	1	2	34116
68.25	n/a	1	2	34125
68.266	n/a	1	2	34133
68.282	n/a	1	2	34141
68.3	n/a	1	2	34150
68.316	n/a	1	2	34158
68.332	n/a	1	2	34166
68.35	n/a	1	2	34175
68.366	n/a	1	2	34183
68.382	n/a	1	2	34191
68.4	n/a	1	2	34200
68.416	n/a	0	1	34208
68.432	n/a	0	1	34216
68.45	n/a	1	2	34225
68.466	n/a	1	2	34233
68.482	n/a	0	1	34241
68.5	n/a	0	1	34250
68.516	n/a	1	2	34258
68.532	n/a	1	2	34266
68.55	n/a	0	1	34275
68.566	n/a	0	1	34283
68.582	n/a	0	1	34291
68.6	n/a	0	1	34300
68.616	n/a	1	2	34308
68.632	n/a	1	2	34316
68.65	n/a	1	2	34325
68.666	n/a	1	2	34333
68.682	n/a	0	1	34341
68.7	n/a	0	1	34350
68.716	n/a	0	1	34358
70.882	n/a	1	2	35441
70.9	n/a	1	2	35450
70.916	n/a	1	2	35458
70.932	n/a	1	2	35466
70.95	n/a	0	1	35475
70.966	n/a	0	1	35483
70.982	n/a	1	2	35491
71.0	n/a	1	2	35500
71.016	n/a	1	2	35508
71.032	n/a	1	2	35516
71.05	n/a	0	1	35525
71.066	n/a	0	1	35533
71.082	n/a	1	2	35541
71.1	n/a	1	2	35550
71.116	n/a	1	2	35558
71.132	n/a	1	2	35566
71.15	n/a	0	1	35575
71.166	n/a	0	1	35583
71.182	n/a	1	2	35591
71.2	n/a	1	2	35600
71.216	n/a	1	2	35608
71.232	n/a	1	2	35616
71.25	n/a	0	1	35625
71.266	n/a	0	1	35633
71.282	n/a	0	1	35641
71.3	n/a	0	1	35650
71.316	n/a	0	1	35658
71.332	n/a	0	1	35666
71.35	n/a	1	2	35675
71.366	n/a	1	2	35683
71.382	n/a	1	2	35691
71.4	n/a	1	2	35700
71.416	n/a	1	2	35708
71.432	n/a	1	2	35716
71.45	n/a	0	1	35725
71.466	n/a	0	1	35733
71.482	n/a	0	1	35741
71.5	n/a	0	1	35750
71.516	n/a	0	1	35758
71.532	n/a	0	1	35766
71.55	n/a	1	2	35775
71.566	n/a	1	2	35783
71.582	n/a	1	2	35791
71.6	n/a	1	2	35800
71.616	n/a	1	2	35808
71.632	n/a	1	2	35816
71.65	n/a	1	2	35825
71.666	n/a	1	2	35833
71.682	n/a	1	2	35841
71.7	n/a	1	2	35850
71.716	n/a	0	1	35858
71.732	n/a	0	1	35866
71.75	n/a	0	1	35875
71.766	n/a	0	1	35883
71.782	n/a	1	2	35891
71.8	n/a	1	2	35900
71.816	n/a	0	1	35908
71.832	n/a	0	1	35916
71.85	n/a	1	2	35925
71.866	n/a	1	2	35933
71.882	n/a	0	1	35941
71.9	n/a	0	1	35950
71.916	n/a	0	1	35958
71.932	n/a	0	1	35966
71.95	n/a	1	2	35975
71.966	n/a	1	2	35983
71.982	n/a	1	2	35991
72.0	n/a	1	2	36000
72.016	n/a	0	1	36008
72.032	n/a	0	1	36016
72.05	n/a	0	1	36025
72.066	n/a	0	1	36033
72.082	n/a	0	1	36041
72.1	n/a	0	1	36050
72.116	n/a	0	1	36058
72.132	n/a	0	1	36066
72.15	n/a	1	2	36075
72.166	n/a	1	2	36083
72.182	n/a	0	1	36091
72.2	n/a	0	1	36100
72.216	n/a	0	1	36108
72.232	n/a	0	1	36116
72.25	n/a	0	1	36125
72.266	n/a	0	1	36133
72.282	n/a	0	1	36141
72.3	n/a	0	1	36150
72.316	n/a	1	2	36158
72.332	n/a	1	2	36166
72.35	n/a	1	2	36175
72.366	n/a	1	2	36183
72.382	n/a	1	2	36191
72.4	n/a	1	2	36200
72.416	n/a	1	2	36208
72.432	n/a	1	2	36216
72.45	n/a	1	2	36225
72.466	n/a	1	2	36233
72.482	n/a	1	2	36241
72.5	n/a	1	2	36250
72.516	n/a	0	1	36258
72.532	n/a	0	1	36266
72.55	n/a	1	2	36275
72.566	n/a	1	2	36283
72.582	n/a	0	1	36291
72.6	n/a	0	1	36300
72.616	n/a	1	2	36308
72.632	n/a	1	2	36316
72.65	n/a	0	1	36325
72.666	n/a	0	1	36333
72.682	n/a	0	1	36341
72.7	n/a	0	1	36350
72.716	n/a	1	2	36358
72.732	n/a	1	2	36366
72.75	n/a	1	2	36375
72.766	n/a	1	2	36383
72.782	n/a	0	1	36391
72.8	n/a	0	1	36400
72.816	n/a	0	1	36408
74.3	n/a	0	1	37150
74.316	n/a	0	1	37158
74.332	n/a	0	1	37166
74.35	n/a	0	1	37175
74.366	n/a	1	2	37183
74.382	n/a	1	2	37191
74.4	n/a	1	2	37200
74.416	n/a	1	2	37208
74.432	n/a	0	1	37216
74.45	n/a	0	1	37225
74.466	n/a	0	1	37233
74.482	n/a	0	1	37241
74.5	n/a	0	1	37250
74.516	n/a	0	1	37258
74.532	n/a	0	1	37266
74.55	n/a	0	1	37275
74.566	n/a	1	2	37283
74.582	n/a	1	2	37291
74.6	n/a	1	2	37300
74.616	n/a	1	2	37308
74.632	n/a	1	2	37316
74.65	n/a	1	2	37325
74.666	n/a	1	2	37333
74.682	n/a	1	2	37341
74.7	n/a	1	2	37350
74.716	n/a	1	2	37358
74.732	n/a	0	1	37366
74.75	n/a	0	1	37375
74.766	n/a	0	1	37383
74.782	n/a	0	1	37391
74.8	n/a	0	1	37400
74.816	n/a	0	1	37408
74.832	n/a	0	1	37416
74.85	n/a	0	1	37425
74.866	n/a	0	1	37433
74.882	n/a	0	1	37441
74.9	n/a	0	1	37450
74.916	n/a	0	1	37458
74.932	n/a	1	2	37466
74.95	n/a	1	2	37475
74.966	n/a	1	2	37483
74.982	n/a	1	2	37491
75.0	n/a	0	1	37500
75.016	n/a	0	1	37508
75.032	n/a	0	1	37516
75.05	n/a	0	1	37525
75.066	n/a	1	2	37533
75.082	n/a	1	2	37541
75.1	n/a	0	1	37550
75.116	n/a	0	1	37558
75.132	n/a	1	2	37566
75.15	n/a	1	2	37575
75.166	n/a	0	1	37583
75.182	n/a	0	1	37591
75.2	n/a	1	2	37600
75.216	n/a	1	2	37608
75.232	n/a	0	1	37616
75.25	n/a	0	1	37625
75.266	n/a	1	2	37633
75.282	n/a	1	2	37641
75.3	n/a	1	2	37650
75.316	n/a	1	2	37658
75.332	n/a	0	1	37666
75.35	n/a	0	1	37675
75.366	n/a	1	2	37683
75.382	n/a	1	2	37691
75.4	n/a	0	1	37700
75.416	n/a	0	1	37708
75.432	n/a	0	1	37716
75.45	n/a	0	1	37725
75.466	n/a	0	1	37733
75.482	n/a	0	1	37741
75.5	n/a	1	2	37750
75.516	n/a	1	2	37758
75.532	n/a	0	1	37766
75.55	n/a	0	1	37775
75.566	n/a	0	1	37783
75.582	n/a	0	1	37791
75.6	n/a	0	1	37800
75.616	n/a	0	1	37808
75.632	n/a	1	2	37816
75.65	n/a	1	2	37825
75.666	n/a	1	2	37833
75.682	n/a	1	2	37841
75.7	n/a	1	2	37850
75.716	n/a	1	2	37858
75.732	n/a	0	1	37866
75.75	n/a	0	1	37875
75.766	n/a	1	2	37883
75.782	n/a	1	2	37891
75.8	n/a	0	1	37900
75.816	n/a	0	1	37908
75.832	n/a	1	2	37916
75.85	n/a	1	2	37925
75.866	n/a	1	2	37933
75.882	n/a	1	2	37941
75.9	n/a	1	2	37950
75.916	n/a	1	2	37958
75.932	n/a	1	2	37966
75.95	n/a	1	2	37975
75.966	n/a	1	2	37983
75.982	n/a	1	2	37991
76.0	n/a	0	1	38000
76.016	n/a	0	1	38008
76.032	n/a	0	1	38016
76.05	n/a	0	1	38025
76.066	n/a	1	2	38033
76.082	n/a	1	2	38041
76.1	n/a	0	1	38050
76.116	n/a	0	1	38058
76.132	n/a	0	1	38066
76.15	n/a	0	1	38075
76.166	n/a	0	1	38083
76.182	n/a	0	1	38091
76.2	n/a	1	2	38100
76.216	n/a	1	2	38108
76.232	n/a	1	2	38116
77.716	n/a	1	2	38858
77.732	n/a	1	2	38866
77.75	n/a	1	2	38875
77.766	n/a	1	2	38883
77.782	n/a	0	1	38891
77.8	n/a	0	1	38900
77.816	n/a	0	1	38908
77.832	n/a	0	1	38916
77.85	n/a	0	1	38925
77.866	n/a	0	1	38933
77.882	n/a	0	1	38941
77.9	n/a	0	1	38950
77.916	n/a	1	2	38958
77.932	n/a	1	2	38966
77.95	n/a	0	1	38975
77.966	n/a	0	1	38983
77.982	n/a	0	1	38991
78.0	n/a	0	1	39000
78.016	n/a	1	2	39008
78.032	n/a	1	2	39016
78.05	n/a	1	2	39025
78.066	n/a	1	2	39033
78.082	n/a	0	1	39041
78.1	n/a	0	1	39050
78.116	n/a	0	1	39058
78.132	n/a	0	1	39066
78.15	n/a	0	1	39075
78.166	n/a	0	1	39083
78.182	n/a	0	1	39091
78.2	n/a	0	1	39100
78.216	n/a	0	1	39108
78.232	n/a	0	1	39116
78.25	n/a	0	1	39125
78.266	n/a	0	1	39133
78.282	n/a	1	2	39141
78.3	n/a	1	2	39150
78.316	n/a	0	1	39158
78.332	n/a	0	1	39166
78.35	n/a	1	2	39175
78.366	n/a	1	2	39183
78.382	n/a	1	2	39191
78.4	n/a	1	2	39200
78.416	n/a	0	1	39208
78.432	n/a	0	1	39216
78.45	n/a	1	2	39225
78.466	n/a	1	2	39233
78.482	n/a	0	1	39241
78.5	n/a	0	1	39250
78.516	n/a	1	2	39258
78.532	n/a	1	2	39266
78.55	n/a	0	1	39275
78.566	n/a	0	1	39283
78.582	n/a	1	2	39291
78.6	n/a	1	2	39300
78.616	n/a	0	1	39308
78.632	n/a	0	1	39316
78.65	n/a	0	1	39325
78.666	n/a	0	1	39333
78.682	n/a	0	1	39341
78.7	n/a	0	1	39350
78.716	n/a	1	2	39358
78.732	n/a	1	2	39366
78.75	n/a	1	2	39375
78.766	n/a	1	2	39383
78.782	n/a	1	2	39391
78.8	n/a	1	2	39400
78.816	n/a	0	1	39408
78.832	n/a	0	1	39416
78.85	n/a	1	2	39425
78.866	n/a	1	2	39433
78.882	n/a	1	2	39441
78.9	n/a	1	2	39450
78.916	n/a	1	2	39458
78.932	n/a	1	2	39466
78.95	n/a	0	1	39475
78.966	n/a	0	1	39483
78.982	n/a	1	2	39491
79.0	n/a	1	2	39500
79.016	n/a	0	1	39508
79.032	n/a	0	1	39516
79.05	n/a	1	2	39525
79.066	n/a	1	2	39533
79.082	n/a	1	2	39541
79.1	n/a	1	2	39550
79.116	n/a	0	1	39558
79.132	n/a	0	1	39566
79.15	n/a	0	1	39575
79.166	n/a	0	1	39583
79.182	n/a	0	1	39591
79.2	n/a	0	1	39600
79.216	n/a	1	2	39608
79.232	n/a	1	2	39616
79.25	n/a	1	2	39625
79.266	n/a	1	2	39633
79.282	n/a	0	1	39641
79.3	n/a	0	1	39650
79.316	n/a	1	2	39658
79.332	n/a	1	2	39666
79.35	n/a	1	2	39675
79.366	n/a	1	2	39683
79.382	n/a	1	2	39691
79.4	n/a	1	2	39700
79.416	n/a	0	1	39708
79.432	n/a	0	1	39716
79.45	n/a	0	1	39725
79.466	n/a	0	1	39733
79.482	n/a	0	1	39741
79.5	n/a	0	1	39750
79.516	n/a	0	1	39758
79.532	n/a	0	1	39766
79.55	n/a	0	1	39775
79.566	n/a	0	1	39783
79.582	n/a	1	2	39791
79.6	n/a	1	2	39800
79.616	n/a	1	2	39808
79.632	n/a	1	2	39816
79.65	n/a	1	2	39825
81.132	n/a	1	2	40566
81.15	n/a	1	2	40575
81.166	n/a	1	2	40583
81.182	n/a	1	2	40591
81.2	n/a	1	2	40600
81.216	n/a	1	2	40608
81.232	n/a	1	2	40616
81.25	n/a	1	2	40625
81.266	n/a	1	2	40633
81.282	n/a	1	2	40641
81.3	n/a	1	2	40650
81.316	n/a	1	2	40658
81.332	n/a	1	2	40666
81.35	n/a	1	2	40675
81.366	n/a	0	1	40683
81.382	n/a	0	1	40691
81.4	n/a	0	1	40700
81.416	n/a	0	1	40708
81.432	n/a	1	2	40716
81.45	n/a	1	2	40725
81.466	n/a	1	2	40733
81.482	n/a	1	2	40741
81.5	n/a	0	1	40750
81.516	n/a	0	1	40758
81.532	n/a	0	1	40766
81.55	n/a	0	1	40775
81.566	n/a	1	2	40783
81.582	n/a	1	2	40791
81.6	n/a	1	2	40800
81.616	n/a	1	2	40808
81.632	n/a	0	1	40816
81.65	n/a	0	1	40825
81.666	n/a	0	1	40833
81.682	n/a	0	1	40841
81.7	n/a	1	2	40850
81.716	n/a	1	2	40858
81.732	n/a	0	1	40866
81.75	n/a	0	1	40875
81.766	n/a	1	2	40883
81.782	n/a	1	2	40891
81.8	n/a	1	2	40900
81.816	n/a	1	2	40908
81.832	n/a	0	1	40916
81.85	n/a	0	1	40925
81.866	n/a	1	2	40933
81.882	n/a	1	2	40941
81.9	n/a	0	1	40950
81.916	n/a	0	1	40958
81.932	n/a	0	1	40966
81.95	n/a	0	1	40975
81.966	n/a	1	2	40983
81.982	n/a	1	2	40991
82.0	n/a	0	1	41000
82.016	n/a	0	1	41008
82.032	n/a	1	2	41016
82.05	n/a	1	2	41025
82.066	n/a	1	2	41033
82.082	n/a	1	2	41041
82.1	n/a	1	2	41050
82.116	n/a	1	2	41058
82.132	n/a	0	1	41066
82.15	n/a	0	1	41075
82.166	n/a	0	1	41083
82.182	n/a	0	1	41091
82.2	n/a	0	1	41100
82.216	n/a	0	1	41108
82.232	n/a	1	2	41116
82.25	n/a	1	2	41125
82.266	n/a	0	1	41133
82.282	n/a	0	1	41141
82.3	n/a	1	2	41150
82.316	n/a	1	2	41158
82.332	n/a	1	2	41166
82.35	n/a	1	2	41175
82.366	n/a	1	2	41183
82.382	n/a	1	2	41191
82.4	n/a	0	1	41200
82.416	n/a	0	1	41208
82.432	n/a	0	1	41216
82.45	n/a	0	1	41225
82.466	n/a	1	2	41233
82.482	n/a	1	2	41241
82.5	n/a	0	1	41250
82.516	n/a	0	1	41258
82.532	n/a	1	2	41266
82.55	n/a	1	2	41275
82.566	n/a	0	1	41283
82.582	n/a	0	1	41291
82.6	n/a	0	1	41300
82.616	n/a	0	1	41308
82.632	n/a	0	1	41316
82.65	n/a	0	1	41325
82.666	n/a	1	2	41333
82.682	n/a	1	2	41341
82.7	n/a	1	2	41350
82.716	n/a	1	2	41358
82.732	n/a	0	1	41366
82.75	n/a	0	1	41375
82.766	n/a	1	2	41383
82.782	n/a	1	2	41391
82.8	n/a	0	1	41400
82.816	n/a	0	1	41408
82.832	n/a	0	1	41416
82.85	n/a	0	1	41425
82.866	n/a	0	1	41433
82.882	n/a	0	1	41441
82.9	n/a	1	2	41450
82.916	n/a	1	2	41458
82.932	n/a	0	1	41466
82.95	n/a	0	1	41475
82.966	n/a	1	2	41483
82.982	n/a	1	2	41491
83.0	n/a	0	1	41500
83.016	n/a	0	1	41508
83.032	n/a	0	1	41516
83.05	n/a	0	1	41525
83.066	n/a	1	2	41533
85.282	n/a	1	2	42641
85.3	n/a	1	2	42650
85.316	n/a	1	2	42658
85.332	n/a	1	2	42666
85.35	n/a	0	1	42675
85.366	n/a	0	1	42683
85.382	n/a	1	2	42691
85.4	n/a	1	2	42700
85.416	n/a	1	2	42708
85.432	n/a	1	2	42716
85.45	n/a	0	1	42725
85.466	n/a	0	1	42733
85.482	n/a	1	2	42741
85.5	n/a	1	2	42750
85.516	n/a	1	2	42758
85.532	n/a	1	2	42766
85.55	n/a	0	1	42775
85.566	n/a	0	1	42783
85.582	n/a	1	2	42791
85.6	n/a	1	2	42800
85.616	n/a	1	2	42808
85.632	n/a	1	2	42816
85.65	n/a	0	1	42825
85.666	n/a	0	1	42833
85.682	n/a	0	1	42841
85.7	n/a	0	1	42850
85.716	n/a	0	1	42858
85.732	n/a	0	1	42866
85.75	n/a	1	2	42875
85.766	n/a	1	2	42883
85.782	n/a	1	2	42891
85.8	n/a	1	2	42900
85.816	n/a	1	2	42908
85.832	n/a	1	2	42916
85.85	n/a	0	1	42925
85.866	n/a	0	1	42933
85.882	n/a	0	1	42941
85.9	n/a	0	1	42950
85.916	n/a	0	1	42958
85.932	n/a	0	1	42966
85.95	n/a	1	2	42975
85.966	n/a	1	2	42983
85.982	n/a	1	2	42991
86.0	n/a	1	2	43000
86.016	n/a	1	2	43008
86.032	n/a	1	2	43016
86.05	n/a	1	2	43025
86.066	n/a	1	2	43033
86.082	n/a	1	2	43041
86.1	n/a	1	2	43050
86.116	n/a	0	1	43058
86.132	n/a	0	1	43066
86.15	n/a	0	1	43075
86.166	n/a	0	1	43083
86.182	n/a	1	2	43091
86.2	n/a	1	2	43100
86.216	n/a	0	1	43108
86.232	n/a	0	1	43116
86.25	n/a	1	2	43125
86.266	n/a	1	2	43133
86.282	n/a	0	1	43141
86.3	n/a	0	1	43150
86.316	n/a	0	1	43158
86.332	n/a	0	1	43166
86.35	n/a	1	2	43175
86.366	n/a	1	2	43183
86.382	n/a	1	2	43191
86.4	n/a	1	2	43200
86.416	n/a	0	1	43208
86.432	n/a	0	1	43216
86.45	n/a	0	1	43225
86.466	n/a	0	1	43233
86.482	n/a	0	1	43241
86.5	n/a	0	1	43250
86.516	n/a	0	1	43258
86.532	n/a	0	1	43266
86.55	n/a	1	2	43275
86.566	n/a	1	2	43283
86.582	n/a	0	1	43291
86.6	n/a	0	1	43300
86.616	n/a	0	1	43308
86.632	n/a	0	1	43316
86.65	n/a	0	1	43325
86.666	n/a	0	1	43333
86.682	n/a	0	1	43341
86.7	n/a	0	1	43350
86.716	n/a	1	2	43358
86.732	n/a	1	2	43366
86.75	n/a	1	2	43375
86.766	n/a	1	2	43383
86.782	n/a	1	2	43391
86.8	n/a	1	2	43400
86.816	n/a	1	2	43408
86.832	n/a	1	2	43416
86.85	n/a	1	2	43425
86.866	n/a	1	2	43433
86.882	n/a	1	2	43441
86.9	n/a	1	2	43450
86.916	n/a	0	1	43458
86.932	n/a	0	1	43466
86.95	n/a	1	2	43475
86.966	n/a	1	2	43483
86.982	n/a	0	1	43491
87.0	n/a	0	1	43500
87.016	n/a	1	2	43508
87.032	n/a	1	2	43516
87.05	n/a	0	1	43525
87.066	n/a	0	1	43533
87.082	n/a	0	1	43541
87.1	n/a	0	1	43550
87.116	n/a	1	2	43558
87.132	n/a	1	2	43566
87.15	n/a	1	2	43575
87.166	n/a	1	2	43583
87.182	n/a	0	1	43591
87.2	n/a	0	1	43600
87.216	n/a	0	1	43608
88.7	n/a	1	2	44350
88.716	n/a	1	2	44358
88.732	n/a	1	2	44366
88.75	n/a	1	2	44375
88.766	n/a	0	1	44383
88.782	n/a	0	1	44391
88.8	n/a	0	1	44400
88.816	n/a	0	1	44408
88.832	n/a	0	1	44416
88.85	n/a	0	1	44425
88.866	n/a	0	1	44433
88.882	n/a	0	1	44441
88.9	n/a	1	2	44450
88.916	n/a	1	2	44458
88.932	n/a	0	1	44466
88.95	n/a	0	1	44475
88.966	n/a	0	1	44483
88.982	n/a	0	1	44491
89.0	n/a	1	2	44500
89.016	n/a	1	2	44508
89.032	n/a	1	2	44516
89.05	n/a	1	2	44525
89.066	n/a	0	1	44533
89.082	n/a	0	1	44541
89.1	n/a	0	1	44550
89.116	n/a	0	1	44558
89.132	n/a	0	1	44566
89.15	n/a	0	1	44575
89.166	n/a	0	1	44583
89.182	n/a	0	1	44591
89.2	n/a	0	1	44600
89.216	n/a	0	1	44608
89.232	n/a	0	1	44616
89.25	n/a	0	1	44625
89.266	n/a	1	2	44633
89.282	n/a	1	2	44641
89.3	n/a	0	1	44650
89.316	n/a	0	1	44658
89.332	n/a	1	2	44666
89.35	n/a	1	2	44675
89.366	n/a	1	2	44683
89.382	n/a	1	2	44691
89.4	n/a	0	1	44700
89.416	n/a	0	1	44708
89.432	n/a	1	2	44716
89.45	n/a	1	2	44725
89.466	n/a	0	1	44733
89.482	n/a	0	1	44741
89.5	n/a	1	2	44750
89.516	n/a	1	2	44758
89.532	n/a	0	1	44766
89.55	n/a	0	1	44775
89.566	n/a	1	2	44783
89.582	n/a	1	2	44791
89.6	n/a	0	1	44800
89.616	n/a	0	1	44808
89.632	n/a	0	1	44816
89.65	n/a	0	1	44825
89.666	n/a	0	1	44833
89.682	n/a	0	1	44841
89.7	n/a	1	2	44850
89.716	n/a	1	2	44858
89.732	n/a	1	2	44866
89.75	n/a	1	2	44875
89.766	n/a	1	2	44883
89.782	n/a	1	2	44891
89.8	n/a	0	1	44900
89.816	n/a	0	1	44908
89.832	n/a	1	2	44916
89.85	n/a	1	2	44925
89.866	n/a	1	2	44933
89.882	n/a	1	2	44941
89.9	n/a	1	2	44950
89.916	n/a	1	2	44958
89.932	n/a	0	1	44966
89.95	n/a	0	1	44975
89.966	n/a	1	2	44983
89.982	n/a	1	2	44991
90.0	n/a	0	1	45000
90.016	n/a	0	1	45008
90.032	n/a	1	2	45016
90.05	n/a	1	2	45025
90.066	n/a	1	2	45033
90.082	n/a	1	2	45041
90.1	n/a	0	1	45050
90.116	n/a	0	1	45058
90.132	n/a	0	1	45066
90.15	n/a	0	1	45075
90.166	n/a	0	1	45083
90.182	n/a	0	1	45091
90.2	n/a	1	2	45100
90.216	n/a	1	2	45108
90.232	n/a	1	2	45116
90.25	n/a	1	2	45125
90.266	n/a	0	1	45133
90.282	n/a	0	1	45141
90.3	n/a	1	2	45150
90.316	n/a	1	2	45158
90.332	n/a	1	2	45166
90.35	n/a	1	2	45175
90.366	n/a	1	2	45183
90.382	n/a	1	2	45191
90.4	n/a	0	1	45200
90.416	n/a	0	1	45208
90.432	n/a	0	1	45216
90.45	n/a	0	1	45225
90.466	n/a	0	1	45233
90.482	n/a	0	1	45241
90.5	n/a	0	1	45250
90.516	n/a	0	1	45258
90.532	n/a	0	1	45266
90.55	n/a	0	1	45275
90.566	n/a	1	2	45283
90.582	n/a	1	2	45291
90.6	n/a	1	2	45300
90.616	n/a	1	2	45308
90.632	n/a	1	2	45316
92.116	n/a	0	1	46058
92.132	n/a	0	1	46066
92.15	n/a	0	1	46075
92.166	n/a	0	1	46083
92.182	n/a	1	2	46091
92.2	n/a	1	2	46100
92.216	n/a	1	2	46108
92.232	n/a	1	2	46116
92.25	n/a	0	1	46125
92.266	n/a	0	1	46133
92.282	n/a	0	1	46141
92.3	n/a	0	1	46150
92.316	n/a	0	1	46158
92.332	n/a	0	1	46166
92.35	n/a	0	1	46175
92.366	n/a	0	1	46183
92.382	n/a	1	2	46191
92.4	n/a	1	2	46200
92.416	n/a	1	2	46208
92.432	n/a	1	2	46216
92.45	n/a	1	2	46225
92.466	n/a	1	2	46233
92.482	n/a	1	2	46241
92.5	n/a	1	2	46250
92.516	n/a	1	2	46258
92.532	n/a	1	2	46266
92.55	n/a	0	1	46275
92.566	n/a	0	1	46283
92.582	n/a	0	1	46291
92.6	n/a	0	1	46300
92.616	n/a	0	1	46308
92.632	n/a	0	1	46316
92.65	n/a	0	1	46325
92.666	n/a	0	1	46333
92.682	n/a	0	1	46341
92.7	n/a	0	1	46350
92.716	n/a	0	1	46358
92.732	n/a	0	1	46366
92.75	n/a	1	2	46375
92.766	n/a	1	2	46383
92.782	n/a	1	2	46391
92.8	n/a	1	2	46400
92.816	n/a	0	1	46408
92.832	n/a	0	1	46416
92.85	n/a	0	1	46425
92.866	n/a	0	1	46433
92.882	n/a	1	2	46441
92.9	n/a	1	2	46450
92.916	n/a	0	1	46458
92.932	n/a	0	1	46466
92.95	n/a	1	2	46475
92.966	n/a	1	2	46483
92.982	n/a	0	1	46491
93.0	n/a	0	1	46500
93.016	n/a	1	2	46508
93.032	n/a	1	2	46516
93.05	n/a	0	1	46525
93.066	n/a	0	1	46533
93.082	n/a	1	2	46541
93.1	n/a	1	2	46550
93.116	n/a	1	2	46558
93.132	n/a	1	2	46566
93.15	n/a	0	1	46575
93.166	n/a	0	1	46583
93.182	n/a	1	2	46591
93.2	n/a	1	2	46600
93.216	n/a	0	1	46608
93.232	n/a	0	1	46616
93.25	n/a	0	1	46625
93.266	n/a	0	1	46633
93.282	n/a	0	1	46641
93.3	n/a	0	1	46650
93.316	n/a	1	2	46658
93.332	n/a	1	2	46666
93.35	n/a	0	1	46675
93.366	n/a	0	1	46683
93.382	n/a	0	1	46691
93.4	n/a	0	1	46700
93.416	n/a	0	1	46708
93.432	n/a	0	1	46716
93.45	n/a	1	2	46725
93.466	n/a	1	2	46733
93.482	n/a	1	2	46741
93.5	n/a	1	2	46750
93.516	n/a	1	2	46758
93.532	n/a	1	2	46766
93.55	n/a	0	1	46775
93.566	n/a	0	1	46783
93.582	n/a	1	2	46791
93.6	n/a	1	2	46800
93.616	n/a	0	1	46808
93.632	n/a	0	1	46816
93.65	n/a	1	2	46825
93.666	n/a	1	2	46833
93.682	n/a	1	2	46841
93.7	n/a	1	2	46850
93.716	n/a	1	2	46858
93.732	n/a	1	2	46866
93.75	n/a	1	2	46875
93.766	n/a	1	2	46883
93.782	n/a	1	2	46891
93.8	n/a	1	2	46900
93.816	n/a	0	1	46908
93.832	n/a	0	1	46916
93.85	n/a	0	1	46925
93.866	n/a	0	1	46933
93.882	n/a	1	2	46941
93.9	n/a	1	2	46950
93.916	n/a	0	1	46958
93.932	n/a	0	1	46966
93.95	n/a	0	1	46975
93.966	n/a	0	1	46983
93.982	n/a	0	1	46991
94.0	n/a	0	1	47000
94.016	n/a	1	2	47008
94.032	n/a	1	2	47016
94.05	n/a	1	2	47025
95.532	n/a	1	2	47766
95.55	n/a	1	2	47775
95.566	n/a	1	2	47783
95.582	n/a	1	2	47791
95.6	n/a	1	2	47800
95.616	n/a	1	2	47808
95.632	n/a	1	2	47816
95.65	n/a	1	2	47825
95.666	n/a	1	2	47833
95.682	n/a	1	2	47841
95.7	n/a	1	2	47850
95.716	n/a	1	2	47858
95.732	n/a	1	2	47866
95.75	n/a	1	2	47875
95.766	n/a	0	1	47883
95.782	n/a	0	1	47891
95.8	n/a	0	1	47900
95.816	n/a	0	1	47908
95.832	n/a	1	2	47916
95.85	n/a	1	2	47925
95.866	n/a	1	2	47933
95.882	n/a	1	2	47941
95.9	n/a	0	1	47950
95.916	n/a	0	1	47958
95.932	n/a	0	1	47966
95.95	n/a	0	1	47975
95.966	n/a	1	2	47983
95.982	n/a	1	2	47991
96.0	n/a	1	2	48000
96.016	n/a	1	2	48008
96.032	n/a	0	1	48016
96.05	n/a	0	1	48025
96.066	n/a	0	1	48033
96.082	n/a	0	1	48041
96.1	n/a	1	2	48050
96.116	n/a	1	2	48058
96.132	n/a	0	1	48066
96.15	n/a	0	1	48075
96.166	n/a	1	2	48083
96.182	n/a	1	2	48091
96.2	n/a	1	2	48100
96.216	n/a	1	2	48108
96.232	n/a	0	1	48116
96.25	n/a	0	1	48125
96.266	n/a	1	2	48133
96.282	n/a	1	2	48141
96.3	n/a	0	1	48150
96.316	n/a	0	1	48158
96.332	n/a	0	1	48166
96.35	n/a	0	1	48175
96.366	n/a	1	2	48183
96.382	n/a	1	2	48191
96.4	n/a	0	1	48200
96.416	n/a	0	1	48208
96.432	n/a	1	2	48216
96.45	n/a	1	2	48225
96.466	n/a	1	2	48233
96.482	n/a	1	2	48241
96.5	n/a	1	2	48250
96.516	n/a	1	2	48258
96.532	n/a	0	1	48266
96.55	n/a	0	1	48275
96.566	n/a	0	1	48283
96.582	n/a	0	1	48291
96.6	n/a	0	1	48300
96.616	n/a	0	1	48308
96.632	n/a	1	2	48316
96.65	n/a	1	2	48325
96.666	n/a	0	1	48333
96.682	n/a	0	1	48341
96.7	n/a	1	2	48350
96.716	n/a	1	2	48358
96.732	n/a	1	2	48366
96.75	n/a	1	2	48375
96.766	n/a	1	2	48383
96.782	n/a	1	2	48391
96.8	n/a	0	1	48400
96.816	n/a	0	1	48408
96.832	n/a	0	1	48416
96.85	n/a	0	1	48425
96.866	n/a	1	2	48433
96.882	n/a	1	2	48441
96.9	n/a	0	1	48450
96.916	n/a	0	1	48458
96.932	n/a	1	2	48466
96.95	n/a	1	2	48475
96.966	n/a	0	1	48483
96.982	n/a	0	1	48491
97.0	n/a	0	1	48500
97.016	n/a	0	1	48508
97.032	n/a	0	1	48516
97.05	n/a	0	1	48525
97.066	n/a	1	2	48533
97.082	n/a	1	2	48541
97.1	n/a	1	2	48550
97.116	n/a	1	2	48558
97.132	n/a	0	1	48566
97.15	n/a	0	1	48575
97.166	n/a	1	2	48583
97.182	n/a	1	2	48591
97.2	n/a	0	1	48600
97.216	n/a	0	1	48608
97.232	n/a	0	1	48616
97.25	n/a	0	1	48625
97.266	n/a	0	1	48633
97.282	n/a	0	1	48641
97.3	n/a	1	2	48650
97.316	n/a	1	2	48658
97.332	n/a	0	1	48666
97.35	n/a	0	1	48675
97.366	n/a	1	2	48683
97.382	n/a	1	2	48691
97.4	n/a	0	1	48700
97.416	n/a	0	1	48708
97.432	n/a	0	1	48716
97.45	n/a	0	1	48725
97.466	n/a	1	2	48733
99.75	n/a	1	2	49875
99.766	n/a	1	2	49883
99.782	n/a	1	2	49891
99.8	n/a	1	2	49900
99.816	n/a	0	1	49908
99.832	n/a	0	1	49916
99.85	n/a	1	2	49925
99.866	n/a	1	2	49933
99.882	n/a	1	2	49941
99.9	n/a	1	2	49950
99.916	n/a	0	1	49958
99.932	n/a	0	1	49966
99.95	n/a	1	2	49975
99.966	n/a	1	2	49983
99.982	n/a	1	2	49991
100.0	n/a	1	2	50000
100.016	n/a	0	1	50008
100.032	n/a	0	1	50016
100.05	n/a	1	2	50025
100.066	n/a	1	2	50033
100.082	n/a	1	2	50041
100.1	n/a	1	2	50050
100.116	n/a	0	1	50058
100.132	n/a	0	1	50066
100.15	n/a	0	1	50075
100.166	n/a	0	1	50083
100.182	n/a	0	1	50091
100.2	n/a	0	1	50100
100.216	n/a	1	2	50108
100.232	n/a	1	2	50116
100.25	n/a	1	2	50125
100.266	n/a	1	2	50133
100.282	n/a	1	2	50141
100.3	n/a	1	2	50150
100.316	n/a	0	1	50158
100.332	n/a	0	1	50166
100.35	n/a	0	1	50175
100.366	n/a	0	1	50183
100.382	n/a	0	1	50191
100.4	n/a	0	1	50200
100.416	n/a	1	2	50208
100.432	n/a	1	2	50216
100.45	n/a	1	2	50225
100.466	n/a	1	2	50233
100.482	n/a	1	2	50241
100.5	n/a	1	2	50250
100.516	n/a	1	2	50258
100.532	n/a	1	2	50266
100.55	n/a	1	2	50275
100.566	n/a	1	2	50283
100.582	n/a	0	1	50291
100.6	n/a	0	1	50300
100.616	n/a	0	1	50308
100.632	n/a	0	1	50316
100.65	n/a	1	2	50325
100.666	n/a	1	2	50333
100.682	n/a	0	1	50341
100.7	n/a	0	1	50350
100.716	n/a	1	2	50358
100.732	n/a	1	2	50366
100.75	n/a	0	1	50375
100.766	n/a	0	1	50383
100.782	n/a	0	1	50391
100.8	n/a	0	1	50400
100.816	n/a	1	2	50408
100.832	n/a	1	2	50416
100.85	n/a	1	2	50425
100.866	n/a	1	2	50433
100.882	n/a	0	1	50441
100.9	n/a	0	1	50450
100.916	n/a	0	1	50458
100.932	n/a	0	1	50466
100.95	n/a	0	1	50475
100.966	n/a	0	1	50483
100.982	n/a	0	1	50491
101.0	n/a	0	1	50500
101.016	n/a	1	2	50508
101.032	n/a	1	2	50516
101.05	n/a	0	1	50525
101.066	n/a	0	1	50533
101.082	n/a	0	1	50541
101.1	n/a	0	1	50550
101.116	n/a	0	1	50558
101.132	n/a	0	1	50566
101.15	n/a	0	1	50575
101.166	n/a	0	1	50583
101.182	n/a	1	2	50591
101.2	n/a	1	2	50600
101.216	n/a	1	2	50608
101.232	n/a	1	2	50616
101.25	n/a	1	2	50625
101.266	n/a	1	2	50633
101.282	n/a	1	2	50641
101.3	n/a	1	2	50650
101.316	n/a	1	2	50658
101.332	n/a	1	2	50666
101.35	n/a	1	2	50675
101.366	n/a	1	2	50683
101.382	n/a	0	1	50691
101.4	n/a	0	1	50700
101.416	n/a	1	2	50708
101.432	n/a	1	2	50716
101.45	n/a	0	1	50725
101.466	n/a	0	1	50733
101.482	n/a	1	2	50741
101.5	n/a	1	2	50750
101.516	n/a	0	1	50758
101.532	n/a	0	1	50766
101.55	n/a	0	1	50775
101.566	n/a	0	1	50783
101.582	n/a	1	2	50791
101.6	n/a	1	2	50800
101.616	n/a	1	2	50808
101.632	n/a	1	2	50816
101.65	n/a	0	1	50825
101.666	n/a	0	1	50833
101.682	n/a	0	1	50841
103.166	n/a	0	1	51583
103.182	n/a	0	1	51591
103.2	n/a	0	1	51600
103.216	n/a	0	1	51608
103.232	n/a	1	2	51616
103.25	n/a	1	2	51625
103.266	n/a	1	2	51633
103.282	n/a	1	2	51641
103.3	n/a	0	1	51650
103.316	n/a	0	1	51658
103.332	n/a	0	1	51666
103.35	n/a	0	1	51675
103.366	n/a	0	1	51683
103.382	n/a	0	1	51691
103.4	n/a	0	1	51700
103.416	n/a	0	1	51708
103.432	n/a	1	2	51716
103.45	n/a	1	2	51725
103.466	n/a	1	2	51733
103.482	n/a	1	2	51741
103.5	n/a	1	2	51750
103.516	n/a	1	2	51758
103.532	n/a	1	2	51766
103.55	n/a	1	2	51775
103.566	n/a	1	2	51783
103.582	n/a	1	2	51791
103.6	n/a	0	1	51800
103.616	n/a	0	1	51808
103.632	n/a	0	1	51816
103.65	n/a	0	1	51825
103.666	n/a	0	1	51833
103.682	n/a	0	1	51841
103.7	n/a	0	1	51850
103.716	n/a	0	1	51858
103.732	n/a	0	1	51866
103.75	n/a	0	1	51875
103.766	n/a	0	1	51883
103.782	n/a	0	1	51891
103.8	n/a	1	2	51900
103.816	n/a	1	2	51908
103.832	n/a	1	2	51916
103.85	n/a	1	2	51925
103.866	n/a	0	1	51933
103.882	n/a	0	1	51941
103.9	n/a	0	1	51950
103.916	n/a	0	1	51958
103.932	n/a	1	2	51966
103.95	n/a	1	2	51975
103.966	n/a	0	1	51983
103.982	n/a	0	1	51991
104.0	n/a	1	2	52000
104.016	n/a	1	2	52008
104.032	n/a	0	1	52016
104.05	n/a	0	1	52025
104.066	n/a	1	2	52033
104.082	n/a	1	2	52041
104.1	n/a	0	1	52050
104.116	n/a	0	1	52058
104.132	n/a	1	2	52066
104.15	n/a	1	2	52075
104.166	n/a	1	2	52083
104.182	n/a	1	2	52091
104.2	n/a	0	1	52100
104.216	n/a	0	1	52108
104.232	n/a	1	2	52116
104.25	n/a	1	2	52125
104.266	n/a	0	1	52133
104.282	n/a	0	1	52141
104.3	n/a	0	1	52150
104.316	n/a	0	1	52158
104.332	n/a	0	1	52166
104.35	n/a	0	1	52175
104.366	n/a	1	2	52183
104.382	n/a	1	2	52191
104.4	n/a	0	1	52200
104.416	n/a	0	1	52208
104.432	n/a	0	1	52216
104.45	n/a	0	1	52225
104.466	n/a	0	1	52233
104.482	n/a	0	1	52241
104.5	n/a	1	2	52250
104.516	n/a	1	2	52258
104.532	n/a	1	2	52266
104.55	n/a	1	2	52275
104.566	n/a	1	2	52283
104.582	n/a	1	2	52291
104.6	n/a	0	1	52300
104.616	n/a	0	1	52308
104.632	n/a	1	2	52316
104.65	n/a	1	2	52325
104.666	n/a	0	1	52333
104.682	n/a	0	1	52341
104.7	n/a	1	2	52350
104.716	n/a	1	2	52358
104.732	n/a	1	2	52366
104.75	n/a	1	2	52375
104.766	n/a	1	2	52383
104.782	n/a	1	2	52391
104.8	n/a	1	2	52400
104.816	n/a	1	2	52408
104.832	n/a	1	2	52416
104.85	n/a	1	2	52425
104.866	n/a	0	1	52433
104.882	n/a	0	1	52441
104.9	n/a	0	1	52450
104.916	n/a	0	1	52458
104.932	n/a	1	2	52466
104.95	n/a	1	2	52475
104.966	n/a	0	1	52483
104.982	n/a	0	1	52491
105.0	n/a	0	1	52500
105.016	n/a	0	1	52508
105.032	n/a	0	1	52516
105.05	n/a	0	1	52525
105.066	n/a	1	2	52533
105.082	n/a	1	2	52541
105.1	n/a	1	2	52550
106.582	n/a	1	2	53291
106.6	n/a	1	2	53300
106.616	n/a	1	2	53308
106.632	n/a	1	2	53316
106.65	n/a	1	2	53325
106.666	n/a	1	2	53333
106.682	n/a	1	2	53341
106.7	n/a	1	2	53350
106.716	n/a	1	2	53358
106.732	n/a	1	2	53366
106.75	n/a	1	2	53375
106.766	n/a	1	2	53383
106.782	n/a	1	2	53391
106.8	n/a	1	2	53400
106.816	n/a	0	1	53408
106.832	n/a	0	1	53416
106.85	n/a	0	1	53425
106.866	n/a	0	1	53433
106.882	n/a	1	2	53441
106.9	n/a	1	2	53450
106.916	n/a	1	2	53458
106.932	n/a	1	2	53466
106.95	n/a	0	1	53475
106.966	n/a	0	1	53483
106.982	n/a	0	1	53491
107.0	n/a	0	1	53500
107.016	n/a	1	2	53508
107.032	n/a	1	2	53516
107.05	n/a	1	2	53525
107.066	n/a	1	2	53533
107.082	n/a	0	1	53541
107.1	n/a	0	1	53550
107.116	n/a	0	1	53558
107.132	n/a	0	1	53566
107.15	n/a	1	2	53575
107.166	n/a	1	2	53583
107.182	n/a	0	1	53591
107.2	n/a	0	1	53600
107.216	n/a	1	2	53608
107.232	n/a	1	2	53616
107.25	n/a	1	2	53625
107.266	n/a	1	2	53633
107.282	n/a	0	1	53641
107.3	n/a	0	1	53650
107.316	n/a	1	2	53658
107.332	n/a	1	2	53666
107.35	n/a	0	1	53675
107.366	n/a	0	1	53683
107.382	n/a	0	1	53691
107.4	n/a	0	1	53700
107.416	n/a	1	2	53708
107.432	n/a	1	2	53716
107.45	n/a	0	1	53725
107.466	n/a	0	1	53733
107.482	n/a	1	2	53741
107.5	n/a	1	2	53750
107.516	n/a	1	2	53758
107.532	n/a	1	2	53766
107.55	n/a	1	2	53775
107.566	n/a	1	2	53783
107.582	n/a	0	1	53791
107.6	n/a	0	1	53800
107.616	n/a	0	1	53808
107.632	n/a	0	1	53816
107.65	n/a	0	1	53825
107.666	n/a	0	1	53833
107.682	n/a	1	2	53841
107.7	n/a	1	2	53850
107.716	n/a	0	1	53858
107.732	n/a	0	1	53866
107.75	n/a	1	2	53875
107.766	n/a	1	2	53883
107.782	n/a	1	2	53891
107.8	n/a	1	2	53900
107.816	n/a	1	2	53908
107.832	n/a	1	2	53916
107.85	n/a	0	1	53925
107.866	n/a	0	1	53933
107.882	n/a	0	1	53941
107.9	n/a	0	1	53950
107.916	n/a	1	2	53958
107.932	n/a	1	2	53966
107.95	n/a	0	1	53975
107.966	n/a	0	1	53983
107.982	n/a	1	2	53991
108.0	n/a	1	2	54000
108.016	n/a	0	1	54008
108.032	n/a	0	1	54016
108.05	n/a	0	1	54025
108.066	n/a	0	1	54033
108.082	n/a	0	1	54041
108.1	n/a	0	1	54050
108.116	n/a	1	2	54058
108.132	n/a	1	2	54066
108.15	n/a	1	2	54075
108.166	n/a	1	2	54083
108.182	n/a	0	1	54091
108.2	n/a	0	1	54100
108.216	n/a	1	2	54108
108.232	n/a	1	2	54116
108.25	n/a	0	1	54125
108.266	n/a	0	1	54133
108.282	n/a	0	1	54141
108.3	n/a	0	1	54150
108.316	n/a	0	1	54158
108.332	n/a	0	1	54166
108.35	n/a	1	2	54175
108.366	n/a	1	2	54183
108.382	n/a	0	1	54191
108.4	n/a	0	1	54200
108.416	n/a	1	2	54208
108.432	n/a	1	2	54216
108.45	n/a	0	1	54225
108.466	n/a	0	1	54233
108.482	n/a	0	1	54241
108.5	n/a	0	1	54250
108.516	n/a	1	2	54258
110.0	n/a	1	2	55000
110.016	n/a	1	2	55008
110.032	n/a	1	2	55016
110.05	n/a	1	2	55025
110.066	n/a	0	1	55033
110.082	n/a	0	1	55041
110.1	n/a	0	1	55050
110.116	n/a	0	1	55058
110.132	n/a	0	1	55066
110.15	n/a	0	1	55075
110.166	n/a	0	1	55083
110.182	n/a	0	1	55091
110.2	n/a	1	2	55100
110.216	n/a	1	2	55108
110.232	n/a	0	1	55116
110.25	n/a	0	1	55125
110.266	n/a	0	1	55133
110.282	n/a	0	1	55141
110.3	n/a	1	2	55150
110.316	n/a	1	2	55158
110.332	n/a	1	2	55166
110.35	n/a	1	2	55175
110.366	n/a	0	1	55183
110.382	n/a	0	1	55191
110.4	n/a	0	1	55200
110.416	n/a	0	1	55208
110.432	n/a	0	1	55216
110.45	n/a	0	1	55225
110.466	n/a	0	1	55233
110.482	n/a	0	1	55241
110.5	n/a	0	1	55250
110.516	n/a	0	1	55258
110.532	n/a	0	1	55266
110.55	n/a	0	1	55275
110.566	n/a	1	2	55283
110.582	n/a	1	2	55291
110.6	n/a	0	1	55300
110.616	n/a	0	1	55308
110.632	n/a	1	2	55316
110.65	n/a	1	2	55325
110.666	n/a	1	2	55333
110.682	n/a	1	2	55341
110.7	n/a	0	1	55350
110.716	n/a	0	1	55358
110.732	n/a	1	2	55366
110.75	n/a	1	2	55375
110.766	n/a	0	1	55383
110.782	n/a	0	1	55391
110.8	n/a	1	2	55400
110.816	n/a	1	2	55408
110.832	n/a	0	1	55416
110.85	n/a	0	1	55425
110.866	n/a	1	2	55433
110.882	n/a	1	2	55441
110.9	n/a	0	1	55450
110.916	n/a	0	1	55458
110.932	n/a	0	1	55466
110.95	n/a	0	1	55475
110.966	n/a	0	1	55483
110.982	n/a	0	1	55491
111.0	n/a	1	2	55500
111.016	n/a	1	2	55508
111.032	n/a	1	2	55516
111.05	n/a	1	2	55525
111.066	n/a	1	2	55533
111.082	n/a	1	2	55541
111.1	n/a	0	1	55550
111.116	n/a	0	1	55558
111.132	n/a	1	2	55566
111.15	n/a	1	2	55575
111.166	n/a	1	2	55583
111.182	n/a	1	2	55591
111.2	n/a	1	2	55600
111.216	n/a	1	2	55608
111.232	n/a	0	1	55616
111.25	n/a	0	1	55625
111.266	n/a	1	2	55633
111.282	n/a	1	2	55641
111.3	n/a	0	1	55650
111.316	n/a	0	1	55658
111.332	n/a	1	2	55666
111.35	n/a	1	2	55675
111.366	n/a	1	2	55683
111.382	n/a	1	2	55691
111.4	n/a	0	1	55700
111.416	n/a	0	1	55708
111.432	n/a	0	1	55716
111.45	n/a	0	1	55725
111.466	n/a	0	1	55733
111.482	n/a	0	1	55741
111.5	n/a	1	2	55750
111.516	n/a	1	2	55758
111.532	n/a	1	2	55766
111.55	n/a	1	2	55775
111.566	n/a	0	1	55783
111.582	n/a	0	1	55791
111.6	n/a	1	2	55800
111.616	n/a	1	2	55808
111.632	n/a	1	2	55816
111.65	n/a	1	2	55825
111.666	n/a	1	2	55833
111.682	n/a	1	2	55841
111.7	n/a	0	1	55850
111.716	n/a	0	1	55858
111.732	n/a	0	1	55866
111.75	n/a	0	1	55875
111.766	n/a	0	1	55883
111.782	n/a	0	1	55891
111.8	n/a	0	1	55900
111.816	n/a	0	1	55908
111.832	n/a	0	1	55916
111.85	n/a	0	1	55925
111.866	n/a	1	2	55933
111.882	n/a	1	2	55941
111.9	n/a	1	2	55950
111.916	n/a	1	2	55958
111.932	n/a	1	2	55966
114.116	n/a	1	2	57058
114.132	n/a	1	2	57066
114.15	n/a	1	2	57075
114.166	n/a	1	2	57083
114.182	n/a	1	2	57091
114.2	n/a	1	2	57100
114.216	n/a	1	2	57108
114.232	n/a	1	2	57116
114.25	n/a	1	2	57125
114.266	n/a	1	2	57133
114.282	n/a	1	2	57141
114.3	n/a	1	2	57150
114.316	n/a	1	2	57158
114.332	n/a	1	2	57166
114.35	n/a	0	1	57175
114.366	n/a	0	1	57183
114.382	n/a	0	1	57191
114.4	n/a	0	1	57200
114.416	n/a	1	2	57208
114.432	n/a	1	2	57216
114.45	n/a	1	2	57225
114.466	n/a	1	2	57233
114.482	n/a	0	1	57241
114.5	n/a	0	1	57250
114.516	n/a	0	1	57258
114.532	n/a	0	1	57266
114.55	n/a	1	2	57275
114.566	n/a	1	2	57283
114.582	n/a	1	2	57291
114.6	n/a	1	2	57300
114.616	n/a	0	1	57308
114.632	n/a	0	1	57316
114.65	n/a	0	1	57325
114.666	n/a	0	1	57333
114.682	n/a	1	2	57341
114.7	n/a	1	2	57350
114.716	n/a	0	1	57358
114.732	n/a	0	1	57366
114.75	n/a	1	2	57375
114.766	n/a	1	2	57383
114.782	n/a	1	2	57391
114.8	n/a	1	2	57400
114.816	n/a	0	1	57408
114.832	n/a	0	1	57416
114.85	n/a	1	2	57425
114.866	n/a	1	2	57433
114.882	n/a	0	1	57441
114.9	n/a	0	1	57450
114.916	n/a	0	1	57458
114.932	n/a	0	1	57466
114.95	n/a	1	2	57475
114.966	n/a	1	2	57483
114.982	n/a	0	1	57491
115.0	n/a	0	1	57500
115.016	n/a	1	2	57508
115.032	n/a	1	2	57516
115.05	n/a	1	2	57525
115.066	n/a	1	2	57533
115.082	n/a	1	2	57541
115.1	n/a	1	2	57550
115.116	n/a	0	1	57558
115.132	n/a	0	1	57566
115.15	n/a	0	1	57575
115.166	n/a	0	1	57583
115.182	n/a	0	1	57591
115.2	n/a	0	1	57600
115.216	n/a	1	2	57608
115.232	n/a	1	2	57616
115.25	n/a	0	1	57625
115.266	n/a	0	1	57633
115.282	n/a	1	2	57641
115.3	n/a	1	2	57650
115.316	n/a	1	2	57658
115.332	n/a	1	2	57666
115.35	n/a	1	2	57675
115.366	n/a	1	2	57683
115.382	n/a	0	1	57691
115.4	n/a	0	1	57700
115.416	n/a	0	1	57708
115.432	n/a	0	1	57716
115.45	n/a	1	2	57725
115.466	n/a	1	2	57733
115.482	n/a	0	1	57741
115.5	n/a	0	1	57750
115.516	n/a	1	2	57758
115.532	n/a	1	2	57766
115.55	n/a	0	1	57775
115.566	n/a	0	1	57783
115.582	n/a	0	1	57791
115.6	n/a	0	1	57800
115.616	n/a	0	1	57808
115.632	n/a	0	1	57816
115.65	n/a	1	2	57825
115.666	n/a	1	2	57833
115.682	n/a	1	2	57841
115.7	n/a	1	2	57850
115.716	n/a	0	1	57858
115.732	n/a	0	1	57866
115.75	n/a	1	2	57875
115.766	n/a	1	2	57883
115.782	n/a	0	1	57891
115.8	n/a	0	1	57900
115.816	n/a	0	1	57908
115.832	n/a	0	1	57916
115.85	n/a	0	1	57925
115.866	n/a	0	1	57933
115.882	n/a	1	2	57941
115.9	n/a	1	2	57950
115.916	n/a	0	1	57958
115.932	n/a	0	1	57966
115.95	n/a	1	2	57975
115.966	n/a	1	2	57983
115.982	n/a	0	1	57991
116.0	n/a	0	1	58000
116.016	n/a	0	1	58008
116.032	n/a	0	1	58016
116.05	n/a	1	2	58025
117.532	n/a	1	2	58766
117.55	n/a	1	2	58775
117.566	n/a	1	2	58783
117.582	n/a	1	2	58791
117.6	n/a	0	1	58800
117.616	n/a	0	1	58808
117.632	n/a	0	1	58816
117.65	n/a	0	1	58825
117.666	n/a	0	1	58833
117.682	n/a	0	1	58841
117.7	n/a	0	1	58850
117.716	n/a	0	1	58858
117.732	n/a	1	2	58866
117.75	n/a	1	2	58875
117.766	n/a	0	1	58883
117.782	n/a	0	1	58891
117.8	n/a	0	1	58900
117.816	n/a	0	1	58908
117.832	n/a	1	2	58916
117.85	n/a	1	2	58925
117.866	n/a	1	2	58933
117.882	n/a	1	2	58941
117.9	n/a	0	1	58950
117.916	n/a	0	1	58958
117.932	n/a	0	1	58966
117.95	n/a	0	1	58975
117.966	n/a	0	1	58983
117.982	n/a	0	1	58991
118.0	n/a	0	1	59000
118.016	n/a	0	1	59008
118.032	n/a	0	1	59016
118.05	n/a	0	1	59025
118.066	n/a	0	1	59033
118.082	n/a	0	1	59041
118.1	n/a	1	2	59050
118.116	n/a	1	2	59058
118.132	n/a	0	1	59066
118.15	n/a	0	1	59075
118.166	n/a	1	2	59083
118.182	n/a	1	2	59091
118.2	n/a	1	2	59100
118.216	n/a	1	2	59108
118.232	n/a	0	1	59116
118.25	n/a	0	1	59125
118.266	n/a	1	2	59133
118.282	n/a	1	2	59141
118.3	n/a	0	1	59150
118.316	n/a	0	1	59158
118.332	n/a	1	2	59166
118.35	n/a	1	2	59175
118.366	n/a	0	1	59183
118.382	n/a	0	1	59191
118.4	n/a	1	2	59200
118.416	n/a	1	2	59208
118.432	n/a	0	1	59216
118.45	n/a	0	1	59225
118.466	n/a	0	1	59233
118.482	n/a	0	1	59241
118.5	n/a	0	1	59250
118.516	n/a	0	1	59258
118.532	n/a	1	2	59266
118.55	n/a	1	2	59275
118.566	n/a	1	2	59283
118.582	n/a	1	2	59291
118.6	n/a	1	2	59300
118.616	n/a	1	2	59308
118.632	n/a	0	1	59316
118.65	n/a	0	1	59325
118.666	n/a	1	2	59333
118.682	n/a	1	2	59341
118.7	n/a	1	2	59350
118.716	n/a	1	2	59358
118.732	n/a	1	2	59366
118.75	n/a	1	2	59375
118.766	n/a	0	1	59383
118.782	n/a	0	1	59391
118.8	n/a	1	2	59400
118.816	n/a	1	2	59408
118.832	n/a	0	1	59416
118.85	n/a	0	1	59425
118.866	n/a	1	2	59433
118.882	n/a	1	2	59441
118.9	n/a	1	2	59450
118.916	n/a	1	2	59458
118.932	n/a	0	1	59466
118.95	n/a	0	1	59475
118.966	n/a	0	1	59483
118.982	n/a	0	1	59491
119.0	n/a	0	1	59500
119.016	n/a	0	1	59508
119.032	n/a	1	2	59516
119.05	n/a	1	2	59525
119.066	n/a	1	2	59533
119.082	n/a	1	2	59541
119.1	n/a	0	1	59550
119.116	n/a	0	1	59558
119.132	n/a	1	2	59566
119.15	n/a	1	2	59575
119.166	n/a	1	2	59583
119.182	n/a	1	2	59591
119.2	n/a	1	2	59600
119.216	n/a	1	2	59608
119.232	n/a	0	1	59616
119.25	n/a	0	1	59625
119.266	n/a	0	1	59633
119.282	n/a	0	1	59641
119.3	n/a	0	1	59650
119.316	n/a	0	1	59658
119.332	n/a	0	1	59666
119.35	n/a	0	1	59675
119.366	n/a	0	1	59683
119.382	n/a	0	1	59691
119.4	n/a	1	2	59700
119.416	n/a	1	2	59708
119.432	n/a	1	2	59716
119.45	n/a	1	2	59725
119.466	n/a	1	2	59733
120.95	n/a	1	2	60475
120.966	n/a	1	2	60483
120.982	n/a	1	2	60491
121.0	n/a	1	2	60500
121.016	n/a	0	1	60508
121.032	n/a	0	1	60516
121.05	n/a	1	2	60525
121.066	n/a	1	2	60533
121.082	n/a	1	2	60541
121.1	n/a	1	2	60550
121.116	n/a	0	1	60558
121.132	n/a	0	1	60566
121.15	n/a	1	2	60575
121.166	n/a	1	2	60583
121.182	n/a	1	2	60591
121.2	n/a	1	2	60600
121.216	n/a	0	1	60608
121.232	n/a	0	1	60616
121.25	n/a	1	2	60625
121.266	n/a	1	2	60633
121.282	n/a	1	2	60641
121.3	n/a	1	2	60650
121.316	n/a	0	1	60658
121.332	n/a	0	1	60666
121.35	n/a	0	1	60675
121.366	n/a	0	1	60683
121.382	n/a	0	1	60691
121.4	n/a	0	1	60700
121.416	n/a	1	2	60708
121.432	n/a	1	2	60716
121.45	n/a	1	2	60725
121.466	n/a	1	2	60733
121.482	n/a	1	2	60741
121.5	n/a	1	2	60750
121.516	n/a	0	1	60758
121.532	n/a	0	1	60766
121.55	n/a	0	1	60775
121.566	n/a	0	1	60783
121.582	n/a	0	1	60791
121.6	n/a	0	1	60800
121.616	n/a	1	2	60808
121.632	n/a	1	2	60816
121.65	n/a	1	2	60825
121.666	n/a	1	2	60833
121.682	n/a	1	2	60841
121.7	n/a	1	2	60850
121.716	n/a	1	2	60858
121.732	n/a	1	2	60866
121.75	n/a	1	2	60875
121.766	n/a	1	2	60883
121.782	n/a	0	1	60891
121.8	n/a	0	1	60900
121.816	n/a	0	1	60908
121.832	n/a	0	1	60916
121.85	n/a	1	2	60925
121.866	n/a	1	2	60933
121.882	n/a	0	1	60941
121.9	n/a	0	1	60950
121.916	n/a	1	2	60958
121.932	n/a	1	2	60966
121.95	n/a	0	1	60975
121.966	n/a	0	1	60983
121.982	n/a	0	1	60991
122.0	n/a	0	1	61000
122.016	n/a	1	2	61008
122.032	n/a	1	2	61016
122.05	n/a	1	2	61025
122.066	n/a	1	2	61033
122.082	n/a	0	1	61041
122.1	n/a	0	1	61050
122.116	n/a	0	1	61058
122.132	n/a	0	1	61066
122.15	n/a	0	1	61075
122.166	n/a	0	1	61083
122.182	n/a	0	1	61091
122.2	n/a	0	1	61100
122.216	n/a	1	2	61108
122.232	n/a	1	2	61116
122.25	n/a	0	1	61125
122.266	n/a	0	1	61133
122.282	n/a	0	1	61141
122.3	n/a	0	1	61150
122.316	n/a	0	1	61158
122.332	n/a	0	1	61166
122.35	n/a	0	1	61175
122.366	n/a	0	1	61183
122.382	n/a	1	2	61191
122.4	n/a	1	2	61200
122.416	n/a	1	2	61208
122.432	n/a	1	2	61216
122.45	n/a	1	2	61225
122.466	n/a	1	2	61233
122.482	n/a	1	2	61241
122.5	n/a	1	2	61250
122.516	n/a	1	2	61258
122.532	n/a	1	2	61266
122.55	n/a	1	2	61275
122.566	n/a	1	2	61283
122.582	n/a	0	1	61291
122.6	n/a	0	1	61300
122.616	n/a	1	2	61308
122.632	n/a	1	2	61316
122.65	n/a	0	1	61325
122.666	n/a	0	1	61333
122.682	n/a	1	2	61341
122.7	n/a	1	2	61350
122.716	n/a	0	1	61358
122.732	n/a	0	1	61366
122.75	n/a	0	1	61375
122.766	n/a	0	1	61383
122.782	n/a	1	2	61391
122.8	n/a	1	2	61400
122.816	n/a	1	2	61408
122.832	n/a	1	2	61416
122.85	n/a	0	1	61425
122.866	n/a	0	1	61433
122.882	n/a	0	1	61441
124.366	n/a	0	1	62183
124.382	n/a	0	1	62191
124.4	n/a	0	1	62200
124.416	n/a	0	1	62208
124.432	n/a	1	2	62216
124.45	n/a	1	2	62225
124.466	n/a	1	2	62233
124.482	n/a	1	2	62241
124.5	n/a	0	1	62250
124.516	n/a	0	1	62258
124.532	n/a	0	1	62266
124.55	n/a	0	1	62275
124.566	n/a	0	1	62283
124.582	n/a	0	1	62291
124.6	n/a	0	1	62300
124.616	n/a	0	1	62308
124.632	n/a	1	2	62316
124.65	n/a	1	2	62325
124.666	n/a	1	2	62333
124.682	n/a	1	2	62341
124.7	n/a	1	2	62350
124.716	n/a	1	2	62358
124.732	n/a	1	2	62366
124.75	n/a	1	2	62375
124.766	n/a	1	2	62383
124.782	n/a	1	2	62391
124.8	n/a	0	1	62400
124.816	n/a	0	1	62408
124.832	n/a	0	1	62416
124.85	n/a	0	1	62425
124.866	n/a	0	1	62433
124.882	n/a	0	1	62441
124.9	n/a	0	1	62450
124.916	n/a	0	1	62458
124.932	n/a	0	1	62466
124.95	n/a	0	1	62475
124.966	n/a	0	1	62483
124.982	n/a	0	1	62491
125.0	n/a	1	2	62500
125.016	n/a	1	2	62508
125.032	n/a	1	2	62516
125.05	n/a	1	2	62525
125.066	n/a	0	1	62533
125.082	n/a	0	1	62541
125.1	n/a	0	1	62550
125.116	n/a	0	1	62558
125.132	n/a	1	2	62566
125.15	n/a	1	2	62575
125.166	n/a	0	1	62583
125.182	n/a	0	1	62591
125.2	n/a	1	2	62600
125.216	n/a	1	2	62608
125.232	n/a	0	1	62616
125.25	n/a	0	1	62625
125.266	n/a	1	2	62633
125.282	n/a	1	2	62641
125.3	n/a	0	1	62650
125.316	n/a	0	1	62658
125.332	n/a	1	2	62666
125.35	n/a	1	2	62675
125.366	n/a	1	2	62683
125.382	n/a	1	2	62691
125.4	n/a	0	1	62700
125.416	n/a	0	1	62708
125.432	n/a	1	2	62716
125.45	n/a	1	2	62725
125.466	n/a	0	1	62733
125.482	n/a	0	1	62741
125.5	n/a	0	1	62750
125.516	n/a	0	1	62758
125.532	n/a	0	1	62766
125.55	n/a	0	1	62775
125.566	n/a	1	2	62783
125.582	n/a	1	2	62791
125.6	n/a	0	1	62800
125.616	n/a	0	1	62808
125.632	n/a	0	1	62816
125.65	n/a	0	1	62825
125.666	n/a	0	1	62833
125.682	n/a	0	1	62841
125.7	n/a	1	2	62850
125.716	n/a	1	2	62858
125.732	n/a	1	2	62866
125.75	n/a	1	2	62875
125.766	n/a	1	2	62883
125.782	n/a	1	2	62891
125.8	n/a	0	1	62900
125.816	n/a	0	1	62908
125.832	n/a	1	2	62916
125.85	n/a	1	2	62925
125.866	n/a	0	1	62933
125.882	n/a	0	1	62941
125.9	n/a	1	2	62950
125.916	n/a	1	2	62958
125.932	n/a	1	2	62966
125.95	n/a	1	2	62975
125.966	n/a	1	2	62983
125.982	n/a	1	2	62991
126.0	n/a	1	2	63000
126.016	n/a	1	2	63008
126.032	n/a	1	2	63016
126.05	n/a	1	2	63025
126.066	n/a	0	1	63033
126.082	n/a	0	1	63041
126.1	n/a	0	1	63050
126.116	n/a	0	1	63058
126.132	n/a	1	2	63066
126.15	n/a	1	2	63075
126.166	n/a	0	1	63083
126.182	n/a	0	1	63091
126.2	n/a	0	1	63100
126.216	n/a	0	1	63108
126.232	n/a	0	1	63116
126.25	n/a	0	1	63125
126.266	n/a	1	2	63133
126.282	n/a	1	2	63141
126.3	n/a	1	2	63150
128.8	n/a	1	2	64400
128.816	n/a	1	2	64408
128.832	n/a	1	2	64416
128.85	n/a	1	2	64425
128.866	n/a	0	1	64433
128.882	n/a	0	1	64441
128.9	n/a	1	2	64450
128.916	n/a	1	2	64458
128.932	n/a	1	2	64466
128.948	n/a	1	2	64474
128.966	n/a	0	1	64483
128.982	n/a	0	1	64491
129.0	n/a	1	2	64500
129.016	n/a	1	2	64508
129.032	n/a	1	2	64516
129.05	n/a	1	2	64525
129.066	n/a	0	1	64533
129.082	n/a	0	1	64541
129.1	n/a	1	2	64550
129.116	n/a	1	2	64558
129.132	n/a	1	2	64566
129.15	n/a	1	2	64575
129.166	n/a	0	1	64583
129.182	n/a	0	1	64591
129.198	n/a	0	1	64599
129.216	n/a	0	1	64608
129.232	n/a	0	1	64616
129.25	n/a	0	1	64625
129.266	n/a	1	2	64633
129.282	n/a	1	2	64641
129.3	n/a	1	2	64650
129.316	n/a	1	2	64658
129.332	n/a	1	2	64666
129.35	n/a	1	2	64675
129.366	n/a	0	1	64683
129.382	n/a	0	1	64691
129.4	n/a	0	1	64700
129.416	n/a	0	1	64708
129.432	n/a	0	1	64716
129.448	n/a	0	1	64724
129.466	n/a	1	2	64733
129.482	n/a	1	2	64741
129.5	n/a	1	2	64750
129.516	n/a	1	2	64758
129.532	n/a	1	2	64766
129.55	n/a	1	2	64775
129.566	n/a	1	2	64783
129.582	n/a	1	2	64791
129.6	n/a	1	2	64800
129.616	n/a	1	2	64808
129.632	n/a	0	1	64816
129.65	n/a	0	1	64825
129.666	n/a	0	1	64833
129.682	n/a	0	1	64841
129.698	n/a	1	2	64849
129.716	n/a	1	2	64858
129.732	n/a	0	1	64866
129.75	n/a	0	1	64875
129.766	n/a	1	2	64883
129.782	n/a	1	2	64891
129.8	n/a	0	1	64900
129.816	n/a	0	1	64908
129.832	n/a	0	1	64916
129.85	n/a	0	1	64925
129.866	n/a	1	2	64933
129.882	n/a	1	2	64941
129.9	n/a	1	2	64950
129.916	n/a	1	2	64958
129.932	n/a	0	1	64966
129.948	n/a	0	1	64974
129.966	n/a	0	1	64983
129.982	n/a	0	1	64991
130.0	n/a	0	1	65000
130.016	n/a	0	1	65008
130.032	n/a	0	1	65016
130.05	n/a	0	1	65025
130.066	n/a	1	2	65033
130.082	n/a	1	2	65041
130.1	n/a	0	1	65050
130.116	n/a	0	1	65058
130.132	n/a	0	1	65066
130.15	n/a	0	1	65075
130.166	n/a	0	1	65083
130.182	n/a	0	1	65091
130.198	n/a	0	1	65099
130.216	n/a	0	1	65108
130.232	n/a	1	2	65116
130.25	n/a	1	2	65125
130.266	n/a	1	2	65133
130.282	n/a	1	2	65141
130.3	n/a	1	2	65150
130.316	n/a	1	2	65158
130.332	n/a	1	2	65166
130.35	n/a	1	2	65175
130.366	n/a	1	2	65183
130.382	n/a	1	2	65191
130.4	n/a	1	2	65200
130.416	n/a	1	2	65208
130.432	n/a	0	1	65216
130.448	n/a	0	1	65224
130.466	n/a	1	2	65233
130.482	n/a	1	2	65241
130.5	n/a	0	1	65250
130.516	n/a	0	1	65258
130.532	n/a	1	2	65266
130.55	n/a	1	2	65275
130.566	n/a	0	1	65283
130.582	n/a	0	1	65291
130.6	n/a	0	1	65300
130.616	n/a	0	1	65308
130.632	n/a	1	2	65316
130.65	n/a	1	2	65325
130.666	n/a	1	2	65333
130.682	n/a	1	2	65341
130.698	n/a	0	1	65349
130.716	n/a	0	1	65358
130.732	n/a	0	1	65366
132.216	n/a	1	2	66108
132.232	n/a	1	2	66116
132.25	n/a	1	2	66125
132.266	n/a	1	2	66133
132.282	n/a	1	2	66141
132.3	n/a	1	2	66150
132.316	n/a	1	2	66158
132.332	n/a	1	2	66166
132.35	n/a	1	2	66175
132.366	n/a	1	2	66183
132.382	n/a	1	2	66191
132.4	n/a	1	2	66200
132.416	n/a	1	2	66208
132.432	n/a	1	2	66216
132.45	n/a	0	1	66225
132.466	n/a	0	1	66233
132.482	n/a	0	1	66241
132.5	n/a	0	1	66250
132.516	n/a	1	2	66258
132.532	n/a	1	2	66266
132.55	n/a	1	2	66275
132.566	n/a	1	2	66283
132.582	n/a	0	1	66291
132.6	n/a	0	1	66300
132.616	n/a	0	1	66308
132.632	n/a	0	1	66316
132.65	n/a	1	2	66325
132.666	n/a	1	2	66333
132.682	n/a	1	2	66341
132.7	n/a	1	2	66350
132.716	n/a	0	1	66358
132.732	n/a	0	1	66366
132.75	n/a	0	1	66375
132.766	n/a	0	1	66383
132.782	n/a	1	2	66391
132.8	n/a	1	2	66400
132.816	n/a	0	1	66408
132.832	n/a	0	1	66416
132.85	n/a	1	2	66425
132.866	n/a	1	2	66433
132.882	n/a	1	2	66441
132.9	n/a	1	2	66450
132.916	n/a	0	1	66458
132.932	n/a	0	1	66466
132.95	n/a	1	2	66475
132.966	n/a	1	2	66483
132.982	n/a	0	1	66491
133.0	n/a	0	1	66500
133.016	n/a	0	1	66508
133.032	n/a	0	1	66516
133.05	n/a	1	2	66525
133.066	n/a	1	2	66533
133.082	n/a	0	1	66541
133.1	n/a	0	1	66550
133.116	n/a	1	2	66558
133.132	n/a	1	2	66566
133.15	n/a	1	2	66575
133.166	n/a	1	2	66583
133.182	n/a	1	2	66591
133.2	n/a	1	2	66600
133.216	n/a	0	1	66608
133.232	n/a	0	1	66616
133.25	n/a	0	1	66625
133.266	n/a	0	1	66633
133.282	n/a	0	1	66641
133.3	n/a	0	1	66650
133.316	n/a	1	2	66658
133.332	n/a	1	2	66666
133.35	n/a	0	1	66675
133.366	n/a	0	1	66683
133.382	n/a	1	2	66691
133.4	n/a	1	2	66700
133.416	n/a	1	2	66708
133.432	n/a	1	2	66716
133.45	n/a	1	2	66725
133.466	n/a	1	2	66733
133.482	n/a	0	1	66741
133.5	n/a	0	1	66750
133.516	n/a	0	1	66758
133.532	n/a	0	1	66766
133.55	n/a	1	2	66775
133.566	n/a	1	2	66783
133.582	n/a	0	1	66791
133.6	n/a	0	1	66800
133.616	n/a	1	2	66808
133.632	n/a	1	2	66816
133.65	n/a	0	1	66825
133.666	n/a	0	1	66833
133.682	n/a	0	1	66841
133.7	n/a	0	1	66850
133.716	n/a	0	1	66858
133.732	n/a	0	1	66866
133.75	n/a	1	2	66875
133.766	n/a	1	2	66883
133.782	n/a	1	2	66891
133.8	n/a	1	2	66900
133.816	n/a	0	1	66908
133.832	n/a	0	1	66916
133.85	n/a	1	2	66925
133.866	n/a	1	2	66933
133.882	n/a	0	1	66941
133.9	n/a	0	1	66950
133.916	n/a	0	1	66958
133.932	n/a	0	1	66966
133.95	n/a	0	1	66975
133.966	n/a	0	1	66983
133.982	n/a	1	2	66991
134.0	n/a	1	2	67000
134.016	n/a	0	1	67008
134.032	n/a	0	1	67016
134.05	n/a	1	2	67025
134.066	n/a	1	2	67033
134.082	n/a	0	1	67041
134.1	n/a	0	1	67050
134.116	n/a	0	1	67058
134.132	n/a	0	1	67066
134.15	n/a	1	2	67075
135.632	n/a	0	1	67816
135.65	n/a	0	1	67825
135.666	n/a	0	1	67833
135.682	n/a	0	1	67841
135.7	n/a	1	2	67850
135.716	n/a	1	2	67858
135.732	n/a	1	2	67866
135.75	n/a	1	2	67875
135.766	n/a	0	1	67883
135.782	n/a	0	1	67891
135.8	n/a	0	1	67900
135.816	n/a	0	1	67908
135.832	n/a	0	1	67916
135.85	n/a	0	1	67925
135.866	n/a	0	1	67933
135.882	n/a	0	1	67941
135.9	n/a	1	2	67950
135.916	n/a	1	2	67958
135.932	n/a	1	2	67966
135.95	n/a	1	2	67975
135.966	n/a	1	2	67983
135.982	n/a	1	2	67991
136.0	n/a	1	2	68000
136.016	n/a	1	2	68008
136.032	n/a	1	2	68016
136.05	n/a	1	2	68025
136.066	n/a	0	1	68033
136.082	n/a	0	1	68041
136.1	n/a	0	1	68050
136.116	n/a	0	1	68058
136.132	n/a	0	1	68066
136.15	n/a	0	1	68075
136.166	n/a	0	1	68083
136.182	n/a	0	1	68091
136.2	n/a	0	1	68100
136.216	n/a	0	1	68108
136.232	n/a	0	1	68116
136.25	n/a	0	1	68125
136.266	n/a	1	2	68133
136.282	n/a	1	2	68141
136.3	n/a	1	2	68150
136.316	n/a	1	2	68158
136.332	n/a	0	1	68166
136.35	n/a	0	1	68175
136.366	n/a	0	1	68183
136.382	n/a	0	1	68191
136.4	n/a	1	2	68200
136.416	n/a	1	2	68208
136.432	n/a	0	1	68216
136.45	n/a	0	1	68225
136.466	n/a	1	2	68233
136.482	n/a	1	2	68241
136.5	n/a	0	1	68250
136.516	n/a	0	1	68258
136.532	n/a	1	2	68266
136.55	n/a	1	2	68275
136.566	n/a	0	1	68283
136.582	n/a	0	1	68291
136.6	n/a	1	2	68300
136.616	n/a	1	2	68308
136.632	n/a	1	2	68316
136.65	n/a	1	2	68325
136.666	n/a	0	1	68333
136.682	n/a	0	1	68341
136.7	n/a	1	2	68350
136.716	n/a	1	2	68358
136.732	n/a	0	1	68366
136.75	n/a	0	1	68375
136.766	n/a	0	1	68383
136.782	n/a	0	1	68391
136.8	n/a	0	1	68400
136.816	n/a	0	1	68408
136.832	n/a	1	2	68416
136.85	n/a	1	2	68425
136.866	n/a	0	1	68433
136.882	n/a	0	1	68441
136.9	n/a	0	1	68450
136.916	n/a	0	1	68458
136.932	n/a	0	1	68466
136.95	n/a	0	1	68475
136.966	n/a	1	2	68483
136.982	n/a	1	2	68491
137.0	n/a	1	2	68500
137.016	n/a	1	2	68508
137.032	n/a	1	2	68516
137.05	n/a	1	2	68525
137.066	n/a	0	1	68533
137.082	n/a	0	1	68541
137.1	n/a	1	2	68550
137.116	n/a	1	2	68558
137.132	n/a	0	1	68566
137.15	n/a	0	1	68575
137.166	n/a	1	2	68583
137.182	n/a	1	2	68591
137.2	n/a	1	2	68600
137.216	n/a	1	2	68608
137.232	n/a	1	2	68616
137.25	n/a	1	2	68625
137.266	n/a	1	2	68633
137.282	n/a	1	2	68641
137.3	n/a	1	2	68650
137.316	n/a	1	2	68658
137.332	n/a	0	1	68666
137.35	n/a	0	1	68675
137.366	n/a	0	1	68683
137.382	n/a	0	1	68691
137.4	n/a	1	2	68700
137.416	n/a	1	2	68708
137.432	n/a	0	1	68716
137.45	n/a	0	1	68725
137.466	n/a	0	1	68733
137.482	n/a	0	1	68741
137.5	n/a	0	1	68750
137.516	n/a	0	1	68758
137.532	n/a	1	2	68766
137.55	n/a	1	2	68775
137.566	n/a	1	2	68783
139.05	n/a	1	2	69525
139.066	n/a	1	2	69533
139.082	n/a	1	2	69541
139.1	n/a	1	2	69550
139.116	n/a	0	1	69558
139.132	n/a	0	1	69566
139.15	n/a	0	1	69575
139.166	n/a	0	1	69583
139.182	n/a	0	1	69591
139.2	n/a	0	1	69600
139.216	n/a	0	1	69608
139.232	n/a	0	1	69616
139.25	n/a	1	2	69625
139.266	n/a	1	2	69633
139.282	n/a	0	1	69641
139.3	n/a	0	1	69650
139.316	n/a	0	1	69658
139.332	n/a	0	1	69666
139.35	n/a	1	2	69675
139.366	n/a	1	2	69683
139.382	n/a	1	2	69691
139.4	n/a	1	2	69700
139.416	n/a	0	1	69708
139.432	n/a	0	1	69716
139.45	n/a	0	1	69725
139.466	n/a	0	1	69733
139.482	n/a	0	1	69741
139.5	n/a	0	1	69750
139.516	n/a	0	1	69758
139.532	n/a	0	1	69766
139.55	n/a	0	1	69775
139.566	n/a	0	1	69783
139.582	n/a	0	1	69791
139.6	n/a	0	1	69800
139.616	n/a	1	2	69808
139.632	n/a	1	2	69816
139.65	n/a	0	1	69825
139.666	n/a	0	1	69833
139.682	n/a	1	2	69841
139.7	n/a	1	2	69850
139.716	n/a	1	2	69858
139.732	n/a	1	2	69866
139.75	n/a	0	1	69875
139.766	n/a	0	1	69883
139.782	n/a	1	2	69891
139.8	n/a	1	2	69900
139.816	n/a	0	1	69908
139.832	n/a	0	1	69916
139.85	n/a	1	2	69925
139.866	n/a	1	2	69933
139.882	n/a	0	1	69941
139.9	n/a	0	1	69950
139.916	n/a	1	2	69958
139.932	n/a	1	2	69966
139.95	n/a	0	1	69975
139.966	n/a	0	1	69983
139.982	n/a	0	1	69991
140.0	n/a	0	1	70000
140.016	n/a	0	1	70008
140.032	n/a	0	1	70016
140.05	n/a	1	2	70025
140.066	n/a	1	2	70033
140.082	n/a	1	2	70041
140.1	n/a	1	2	70050
140.116	n/a	1	2	70058
140.132	n/a	1	2	70066
140.15	n/a	0	1	70075
140.166	n/a	0	1	70083
140.182	n/a	1	2	70091
140.2	n/a	1	2	70100
140.216	n/a	1	2	70108
140.232	n/a	1	2	70116
140.25	n/a	1	2	70125
140.266	n/a	1	2	70133
140.282	n/a	0	1	70141
140.3	n/a	0	1	70150
140.316	n/a	1	2	70158
140.332	n/a	1	2	70166
140.35	n/a	0	1	70175
140.366	n/a	0	1	70183
140.382	n/a	1	2	70191
140.4	n/a	1	2	70200
140.416	n/a	1	2	70208
140.432	n/a	1	2	70216
140.45	n/a	0	1	70225
140.466	n/a	0	1	70233
140.482	n/a	0	1	70241
140.5	n/a	0	1	70250
140.516	n/a	0	1	70258
140.532	n/a	0	1	70266
140.55	n/a	1	2	70275
140.566	n/a	1	2	70283
140.582	n/a	1	2	70291
140.6	n/a	1	2	70300
140.616	n/a	0	1	70308
140.632	n/a	0	1	70316
140.65	n/a	1	2	70325
140.666	n/a	1	2	70333
140.682	n/a	1	2	70341
140.7	n/a	1	2	70350
140.716	n/a	1	2	70358
140.732	n/a	1	2	70366
140.75	n/a	0	1	70375
140.766	n/a	0	1	70383
140.782	n/a	0	1	70391
140.8	n/a	0	1	70400
140.816	n/a	0	1	70408
140.832	n/a	0	1	70416
140.85	n/a	0	1	70425
140.866	n/a	0	1	70433
140.882	n/a	0	1	70441
140.9	n/a	0	1	70450
140.916	n/a	1	2	70458
140.932	n/a	1	2	70466
140.95	n/a	1	2	70475
140.966	n/a	1	2	70483
140.982	n/a	1	2	70491
143.332	n/a	1	2	71666
143.35	n/a	1	2	71675
143.366	n/a	1	2	71683
143.382	n/a	1	2	71691
143.4	n/a	0	1	71700
143.416	n/a	0	1	71708
143.432	n/a	0	1	71716
143.45	n/a	0	1	71725
143.466	n/a	0	1	71733
143.482	n/a	0	1	71741
143.5	n/a	0	1	71750
143.516	n/a	0	1	71758
143.532	n/a	1	2	71766
143.55	n/a	1	2	71775
143.566	n/a	0	1	71783
143.582	n/a	0	1	71791
143.6	n/a	0	1	71800
143.616	n/a	0	1	71808
143.632	n/a	1	2	71816
143.65	n/a	1	2	71825
143.666	n/a	1	2	71833
143.682	n/a	1	2	71841
143.7	n/a	0	1	71850
143.716	n/a	0	1	71858
143.732	n/a	0	1	71866
143.75	n/a	0	1	71875
143.766	n/a	0	1	71883
143.782	n/a	0	1	71891
143.8	n/a	0	1	71900
143.816	n/a	0	1	71908
143.832	n/a	0	1	71916
143.85	n/a	0	1	71925
143.866	n/a	0	1	71933
143.882	n/a	0	1	71941
143.9	n/a	1	2	71950
143.916	n/a	1	2	71958
143.932	n/a	0	1	71966
143.95	n/a	0	1	71975
143.966	n/a	1	2	71983
143.982	n/a	1	2	71991
144.0	n/a	1	2	72000
144.016	n/a	1	2	72008
144.032	n/a	0	1	72016
144.05	n/a	0	1	72025
144.066	n/a	1	2	72033
144.082	n/a	1	2	72041
144.1	n/a	0	1	72050
144.116	n/a	0	1	72058
144.132	n/a	1	2	72066
144.15	n/a	1	2	72075
144.166	n/a	0	1	72083
144.182	n/a	0	1	72091
144.2	n/a	1	2	72100
144.216	n/a	1	2	72108
144.232	n/a	0	1	72116
144.25	n/a	0	1	72125
144.266	n/a	0	1	72133
144.282	n/a	0	1	72141
144.3	n/a	0	1	72150
144.316	n/a	0	1	72158
144.332	n/a	1	2	72166
144.35	n/a	1	2	72175
144.366	n/a	1	2	72183
144.382	n/a	1	2	72191
144.4	n/a	1	2	72200
144.416	n/a	1	2	72208
144.432	n/a	0	1	72216
144.45	n/a	0	1	72225
144.466	n/a	1	2	72233
144.482	n/a	1	2	72241
144.5	n/a	1	2	72250
144.516	n/a	1	2	72258
144.532	n/a	1	2	72266
144.55	n/a	1	2	72275
144.566	n/a	0	1	72283
144.582	n/a	0	1	72291
144.6	n/a	1	2	72300
144.616	n/a	1	2	72308
144.632	n/a	0	1	72316
144.65	n/a	0	1	72325
144.666	n/a	1	2	72333
144.682	n/a	1	2	72341
144.7	n/a	1	2	72350
144.716	n/a	1	2	72358
144.732	n/a	0	1	72366
144.75	n/a	0	1	72375
144.766	n/a	0	1	72383
144.782	n/a	0	1	72391
144.8	n/a	0	1	72400
144.816	n/a	0	1	72408
144.832	n/a	1	2	72416
144.85	n/a	1	2	72425
144.866	n/a	1	2	72433
144.882	n/a	1	2	72441
144.9	n/a	0	1	72450
144.916	n/a	0	1	72458
144.932	n/a	1	2	72466
144.95	n/a	1	2	72475
144.966	n/a	1	2	72483
144.982	n/a	1	2	72491
145.0	n/a	1	2	72500
145.016	n/a	1	2	72508
145.032	n/a	0	1	72516
145.05	n/a	0	1	72525
145.066	n/a	0	1	72533
145.082	n/a	0	1	72541
145.1	n/a	0	1	72550
145.116	n/a	0	1	72558
145.132	n/a	0	1	72566
145.15	n/a	0	1	72575
145.166	n/a	0	1	72583
145.182	n/a	0	1	72591
145.2	n/a	1	2	72600
145.216	n/a	1	2	72608
145.232	n/a	1	2	72616
145.25	n/a	1	2	72625
145.266	n/a	1	2	72633
146.75	n/a	0	1	73375
146.766	n/a	0	1	73383
146.782	n/a	0	1	73391
146.8	n/a	0	1	73400
146.816	n/a	1	2	73408
146.832	n/a	1	2	73416
146.85	n/a	1	2	73425
146.866	n/a	1	2	73433
146.882	n/a	0	1	73441
146.9	n/a	0	1	73450
146.916	n/a	0	1	73458
146.932	n/a	0	1	73466
146.95	n/a	0	1	73475
146.966	n/a	0	1	73483
146.982	n/a	0	1	73491
147.0	n/a	0	1	73500
147.016	n/a	1	2	73508
147.032	n/a	1	2	73516
147.05	n/a	1	2	73525
147.066	n/a	1	2	73533
147.082	n/a	1	2	73541
147.1	n/a	1	2	73550
147.116	n/a	1	2	73558
147.132	n/a	1	2	73566
147.15	n/a	1	2	73575
147.166	n/a	1	2	73583
147.182	n/a	0	1	73591
147.2	n/a	0	1	73600
147.216	n/a	0	1	73608
147.232	n/a	0	1	73616
147.25	n/a	0	1	73625
147.266	n/a	0	1	73633
147.282	n/a	0	1	73641
147.3	n/a	0	1	73650
147.316	n/a	0	1	73658
147.332	n/a	0	1	73666
147.35	n/a	0	1	73675
147.366	n/a	0	1	73683
147.382	n/a	1	2	73691
147.4	n/a	1	2	73700
147.416	n/a	1	2	73708
147.432	n/a	1	2	73716
147.45	n/a	0	1	73725
147.466	n/a	0	1	73733
147.482	n/a	0	1	73741
147.5	n/a	0	1	73750
147.516	n/a	1	2	73758
147.532	n/a	1	2	73766
147.55	n/a	0	1	73775
147.566	n/a	0	1	73783
147.582	n/a	1	2	73791
147.6	n/a	1	2	73800
147.616	n/a	0	1	73808
147.632	n/a	0	1	73816
147.65	n/a	1	2	73825
147.666	n/a	1	2	73833
147.682	n/a	0	1	73841
147.7	n/a	0	1	73850
147.716	n/a	1	2	73858
147.732	n/a	1	2	73866
147.75	n/a	1	2	73875
147.766	n/a	1	2	73883
147.782	n/a	0	1	73891
147.8	n/a	0	1	73900
147.816	n/a	1	2	73908
147.832	n/a	1	2	73916
147.85	n/a	0	1	73925
147.866	n/a	0	1	73933
147.882	n/a	0	1	73941
147.9	n/a	0	1	73950
147.916	n/a	0	1	73958
147.932	n/a	0	1	73966
147.95	n/a	1	2	73975
147.966	n/a	1	2	73983
147.982	n/a	0	1	73991
148.0	n/a	0	1	74000
148.016	n/a	0	1	74008
148.032	n/a	0	1	74016
148.05	n/a	0	1	74025
148.066	n/a	0	1	74033
148.082	n/a	1	2	74041
148.1	n/a	1	2	74050
148.116	n/a	1	2	74058
148.132	n/a	1	2	74066
148.15	n/a	1	2	74075
148.166	n/a	1	2	74083
148.182	n/a	0	1	74091
148.2	n/a	0	1	74100
148.216	n/a	1	2	74108
148.232	n/a	1	2	74116
148.25	n/a	0	1	74125
148.266	n/a	0	1	74133
148.282	n/a	1	2	74141
148.3	n/a	1	2	74150
148.316	n/a	1	2	74158
148.332	n/a	1	2	74166
148.35	n/a	1	2	74175
148.366	n/a	1	2	74183
148.382	n/a	1	2	74191
148.4	n/a	1	2	74200
148.416	n/a	1	2	74208
148.432	n/a	1	2	74216
148.45	n/a	0	1	74225
148.466	n/a	0	1	74233
148.482	n/a	0	1	74241
148.5	n/a	0	1	74250
148.516	n/a	1	2	74258
148.532	n/a	1	2	74266
148.55	n/a	0	1	74275
148.566	n/a	0	1	74283
148.582	n/a	0	1	74291
148.6	n/a	0	1	74300
148.616	n/a	0	1	74308
148.632	n/a	0	1	74316
148.65	n/a	1	2	74325
148.666	n/a	1	2	74333
148.682	n/a	1	2	74341
150.166	n/a	1	2	75083
150.182	n/a	1	2	75091
150.2	n/a	1	2	75100
150.216	n/a	1	2	75108
150.232	n/a	1	2	75116
150.25	n/a	1	2	75125
150.266	n/a	1	2	75133
150.282	n/a	1	2	75141
150.3	n/a	1	2	75150
150.316	n/a	1	2	75158
150.332	n/a	1	2	75166
150.35	n/a	1	2	75175
150.366	n/a	1	2	75183
150.382	n/a	1	2	75191
150.4	n/a	0	1	75200
150.416	n/a	0	1	75208
150.432	n/a	0	1	75216
150.45	n/a	0	1	75225
150.466	n/a	1	2	75233
150.482	n/a	1	2	75241
150.5	n/a	1	2	75250
150.516	n/a	1	2	75258
150.532	n/a	0	1	75266
150.55	n/a	0	1	75275
150.566	n/a	0	1	75283
150.582	n/a	0	1	75291
150.6	n/a	1	2	75300
150.616	n/a	1	2	75308
150.632	n/a	1	2	75316
150.65	n/a	1	2	75325
150.666	n/a	0	1	75333
150.682	n/a	0	1	75341
150.7	n/a	0	1	75350
150.716	n/a	0	1	75358
150.732	n/a	1	2	75366
150.75	n/a	1	2	75375
150.766	n/a	0	1	75383
150.782	n/a	0	1	75391
150.8	n/a	1	2	75400
150.816	n/a	1	2	75408
150.832	n/a	1	2	75416
150.85	n/a	1	2	75425
150.866	n/a	0	1	75433
150.882	n/a	0	1	75441
150.9	n/a	1	2	75450
150.916	n/a	1	2	75458
150.932	n/a	0	1	75466
150.95	n/a	0	1	75475
150.966	n/a	0	1	75483
150.982	n/a	0	1	75491
151.0	n/a	1	2	75500
151.016	n/a	1	2	75508
151.032	n/a	0	1	75516
151.05	n/a	0	1	75525
151.066	n/a	1	2	75533
151.082	n/a	1	2	75541
151.1	n/a	1	2	75550
151.116	n/a	1	2	75558
151.132	n/a	1	2	75566
151.15	n/a	1	2	75575
151.166	n/a	0	1	75583
151.182	n/a	0	1	75591
151.2	n/a	0	1	75600
151.216	n/a	0	1	75608
151.232	n/a	0	1	75616
151.25	n/a	0	1	75625
151.266	n/a	1	2	75633
151.282	n/a	1	2	75641
151.3	n/a	0	1	75650
151.316	n/a	0	1	75658
151.332	n/a	1	2	75666
151.35	n/a	1	2	75675
151.366	n/a	1	2	75683
151.382	n/a	1	2	75691
151.4	n/a	1	2	75700
151.416	n/a	1	2	75708
151.432	n/a	0	1	75716
151.45	n/a	0	1	75725
151.466	n/a	0	1	75733
151.482	n/a	0	1	75741
151.5	n/a	1	2	75750
151.516	n/a	1	2	75758
151.532	n/a	0	1	75766
151.55	n/a	0	1	75775
151.566	n/a	1	2	75783
151.582	n/a	1	2	75791
151.6	n/a	0	1	75800
151.616	n/a	0	1	75808
151.632	n/a	0	1	75816
151.65	n/a	0	1	75825
151.666	n/a	0	1	75833
151.682	n/a	0	1	75841
151.7	n/a	1	2	75850
151.716	n/a	1	2	75858
151.732	n/a	1	2	75866
151.75	n/a	1	2	75875
151.766	n/a	0	1	75883
151.782	n/a	0	1	75891
151.8	n/a	1	2	75900
151.816	n/a	1	2	75908
151.832	n/a	0	1	75916
151.85	n/a	0	1	75925
151.866	n/a	0	1	75933
151.882	n/a	0	1	75941
151.9	n/a	0	1	75950
151.916	n/a	0	1	75958
151.932	n/a	1	2	75966
151.95	n/a	1	2	75975
151.966	n/a	0	1	75983
151.982	n/a	0	1	75991
152.0	n/a	1	2	76000
152.016	n/a	1	2	76008
152.032	n/a	0	1	76016
152.05	n/a	0	1	76025
152.066	n/a	0	1	76033
152.082	n/a	0	1	76041
152.1	n/a	1	2	76050
153.582	n/a	1	2	76791
153.6	n/a	1	2	76800
153.616	n/a	1	2	76808
153.632	n/a	1	2	76816
153.65	n/a	0	1	76825
153.666	n/a	0	1	76833
153.682	n/a	1	2	76841
153.7	n/a	1	2	76850
153.716	n/a	1	2	76858
153.732	n/a	1	2	76866
153.75	n/a	0	1	76875
153.766	n/a	0	1	76883
153.782	n/a	1	2	76891
153.8	n/a	1	2	76900
153.816	n/a	1	2	76908
153.832	n/a	1	2	76916
153.85	n/a	0	1	76925
153.866	n/a	0	1	76933
153.882	n/a	1	2	76941
153.9	n/a	1	2	76950
153.916	n/a	1	2	76958
153.932	n/a	1	2	76966
153.95	n/a	0	1	76975
153.966	n/a	0	1	76983
153.982	n/a	0	1	76991
154.0	n/a	0	1	77000
154.016	n/a	0	1	77008
154.032	n/a	0	1	77016
154.05	n/a	1	2	77025
154.066	n/a	1	2	77033
154.082	n/a	1	2	77041
154.1	n/a	1	2	77050
154.116	n/a	1	2	77058
154.132	n/a	1	2	77066
154.15	n/a	0	1	77075
154.166	n/a	0	1	77083
154.182	n/a	0	1	77091
154.2	n/a	0	1	77100
154.216	n/a	0	1	77108
154.232	n/a	0	1	77116
154.25	n/a	1	2	77125
154.266	n/a	1	2	77133
154.282	n/a	1	2	77141
154.3	n/a	1	2	77150
154.316	n/a	1	2	77158
154.332	n/a	1	2	77166
154.35	n/a	1	2	77175
154.366	n/a	1	2	77183
154.382	n/a	1	2	77191
154.4	n/a	1	2	77200
154.416	n/a	0	1	77208
154.432	n/a	0	1	77216
154.45	n/a	0	1	77225
154.466	n/a	0	1	77233
154.482	n/a	1	2	77241
154.5	n/a	1	2	77250
154.516	n/a	0	1	77258
154.532	n/a	0	1	77266
154.55	n/a	1	2	77275
154.566	n/a	1	2	77283
154.582	n/a	0	1	77291
154.6	n/a	0	1	77300
154.616	n/a	0	1	77308
154.632	n/a	0	1	77316
154.65	n/a	1	2	77325
154.666	n/a	1	2	77333
154.682	n/a	1	2	77341
154.7	n/a	1	2	77350
154.716	n/a	0	1	77358
154.732	n/a	0	1	77366
154.75	n/a	0	1	77375
154.766	n/a	0	1	77383
154.782	n/a	0	1	77391
154.8	n/a	0	1	77400
154.816	n/a	0	1	77408
154.832	n/a	0	1	77416
154.85	n/a	1	2	77425
154.866	n/a	1	2	77433
154.882	n/a	0	1	77441
154.9	n/a	0	1	77450
154.916	n/a	0	1	77458
154.932	n/a	0	1	77466
154.95	n/a	0	1	77475
154.966	n/a	0	1	77483
154.982	n/a	0	1	77491
155.0	n/a	0	1	77500
155.016	n/a	1	2	77508
155.032	n/a	1	2	77516
155.05	n/a	1	2	77525
155.066	n/a	1	2	77533
155.082	n/a	1	2	77541
155.1	n/a	1	2	77550
155.116	n/a	1	2	77558
155.132	n/a	1	2	77566
155.15	n/a	1	2	77575
155.166	n/a	1	2	77583
155.182	n/a	1	2	77591
155.2	n/a	1	2	77600
155.216	n/a	0	1	77608
155.232	n/a	0	1	77616
155.25	n/a	1	2	77625
155.266	n/a	1	2	77633
155.282	n/a	0	1	77641
155.3	n/a	0	1	77650
155.316	n/a	1	2	77658
155.332	n/a	1	2	77666
155.35	n/a	0	1	77675
155.366	n/a	0	1	77683
155.382	n/a	0	1	77691
155.4	n/a	0	1	77700
155.416	n/a	1	2	77708
155.432	n/a	1	2	77716
155.45	n/a	1	2	77725
155.466	n/a	1	2	77733
155.482	n/a	0	1	77741
155.5	n/a	0	1	77750
155.516	n/a	0	1	77758
157.716	n/a	1	2	78858
157.732	n/a	1	2	78866
157.75	n/a	1	2	78875
157.766	n/a	1	2	78883
157.782	n/a	1	2	78891
157.8	n/a	1	2	78900
157.816	n/a	1	2	78908
157.832	n/a	1	2	78916
157.85	n/a	1	2	78925
157.866	n/a	1	2	78933
157.882	n/a	1	2	78941
157.9	n/a	1	2	78950
157.916	n/a	1	2	78958
157.932	n/a	1	2	78966
157.95	n/a	0	1	78975
157.966	n/a	0	1	78983
157.982	n/a	0	1	78991
158.0	n/a	0	1	79000
158.016	n/a	1	2	79008
158.032	n/a	1	2	79016
158.05	n/a	1	2	79025
158.066	n/a	1	2	79033
158.082	n/a	0	1	79041
158.1	n/a	0	1	79050
158.116	n/a	0	1	79058
158.132	n/a	0	1	79066
158.15	n/a	1	2	79075
158.166	n/a	1	2	79083
158.182	n/a	1	2	79091
158.2	n/a	1	2	79100
158.216	n/a	0	1	79108
158.232	n/a	0	1	79116
158.25	n/a	0	1	79125
158.266	n/a	0	1	79133
158.282	n/a	1	2	79141
158.3	n/a	1	2	79150
158.316	n/a	0	1	79158
158.332	n/a	0	1	79166
158.35	n/a	1	2	79175
158.366	n/a	1	2	79183
158.382	n/a	1	2	79191
158.4	n/a	1	2	79200
158.416	n/a	0	1	79208
158.432	n/a	0	1	79216
158.45	n/a	1	2	79225
158.466	n/a	1	2	79233
158.482	n/a	0	1	79241
158.5	n/a	0	1	79250
158.516	n/a	0	1	79258
158.532	n/a	0	1	79266
158.55	n/a	1	2	79275
158.566	n/a	1	2	79283
158.582	n/a	0	1	79291
158.6	n/a	0	1	79300
158.616	n/a	1	2	79308
158.632	n/a	1	2	79316
158.65	n/a	1	2	79325
158.666	n/a	1	2	79333
158.682	n/a	1	2	79341
158.7	n/a	1	2	79350
158.716	n/a	0	1	79358
158.732	n/a	0	1	79366
158.75	n/a	0	1	79375
158.766	n/a	0	1	79383
158.782	n/a	0	1	79391
158.8	n/a	0	1	79400
158.816	n/a	1	2	79408
158.832	n/a	1	2	79416
158.85	n/a	0	1	79425
158.866	n/a	0	1	79433
158.882	n/a	1	2	79441
158.9	n/a	1	2	79450
158.916	n/a	1	2	79458
158.932	n/a	1	2	79466
158.95	n/a	1	2	79475
158.966	n/a	1	2	79483
158.982	n/a	0	1	79491
159.0	n/a	0	1	79500
159.016	n/a	0	1	79508
159.032	n/a	0	1	79516
159.05	n/a	1	2	79525
159.066	n/a	1	2	79533
159.082	n/a	0	1	79541
159.1	n/a	0	1	79550
159.116	n/a	1	2	79558
159.132	n/a	1	2	79566
159.15	n/a	0	1	79575
159.166	n/a	0	1	79583
159.182	n/a	0	1	79591
159.2	n/a	0	1	79600
159.216	n/a	0	1	79608
159.232	n/a	0	1	79616
159.25	n/a	1	2	79625
159.266	n/a	1	2	79633
159.282	n/a	1	2	79641
159.3	n/a	1	2	79650
159.316	n/a	0	1	79658
159.332	n/a	0	1	79666
159.35	n/a	1	2	79675
159.366	n/a	1	2	79683
159.382	n/a	0	1	79691
159.4	n/a	0	1	79700
159.416	n/a	0	1	79708
159.432	n/a	0	1	79716
159.45	n/a	0	1	79725
159.466	n/a	0	1	79733
159.482	n/a	1	2	79741
159.5	n/a	1	2	79750
159.516	n/a	0	1	79758
159.532	n/a	0	1	79766
159.55	n/a	1	2	79775
159.566	n/a	1	2	79783
159.582	n/a	0	1	79791
159.6	n/a	0	1	79800
159.616	n/a	0	1	79808
159.632	n/a	0	1	79816
159.65	n/a	1	2	79825
161.132	n/a	1	2	80566
161.15	n/a	1	2	80575
161.166	n/a	1	2	80583
161.182	n/a	1	2	80591
161.2	n/a	0	1	80600
161.216	n/a	0	1	80608
161.232	n/a	1	2	80616
161.25	n/a	1	2	80625
161.266	n/a	1	2	80633
161.282	n/a	1	2	80641
161.3	n/a	0	1	80650
161.316	n/a	0	1	80658
161.332	n/a	1	2	80666
161.35	n/a	1	2	80675
161.366	n/a	1	2	80683
161.382	n/a	1	2	80691
161.4	n/a	0	1	80700
161.416	n/a	0	1	80708
161.432	n/a	1	2	80716
161.45	n/a	1	2	80725
161.466	n/a	1	2	80733
161.482	n/a	1	2	80741
161.5	n/a	0	1	80750
161.516	n/a	0	1	80758
161.532	n/a	0	1	80766
161.55	n/a	0	1	80775
161.566	n/a	0	1	80783
161.582	n/a	0	1	80791
161.6	n/a	1	2	80800
161.616	n/a	1	2	80808
161.632	n/a	1	2	80816
161.65	n/a	1	2	80825
161.666	n/a	1	2	80833
161.682	n/a	1	2	80841
161.7	n/a	0	1	80850
161.716	n/a	0	1	80858
161.732	n/a	0	1	80866
161.75	n/a	0	1	80875
161.766	n/a	0	1	80883
161.782	n/a	0	1	80891
161.8	n/a	1	2	80900
161.816	n/a	1	2	80908
161.832	n/a	1	2	80916
161.85	n/a	1	2	80925
161.866	n/a	1	2	80933
161.882	n/a	1	2	80941
161.9	n/a	1	2	80950
161.916	n/a	1	2	80958
161.932	n/a	1	2	80966
161.95	n/a	1	2	80975
161.966	n/a	0	1	80983
161.982	n/a	0	1	80991
162.0	n/a	0	1	81000
162.016	n/a	0	1	81008
162.032	n/a	1	2	81016
162.05	n/a	1	2	81025
162.066	n/a	0	1	81033
162.082	n/a	0	1	81041
162.1	n/a	1	2	81050
162.116	n/a	1	2	81058
162.132	n/a	0	1	81066
162.15	n/a	0	1	81075
162.166	n/a	0	1	81083
162.182	n/a	0	1	81091
162.2	n/a	1	2	81100
162.216	n/a	1	2	81108
162.232	n/a	1	2	81116
162.25	n/a	1	2	81125
162.266	n/a	0	1	81133
162.282	n/a	0	1	81141
162.3	n/a	0	1	81150
162.316	n/a	0	1	81158
162.332	n/a	0	1	81166
162.35	n/a	0	1	81175
162.366	n/a	0	1	81183
162.382	n/a	0	1	81191
162.4	n/a	1	2	81200
162.416	n/a	1	2	81208
162.432	n/a	0	1	81216
162.45	n/a	0	1	81225
162.466	n/a	0	1	81233
162.482	n/a	0	1	81241
162.5	n/a	0	1	81250
162.516	n/a	0	1	81258
162.532	n/a	0	1	81266
162.55	n/a	0	1	81275
162.566	n/a	1	2	81283
162.582	n/a	1	2	81291
162.6	n/a	1	2	81300
162.616	n/a	1	2	81308
162.632	n/a	1	2	81316
162.65	n/a	1	2	81325
162.666	n/a	1	2	81333
162.682	n/a	1	2	81341
162.7	n/a	1	2	81350
162.716	n/a	1	2	81358
162.732	n/a	1	2	81366
162.75	n/a	1	2	81375
162.766	n/a	0	1	81383
162.782	n/a	0	1	81391
162.8	n/a	1	2	81400
162.816	n/a	1	2	81408
162.832	n/a	0	1	81416
162.85	n/a	0	1	81425
162.866	n/a	1	2	81433
162.882	n/a	1	2	81441
162.9	n/a	0	1	81450
162.916	n/a	0	1	81458
162.932	n/a	0	1	81466
162.95	n/a	0	1	81475
162.966	n/a	1	2	81483
162.982	n/a	1	2	81491
163.0	n/a	1	2	81500
163.016	n/a	1	2	81508
163.032	n/a	0	1	81516
163.05	n/a	0	1	81525
163.066	n/a	0	1	81533
164.55	n/a	1	2	82275
164.566	n/a	1	2	82283
164.582	n/a	1	2	82291
164.6	n/a	1	2	82300
164.616	n/a	0	1	82308
164.632	n/a	0	1	82316
164.65	n/a	0	1	82325
164.666	n/a	0	1	82333
164.682	n/a	0	1	82341
164.7	n/a	0	1	82350
164.716	n/a	0	1	82358
164.732	n/a	0	1	82366
164.75	n/a	1	2	82375
164.766	n/a	1	2	82383
164.782	n/a	0	1	82391
164.8	n/a	0	1	82400
164.816	n/a	0	1	82408
164.832	n/a	0	1	82416
164.85	n/a	1	2	82425
164.866	n/a	1	2	82433
164.882	n/a	1	2	82441
164.9	n/a	1	2	82450
164.916	n/a	0	1	82458
164.932	n/a	0	1	82466
164.95	n/a	0	1	82475
164.966	n/a	0	1	82483
164.982	n/a	0	1	82491
165.0	n/a	0	1	82500
165.016	n/a	0	1	82508
165.032	n/a	0	1	82516
165.05	n/a	0	1	82525
165.066	n/a	0	1	82533
165.082	n/a	0	1	82541
165.1	n/a	0	1	82550
165.116	n/a	1	2	82558
165.132	n/a	1	2	82566
165.15	n/a	0	1	82575
165.166	n/a	0	1	82583
165.182	n/a	1	2	82591
165.2	n/a	1	2	82600
165.216	n/a	1	2	82608
165.232	n/a	1	2	82616
165.25	n/a	0	1	82625
165.266	n/a	0	1	82633
165.282	n/a	1	2	82641
165.3	n/a	1	2	82650
165.316	n/a	0	1	82658
165.332	n/a	0	1	82666
165.35	n/a	1	2	82675
165.366	n/a	1	2	82683
165.382	n/a	0	1	82691
165.4	n/a	0	1	82700
165.416	n/a	1	2	82708
165.432	n/a	1	2	82716
165.45	n/a	0	1	82725
165.466	n/a	0	1	82733
165.482	n/a	0	1	82741
165.5	n/a	0	1	82750
165.516	n/a	0	1	82758
165.532	n/a	0	1	82766
165.55	n/a	1	2	82775
165.566	n/a	1	2	82783
165.582	n/a	1	2	82791
165.6	n/a	1	2	82800
165.616	n/a	1	2	82808
165.632	n/a	1	2	82816
165.65	n/a	0	1	82825
165.666	n/a	0	1	82833
165.682	n/a	1	2	82841
165.7	n/a	1	2	82850
165.716	n/a	1	2	82858
165.732	n/a	1	2	82866
165.75	n/a	1	2	82875
165.766	n/a	1	2	82883
165.782	n/a	0	1	82891
165.8	n/a	0	1	82900
165.816	n/a	1	2	82908
165.832	n/a	1	2	82916
165.85	n/a	0	1	82925
165.866	n/a	0	1	82933
165.882	n/a	1	2	82941
165.9	n/a	1	2	82950
165.916	n/a	1	2	82958
165.932	n/a	1	2	82966
165.95	n/a	0	1	82975
165.966	n/a	0	1	82983
165.982	n/a	0	1	82991
166.0	n/a	0	1	83000
166.016	n/a	0	1	83008
166.032	n/a	0	1	83016
166.05	n/a	1	2	83025
166.066	n/a	1	2	83033
166.082	n/a	1	2	83041
166.1	n/a	1	2	83050
166.116	n/a	0	1	83058
166.132	n/a	0	1	83066
166.15	n/a	1	2	83075
166.166	n/a	1	2	83083
166.182	n/a	1	2	83091
166.2	n/a	1	2	83100
166.216	n/a	1	2	83108
166.232	n/a	1	2	83116
166.25	n/a	0	1	83125
166.266	n/a	0	1	83133
166.282	n/a	0	1	83141
166.3	n/a	0	1	83150
166.316	n/a	0	1	83158
166.332	n/a	0	1	83166
166.35	n/a	0	1	83175
166.366	n/a	0	1	83183
166.382	n/a	0	1	83191
166.4	n/a	0	1	83200
166.416	n/a	1	2	83208
166.432	n/a	1	2	83216
166.45	n/a	1	2	83225
166.466	n/a	1	2	83233
166.482	n/a	1	2	83241
167.966	n/a	0	1	83983
167.982	n/a	0	1	83991
168.0	n/a	0	1	84000
168.016	n/a	0	1	84008
168.032	n/a	1	2	84016
168.05	n/a	1	2	84025
168.066	n/a	1	2	84033
168.082	n/a	1	2	84041
168.1	n/a	0	1	84050
168.116	n/a	0	1	84058
168.132	n/a	0	1	84066
168.15	n/a	0	1	84075
168.166	n/a	0	1	84083
168.182	n/a	0	1	84091
168.2	n/a	0	1	84100
168.216	n/a	0	1	84108
168.232	n/a	1	2	84116
168.25	n/a	1	2	84125
168.266	n/a	1	2	84133
168.282	n/a	1	2	84141
168.3	n/a	1	2	84150
168.316	n/a	1	2	84158
168.332	n/a	1	2	84166
168.35	n/a	1	2	84175
168.366	n/a	1	2	84183
168.382	n/a	1	2	84191
168.4	n/a	0	1	84200
168.416	n/a	0	1	84208
168.432	n/a	0	1	84216
168.45	n/a	0	1	84225
168.466	n/a	0	1	84233
168.482	n/a	0	1	84241
168.5	n/a	0	1	84250
168.516	n/a	0	1	84258
168.532	n/a	0	1	84266
168.55	n/a	0	1	84275
168.566	n/a	0	1	84283
168.582	n/a	0	1	84291
168.6	n/a	1	2	84300
168.616	n/a	1	2	84308
168.632	n/a	1	2	84316
168.65	n/a	1	2	84325
168.666	n/a	0	1	84333
168.682	n/a	0	1	84341
168.7	n/a	0	1	84350
168.716	n/a	0	1	84358
168.732	n/a	1	2	84366
168.75	n/a	1	2	84375
168.766	n/a	0	1	84383
168.782	n/a	0	1	84391
168.8	n/a	1	2	84400
168.816	n/a	1	2	84408
168.832	n/a	0	1	84416
168.85	n/a	0	1	84425
168.866	n/a	1	2	84433
168.882	n/a	1	2	84441
168.9	n/a	0	1	84450
168.916	n/a	0	1	84458
168.932	n/a	1	2	84466
168.95	n/a	1	2	84475
168.966	n/a	1	2	84483
168.982	n/a	1	2	84491
169.0	n/a	0	1	84500
169.016	n/a	0	1	84508
169.032	n/a	1	2	84516
169.05	n/a	1	2	84525
169.066	n/a	0	1	84533
169.082	n/a	0	1	84541
169.1	n/a	0	1	84550
169.116	n/a	0	1	84558
169.132	n/a	0	1	84566
169.15	n/a	0	1	84575
169.166	n/a	1	2	84583
169.182	n/a	1	2	84591
169.2	n/a	0	1	84600
169.216	n/a	0	1	84608
169.232	n/a	0	1	84616
169.25	n/a	0	1	84625
169.266	n/a	0	1	84633
169.282	n/a	0	1	84641
169.3	n/a	1	2	84650
169.316	n/a	1	2	84658
169.332	n/a	1	2	84666
169.35	n/a	1	2	84675
169.366	n/a	1	2	84683
169.382	n/a	1	2	84691
169.4	n/a	0	1	84700
169.416	n/a	0	1	84708
169.432	n/a	1	2	84716
169.45	n/a	1	2	84725
169.466	n/a	0	1	84733
169.482	n/a	0	1	84741
169.5	n/a	1	2	84750
169.516	n/a	1	2	84758
169.532	n/a	1	2	84766
169.55	n/a	1	2	84775
169.566	n/a	1	2	84783
169.582	n/a	1	2	84791
169.6	n/a	1	2	84800
169.616	n/a	1	2	84808
169.632	n/a	1	2	84816
169.65	n/a	1	2	84825
169.666	n/a	0	1	84833
169.682	n/a	0	1	84841
169.7	n/a	0	1	84850
169.716	n/a	0	1	84858
169.732	n/a	1	2	84866
169.75	n/a	1	2	84875
169.766	n/a	0	1	84883
169.782	n/a	0	1	84891
169.8	n/a	0	1	84900
169.816	n/a	0	1	84908
169.832	n/a	0	1	84916
169.85	n/a	0	1	84925
169.866	n/a	1	2	84933
169.882	n/a	1	2	84941
169.9	n/a	1	2	84950
172.132	n/a	1	2	86066
172.15	n/a	1	2	86075
172.166	n/a	1	2	86083
172.182	n/a	1	2	86091
172.2	n/a	0	1	86100
172.216	n/a	0	1	86108
172.232	n/a	1	2	86116
172.25	n/a	1	2	86125
172.266	n/a	1	2	86133
172.282	n/a	1	2	86141
172.3	n/a	0	1	86150
172.316	n/a	0	1	86158
172.332	n/a	1	2	86166
172.35	n/a	1	2	86175
172.366	n/a	1	2	86183
172.382	n/a	1	2	86191
172.4	n/a	0	1	86200
172.416	n/a	0	1	86208
172.432	n/a	1	2	86216
172.45	n/a	1	2	86225
172.466	n/a	1	2	86233
172.482	n/a	1	2	86241
172.5	n/a	0	1	86250
172.516	n/a	0	1	86258
172.532	n/a	0	1	86266
172.55	n/a	0	1	86275
172.566	n/a	0	1	86283
172.582	n/a	0	1	86291
172.6	n/a	1	2	86300
172.616	n/a	1	2	86308
172.632	n/a	1	2	86316
172.65	n/a	1	2	86325
172.666	n/a	1	2	86333
172.682	n/a	1	2	86341
172.7	n/a	0	1	86350
172.716	n/a	0	1	86358
172.732	n/a	0	1	86366
172.75	n/a	0	1	86375
172.766	n/a	0	1	86383
172.782	n/a	0	1	86391
172.8	n/a	1	2	86400
172.816	n/a	1	2	86408
172.832	n/a	1	2	86416
172.85	n/a	1	2	86425
172.866	n/a	1	2	86433
172.882	n/a	1	2	86441
172.9	n/a	1	2	86450
172.916	n/a	1	2	86458
172.932	n/a	1	2	86466
172.95	n/a	1	2	86475
172.966	n/a	0	1	86483
172.982	n/a	0	1	86491
173.0	n/a	0	1	86500
173.016	n/a	0	1	86508
173.032	n/a	1	2	86516
173.05	n/a	1	2	86525
173.066	n/a	0	1	86533
173.082	n/a	0	1	86541
173.1	n/a	1	2	86550
173.116	n/a	1	2	86558
173.132	n/a	0	1	86566
173.15	n/a	0	1	86575
173.166	n/a	0	1	86583
173.182	n/a	0	1	86591
173.2	n/a	1	2	86600
173.216	n/a	1	2	86608
173.232	n/a	1	2	86616
173.25	n/a	1	2	86625
173.266	n/a	0	1	86633
173.282	n/a	0	1	86641
173.3	n/a	0	1	86650
173.316	n/a	0	1	86658
173.332	n/a	0	1	86666
173.35	n/a	0	1	86675
173.366	n/a	0	1	86683
173.382	n/a	0	1	86691
173.4	n/a	1	2	86700
173.416	n/a	1	2	86708
173.432	n/a	0	1	86716
173.45	n/a	0	1	86725
173.466	n/a	0	1	86733
173.482	n/a	0	1	86741
173.5	n/a	0	1	86750
173.516	n/a	0	1	86758
173.532	n/a	0	1	86766
173.55	n/a	0	1	86775
173.566	n/a	1	2	86783
173.582	n/a	1	2	86791
173.6	n/a	1	2	86800
173.616	n/a	1	2	86808
173.632	n/a	1	2	86816
173.65	n/a	1	2	86825
173.666	n/a	1	2	86833
173.682	n/a	1	2	86841
173.7	n/a	1	2	86850
173.716	n/a	1	2	86858
173.732	n/a	1	2	86866
173.75	n/a	1	2	86875
173.766	n/a	0	1	86883
173.782	n/a	0	1	86891
173.8	n/a	1	2	86900
173.816	n/a	1	2	86908
173.832	n/a	0	1	86916
173.85	n/a	0	1	86925
173.866	n/a	1	2	86933
173.882	n/a	1	2	86941
173.9	n/a	0	1	86950
173.916	n/a	0	1	86958
173.932	n/a	0	1	86966
173.95	n/a	0	1	86975
173.966	n/a	1	2	86983
173.982	n/a	1	2	86991
174.0	n/a	1	2	87000
174.016	n/a	1	2	87008
174.032	n/a	0	1	87016
174.05	n/a	0	1	87025
174.066	n/a	0	1	87033
175.55	n/a	1	2	87775
175.566	n/a	1	2	87783
175.582	n/a	1	2	87791
175.6	n/a	1	2	87800
175.616	n/a	1	2	87808
175.632	n/a	1	2	87816
175.65	n/a	1	2	87825
175.666	n/a	1	2	87833
175.682	n/a	1	2	87841
175.7	n/a	1	2	87850
175.716	n/a	1	2	87858
175.732	n/a	1	2	87866
175.75	n/a	1	2	87875
175.766	n/a	1	2	87883
175.782	n/a	0	1	87891
175.8	n/a	0	1	87900
175.816	n/a	0	1	87908
175.832	n/a	0	1	87916
175.85	n/a	1	2	87925
175.866	n/a	1	2	87933
175.882	n/a	1	2	87941
175.9	n/a	1	2	87950
175.916	n/a	0	1	87958
175.932	n/a	0	1	87966
175.95	n/a	0	1	87975
175.966	n/a	0	1	87983
175.982	n/a	1	2	87991
176.0	n/a	1	2	88000
176.016	n/a	1	2	88008
176.032	n/a	1	2	88016
176.05	n/a	0	1	88025
176.066	n/a	0	1	88033
176.082	n/a	0	1	88041
176.1	n/a	0	1	88050
176.116	n/a	1	2	88058
176.132	n/a	1	2	88066
176.15	n/a	0	1	88075
176.166	n/a	0	1	88083
176.182	n/a	1	2	88091
176.2	n/a	1	2	88100
176.216	n/a	1	2	88108
176.232	n/a	1	2	88116
176.25	n/a	0	1	88125
176.266	n/a	0	1	88133
176.282	n/a	1	2	88141
176.3	n/a	1	2	88150
176.316	n/a	0	1	88158
176.332	n/a	0	1	88166
176.35	n/a	0	1	88175
176.366	n/a	0	1	88183
176.382	n/a	1	2	88191
176.4	n/a	1	2	88200
176.416	n/a	0	1	88208
176.432	n/a	0	1	88216
176.45	n/a	1	2	88225
176.466	n/a	1	2	88233
176.482	n/a	1	2	88241
176.5	n/a	1	2	88250
176.516	n/a	1	2	88258
176.532	n/a	1	2	88266
176.55	n/a	0	1	88275
176.566	n/a	0	1	88283
176.582	n/a	0	1	88291
176.6	n/a	0	1	88300
176.616	n/a	0	1	88308
176.632	n/a	0	1	88316
176.65	n/a	1	2	88325
176.666	n/a	1	2	88333
176.682	n/a	0	1	88341
176.7	n/a	0	1	88350
176.716	n/a	1	2	88358
176.732	n/a	1	2	88366
176.75	n/a	1	2	88375
176.766	n/a	1	2	88383
176.782	n/a	1	2	88391
176.8	n/a	1	2	88400
176.816	n/a	0	1	88408
176.832	n/a	0	1	88416
176.85	n/a	0	1	88425
176.866	n/a	0	1	88433
176.882	n/a	1	2	88441
176.9	n/a	1	2	88450
176.916	n/a	0	1	88458
176.932	n/a	0	1	88466
176.95	n/a	1	2	88475
176.966	n/a	1	2	88483
176.982	n/a	0	1	88491
177.0	n/a	0	1	88500
177.016	n/a	0	1	88508
177.032	n/a	0	1	88516
177.05	n/a	0	1	88525
177.066	n/a	0	1	88533
177.082	n/a	1	2	88541
177.1	n/a	1	2	88550
177.116	n/a	1	2	88558
177.132	n/a	1	2	88566
177.15	n/a	0	1	88575
177.166	n/a	0	1	88583
177.182	n/a	1	2	88591
177.2	n/a	1	2	88600
177.216	n/a	0	1	88608
177.232	n/a	0	1	88616
177.25	n/a	0	1	88625
177.266	n/a	0	1	88633
177.282	n/a	0	1	88641
177.3	n/a	0	1	88650
177.316	n/a	1	2	88658
177.332	n/a	1	2	88666
177.35	n/a	0	1	88675
177.366	n/a	0	1	88683
177.382	n/a	1	2	88691
177.4	n/a	1	2	88700
177.416	n/a	0	1	88708
177.432	n/a	0	1	88716
177.45	n/a	0	1	88725
177.466	n/a	0	1	88733
177.482	n/a	1	2	88741
178.966	n/a	1	2	89483
178.982	n/a	1	2	89491
179.0	n/a	1	2	89500
179.016	n/a	1	2	89508
179.032	n/a	0	1	89516
179.05	n/a	0	1	89525
179.066	n/a	0	1	89533
179.082	n/a	0	1	89541
179.1	n/a	0	1	89550
179.116	n/a	0	1	89558
179.132	n/a	0	1	89566
179.15	n/a	0	1	89575
179.166	n/a	1	2	89583
179.182	n/a	1	2	89591
179.2	n/a	0	1	89600
179.216	n/a	0	1	89608
179.232	n/a	0	1	89616
179.25	n/a	0	1	89625
179.266	n/a	1	2	89633
179.282	n/a	1	2	89641
179.3	n/a	1	2	89650
179.316	n/a	1	2	89658
179.332	n/a	0	1	89666
179.35	n/a	0	1	89675
179.366	n/a	0	1	89683
179.382	n/a	0	1	89691
179.4	n/a	0	1	89700
179.416	n/a	0	1	89708
179.432	n/a	0	1	89716
179.45	n/a	0	1	89725
179.466	n/a	0	1	89733
179.482	n/a	0	1	89741
179.5	n/a	0	1	89750
179.516	n/a	0	1	89758
179.532	n/a	1	2	89766
179.55	n/a	1	2	89775
179.566	n/a	0	1	89783
179.582	n/a	0	1	89791
179.6	n/a	1	2	89800
179.616	n/a	1	2	89808
179.632	n/a	1	2	89816
179.65	n/a	1	2	89825
179.666	n/a	0	1	89833
179.682	n/a	0	1	89841
179.7	n/a	1	2	89850
179.716	n/a	1	2	89858
179.732	n/a	0	1	89866
179.75	n/a	0	1	89875
179.766	n/a	1	2	89883
179.782	n/a	1	2	89891
179.8	n/a	0	1	89900
179.816	n/a	0	1	89908
179.832	n/a	1	2	89916
179.85	n/a	1	2	89925
179.866	n/a	0	1	89933
179.882	n/a	0	1	89941
179.9	n/a	0	1	89950
179.916	n/a	0	1	89958
179.932	n/a	0	1	89966
179.95	n/a	0	1	89975
179.966	n/a	1	2	89983
179.982	n/a	1	2	89991
180.0	n/a	1	2	90000
180.016	n/a	1	2	90008
180.032	n/a	1	2	90016
180.05	n/a	1	2	90025
180.066	n/a	0	1	90033
180.082	n/a	0	1	90041
180.1	n/a	1	2	90050
180.116	n/a	1	2	90058
180.132	n/a	1	2	90066
180.15	n/a	1	2	90075
180.166	n/a	1	2	90083
180.182	n/a	1	2	90091
180.2	n/a	0	1	90100
180.216	n/a	0	1	90108
180.232	n/a	1	2	90116
180.25	n/a	1	2	90125
180.266	n/a	0	1	90133
180.282	n/a	0	1	90141
180.3	n/a	1	2	90150
180.316	n/a	1	2	90158
180.332	n/a	1	2	90166
180.35	n/a	1	2	90175
180.366	n/a	0	1	90183
180.382	n/a	0	1	90191
180.4	n/a	0	1	90200
180.416	n/a	0	1	90208
180.432	n/a	0	1	90216
180.45	n/a	0	1	90225
180.466	n/a	1	2	90233
180.482	n/a	1	2	90241
180.5	n/a	1	2	90250
180.516	n/a	1	2	90258
180.532	n/a	0	1	90266
180.55	n/a	0	1	90275
180.566	n/a	1	2	90283
180.582	n/a	1	2	90291
180.6	n/a	1	2	90300
180.616	n/a	1	2	90308
180.632	n/a	1	2	90316
180.65	n/a	1	2	90325
180.666	n/a	0	1	90333
180.682	n/a	0	1	90341
180.7	n/a	0	1	90350
180.716	n/a	0	1	90358
180.732	n/a	0	1	90366
180.75	n/a	0	1	90375
180.766	n/a	0	1	90383
180.782	n/a	0	1	90391
180.8	n/a	0	1	90400
180.816	n/a	0	1	90408
180.832	n/a	1	2	90416
180.85	n/a	1	2	90425
180.866	n/a	1	2	90433
180.882	n/a	1	2	90441
180.9	n/a	1	2	90450
182.382	n/a	0	1	91191
182.4	n/a	0	1	91200
182.416	n/a	0	1	91208
182.432	n/a	0	1	91216
182.45	n/a	1	2	91225
182.466	n/a	1	2	91233
182.482	n/a	1	2	91241
182.5	n/a	1	2	91250
182.516	n/a	0	1	91258
182.532	n/a	0	1	91266
182.55	n/a	0	1	91275
182.566	n/a	0	1	91283
182.582	n/a	0	1	91291
182.6	n/a	0	1	91300
182.616	n/a	0	1	91308
182.632	n/a	0	1	91316
182.65	n/a	1	2	91325
182.666	n/a	1	2	91333
182.682	n/a	1	2	91341
182.7	n/a	1	2	91350
182.716	n/a	1	2	91358
182.732	n/a	1	2	91366
182.75	n/a	1	2	91375
182.766	n/a	1	2	91383
182.782	n/a	1	2	91391
182.8	n/a	1	2	91400
182.816	n/a	0	1	91408
182.832	n/a	0	1	91416
182.85	n/a	0	1	91425
182.866	n/a	0	1	91433
182.882	n/a	0	1	91441
182.9	n/a	0	1	91450
182.916	n/a	0	1	91458
182.932	n/a	0	1	91466
182.95	n/a	0	1	91475
182.966	n/a	0	1	91483
182.982	n/a	0	1	91491
183.0	n/a	0	1	91500
183.016	n/a	1	2	91508
183.032	n/a	1	2	91516
183.05	n/a	1	2	91525
183.066	n/a	1	2	91533
183.082	n/a	0	1	91541
183.1	n/a	0	1	91550
183.116	n/a	0	1	91558
183.132	n/a	0	1	91566
183.15	n/a	1	2	91575
183.166	n/a	1	2	91583
183.182	n/a	0	1	91591
183.2	n/a	0	1	91600
183.216	n/a	1	2	91608
183.232	n/a	1	2	91616
183.25	n/a	0	1	91625
183.266	n/a	0	1	91633
183.282	n/a	1	2	91641
183.3	n/a	1	2	91650
183.316	n/a	0	1	91658
183.332	n/a	0	1	91666
183.35	n/a	1	2	91675
183.366	n/a	1	2	91683
183.382	n/a	1	2	91691
183.4	n/a	1	2	91700
183.416	n/a	0	1	91708
183.432	n/a	0	1	91716
183.45	n/a	1	2	91725
183.466	n/a	1	2	91733
183.482	n/a	0	1	91741
183.5	n/a	0	1	91750
183.516	n/a	0	1	91758
183.532	n/a	0	1	91766
183.55	n/a	0	1	91775
183.566	n/a	0	1	91783
183.582	n/a	1	2	91791
183.6	n/a	1	2	91800
183.616	n/a	0	1	91808
183.632	n/a	0	1	91816
183.65	n/a	0	1	91825
183.666	n/a	0	1	91833
183.682	n/a	0	1	91841
183.7	n/a	0	1	91850
183.716	n/a	1	2	91858
183.732	n/a	1	2	91866
183.75	n/a	1	2	91875
183.766	n/a	1	2	91883
183.782	n/a	1	2	91891
183.8	n/a	1	2	91900
183.816	n/a	0	1	91908
183.832	n/a	0	1	91916
183.85	n/a	1	2	91925
183.866	n/a	1	2	91933
183.882	n/a	0	1	91941
183.9	n/a	0	1	91950
183.916	n/a	1	2	91958
183.932	n/a	1	2	91966
183.95	n/a	1	2	91975
183.966	n/a	1	2	91983
183.982	n/a	1	2	91991
184.0	n/a	1	2	92000
184.016	n/a	1	2	92008
184.032	n/a	1	2	92016
184.05	n/a	1	2	92025
184.066	n/a	1	2	92033
184.082	n/a	0	1	92041
184.1	n/a	0	1	92050
184.116	n/a	0	1	92058
184.132	n/a	0	1	92066
184.15	n/a	1	2	92075
184.166	n/a	1	2	92083
184.182	n/a	0	1	92091
184.2	n/a	0	1	92100
184.216	n/a	0	1	92108
184.232	n/a	0	1	92116
184.25	n/a	0	1	92125
184.266	n/a	0	1	92133
184.282	n/a	1	2	92141
184.3	n/a	1	2	92150
184.316	n/a	1	2	92158
186.482	n/a	1	2	93241
186.5	n/a	1	2	93250
186.516	n/a	1	2	93258
186.532	n/a	1	2	93266
186.55	n/a	0	1	93275
186.566	n/a	0	1	93283
186.582	n/a	1	2	93291
186.6	n/a	1	2	93300
186.616	n/a	1	2	93308
186.632	n/a	1	2	93316
186.65	n/a	0	1	93325
186.666	n/a	0	1	93333
186.682	n/a	1	2	93341
186.7	n/a	1	2	93350
186.716	n/a	1	2	93358
186.732	n/a	1	2	93366
186.75	n/a	0	1	93375
186.766	n/a	0	1	93383
186.782	n/a	1	2	93391
186.8	n/a	1	2	93400
186.816	n/a	1	2	93408
186.832	n/a	1	2	93416
186.85	n/a	0	1	93425
186.866	n/a	0	1	93433
186.882	n/a	0	1	93441
186.9	n/a	0	1	93450
186.916	n/a	0	1	93458
186.932	n/a	0	1	93466
186.95	n/a	1	2	93475
186.966	n/a	1	2	93483
186.982	n/a	1	2	93491
187.0	n/a	1	2	93500
187.016	n/a	1	2	93508
187.032	n/a	1	2	93516
187.05	n/a	0	1	93525
187.066	n/a	0	1	93533
187.082	n/a	0	1	93541
187.1	n/a	0	1	93550
187.116	n/a	0	1	93558
187.132	n/a	0	1	93566
187.15	n/a	1	2	93575
187.166	n/a	1	2	93583
187.182	n/a	1	2	93591
187.2	n/a	1	2	93600
187.216	n/a	1	2	93608
187.232	n/a	1	2	93616
187.25	n/a	1	2	93625
187.266	n/a	1	2	93633
187.282	n/a	1	2	93641
187.3	n/a	1	2	93650
187.316	n/a	0	1	93658
187.332	n/a	0	1	93666
187.35	n/a	0	1	93675
187.366	n/a	0	1	93683
187.382	n/a	1	2	93691
187.4	n/a	1	2	93700
187.416	n/a	0	1	93708
187.432	n/a	0	1	93716
187.45	n/a	1	2	93725
187.466	n/a	1	2	93733
187.482	n/a	0	1	93741
187.5	n/a	0	1	93750
187.516	n/a	0	1	93758
187.532	n/a	0	1	93766
187.55	n/a	1	2	93775
187.566	n/a	1	2	93783
187.582	n/a	1	2	93791
187.6	n/a	1	2	93800
187.616	n/a	0	1	93808
187.632	n/a	0	1	93816
187.65	n/a	0	1	93825
187.666	n/a	0	1	93833
187.682	n/a	0	1	93841
187.7	n/a	0	1	93850
187.716	n/a	0	1	93858
187.732	n/a	0	1	93866
187.75	n/a	1	2	93875
187.766	n/a	1	2	93883
187.782	n/a	0	1	93891
187.8	n/a	0	1	93900
187.816	n/a	0	1	93908
187.832	n/a	0	1	93916
187.85	n/a	0	1	93925
187.866	n/a	0	1	93933
187.882	n/a	0	1	93941
187.9	n/a	0	1	93950
187.916	n/a	1	2	93958
187.932	n/a	1	2	93966
187.95	n/a	1	2	93975
187.966	n/a	1	2	93983
187.982	n/a	1	2	93991
188.0	n/a	1	2	94000
188.016	n/a	1	2	94008
188.032	n/a	1	2	94016
188.05	n/a	1	2	94025
188.066	n/a	1	2	94033
188.082	n/a	1	2	94041
188.1	n/a	1	2	94050
188.116	n/a	0	1	94058
188.132	n/a	0	1	94066
188.15	n/a	1	2	94075
188.166	n/a	1	2	94083
188.182	n/a	0	1	94091
188.2	n/a	0	1	94100
188.216	n/a	1	2	94108
188.232	n/a	1	2	94116
188.25	n/a	0	1	94125
188.266	n/a	0	1	94133
188.282	n/a	0	1	94141
188.3	n/a	0	1	94150
188.316	n/a	1	2	94158
188.332	n/a	1	2	94166
188.35	n/a	1	2	94175
188.366	n/a	1	2	94183
188.382	n/a	0	1	94191
188.4	n/a	0	1	94200
188.416	n/a	0	1	94208
189.9	n/a	1	2	94950
189.916	n/a	1	2	94958
189.932	n/a	1	2	94966
189.95	n/a	1	2	94975
189.966	n/a	1	2	94983
189.982	n/a	1	2	94991
190.0	n/a	1	2	95000
190.016	n/a	1	2	95008
190.032	n/a	1	2	95016
190.05	n/a	1	2	95025
190.066	n/a	1	2	95033
190.082	n/a	1	2	95041
190.1	n/a	1	2	95050
190.116	n/a	1	2	95058
190.132	n/a	0	1	95066
190.15	n/a	0	1	95075
190.166	n/a	0	1	95083
190.182	n/a	0	1	95091
190.2	n/a	1	2	95100
190.216	n/a	1	2	95108
190.232	n/a	1	2	95116
190.25	n/a	1	2	95125
190.266	n/a	0	1	95133
190.282	n/a	0	1	95141
190.3	n/a	0	1	95150
190.316	n/a	0	1	95158
190.332	n/a	1	2	95166
190.35	n/a	1	2	95175
190.366	n/a	1	2	95183
190.382	n/a	1	2	95191
190.4	n/a	0	1	95200
190.416	n/a	0	1	95208
190.432	n/a	0	1	95216
190.45	n/a	0	1	95225
190.466	n/a	1	2	95233
190.482	n/a	1	2	95241
190.5	n/a	0	1	95250
190.516	n/a	0	1	95258
190.532	n/a	1	2	95266
190.55	n/a	1	2	95275
190.566	n/a	1	2	95283
190.582	n/a	1	2	95291
190.6	n/a	0	1	95300
190.616	n/a	0	1	95308
190.632	n/a	1	2	95316
190.65	n/a	1	2	95325
190.666	n/a	0	1	95333
190.682	n/a	0	1	95341
190.7	n/a	0	1	95350
190.716	n/a	0	1	95358
190.732	n/a	1	2	95366
190.75	n/a	1	2	95375
190.766	n/a	0	1	95383
190.782	n/a	0	1	95391
190.8	n/a	1	2	95400
190.816	n/a	1	2	95408
190.832	n/a	1	2	95416
190.85	n/a	1	2	95425
190.866	n/a	1	2	95433
190.882	n/a	1	2	95441
190.9	n/a	0	1	95450
190.916	n/a	0	1	95458
190.932	n/a	0	1	95466
190.95	n/a	0	1	95475
190.966	n/a	0	1	95483
190.982	n/a	0	1	95491
191.0	n/a	1	2	95500
191.016	n/a	1	2	95508
191.032	n/a	0	1	95516
191.05	n/a	0	1	95525
191.066	n/a	1	2	95533
191.082	n/a	1	2	95541
191.1	n/a	1	2	95550
191.116	n/a	1	2	95558
191.132	n/a	1	2	95566
191.15	n/a	1	2	95575
191.166	n/a	0	1	95583
191.182	n/a	0	1	95591
191.2	n/a	0	1	95600
191.216	n/a	0	1	95608
191.232	n/a	1	2	95616
191.25	n/a	1	2	95625
191.266	n/a	0	1	95633
191.282	n/a	0	1	95641
191.3	n/a	1	2	95650
191.316	n/a	1	2	95658
191.332	n/a	0	1	95666
191.35	n/a	0	1	95675
191.366	n/a	0	1	95683
191.382	n/a	0	1	95691
191.4	n/a	0	1	95700
191.416	n/a	0	1	95708
191.432	n/a	1	2	95716
191.45	n/a	1	2	95725
191.466	n/a	1	2	95733
191.482	n/a	1	2	95741
191.5	n/a	0	1	95750
191.516	n/a	0	1	95758
191.532	n/a	1	2	95766
191.55	n/a	1	2	95775
191.566	n/a	0	1	95783
191.582	n/a	0	1	95791
191.6	n/a	0	1	95800
191.616	n/a	0	1	95808
191.632	n/a	0	1	95816
191.65	n/a	0	1	95825
191.666	n/a	1	2	95833
191.682	n/a	1	2	95841
191.7	n/a	0	1	95850
191.716	n/a	0	1	95858
191.732	n/a	1	2	95866
191.75	n/a	1	2	95875
191.766	n/a	0	1	95883
191.782	n/a	0	1	95891
191.8	n/a	0	1	95900
191.816	n/a	0	1	95908
191.832	n/a	1	2	95916
193.316	n/a	1	2	96658
193.332	n/a	1	2	96666
193.35	n/a	1	2	96675
193.366	n/a	1	2	96683
193.382	n/a	0	1	96691
193.4	n/a	0	1	96700
193.416	n/a	0	1	96708
193.432	n/a	0	1	96716
193.45	n/a	0	1	96725
193.466	n/a	0	1	96733
193.482	n/a	0	1	96741
193.5	n/a	0	1	96750
193.516	n/a	1	2	96758
193.532	n/a	1	2	96766
193.55	n/a	0	1	96775
193.566	n/a	0	1	96783
193.582	n/a	0	1	96791
193.6	n/a	0	1	96800
193.616	n/a	1	2	96808
193.632	n/a	1	2	96816
193.65	n/a	1	2	96825
193.666	n/a	1	2	96833
193.682	n/a	0	1	96841
193.7	n/a	0	1	96850
193.716	n/a	0	1	96858
193.732	n/a	0	1	96866
193.75	n/a	0	1	96875
193.766	n/a	0	1	96883
193.782	n/a	0	1	96891
193.8	n/a	0	1	96900
193.816	n/a	0	1	96908
193.832	n/a	0	1	96916
193.85	n/a	0	1	96925
193.866	n/a	0	1	96933
193.882	n/a	1	2	96941
193.9	n/a	1	2	96950
193.916	n/a	0	1	96958
193.932	n/a	0	1	96966
193.95	n/a	1	2	96975
193.966	n/a	1	2	96983
193.982	n/a	1	2	96991
194.0	n/a	1	2	97000
194.016	n/a	0	1	97008
194.032	n/a	0	1	97016
194.05	n/a	1	2	97025
194.066	n/a	1	2	97033
194.082	n/a	0	1	97041
194.1	n/a	0	1	97050
194.116	n/a	1	2	97058
194.132	n/a	1	2	97066
194.15	n/a	0	1	97075
194.166	n/a	0	1	97083
194.182	n/a	1	2	97091
194.2	n/a	1	2	97100
194.216	n/a	0	1	97108
194.232	n/a	0	1	97116
194.25	n/a	0	1	97125
194.266	n/a	0	1	97133
194.282	n/a	0	1	97141
194.3	n/a	0	1	97150
194.316	n/a	1	2	97158
194.332	n/a	1	2	97166
194.35	n/a	1	2	97175
194.366	n/a	1	2	97183
194.382	n/a	1	2	97191
194.4	n/a	1	2	97200
194.416	n/a	0	1	97208
194.432	n/a	0	1	97216
194.45	n/a	1	2	97225
194.466	n/a	1	2	97233
194.482	n/a	1	2	97241
194.5	n/a	1	2	97250
194.516	n/a	1	2	97258
194.532	n/a	1	2	97266
194.55	n/a	0	1	97275
194.566	n/a	0	1	97283
194.582	n/a	1	2	97291
194.6	n/a	1	2	97300
194.616	n/a	0	1	97308
194.632	n/a	0	1	97316
194.65	n/a	1	2	97325
194.666	n/a	1	2	97333
194.682	n/a	1	2	97341
194.7	n/a	1	2	97350
194.716	n/a	0	1	97358
194.732	n/a	0	1	97366
194.75	n/a	0	1	97375
194.766	n/a	0	1	97383
194.782	n/a	0	1	97391
194.8	n/a	0	1	97400
194.816	n/a	1	2	97408
194.832	n/a	1	2	97416
194.85	n/a	1	2	97425
194.866	n/a	1	2	97433
194.882	n/a	0	1	97441
194.9	n/a	0	1	97450
194.916	n/a	1	2	97458
194.932	n/a	1	2	97466
194.95	n/a	1	2	97475
194.966	n/a	1	2	97483
194.982	n/a	1	2	97491
195.0	n/a	1	2	97500
195.016	n/a	0	1	97508
195.032	n/a	0	1	97516
195.05	n/a	0	1	97525
195.066	n/a	0	1	97533
195.082	n/a	0	1	97541
195.1	n/a	0	1	97550
195.116	n/a	0	1	97558
195.132	n/a	0	1	97566
195.15	n/a	0	1	97575
195.166	n/a	0	1	97583
195.182	n/a	1	2	97591
195.2	n/a	1	2	97600
195.216	n/a	1	2	97608
195.232	n/a	1	2	97616
195.25	n/a	1	2	97625
196.732	n/a	0	1	98366
196.75	n/a	0	1	98375
196.766	n/a	0	1	98383
196.782	n/a	0	1	98391
196.8	n/a	1	2	98400
196.816	n/a	1	2	98408
196.832	n/a	1	2	98416
196.85	n/a	1	2	98425
196.866	n/a	0	1	98433
196.882	n/a	0	1	98441
196.9	n/a	0	1	98450
196.916	n/a	0	1	98458
196.932	n/a	0	1	98466
196.95	n/a	0	1	98475
196.966	n/a	0	1	98483
196.982	n/a	0	1	98491
197.0	n/a	1	2	98500
197.016	n/a	1	2	98508
197.032	n/a	1	2	98516
197.05	n/a	1	2	98525
197.066	n/a	1	2	98533
197.082	n/a	1	2	98541
197.1	n/a	1	2	98550
197.116	n/a	1	2	98558
197.132	n/a	1	2	98566
197.15	n/a	1	2	98575
197.166	n/a	0	1	98583
197.182	n/a	0	1	98591
197.2	n/a	0	1	98600
197.216	n/a	0	1	98608
197.232	n/a	0	1	98616
197.25	n/a	0	1	98625
197.266	n/a	0	1	98633
197.282	n/a	0	1	98641
197.3	n/a	0	1	98650
197.316	n/a	0	1	98658
197.332	n/a	0	1	98666
197.35	n/a	0	1	98675
197.366	n/a	1	2	98683
197.382	n/a	1	2	98691
197.4	n/a	1	2	98700
197.416	n/a	1	2	98708
197.432	n/a	0	1	98716
197.45	n/a	0	1	98725
197.466	n/a	0	1	98733
197.482	n/a	0	1	98741
197.5	n/a	1	2	98750
197.516	n/a	1	2	98758
197.532	n/a	0	1	98766
197.55	n/a	0	1	98775
197.566	n/a	1	2	98783
197.582	n/a	1	2	98791
197.6	n/a	0	1	98800
197.616	n/a	0	1	98808
197.632	n/a	1	2	98816
197.65	n/a	1	2	98825
197.666	n/a	0	1	98833
197.682	n/a	0	1	98841
197.7	n/a	1	2	98850
197.716	n/a	1	2	98858
197.732	n/a	1	2	98866
197.75	n/a	1	2	98875
197.766	n/a	0	1	98883
197.782	n/a	0	1	98891
197.8	n/a	1	2	98900
197.816	n/a	1	2	98908
197.832	n/a	0	1	98916
197.85	n/a	0	1	98925
197.866	n/a	0	1	98933
197.882	n/a	0	1	98941
197.9	n/a	0	1	98950
197.916	n/a	0	1	98958
197.932	n/a	1	2	98966
197.95	n/a	1	2	98975
197.966	n/a	0	1	98983
197.982	n/a	0	1	98991
198.0	n/a	0	1	99000
198.016	n/a	0	1	99008
198.032	n/a	0	1	99016
198.05	n/a	0	1	99025
198.066	n/a	1	2	99033
198.082	n/a	1	2	99041
198.1	n/a	1	2	99050
198.116	n/a	1	2	99058
198.132	n/a	1	2	99066
198.15	n/a	1	2	99075
198.166	n/a	0	1	99083
198.182	n/a	0	1	99091
198.2	n/a	1	2	99100
198.216	n/a	1	2	99108
198.232	n/a	0	1	99116
198.25	n/a	0	1	99125
198.266	n/a	1	2	99133
198.282	n/a	1	2	99141
198.3	n/a	1	2	99150
198.316	n/a	1	2	99158
198.332	n/a	1	2	99166
198.35	n/a	1	2	99175
198.366	n/a	1	2	99183
198.382	n/a	1	2	99191
198.4	n/a	1	2	99200
198.416	n/a	1	2	99208
198.432	n/a	0	1	99216
198.45	n/a	0	1	99225
198.466	n/a	0	1	99233
198.482	n/a	0	1	99241
198.5	n/a	1	2	99250
198.516	n/a	1	2	99258
198.532	n/a	0	1	99266
198.55	n/a	0	1	99275
198.566	n/a	0	1	99283
198.582	n/a	0	1	99291
198.6	n/a	0	1	99300
198.616	n/a	0	1	99308
198.632	n/a	1	2	99316
198.65	n/a	1	2	99325
198.666	n/a	1	2	99333
200.782	n/a	0	1	100391
200.8	n/a	0	1	100400
200.816	n/a	0	1	100408
200.832	n/a	0	1	100416
200.85	n/a	1	2	100425
200.866	n/a	1	2	100433
200.882	n/a	1	2	100441
200.9	n/a	1	2	100450
200.916	n/a	0	1	100458
200.932	n/a	0	1	100466
200.95	n/a	0	1	100475
200.966	n/a	0	1	100483
200.982	n/a	0	1	100491
201.0	n/a	0	1	100500
201.016	n/a	0	1	100508
201.032	n/a	0	1	100516
201.05	n/a	1	2	100525
201.066	n/a	1	2	100533
201.082	n/a	1	2	100541
201.1	n/a	1	2	100550
201.116	n/a	1	2	100558
201.132	n/a	1	2	100566
201.15	n/a	1	2	100575
201.166	n/a	1	2	100583
201.182	n/a	1	2	100591
201.2	n/a	1	2	100600
201.216	n/a	0	1	100608
201.232	n/a	0	1	100616
201.25	n/a	0	1	100625
201.266	n/a	0	1	100633
201.282	n/a	0	1	100641
201.3	n/a	0	1	100650
201.316	n/a	0	1	100658
201.332	n/a	0	1	100666
201.35	n/a	0	1	100675
201.366	n/a	0	1	100683
201.382	n/a	0	1	100691
201.4	n/a	0	1	100700
201.416	n/a	1	2	100708
201.432	n/a	1	2	100716
201.45	n/a	1	2	100725
201.466	n/a	1	2	100733
201.482	n/a	0	1	100741
201.5	n/a	0	1	100750
201.516	n/a	0	1	100758
201.532	n/a	0	1	100766
201.55	n/a	1	2	100775
201.566	n/a	1	2	100783
201.582	n/a	0	1	100791
201.6	n/a	0	1	100800
201.616	n/a	1	2	100808
201.632	n/a	1	2	100816
201.65	n/a	0	1	100825
201.666	n/a	0	1	100833
201.682	n/a	1	2	100841
201.7	n/a	1	2	100850
201.716	n/a	0	1	100858
201.732	n/a	0	1	100866
201.75	n/a	1	2	100875
201.766	n/a	1	2	100883
201.782	n/a	1	2	100891
201.8	n/a	1	2	100900
201.816	n/a	0	1	100908
201.832	n/a	0	1	100916
201.85	n/a	1	2	100925
201.866	n/a	1	2	100933
201.882	n/a	0	1	100941
201.9	n/a	0	1	100950
201.916	n/a	0	1	100958
201.932	n/a	0	1	100966
201.95	n/a	0	1	100975
201.966	n/a	0	1	100983
201.982	n/a	1	2	100991
202.0	n/a	1	2	101000
202.016	n/a	0	1	101008
202.032	n/a	0	1	101016
202.05	n/a	0	1	101025
202.066	n/a	0	1	101033
202.082	n/a	0	1	101041
202.1	n/a	0	1	101050
202.116	n/a	1	2	101058
202.132	n/a	1	2	101066
202.15	n/a	1	2	101075
202.166	n/a	1	2	101083
202.182	n/a	1	2	101091
202.2	n/a	1	2	101100
202.216	n/a	0	1	101108
202.232	n/a	0	1	101116
202.25	n/a	1	2	101125
202.266	n/a	1	2	101133
202.282	n/a	0	1	101141
202.3	n/a	0	1	101150
202.316	n/a	1	2	101158
202.332	n/a	1	2	101166
202.35	n/a	1	2	101175
202.366	n/a	1	2	101183
202.382	n/a	1	2	101191
202.4	n/a	1	2	101200
202.416	n/a	1	2	101208
202.432	n/a	1	2	101216
202.45	n/a	1	2	101225
202.466	n/a	1	2	101233
202.482	n/a	0	1	101241
202.5	n/a	0	1	101250
202.516	n/a	0	1	101258
202.532	n/a	0	1	101266
202.55	n/a	1	2	101275
202.566	n/a	1	2	101283
202.582	n/a	0	1	101291
202.6	n/a	0	1	101300
202.616	n/a	0	1	101308
202.632	n/a	0	1	101316
202.65	n/a	0	1	101325
202.666	n/a	0	1	101333
202.682	n/a	1	2	101341
202.7	n/a	1	2	101350
202.716	n/a	1	2	101358
204.2	n/a	1	2	102100
204.216	n/a	1	2	102108
204.232	n/a	1	2	102116
204.25	n/a	1	2	102125
204.266	n/a	0	1	102133
204.282	n/a	0	1	102141
204.3	n/a	1	2	102150
204.316	n/a	1	2	102158
204.332	n/a	1	2	102166
204.35	n/a	1	2	102175
204.366	n/a	0	1	102183
204.382	n/a	0	1	102191
204.4	n/a	1	2	102200
204.416	n/a	1	2	102208
204.432	n/a	1	2	102216
204.45	n/a	1	2	102225
204.466	n/a	0	1	102233
204.482	n/a	0	1	102241
204.5	n/a	1	2	102250
204.516	n/a	1	2	102258
204.532	n/a	1	2	102266
204.55	n/a	1	2	102275
204.566	n/a	0	1	102283
204.582	n/a	0	1	102291
204.6	n/a	0	1	102300
204.616	n/a	0	1	102308
204.632	n/a	0	1	102316
204.65	n/a	0	1	102325
204.666	n/a	1	2	102333
204.682	n/a	1	2	102341
204.7	n/a	1	2	102350
204.716	n/a	1	2	102358
204.732	n/a	1	2	102366
204.75	n/a	1	2	102375
204.766	n/a	0	1	102383
204.782	n/a	0	1	102391
204.8	n/a	0	1	102400
204.816	n/a	0	1	102408
204.832	n/a	0	1	102416
204.85	n/a	0	1	102425
204.866	n/a	1	2	102433
204.882	n/a	1	2	102441
204.9	n/a	1	2	102450
204.916	n/a	1	2	102458
204.932	n/a	1	2	102466
204.95	n/a	1	2	102475
204.966	n/a	1	2	102483
204.982	n/a	1	2	102491
205.0	n/a	1	2	102500
205.016	n/a	1	2	102508
205.032	n/a	0	1	102516
205.05	n/a	0	1	102525
205.066	n/a	0	1	102533
205.082	n/a	0	1	102541
205.1	n/a	1	2	102550
205.116	n/a	1	2	102558
205.132	n/a	0	1	102566
205.15	n/a	0	1	102575
205.166	n/a	1	2	102583
205.182	n/a	1	2	102591
205.2	n/a	0	1	102600
205.216	n/a	0	1	102608
205.232	n/a	0	1	102616
205.25	n/a	0	1	102625
205.266	n/a	1	2	102633
205.282	n/a	1	2	102641
205.3	n/a	1	2	102650
205.316	n/a	1	2	102658
205.332	n/a	0	1	102666
205.35	n/a	0	1	102675
205.366	n/a	0	1	102683
205.382	n/a	0	1	102691
205.4	n/a	0	1	102700
205.416	n/a	0	1	102708
205.432	n/a	0	1	102716
205.45	n/a	0	1	102725
205.466	n/a	1	2	102733
205.482	n/a	1	2	102741
205.5	n/a	0	1	102750
205.516	n/a	0	1	102758
205.532	n/a	0	1	102766
205.55	n/a	0	1	102775
205.566	n/a	0	1	102783
205.582	n/a	0	1	102791
205.6	n/a	0	1	102800
205.616	n/a	0	1	102808
205.632	n/a	1	2	102816
205.65	n/a	1	2	102825
205.666	n/a	1	2	102833
205.682	n/a	1	2	102841
205.7	n/a	1	2	102850
205.716	n/a	1	2	102858
205.732	n/a	1	2	102866
205.75	n/a	1	2	102875
205.766	n/a	1	2	102883
205.782	n/a	1	2	102891
205.8	n/a	1	2	102900
205.816	n/a	1	2	102908
205.832	n/a	0	1	102916
205.85	n/a	0	1	102925
205.866	n/a	1	2	102933
205.882	n/a	1	2	102941
205.9	n/a	0	1	102950
205.916	n/a	0	1	102958
205.932	n/a	1	2	102966
205.95	n/a	1	2	102975
205.966	n/a	0	1	102983
205.982	n/a	0	1	102991
206.0	n/a	0	1	103000
206.016	n/a	0	1	103008
206.032	n/a	1	2	103016
206.05	n/a	1	2	103025
206.066	n/a	1	2	103033
206.082	n/a	1	2	103041
206.1	n/a	0	1	103050
206.116	n/a	0	1	103058
206.132	n/a	0	1	103066
207.616	n/a	1	2	103808
207.632	n/a	1	2	103816
207.65	n/a	1	2	103825
207.666	n/a	1	2	103833
207.682	n/a	0	1	103841
207.7	n/a	0	1	103850
207.716	n/a	0	1	103858
207.732	n/a	0	1	103866
207.75	n/a	0	1	103875
207.766	n/a	0	1	103883
207.782	n/a	0	1	103891
207.8	n/a	0	1	103900
207.816	n/a	1	2	103908
207.832	n/a	1	2	103916
207.85	n/a	0	1	103925
207.866	n/a	0	1	103933
207.882	n/a	0	1	103941
207.9	n/a	0	1	103950
207.916	n/a	1	2	103958
207.932	n/a	1	2	103966
207.95	n/a	1	2	103975
207.966	n/a	1	2	103983
207.982	n/a	0	1	103991
208.0	n/a	0	1	104000
208.016	n/a	0	1	104008
208.032	n/a	0	1	104016
208.05	n/a	0	1	104025
208.066	n/a	0	1	104033
208.082	n/a	0	1	104041
208.1	n/a	0	1	104050
208.116	n/a	0	1	104058
208.132	n/a	0	1	104066
208.15	n/a	0	1	104075
208.166	n/a	0	1	104083
208.182	n/a	1	2	104091
208.2	n/a	1	2	104100
208.216	n/a	0	1	104108
208.232	n/a	0	1	104116
208.25	n/a	1	2	104125
208.266	n/a	1	2	104133
208.282	n/a	1	2	104141
208.3	n/a	1	2	104150
208.316	n/a	0	1	104158
208.332	n/a	0	1	104166
208.35	n/a	1	2	104175
208.366	n/a	1	2	104183
208.382	n/a	0	1	104191
208.4	n/a	0	1	104200
208.416	n/a	1	2	104208
208.432	n/a	1	2	104216
208.45	n/a	0	1	104225
208.466	n/a	0	1	104233
208.482	n/a	1	2	104241
208.5	n/a	1	2	104250
208.516	n/a	0	1	104258
208.532	n/a	0	1	104266
208.55	n/a	0	1	104275
208.566	n/a	0	1	104283
208.582	n/a	0	1	104291
208.6	n/a	0	1	104300
208.616	n/a	1	2	104308
208.632	n/a	1	2	104316
208.65	n/a	1	2	104325
208.666	n/a	1	2	104333
208.682	n/a	1	2	104341
208.7	n/a	1	2	104350
208.716	n/a	0	1	104358
208.732	n/a	0	1	104366
208.75	n/a	1	2	104375
208.766	n/a	1	2	104383
208.782	n/a	1	2	104391
208.8	n/a	1	2	104400
208.816	n/a	1	2	104408
208.832	n/a	1	2	104416
208.85	n/a	0	1	104425
208.866	n/a	0	1	104433
208.882	n/a	1	2	104441
208.9	n/a	1	2	104450
208.916	n/a	0	1	104458
208.932	n/a	0	1	104466
208.95	n/a	1	2	104475
208.966	n/a	1	2	104483
208.982	n/a	1	2	104491
209.0	n/a	1	2	104500
209.016	n/a	0	1	104508
209.032	n/a	0	1	104516
209.05	n/a	0	1	104525
209.066	n/a	0	1	104533
209.082	n/a	0	1	104541
209.1	n/a	0	1	104550
209.116	n/a	1	2	104558
209.132	n/a	1	2	104566
209.15	n/a	1	2	104575
209.166	n/a	1	2	104583
209.182	n/a	0	1	104591
209.2	n/a	0	1	104600
209.216	n/a	1	2	104608
209.232	n/a	1	2	104616
209.25	n/a	1	2	104625
209.266	n/a	1	2	104633
209.282	n/a	1	2	104641
209.3	n/a	1	2	104650
209.316	n/a	0	1	104658
209.332	n/a	0	1	104666
209.35	n/a	0	1	104675
209.366	n/a	0	1	104683
209.382	n/a	0	1	104691
209.4	n/a	0	1	104700
209.416	n/a	0	1	104708
209.432	n/a	0	1	104716
209.45	n/a	0	1	104725
209.466	n/a	0	1	104733
209.482	n/a	1	2	104741
209.5	n/a	1	2	104750
209.516	n/a	1	2	104758
209.532	n/a	1	2	104766
209.55	n/a	1	2	104775
211.032	n/a	1	2	105516
211.05	n/a	1	2	105525
211.066	n/a	1	2	105533
211.082	n/a	1	2	105541
211.1	n/a	1	2	105550
211.116	n/a	1	2	105558
211.132	n/a	1	2	105566
211.15	n/a	1	2	105575
211.166	n/a	1	2	105583
211.182	n/a	1	2	105591
211.2	n/a	1	2	105600
211.216	n/a	1	2	105608
211.232	n/a	1	2	105616
211.25	n/a	1	2	105625
211.266	n/a	0	1	105633
211.282	n/a	0	1	105641
211.3	n/a	0	1	105650
211.316	n/a	0	1	105658
211.332	n/a	1	2	105666
211.35	n/a	1	2	105675
211.366	n/a	1	2	105683
211.382	n/a	1	2	105691
211.4	n/a	0	1	105700
211.416	n/a	0	1	105708
211.432	n/a	0	1	105716
211.45	n/a	0	1	105725
211.466	n/a	1	2	105733
211.482	n/a	1	2	105741
211.5	n/a	1	2	105750
211.516	n/a	1	2	105758
211.532	n/a	0	1	105766
211.55	n/a	0	1	105775
211.566	n/a	0	1	105783
211.582	n/a	0	1	105791
211.6	n/a	1	2	105800
211.616	n/a	1	2	105808
211.632	n/a	0	1	105816
211.65	n/a	0	1	105825
211.666	n/a	1	2	105833
211.682	n/a	1	2	105841
211.7	n/a	1	2	105850
211.716	n/a	1	2	105858
211.732	n/a	0	1	105866
211.75	n/a	0	1	105875
211.766	n/a	1	2	105883
211.782	n/a	1	2	105891
211.8	n/a	0	1	105900
211.816	n/a	0	1	105908
211.832	n/a	0	1	105916
211.85	n/a	0	1	105925
211.866	n/a	1	2	105933
211.882	n/a	1	2	105941
211.9	n/a	0	1	105950
211.916	n/a	0	1	105958
211.932	n/a	1	2	105966
211.95	n/a	1	2	105975
211.966	n/a	1	2	105983
211.982	n/a	1	2	105991
212.0	n/a	1	2	106000
212.016	n/a	1	2	106008
212.032	n/a	0	1	106016
212.05	n/a	0	1	106025
212.066	n/a	0	1	106033
212.082	n/a	0	1	106041
212.1	n/a	0	1	106050
212.116	n/a	0	1	106058
212.132	n/a	1	2	106066
212.15	n/a	1	2	106075
212.166	n/a	0	1	106083
212.182	n/a	0	1	106091
212.2	n/a	1	2	106100
212.216	n/a	1	2	106108
212.232	n/a	1	2	106116
212.25	n/a	1	2	106125
212.266	n/a	1	2	106133
212.282	n/a	1	2	106141
212.3	n/a	0	1	106150
212.316	n/a	0	1	106158
212.332	n/a	0	1	106166
212.35	n/a	0	1	106175
212.366	n/a	1	2	106183
212.382	n/a	1	2	106191
212.4	n/a	0	1	106200
212.416	n/a	0	1	106208
212.432	n/a	1	2	106216
212.45	n/a	1	2	106225
212.466	n/a	0	1	106233
212.482	n/a	0	1	106241
212.5	n/a	0	1	106250
212.516	n/a	0	1	106258
212.532	n/a	0	1	106266
212.55	n/a	0	1	106275
212.566	n/a	1	2	106283
212.582	n/a	1	2	106291
212.6	n/a	1	2	106300
212.616	n/a	1	2	106308
212.632	n/a	0	1	106316
212.65	n/a	0	1	106325
212.666	n/a	1	2	106333
212.682	n/a	1	2	106341
212.7	n/a	0	1	106350
212.716	n/a	0	1	106358
212.732	n/a	0	1	106366
212.75	n/a	0	1	106375
212.766	n/a	0	1	106383
212.782	n/a	0	1	106391
212.8	n/a	1	2	106400
212.816	n/a	1	2	106408
212.832	n/a	0	1	106416
212.85	n/a	0	1	106425
212.866	n/a	1	2	106433
212.882	n/a	1	2	106441
212.9	n/a	0	1	106450
212.916	n/a	0	1	106458
212.932	n/a	0	1	106466
212.95	n/a	0	1	106475
212.966	n/a	1	2	106483
215.166	n/a	0	1	107583
215.182	n/a	0	1	107591
215.2	n/a	0	1	107600
215.216	n/a	0	1	107608
215.232	n/a	1	2	107616
215.25	n/a	1	2	107625
215.266	n/a	1	2	107633
215.282	n/a	1	2	107641
215.3	n/a	0	1	107650
215.316	n/a	0	1	107658
215.332	n/a	0	1	107666
215.35	n/a	0	1	107675
215.366	n/a	0	1	107683
215.382	n/a	0	1	107691
215.4	n/a	0	1	107700
215.416	n/a	0	1	107708
215.432	n/a	1	2	107716
215.45	n/a	1	2	107725
215.466	n/a	1	2	107733
215.482	n/a	1	2	107741
215.5	n/a	1	2	107750
215.516	n/a	1	2	107758
215.532	n/a	1	2	107766
215.55	n/a	1	2	107775
215.566	n/a	1	2	107783
215.582	n/a	1	2	107791
215.6	n/a	0	1	107800
215.616	n/a	0	1	107808
215.632	n/a	0	1	107816
215.65	n/a	0	1	107825
215.666	n/a	0	1	107833
215.682	n/a	0	1	107841
215.7	n/a	0	1	107850
215.716	n/a	0	1	107858
215.732	n/a	0	1	107866
215.75	n/a	0	1	107875
215.766	n/a	0	1	107883
215.782	n/a	0	1	107891
215.8	n/a	1	2	107900
215.816	n/a	1	2	107908
215.832	n/a	1	2	107916
215.85	n/a	1	2	107925
215.866	n/a	0	1	107933
215.882	n/a	0	1	107941
215.9	n/a	0	1	107950
215.916	n/a	0	1	107958
215.932	n/a	1	2	107966
215.95	n/a	1	2	107975
215.966	n/a	0	1	107983
215.982	n/a	0	1	107991
216.0	n/a	1	2	108000
216.016	n/a	1	2	108008
216.032	n/a	0	1	108016
216.05	n/a	0	1	108025
216.066	n/a	1	2	108033
216.082	n/a	1	2	108041
216.1	n/a	0	1	108050
216.116	n/a	0	1	108058
216.132	n/a	1	2	108066
216.15	n/a	1	2	108075
216.166	n/a	1	2	108083
216.182	n/a	1	2	108091
216.2	n/a	0	1	108100
216.216	n/a	0	1	108108
216.232	n/a	1	2	108116
216.25	n/a	1	2	108125
216.266	n/a	0	1	108133
216.282	n/a	0	1	108141
216.3	n/a	0	1	108150
216.316	n/a	0	1	108158
216.332	n/a	0	1	108166
216.35	n/a	0	1	108175
216.366	n/a	1	2	108183
216.382	n/a	1	2	108191
216.4	n/a	0	1	108200
216.416	n/a	0	1	108208
216.432	n/a	0	1	108216
216.45	n/a	0	1	108225
216.466	n/a	0	1	108233
216.482	n/a	0	1	108241
216.5	n/a	1	2	108250
216.516	n/a	1	2	108258
216.532	n/a	1	2	108266
216.55	n/a	1	2	108275
216.566	n/a	1	2	108283
216.582	n/a	1	2	108291
216.6	n/a	0	1	108300
216.616	n/a	0	1	108308
216.632	n/a	1	2	108316
216.65	n/a	1	2	108325
216.666	n/a	0	1	108333
216.682	n/a	0	1	108341
216.7	n/a	1	2	108350
216.716	n/a	1	2	108358
216.732	n/a	1	2	108366
216.75	n/a	1	2	108375
216.766	n/a	1	2	108383
216.782	n/a	1	2	108391
216.8	n/a	1	2	108400
216.816	n/a	1	2	108408
216.832	n/a	1	2	108416
216.85	n/a	1	2	108425
216.866	n/a	0	1	108433
216.882	n/a	0	1	108441
216.9	n/a	0	1	108450
216.916	n/a	0	1	108458
216.932	n/a	1	2	108466
216.95	n/a	1	2	108475
216.966	n/a	0	1	108483
216.982	n/a	0	1	108491
217.0	n/a	0	1	108500
217.016	n/a	0	1	108508
217.032	n/a	0	1	108516
217.05	n/a	0	1	108525
217.066	n/a	1	2	108533
217.082	n/a	1	2	108541
217.1	n/a	1	2	108550
218.582	n/a	1	2	109291
218.6	n/a	1	2	109300
218.616	n/a	1	2	109308
218.632	n/a	1	2	109316
218.65	n/a	1	2	109325
218.666	n/a	1	2	109333
218.682	n/a	1	2	109341
218.7	n/a	1	2	109350
218.716	n/a	1	2	109358
218.732	n/a	1	2	109366
218.75	n/a	1	2	109375
218.766	n/a	1	2	109383
218.782	n/a	1	2	109391
218.8	n/a	1	2	109400
218.816	n/a	0	1	109408
218.832	n/a	0	1	109416
218.85	n/a	0	1	109425
218.866	n/a	0	1	109433
218.882	n/a	1	2	109441
218.9	n/a	1	2	109450
218.916	n/a	1	2	109458
218.932	n/a	1	2	109466
218.95	n/a	0	1	109475
218.966	n/a	0	1	109483
218.982	n/a	0	1	109491
219.0	n/a	0	1	109500
219.016	n/a	1	2	109508
219.032	n/a	1	2	109516
219.05	n/a	1	2	109525
219.066	n/a	1	2	109533
219.082	n/a	0	1	109541
219.1	n/a	0	1	109550
219.116	n/a	0	1	109558
219.132	n/a	0	1	109566
219.15	n/a	1	2	109575
219.166	n/a	1	2	109583
219.182	n/a	0	1	109591
219.2	n/a	0	1	109600
219.216	n/a	1	2	109608
219.232	n/a	1	2	109616
219.25	n/a	1	2	109625
219.266	n/a	1	2	109633
219.282	n/a	0	1	109641
219.3	n/a	0	1	109650
219.316	n/a	1	2	109658
219.332	n/a	1	2	109666
219.35	n/a	0	1	109675
219.366	n/a	0	1	109683
219.382	n/a	0	1	109691
219.4	n/a	0	1	109700
219.416	n/a	1	2	109708
219.432	n/a	1	2	109716
219.45	n/a	0	1	109725
219.466	n/a	0	1	109733
219.482	n/a	1	2	109741
219.5	n/a	1	2	109750
219.516	n/a	1	2	109758
219.532	n/a	1	2	109766
219.55	n/a	1	2	109775
219.566	n/a	1	2	109783
219.582	n/a	0	1	109791
219.6	n/a	0	1	109800
219.616	n/a	0	1	109808
219.632	n/a	0	1	109816
219.65	n/a	0	1	109825
219.666	n/a	0	1	109833
219.682	n/a	1	2	109841
219.7	n/a	1	2	109850
219.716	n/a	0	1	109858
219.732	n/a	0	1	109866
219.75	n/a	1	2	109875
219.766	n/a	1	2	109883
219.782	n/a	1	2	109891
219.8	n/a	1	2	109900
219.816	n/a	1	2	109908
219.832	n/a	1	2	109916
219.85	n/a	0	1	109925
219.866	n/a	0	1	109933
219.882	n/a	0	1	109941
219.9	n/a	0	1	109950
219.916	n/a	1	2	109958
219.932	n/a	1	2	109966
219.95	n/a	0	1	109975
219.966	n/a	0	1	109983
219.982	n/a	1	2	109991
220.0	n/a	1	2	110000
220.016	n/a	0	1	110008
220.032	n/a	0	1	110016
220.05	n/a	0	1	110025
220.066	n/a	0	1	110033
220.082	n/a	0	1	110041
220.1	n/a	0	1	110050
220.116	n/a	1	2	110058
220.132	n/a	1	2	110066
220.15	n/a	1	2	110075
220.166	n/a	1	2	110083
220.182	n/a	0	1	110091
220.2	n/a	0	1	110100
220.216	n/a	1	2	110108
220.232	n/a	1	2	110116
220.25	n/a	0	1	110125
220.266	n/a	0	1	110133
220.282	n/a	0	1	110141
220.3	n/a	0	1	110150
220.316	n/a	0	1	110158
220.332	n/a	0	1	110166
220.35	n/a	1	2	110175
220.366	n/a	1	2	110183
220.382	n/a	0	1	110191
220.4	n/a	0	1	110200
220.416	n/a	1	2	110208
220.432	n/a	1	2	110216
220.45	n/a	0	1	110225
220.466	n/a	0	1	110233
220.482	n/a	0	1	110241
220.5	n/a	0	1	110250
220.516	n/a	1	2	110258
222.0	n/a	1	2	111000
222.016	n/a	1	2	111008
222.032	n/a	1	2	111016
222.05	n/a	1	2	111025
222.066	n/a	0	1	111033
222.082	n/a	0	1	111041
222.1	n/a	1	2	111050
222.116	n/a	1	2	111058
222.132	n/a	1	2	111066
222.15	n/a	1	2	111075
222.166	n/a	0	1	111083
222.182	n/a	0	1	111091
222.2	n/a	1	2	111100
222.216	n/a	1	2	111108
222.232	n/a	1	2	111116
222.25	n/a	1	2	111125
222.266	n/a	0	1	111133
222.282	n/a	0	1	111141
222.3	n/a	1	2	111150
222.316	n/a	1	2	111158
222.332	n/a	1	2	111166
222.35	n/a	1	2	111175
222.366	n/a	0	1	111183
222.382	n/a	0	1	111191
222.4	n/a	0	1	111200
222.416	n/a	0	1	111208
222.432	n/a	0	1	111216
222.45	n/a	0	1	111225
222.466	n/a	1	2	111233
222.482	n/a	1	2	111241
222.5	n/a	1	2	111250
222.516	n/a	1	2	111258
222.532	n/a	1	2	111266
222.55	n/a	1	2	111275
222.566	n/a	0	1	111283
222.582	n/a	0	1	111291
222.6	n/a	0	1	111300
222.616	n/a	0	1	111308
222.632	n/a	0	1	111316
222.65	n/a	0	1	111325
222.666	n/a	1	2	111333
222.682	n/a	1	2	111341
222.7	n/a	1	2	111350
222.716	n/a	1	2	111358
222.732	n/a	1	2	111366
222.75	n/a	1	2	111375
222.766	n/a	1	2	111383
222.782	n/a	1	2	111391
222.8	n/a	1	2	111400
222.816	n/a	1	2	111408
222.832	n/a	0	1	111416
222.85	n/a	0	1	111425
222.866	n/a	0	1	111433
222.882	n/a	0	1	111441
222.9	n/a	1	2	111450
222.916	n/a	1	2	111458
222.932	n/a	0	1	111466
222.95	n/a	0	1	111475
222.966	n/a	1	2	111483
222.982	n/a	1	2	111491
223.0	n/a	0	1	111500
223.016	n/a	0	1	111508
223.032	n/a	0	1	111516
223.05	n/a	0	1	111525
223.066	n/a	1	2	111533
223.082	n/a	1	2	111541
223.1	n/a	1	2	111550
223.116	n/a	1	2	111558
223.132	n/a	0	1	111566
223.15	n/a	0	1	111575
223.166	n/a	0	1	111583
223.182	n/a	0	1	111591
223.2	n/a	0	1	111600
223.216	n/a	0	1	111608
223.232	n/a	0	1	111616
223.25	n/a	0	1	111625
223.266	n/a	1	2	111633
223.282	n/a	1	2	111641
223.3	n/a	0	1	111650
223.316	n/a	0	1	111658
223.332	n/a	0	1	111666
223.35	n/a	0	1	111675
223.366	n/a	0	1	111683
223.382	n/a	0	1	111691
223.4	n/a	0	1	111700
223.416	n/a	0	1	111708
223.432	n/a	1	2	111716
223.45	n/a	1	2	111725
223.466	n/a	1	2	111733
223.482	n/a	1	2	111741
223.5	n/a	1	2	111750
223.516	n/a	1	2	111758
223.532	n/a	1	2	111766
223.55	n/a	1	2	111775
223.566	n/a	1	2	111783
223.582	n/a	1	2	111791
223.6	n/a	1	2	111800
223.616	n/a	1	2	111808
223.632	n/a	0	1	111816
223.65	n/a	0	1	111825
223.666	n/a	1	2	111833
223.682	n/a	1	2	111841
223.7	n/a	0	1	111850
223.716	n/a	0	1	111858
223.732	n/a	1	2	111866
223.75	n/a	1	2	111875
223.766	n/a	0	1	111883
223.782	n/a	0	1	111891
223.8	n/a	0	1	111900
223.816	n/a	0	1	111908
223.832	n/a	1	2	111916
223.85	n/a	1	2	111925
223.866	n/a	1	2	111933
223.882	n/a	1	2	111941
223.9	n/a	0	1	111950
223.916	n/a	0	1	111958
223.932	n/a	0	1	111966
225.416	n/a	1	2	112708
225.432	n/a	1	2	112716
225.45	n/a	1	2	112725
225.466	n/a	1	2	112733
225.482	n/a	0	1	112741
225.5	n/a	0	1	112750
225.516	n/a	0	1	112758
225.532	n/a	0	1	112766
225.55	n/a	0	1	112775
225.566	n/a	0	1	112783
225.582	n/a	0	1	112791
225.6	n/a	0	1	112800
225.616	n/a	1	2	112808
225.632	n/a	1	2	112816
225.65	n/a	0	1	112825
225.666	n/a	0	1	112833
225.682	n/a	0	1	112841
225.7	n/a	0	1	112850
225.716	n/a	1	2	112858
225.732	n/a	1	2	112866
225.75	n/a	1	2	112875
225.766	n/a	1	2	112883
225.782	n/a	0	1	112891
225.8	n/a	0	1	112900
225.816	n/a	0	1	112908
225.832	n/a	0	1	112916
225.85	n/a	0	1	112925
225.866	n/a	0	1	112933
225.882	n/a	0	1	112941
225.9	n/a	0	1	112950
225.916	n/a	0	1	112958
225.932	n/a	0	1	112966
225.95	n/a	0	1	112975
225.966	n/a	0	1	112983
225.982	n/a	1	2	112991
226.0	n/a	1	2	113000
226.016	n/a	0	1	113008
226.032	n/a	0	1	113016
226.05	n/a	1	2	113025
226.066	n/a	1	2	113033
226.082	n/a	1	2	113041
226.1	n/a	1	2	113050
226.116	n/a	0	1	113058
226.132	n/a	0	1	113066
226.15	n/a	1	2	113075
226.166	n/a	1	2	113083
226.182	n/a	0	1	113091
226.2	n/a	0	1	113100
226.216	n/a	1	2	113108
226.232	n/a	1	2	113116
226.25	n/a	0	1	113125
226.266	n/a	0	1	113133
226.282	n/a	1	2	113141
226.3	n/a	1	2	113150
226.316	n/a	0	1	113158
226.332	n/a	0	1	113166
226.35	n/a	0	1	113175
226.366	n/a	0	1	113183
226.382	n/a	0	1	113191
226.4	n/a	0	1	113200
226.416	n/a	1	2	113208
226.432	n/a	1	2	113216
226.45	n/a	1	2	113225
226.466	n/a	1	2	113233
226.482	n/a	1	2	113241
226.5	n/a	1	2	113250
226.516	n/a	0	1	113258
226.532	n/a	0	1	113266
226.55	n/a	1	2	113275
226.566	n/a	1	2	113283
226.582	n/a	1	2	113291
226.6	n/a	1	2	113300
226.616	n/a	1	2	113308
226.632	n/a	1	2	113316
226.65	n/a	0	1	113325
226.666	n/a	0	1	113333
226.682	n/a	1	2	113341
226.7	n/a	1	2	113350
226.716	n/a	0	1	113358
226.732	n/a	0	1	113366
226.75	n/a	1	2	113375
226.766	n/a	1	2	113383
226.782	n/a	1	2	113391
226.8	n/a	1	2	113400
226.816	n/a	0	1	113408
226.832	n/a	0	1	113416
226.85	n/a	0	1	113425
226.866	n/a	0	1	113433
226.882	n/a	0	1	113441
226.9	n/a	0	1	113450
226.916	n/a	1	2	113458
226.932	n/a	1	2	113466
226.95	n/a	1	2	113475
226.966	n/a	1	2	113483
226.982	n/a	0	1	113491
227.0	n/a	0	1	113500
227.016	n/a	1	2	113508
227.032	n/a	1	2	113516
227.05	n/a	1	2	113525
227.066	n/a	1	2	113533
227.082	n/a	1	2	113541
227.1	n/a	1	2	113550
227.116	n/a	0	1	113558
227.132	n/a	0	1	113566
227.15	n/a	0	1	113575
227.166	n/a	0	1	113583
227.182	n/a	0	1	113591
227.2	n/a	0	1	113600
227.216	n/a	0	1	113608
227.232	n/a	0	1	113616
227.25	n/a	0	1	113625
227.266	n/a	0	1	113633
227.282	n/a	1	2	113641
227.3	n/a	1	2	113650
227.316	n/a	1	2	113658
227.332	n/a	1	2	113666
227.35	n/a	1	2	113675
