onset	duration	trial_type	value	sample
12.35	0.25	1	2	6175
12.366	0.25	1	2	6183
12.382	0.25	1	2	6191
12.4	0.25	1	2	6200
12.416	0.25	0	1	6208
12.432	0.25	0	1	6216
12.45	0.25	0	1	6225
12.466	0.25	0	1	6233
12.482	0.25	0	1	6241
12.5	0.25	0	1	6250
12.516	0.25	0	1	6258
12.532	0.25	0	1	6266
12.55	0.25	1	2	6275
12.566	0.25	1	2	6283
12.582	0.25	0	1	6291
12.6	0.25	0	1	6300
12.616	0.25	0	1	6308
12.632	0.25	0	1	6316
12.65	0.25	1	2	6325
12.666	0.25	1	2	6333
12.682	0.25	1	2	6341
12.7	0.25	1	2	6350
12.716	0.25	0	1	6358
12.732	0.25	0	1	6366
12.75	0.25	0	1	6375
12.766	0.25	0	1	6383
12.782	0.25	0	1	6391
12.8	0.25	0	1	6400
12.816	0.25	0	1	6408
12.832	0.25	0	1	6416
12.85	0.25	0	1	6425
12.866	0.25	0	1	6433
12.882	0.25	0	1	6441
12.9	0.25	0	1	6450
12.916	0.25	1	2	6458
12.932	0.25	1	2	6466
12.95	0.25	0	1	6475
12.966	0.25	0	1	6483
12.982	0.25	1	2	6491
13.0	0.25	1	2	6500
13.016	0.25	1	2	6508
13.032	0.25	1	2	6516
13.05	0.25	0	1	6525
13.066	0.25	0	1	6533
13.082	0.25	1	2	6541
13.1	0.25	1	2	6550
13.116	0.25	0	1	6558
13.132	0.25	0	1	6566
13.15	0.25	1	2	6575
13.166	0.25	1	2	6583
13.182	0.25	0	1	6591
13.2	0.25	0	1	6600
13.216	0.25	1	2	6608
13.232	0.25	1	2	6616
13.25	0.25	0	1	6625
13.266	0.25	0	1	6633
13.282	0.25	0	1	6641
13.3	0.25	0	1	6650
13.316	0.25	0	1	6658
13.332	0.25	0	1	6666
13.35	0.25	1	2	6675
13.366	0.25	1	2	6683
13.382	0.25	1	2	6691
13.4	0.25	1	2	6700
13.416	0.25	1	2	6708
13.432	0.25	1	2	6716
13.45	0.25	0	1	6725
13.466	0.25	0	1	6733
13.482	0.25	1	2	6741
13.5	0.25	1	2	6750
13.516	0.25	1	2	6758
13.532	0.25	1	2	6766
13.55	0.25	1	2	6775
13.566	0.25	1	2	6783
13.582	0.25	0	1	6791
13.6	0.25	0	1	6800
13.616	0.25	1	2	6808
13.632	0.25	1	2	6816
13.65	0.25	0	1	6825
13.666	0.25	0	1	6833
13.682	0.25	1	2	6841
13.7	0.25	1	2	6850
13.716	0.25	1	2	6858
13.732	0.25	1	2	6866
13.75	0.25	0	1	6875
13.766	0.25	0	1	6883
13.782	0.25	0	1	6891
13.8	0.25	0	1	6900
13.816	0.25	0	1	6908
13.832	0.25	0	1	6916
13.85	0.25	1	2	6925
13.866	0.25	1	2	6933
13.882	0.25	1	2	6941
13.9	0.25	1	2	6950
13.916	0.25	0	1	6958
13.932	0.25	0	1	6966
13.95	0.25	1	2	6975
13.966	0.25	1	2	6983
13.982	0.25	1	2	6991
14.0	0.25	1	2	7000
14.016	0.25	1	2	7008
14.032	0.25	1	2	7016
14.05	0.25	0	1	7025
14.066	0.25	0	1	7033
14.082	0.25	0	1	7041
14.1	0.25	0	1	7050
14.116	0.25	0	1	7058
14.132	0.25	0	1	7066
14.15	0.25	0	1	7075
14.166	0.25	0	1	7083
14.182	0.25	0	1	7091
14.2	0.25	0	1	7100
14.216	0.25	1	2	7108
14.232	0.25	1	2	7116
14.25	0.25	1	2	7125
14.266	0.25	1	2	7133
14.282	0.25	1	2	7141
15.766	0.25	0	1	7883
15.782	0.25	0	1	7891
15.8	0.25	0	1	7900
15.816	0.25	0	1	7908
15.832	0.25	1	2	7916
15.85	0.25	1	2	7925
15.866	0.25	1	2	7933
15.882	0.25	1	2	7941
15.9	0.25	0	1	7950
15.916	0.25	0	1	7958
15.932	0.25	0	1	7966
15.95	0.25	0	1	7975
15.966	0.25	0	1	7983
15.982	0.25	0	1	7991
16.0	0.25	0	1	8000
16.016	0.25	0	1	8008
16.032	0.25	1	2	8016
16.05	0.25	1	2	8025
16.066	0.25	1	2	8033
16.082	0.25	1	2	8041
16.1	0.25	1	2	8050
16.116	0.25	1	2	8058
16.132	0.25	1	2	8066
16.148	0.25	1	2	8074
16.166	0.25	1	2	8083
16.182	0.25	1	2	8091
16.2	0.25	0	1	8100
16.216	0.25	0	1	8108
16.232	0.25	0	1	8116
16.25	0.25	0	1	8125
16.266	0.25	0	1	8133
16.282	0.25	0	1	8141
16.3	0.25	0	1	8150
16.316	0.25	0	1	8158
16.332	0.25	0	1	8166
16.35	0.25	0	1	8175
16.366	0.25	0	1	8183
16.382	0.25	0	1	8191
16.4	0.25	1	2	8200
16.416	0.25	1	2	8208
16.432	0.25	1	2	8216
16.45	0.25	1	2	8225
16.466	0.25	0	1	8233
16.482	0.25	0	1	8241
16.5	0.25	0	1	8250
16.516	0.25	0	1	8258
16.532	0.25	1	2	8266
16.55	0.25	1	2	8275
16.566	0.25	0	1	8283
16.582	0.25	0	1	8291
16.6	0.25	1	2	8300
16.616	0.25	1	2	8308
16.632	0.25	0	1	8316
16.65	0.25	0	1	8325
16.666	0.25	1	2	8333
16.682	0.25	1	2	8341
16.7	0.25	0	1	8350
16.716	0.25	0	1	8358
16.732	0.25	1	2	8366
16.75	0.25	1	2	8375
16.766	0.25	1	2	8383
16.782	0.25	1	2	8391
16.8	0.25	0	1	8400
16.816	0.25	0	1	8408
16.832	0.25	1	2	8416
16.85	0.25	1	2	8425
16.866	0.25	0	1	8433
16.882	0.25	0	1	8441
16.9	0.25	0	1	8450
16.916	0.25	0	1	8458
16.932	0.25	0	1	8466
16.95	0.25	0	1	8475
16.966	0.25	1	2	8483
16.982	0.25	1	2	8491
17.0	0.25	0	1	8500
17.016	0.25	0	1	8508
17.032	0.25	0	1	8516
17.05	0.25	0	1	8525
17.066	0.25	0	1	8533
17.082	0.25	0	1	8541
17.1	0.25	1	2	8550
17.116	0.25	1	2	8558
17.132	0.25	1	2	8566
17.15	0.25	1	2	8575
17.166	0.25	1	2	8583
17.182	0.25	1	2	8591
17.2	0.25	0	1	8600
17.216	0.25	0	1	8608
17.232	0.25	1	2	8616
17.25	0.25	1	2	8625
17.266	0.25	0	1	8633
17.282	0.25	0	1	8641
17.3	0.25	1	2	8650
17.316	0.25	1	2	8658
17.332	0.25	1	2	8666
17.35	0.25	1	2	8675
17.366	0.25	1	2	8683
17.382	0.25	1	2	8691
17.4	0.25	1	2	8700
17.416	0.25	1	2	8708
17.432	0.25	1	2	8716
17.45	0.25	1	2	8725
17.466	0.25	0	1	8733
17.482	0.25	0	1	8741
17.5	0.25	0	1	8750
17.516	0.25	0	1	8758
17.532	0.25	1	2	8766
17.55	0.25	1	2	8775
17.566	0.25	0	1	8783
17.582	0.25	0	1	8791
17.6	0.25	0	1	8800
17.616	0.25	0	1	8808
17.632	0.25	0	1	8816
17.65	0.25	0	1	8825
17.666	0.25	1	2	8833
17.682	0.25	1	2	8841
17.7	0.25	1	2	8850
19.182	0.25	1	2	9591
19.2	0.25	1	2	9600
19.216	0.25	1	2	9608
19.232	0.25	1	2	9616
19.25	0.25	1	2	9625
19.266	0.25	1	2	9633
19.282	0.25	1	2	9641
19.3	0.25	1	2	9650
19.316	0.25	1	2	9658
19.332	0.25	1	2	9666
19.35	0.25	1	2	9675
19.366	0.25	1	2	9683
19.382	0.25	1	2	9691
19.4	0.25	1	2	9700
19.416	0.25	0	1	9708
19.432	0.25	0	1	9716
19.45	0.25	0	1	9725
19.466	0.25	0	1	9733
19.482	0.25	1	2	9741
19.5	0.25	1	2	9750
19.516	0.25	1	2	9758
19.532	0.25	1	2	9766
19.55	0.25	0	1	9775
19.566	0.25	0	1	9783
19.582	0.25	0	1	9791
19.6	0.25	0	1	9800
19.616	0.25	1	2	9808
19.632	0.25	1	2	9816
19.65	0.25	1	2	9825
19.666	0.25	1	2	9833
19.682	0.25	0	1	9841
19.7	0.25	0	1	9850
19.716	0.25	0	1	9858
19.732	0.25	0	1	9866
19.75	0.25	1	2	9875
19.766	0.25	1	2	9883
19.782	0.25	0	1	9891
19.8	0.25	0	1	9900
19.816	0.25	1	2	9908
19.832	0.25	1	2	9916
19.85	0.25	1	2	9925
19.866	0.25	1	2	9933
19.882	0.25	0	1	9941
19.9	0.25	0	1	9950
19.916	0.25	1	2	9958
19.932	0.25	1	2	9966
19.95	0.25	0	1	9975
19.966	0.25	0	1	9983
19.982	0.25	0	1	9991
20.0	0.25	0	1	10000
20.016	0.25	1	2	10008
20.032	0.25	1	2	10016
20.05	0.25	0	1	10025
20.066	0.25	0	1	10033
20.082	0.25	1	2	10041
20.1	0.25	1	2	10050
20.116	0.25	1	2	10058
20.132	0.25	1	2	10066
20.15	0.25	1	2	10075
20.166	0.25	1	2	10083
20.182	0.25	0	1	10091
20.2	0.25	0	1	10100
20.216	0.25	0	1	10108
20.232	0.25	0	1	10116
20.25	0.25	0	1	10125
20.266	0.25	0	1	10133
20.282	0.25	1	2	10141
20.3	0.25	1	2	10150
20.316	0.25	0	1	10158
20.332	0.25	0	1	10166
20.35	0.25	1	2	10175
20.366	0.25	1	2	10183
20.382	0.25	1	2	10191
20.4	0.25	1	2	10200
20.416	0.25	1	2	10208
20.432	0.25	1	2	10216
20.45	0.25	0	1	10225
20.466	0.25	0	1	10233
20.482	0.25	0	1	10241
20.5	0.25	0	1	10250
20.516	0.25	1	2	10258
20.532	0.25	1	2	10266
20.55	0.25	0	1	10275
20.566	0.25	0	1	10283
20.582	0.25	1	2	10291
20.6	0.25	1	2	10300
20.616	0.25	0	1	10308
20.632	0.25	0	1	10316
20.65	0.25	0	1	10325
20.666	0.25	0	1	10333
20.682	0.25	0	1	10341
20.7	0.25	0	1	10350
20.716	0.25	1	2	10358
20.732	0.25	1	2	10366
20.75	0.25	1	2	10375
20.766	0.25	1	2	10383
20.782	0.25	0	1	10391
20.8	0.25	0	1	10400
20.816	0.25	1	2	10408
20.832	0.25	1	2	10416
20.85	0.25	0	1	10425
20.866	0.25	0	1	10433
20.882	0.25	0	1	10441
20.9	0.25	0	1	10450
20.916	0.25	0	1	10458
20.932	0.25	0	1	10466
20.95	0.25	1	2	10475
20.966	0.25	1	2	10483
20.982	0.25	0	1	10491
21.0	0.25	0	1	10500
21.016	0.25	1	2	10508
21.032	0.25	1	2	10516
21.05	0.25	0	1	10525
21.066	0.25	0	1	10533
21.082	0.25	0	1	10541
21.1	0.25	0	1	10550
21.116	0.25	1	2	10558
22.6	0.25	1	2	11300
22.616	0.25	1	2	11308
22.632	0.25	1	2	11316
22.65	0.25	1	2	11325
22.666	0.25	0	1	11333
22.682	0.25	0	1	11341
22.7	0.25	1	2	11350
22.716	0.25	1	2	11358
22.732	0.25	1	2	11366
22.75	0.25	1	2	11375
22.766	0.25	0	1	11383
22.782	0.25	0	1	11391
22.8	0.25	1	2	11400
22.816	0.25	1	2	11408
22.832	0.25	1	2	11416
22.85	0.25	1	2	11425
22.866	0.25	0	1	11433
22.882	0.25	0	1	11441
22.9	0.25	1	2	11450
22.916	0.25	1	2	11458
22.932	0.25	1	2	11466
22.95	0.25	1	2	11475
22.966	0.25	0	1	11483
22.982	0.25	0	1	11491
23.0	0.25	0	1	11500
23.016	0.25	0	1	11508
23.032	0.25	0	1	11516
23.05	0.25	0	1	11525
23.066	0.25	1	2	11533
23.082	0.25	1	2	11541
23.1	0.25	1	2	11550
23.116	0.25	1	2	11558
23.132	0.25	1	2	11566
23.15	0.25	1	2	11575
23.166	0.25	0	1	11583
23.182	0.25	0	1	11591
23.2	0.25	0	1	11600
23.216	0.25	0	1	11608
23.232	0.25	0	1	11616
23.25	0.25	0	1	11625
23.266	0.25	1	2	11633
23.282	0.25	1	2	11641
23.3	0.25	1	2	11650
23.316	0.25	1	2	11658
23.332	0.25	1	2	11666
23.35	0.25	1	2	11675
23.366	0.25	1	2	11683
23.382	0.25	1	2	11691
23.4	0.25	1	2	11700
23.416	0.25	1	2	11708
23.432	0.25	0	1	11716
23.45	0.25	0	1	11725
23.466	0.25	0	1	11733
23.482	0.25	0	1	11741
23.5	0.25	1	2	11750
23.516	0.25	1	2	11758
23.532	0.25	0	1	11766
23.55	0.25	0	1	11775
23.566	0.25	1	2	11783
23.582	0.25	1	2	11791
23.6	0.25	0	1	11800
23.616	0.25	0	1	11808
23.632	0.25	0	1	11816
23.65	0.25	0	1	11825
23.666	0.25	1	2	11833
23.682	0.25	1	2	11841
23.7	0.25	1	2	11850
23.716	0.25	1	2	11858
23.732	0.25	0	1	11866
23.75	0.25	0	1	11875
23.766	0.25	0	1	11883
23.782	0.25	0	1	11891
23.8	0.25	0	1	11900
23.816	0.25	0	1	11908
23.832	0.25	0	1	11916
23.85	0.25	0	1	11925
23.866	0.25	1	2	11933
23.882	0.25	1	2	11941
23.9	0.25	0	1	11950
23.916	0.25	0	1	11958
23.932	0.25	0	1	11966
23.95	0.25	0	1	11975
23.966	0.25	0	1	11983
23.982	0.25	0	1	11991
24.0	0.25	0	1	12000
24.016	0.25	0	1	12008
24.032	0.25	1	2	12016
24.05	0.25	1	2	12025
24.066	0.25	1	2	12033
24.082	0.25	1	2	12041
24.1	0.25	1	2	12050
24.116	0.25	1	2	12058
24.132	0.25	1	2	12066
24.15	0.25	1	2	12075
24.166	0.25	1	2	12083
24.182	0.25	1	2	12091
24.2	0.25	1	2	12100
24.216	0.25	1	2	12108
24.232	0.25	0	1	12116
24.25	0.25	0	1	12125
24.266	0.25	1	2	12133
24.282	0.25	1	2	12141
24.3	0.25	0	1	12150
24.316	0.25	0	1	12158
24.332	0.25	1	2	12166
24.35	0.25	1	2	12175
24.366	0.25	0	1	12183
24.382	0.25	0	1	12191
24.4	0.25	0	1	12200
24.416	0.25	0	1	12208
24.432	0.25	1	2	12216
24.45	0.25	1	2	12225
24.466	0.25	1	2	12233
24.482	0.25	1	2	12241
24.5	0.25	0	1	12250
24.516	0.25	0	1	12258
24.532	0.25	0	1	12266
26.916	0.25	1	2	13458
26.932	0.25	1	2	13466
26.95	0.25	1	2	13475
26.966	0.25	1	2	13483
26.982	0.25	1	2	13491
27.0	0.25	1	2	13500
27.016	0.25	1	2	13508
27.032	0.25	1	2	13516
27.05	0.25	1	2	13525
27.066	0.25	1	2	13533
27.082	0.25	1	2	13541
27.1	0.25	1	2	13550
27.116	0.25	1	2	13558
27.132	0.25	1	2	13566
27.15	0.25	0	1	13575
27.166	0.25	0	1	13583
27.182	0.25	0	1	13591
27.2	0.25	0	1	13600
27.216	0.25	1	2	13608
27.232	0.25	1	2	13616
27.25	0.25	1	2	13625
27.266	0.25	1	2	13633
27.282	0.25	0	1	13641
27.3	0.25	0	1	13650
27.316	0.25	0	1	13658
27.332	0.25	0	1	13666
27.35	0.25	1	2	13675
27.366	0.25	1	2	13683
27.382	0.25	1	2	13691
27.4	0.25	1	2	13700
27.416	0.25	0	1	13708
27.432	0.25	0	1	13716
27.45	0.25	0	1	13725
27.466	0.25	0	1	13733
27.482	0.25	1	2	13741
27.5	0.25	1	2	13750
27.516	0.25	0	1	13758
27.532	0.25	0	1	13766
27.55	0.25	1	2	13775
27.566	0.25	1	2	13783
27.582	0.25	1	2	13791
27.6	0.25	1	2	13800
27.616	0.25	0	1	13808
27.632	0.25	0	1	13816
27.65	0.25	1	2	13825
27.666	0.25	1	2	13833
27.682	0.25	0	1	13841
27.7	0.25	0	1	13850
27.716	0.25	0	1	13858
27.732	0.25	0	1	13866
27.75	0.25	1	2	13875
27.766	0.25	1	2	13883
27.782	0.25	0	1	13891
27.8	0.25	0	1	13900
27.816	0.25	1	2	13908
27.832	0.25	1	2	13916
27.85	0.25	1	2	13925
27.866	0.25	1	2	13933
27.882	0.25	1	2	13941
27.9	0.25	1	2	13950
27.916	0.25	0	1	13958
27.932	0.25	0	1	13966
27.95	0.25	0	1	13975
27.966	0.25	0	1	13983
27.982	0.25	0	1	13991
28.0	0.25	0	1	14000
28.016	0.25	1	2	14008
28.032	0.25	1	2	14016
28.05	0.25	0	1	14025
28.066	0.25	0	1	14033
28.082	0.25	1	2	14041
28.1	0.25	1	2	14050
28.116	0.25	1	2	14058
28.132	0.25	1	2	14066
28.15	0.25	1	2	14075
28.166	0.25	1	2	14083
28.182	0.25	0	1	14091
28.2	0.25	0	1	14100
28.216	0.25	0	1	14108
28.232	0.25	0	1	14116
28.25	0.25	1	2	14125
28.266	0.25	1	2	14133
28.282	0.25	0	1	14141
28.3	0.25	0	1	14150
28.316	0.25	1	2	14158
28.332	0.25	1	2	14166
28.35	0.25	0	1	14175
28.366	0.25	0	1	14183
28.382	0.25	0	1	14191
28.4	0.25	0	1	14200
28.416	0.25	0	1	14208
28.432	0.25	0	1	14216
28.45	0.25	1	2	14225
28.466	0.25	1	2	14233
28.482	0.25	1	2	14241
28.5	0.25	1	2	14250
28.516	0.25	0	1	14258
28.532	0.25	0	1	14266
28.55	0.25	1	2	14275
28.566	0.25	1	2	14283
28.582	0.25	0	1	14291
28.6	0.25	0	1	14300
28.616	0.25	0	1	14308
28.632	0.25	0	1	14316
28.65	0.25	0	1	14325
28.666	0.25	0	1	14333
28.682	0.25	1	2	14341
28.7	0.25	1	2	14350
28.716	0.25	0	1	14358
28.732	0.25	0	1	14366
28.75	0.25	1	2	14375
28.766	0.25	1	2	14383
28.782	0.25	0	1	14391
28.8	0.25	0	1	14400
28.816	0.25	0	1	14408
28.832	0.25	0	1	14416
28.85	0.25	1	2	14425
30.332	0.25	1	2	15166
30.35	0.25	1	2	15175
30.366	0.25	1	2	15183
30.382	0.25	1	2	15191
30.4	0.25	0	1	15200
30.416	0.25	0	1	15208
30.432	0.25	0	1	15216
30.45	0.25	0	1	15225
30.466	0.25	0	1	15233
30.482	0.25	0	1	15241
30.5	0.25	0	1	15250
30.516	0.25	0	1	15258
30.532	0.25	1	2	15266
30.55	0.25	1	2	15275
30.566	0.25	0	1	15283
30.582	0.25	0	1	15291
30.6	0.25	0	1	15300
30.616	0.25	0	1	15308
30.632	0.25	1	2	15316
30.65	0.25	1	2	15325
30.666	0.25	1	2	15333
30.682	0.25	1	2	15341
30.7	0.25	0	1	15350
30.716	0.25	0	1	15358
30.732	0.25	0	1	15366
30.75	0.25	0	1	15375
30.766	0.25	0	1	15383
30.782	0.25	0	1	15391
30.8	0.25	0	1	15400
30.816	0.25	0	1	15408
30.832	0.25	0	1	15416
30.85	0.25	0	1	15425
30.866	0.25	0	1	15433
30.882	0.25	0	1	15441
30.9	0.25	1	2	15450
30.916	0.25	1	2	15458
30.932	0.25	0	1	15466
30.95	0.25	0	1	15475
30.966	0.25	1	2	15483
30.982	0.25	1	2	15491
31.0	0.25	1	2	15500
31.016	0.25	1	2	15508
31.032	0.25	0	1	15516
31.05	0.25	0	1	15525
31.066	0.25	1	2	15533
31.082	0.25	1	2	15541
31.1	0.25	0	1	15550
31.116	0.25	0	1	15558
31.132	0.25	1	2	15566
31.15	0.25	1	2	15575
31.166	0.25	0	1	15583
31.182	0.25	0	1	15591
31.2	0.25	1	2	15600
31.216	0.25	1	2	15608
31.232	0.25	0	1	15616
31.25	0.25	0	1	15625
31.266	0.25	0	1	15633
31.282	0.25	0	1	15641
31.3	0.25	0	1	15650
31.316	0.25	0	1	15658
31.332	0.25	1	2	15666
31.35	0.25	1	2	15675
31.366	0.25	1	2	15683
31.382	0.25	1	2	15691
31.4	0.25	1	2	15700
31.416	0.25	1	2	15708
31.432	0.25	0	1	15716
31.45	0.25	0	1	15725
31.466	0.25	1	2	15733
31.482	0.25	1	2	15741
31.5	0.25	1	2	15750
31.516	0.25	1	2	15758
31.532	0.25	1	2	15766
31.55	0.25	1	2	15775
31.566	0.25	0	1	15783
31.582	0.25	0	1	15791
31.6	0.25	1	2	15800
31.616	0.25	1	2	15808
31.632	0.25	0	1	15816
31.65	0.25	0	1	15825
31.666	0.25	1	2	15833
31.682	0.25	1	2	15841
31.7	0.25	1	2	15850
31.716	0.25	1	2	15858
31.732	0.25	0	1	15866
31.75	0.25	0	1	15875
31.766	0.25	0	1	15883
31.782	0.25	0	1	15891
31.8	0.25	0	1	15900
31.816	0.25	0	1	15908
31.832	0.25	1	2	15916
31.85	0.25	1	2	15925
31.866	0.25	1	2	15933
31.882	0.25	1	2	15941
31.9	0.25	0	1	15950
31.916	0.25	0	1	15958
31.932	0.25	1	2	15966
31.95	0.25	1	2	15975
31.966	0.25	1	2	15983
31.982	0.25	1	2	15991
32.0	0.25	1	2	16000
32.016	0.25	1	2	16008
32.032	0.25	0	1	16016
32.048	0.25	0	1	16024
32.066	0.25	0	1	16033
32.082	0.25	0	1	16041
32.1	0.25	0	1	16050
32.116	0.25	0	1	16058
32.132	0.25	0	1	16066
32.15	0.25	0	1	16075
32.166	0.25	0	1	16083
32.182	0.25	0	1	16091
32.2	0.25	1	2	16100
32.216	0.25	1	2	16108
32.232	0.25	1	2	16116
32.25	0.25	1	2	16125
32.266	0.25	1	2	16133
33.75	0.25	1	2	16875
33.766	0.25	1	2	16883
33.782	0.25	1	2	16891
33.8	0.25	1	2	16900
33.816	0.25	0	1	16908
33.832	0.25	0	1	16916
33.85	0.25	1	2	16925
33.866	0.25	1	2	16933
33.882	0.25	1	2	16941
33.9	0.25	1	2	16950
33.916	0.25	0	1	16958
33.932	0.25	0	1	16966
33.95	0.25	1	2	16975
33.966	0.25	1	2	16983
33.982	0.25	1	2	16991
34.0	0.25	1	2	17000
34.016	0.25	0	1	17008
34.032	0.25	0	1	17016
34.05	0.25	1	2	17025
34.066	0.25	1	2	17033
34.082	0.25	1	2	17041
34.1	0.25	1	2	17050
34.116	0.25	0	1	17058
34.132	0.25	0	1	17066
34.15	0.25	0	1	17075
34.166	0.25	0	1	17083
34.182	0.25	0	1	17091
34.2	0.25	0	1	17100
34.216	0.25	1	2	17108
34.232	0.25	1	2	17116
34.25	0.25	1	2	17125
34.266	0.25	1	2	17133
34.282	0.25	1	2	17141
34.3	0.25	1	2	17150
34.316	0.25	0	1	17158
34.332	0.25	0	1	17166
34.35	0.25	0	1	17175
34.366	0.25	0	1	17183
34.382	0.25	0	1	17191
34.4	0.25	0	1	17200
34.416	0.25	1	2	17208
34.432	0.25	1	2	17216
34.45	0.25	1	2	17225
34.466	0.25	1	2	17233
34.482	0.25	1	2	17241
34.5	0.25	1	2	17250
34.516	0.25	1	2	17258
34.532	0.25	1	2	17266
34.55	0.25	1	2	17275
34.566	0.25	1	2	17283
34.582	0.25	0	1	17291
34.6	0.25	0	1	17300
34.616	0.25	0	1	17308
34.632	0.25	0	1	17316
34.65	0.25	1	2	17325
34.666	0.25	1	2	17333
34.682	0.25	0	1	17341
34.7	0.25	0	1	17350
34.716	0.25	1	2	17358
34.732	0.25	1	2	17366
34.75	0.25	0	1	17375
34.766	0.25	0	1	17383
34.782	0.25	0	1	17391
34.8	0.25	0	1	17400
34.816	0.25	1	2	17408
34.832	0.25	1	2	17416
34.85	0.25	1	2	17425
34.866	0.25	1	2	17433
34.882	0.25	0	1	17441
34.9	0.25	0	1	17450
34.916	0.25	0	1	17458
34.932	0.25	0	1	17466
34.95	0.25	0	1	17475
34.966	0.25	0	1	17483
34.982	0.25	0	1	17491
35.0	0.25	0	1	17500
35.016	0.25	1	2	17508
35.032	0.25	1	2	17516
35.05	0.25	0	1	17525
35.066	0.25	0	1	17533
35.082	0.25	0	1	17541
35.1	0.25	0	1	17550
35.116	0.25	0	1	17558
35.132	0.25	0	1	17566
35.15	0.25	0	1	17575
35.166	0.25	0	1	17583
35.182	0.25	1	2	17591
35.2	0.25	1	2	17600
35.216	0.25	1	2	17608
35.232	0.25	1	2	17616
35.25	0.25	1	2	17625
35.266	0.25	1	2	17633
35.282	0.25	1	2	17641
35.3	0.25	1	2	17650
35.316	0.25	1	2	17658
35.332	0.25	1	2	17666
35.35	0.25	1	2	17675
35.366	0.25	1	2	17683
35.382	0.25	0	1	17691
35.4	0.25	0	1	17700
35.416	0.25	1	2	17708
35.432	0.25	1	2	17716
35.45	0.25	0	1	17725
35.466	0.25	0	1	17733
35.482	0.25	1	2	17741
35.5	0.25	1	2	17750
35.516	0.25	0	1	17758
35.532	0.25	0	1	17766
35.55	0.25	0	1	17775
35.566	0.25	0	1	17783
35.582	0.25	1	2	17791
35.6	0.25	1	2	17800
35.616	0.25	1	2	17808
35.632	0.25	1	2	17816
35.65	0.25	0	1	17825
35.666	0.25	0	1	17833
35.682	0.25	0	1	17841
37.166	0.25	0	1	18583
37.182	0.25	0	1	18591
37.2	0.25	0	1	18600
37.216	0.25	0	1	18608
37.232	0.25	1	2	18616
37.25	0.25	1	2	18625
37.266	0.25	1	2	18633
37.282	0.25	1	2	18641
37.3	0.25	0	1	18650
37.316	0.25	0	1	18658
37.332	0.25	0	1	18666
37.35	0.25	0	1	18675
37.366	0.25	0	1	18683
37.382	0.25	0	1	18691
37.4	0.25	0	1	18700
37.416	0.25	0	1	18708
37.432	0.25	1	2	18716
37.45	0.25	1	2	18725
37.466	0.25	1	2	18733
37.482	0.25	1	2	18741
37.5	0.25	1	2	18750
37.516	0.25	1	2	18758
37.532	0.25	1	2	18766
37.55	0.25	1	2	18775
37.566	0.25	1	2	18783
37.582	0.25	1	2	18791
37.6	0.25	0	1	18800
37.616	0.25	0	1	18808
37.632	0.25	0	1	18816
37.65	0.25	0	1	18825
37.666	0.25	0	1	18833
37.682	0.25	0	1	18841
37.7	0.25	0	1	18850
37.716	0.25	0	1	18858
37.732	0.25	0	1	18866
37.75	0.25	0	1	18875
37.766	0.25	0	1	18883
37.782	0.25	0	1	18891
37.8	0.25	1	2	18900
37.816	0.25	1	2	18908
37.832	0.25	1	2	18916
37.85	0.25	1	2	18925
37.866	0.25	0	1	18933
37.882	0.25	0	1	18941
37.9	0.25	0	1	18950
37.916	0.25	0	1	18958
37.932	0.25	1	2	18966
37.95	0.25	1	2	18975
37.966	0.25	0	1	18983
37.982	0.25	0	1	18991
38.0	0.25	1	2	19000
38.016	0.25	1	2	19008
38.032	0.25	0	1	19016
38.05	0.25	0	1	19025
38.066	0.25	1	2	19033
38.082	0.25	1	2	19041
38.1	0.25	0	1	19050
38.116	0.25	0	1	19058
38.132	0.25	1	2	19066
38.15	0.25	1	2	19075
38.166	0.25	1	2	19083
38.182	0.25	1	2	19091
38.2	0.25	0	1	19100
38.216	0.25	0	1	19108
38.232	0.25	1	2	19116
38.25	0.25	1	2	19125
38.266	0.25	0	1	19133
38.282	0.25	0	1	19141
38.3	0.25	0	1	19150
38.316	0.25	0	1	19158
38.332	0.25	0	1	19166
38.35	0.25	0	1	19175
38.366	0.25	1	2	19183
38.382	0.25	1	2	19191
38.4	0.25	0	1	19200
38.416	0.25	0	1	19208
38.432	0.25	0	1	19216
38.45	0.25	0	1	19225
38.466	0.25	0	1	19233
38.482	0.25	0	1	19241
38.5	0.25	1	2	19250
38.516	0.25	1	2	19258
38.532	0.25	1	2	19266
38.55	0.25	1	2	19275
38.566	0.25	1	2	19283
38.582	0.25	1	2	19291
38.6	0.25	0	1	19300
38.616	0.25	0	1	19308
38.632	0.25	1	2	19316
38.65	0.25	1	2	19325
38.666	0.25	0	1	19333
38.682	0.25	0	1	19341
38.7	0.25	1	2	19350
38.716	0.25	1	2	19358
38.732	0.25	1	2	19366
38.75	0.25	1	2	19375
38.766	0.25	1	2	19383
38.782	0.25	1	2	19391
38.8	0.25	1	2	19400
38.816	0.25	1	2	19408
38.832	0.25	1	2	19416
38.85	0.25	1	2	19425
38.866	0.25	0	1	19433
38.882	0.25	0	1	19441
38.9	0.25	0	1	19450
38.916	0.25	0	1	19458
38.932	0.25	1	2	19466
38.95	0.25	1	2	19475
38.966	0.25	0	1	19483
38.982	0.25	0	1	19491
39.0	0.25	0	1	19500
39.016	0.25	0	1	19508
39.032	0.25	0	1	19516
39.05	0.25	0	1	19525
39.066	0.25	1	2	19533
39.082	0.25	1	2	19541
39.1	0.25	1	2	19550
41.732	0.25	1	2	20866
41.75	0.25	1	2	20875
41.766	0.25	1	2	20883
41.782	0.25	1	2	20891
41.8	0.25	0	1	20900
41.816	0.25	0	1	20908
41.832	0.25	0	1	20916
41.85	0.25	0	1	20925
41.866	0.25	0	1	20933
41.882	0.25	0	1	20941
41.9	0.25	0	1	20950
41.916	0.25	0	1	20958
41.932	0.25	1	2	20966
41.95	0.25	1	2	20975
41.966	0.25	0	1	20983
41.982	0.25	0	1	20991
42.0	0.25	0	1	21000
42.016	0.25	0	1	21008
42.032	0.25	1	2	21016
42.05	0.25	1	2	21025
42.066	0.25	1	2	21033
42.082	0.25	1	2	21041
42.1	0.25	0	1	21050
42.116	0.25	0	1	21058
42.132	0.25	0	1	21066
42.15	0.25	0	1	21075
42.166	0.25	0	1	21083
42.182	0.25	0	1	21091
42.2	0.25	0	1	21100
42.216	0.25	0	1	21108
42.232	0.25	0	1	21116
42.25	0.25	0	1	21125
42.266	0.25	0	1	21133
42.282	0.25	0	1	21141
42.3	0.25	1	2	21150
42.316	0.25	1	2	21158
42.332	0.25	0	1	21166
42.35	0.25	0	1	21175
42.366	0.25	1	2	21183
42.382	0.25	1	2	21191
42.4	0.25	1	2	21200
42.416	0.25	1	2	21208
42.432	0.25	0	1	21216
42.45	0.25	0	1	21225
42.466	0.25	1	2	21233
42.482	0.25	1	2	21241
42.5	0.25	0	1	21250
42.516	0.25	0	1	21258
42.532	0.25	1	2	21266
42.55	0.25	1	2	21275
42.566	0.25	0	1	21283
42.582	0.25	0	1	21291
42.6	0.25	1	2	21300
42.616	0.25	1	2	21308
42.632	0.25	0	1	21316
42.65	0.25	0	1	21325
42.666	0.25	0	1	21333
42.682	0.25	0	1	21341
42.7	0.25	0	1	21350
42.716	0.25	0	1	21358
42.732	0.25	1	2	21366
42.75	0.25	1	2	21375
42.766	0.25	1	2	21383
42.782	0.25	1	2	21391
42.8	0.25	1	2	21400
42.816	0.25	1	2	21408
42.832	0.25	0	1	21416
42.85	0.25	0	1	21425
42.866	0.25	1	2	21433
42.882	0.25	1	2	21441
42.9	0.25	1	2	21450
42.916	0.25	1	2	21458
42.932	0.25	1	2	21466
42.95	0.25	1	2	21475
42.966	0.25	0	1	21483
42.982	0.25	0	1	21491
43.0	0.25	1	2	21500
43.016	0.25	1	2	21508
43.032	0.25	0	1	21516
43.05	0.25	0	1	21525
43.066	0.25	1	2	21533
43.082	0.25	1	2	21541
43.1	0.25	1	2	21550
43.116	0.25	1	2	21558
43.132	0.25	0	1	21566
43.15	0.25	0	1	21575
43.166	0.25	0	1	21583
43.182	0.25	0	1	21591
43.2	0.25	0	1	21600
43.216	0.25	0	1	21608
43.232	0.25	1	2	21616
43.25	0.25	1	2	21625
43.266	0.25	1	2	21633
43.282	0.25	1	2	21641
43.3	0.25	0	1	21650
43.316	0.25	0	1	21658
43.332	0.25	1	2	21666
43.35	0.25	1	2	21675
43.366	0.25	1	2	21683
43.382	0.25	1	2	21691
43.4	0.25	1	2	21700
43.416	0.25	1	2	21708
43.432	0.25	0	1	21716
43.45	0.25	0	1	21725
43.466	0.25	0	1	21733
43.482	0.25	0	1	21741
43.5	0.25	0	1	21750
43.516	0.25	0	1	21758
43.532	0.25	0	1	21766
43.55	0.25	0	1	21775
43.566	0.25	0	1	21783
43.582	0.25	0	1	21791
43.6	0.25	1	2	21800
43.616	0.25	1	2	21808
43.632	0.25	1	2	21816
43.65	0.25	1	2	21825
43.666	0.25	1	2	21833
45.15	0.25	1	2	22575
45.166	0.25	1	2	22583
45.182	0.25	1	2	22591
45.2	0.25	1	2	22600
45.216	0.25	1	2	22608
45.232	0.25	1	2	22616
45.25	0.25	1	2	22625
45.266	0.25	1	2	22633
45.282	0.25	1	2	22641
45.3	0.25	1	2	22650
45.316	0.25	1	2	22658
45.332	0.25	1	2	22666
45.35	0.25	1	2	22675
45.366	0.25	1	2	22683
45.382	0.25	0	1	22691
45.4	0.25	0	1	22700
45.416	0.25	0	1	22708
45.432	0.25	0	1	22716
45.45	0.25	1	2	22725
45.466	0.25	1	2	22733
45.482	0.25	1	2	22741
45.5	0.25	1	2	22750
45.516	0.25	0	1	22758
45.532	0.25	0	1	22766
45.55	0.25	0	1	22775
45.566	0.25	0	1	22783
45.582	0.25	1	2	22791
45.6	0.25	1	2	22800
45.616	0.25	1	2	22808
45.632	0.25	1	2	22816
45.65	0.25	0	1	22825
45.666	0.25	0	1	22833
45.682	0.25	0	1	22841
45.7	0.25	0	1	22850
45.716	0.25	1	2	22858
45.732	0.25	1	2	22866
45.75	0.25	0	1	22875
45.766	0.25	0	1	22883
45.782	0.25	1	2	22891
45.8	0.25	1	2	22900
45.816	0.25	1	2	22908
45.832	0.25	1	2	22916
45.85	0.25	0	1	22925
45.866	0.25	0	1	22933
45.882	0.25	1	2	22941
45.9	0.25	1	2	22950
45.916	0.25	0	1	22958
45.932	0.25	0	1	22966
45.95	0.25	0	1	22975
45.966	0.25	0	1	22983
45.982	0.25	1	2	22991
46.0	0.25	1	2	23000
46.016	0.25	0	1	23008
46.032	0.25	0	1	23016
46.05	0.25	1	2	23025
46.066	0.25	1	2	23033
46.082	0.25	1	2	23041
46.1	0.25	1	2	23050
46.116	0.25	1	2	23058
46.132	0.25	1	2	23066
46.15	0.25	0	1	23075
46.166	0.25	0	1	23083
46.182	0.25	0	1	23091
46.2	0.25	0	1	23100
46.216	0.25	0	1	23108
46.232	0.25	0	1	23116
46.25	0.25	1	2	23125
46.266	0.25	1	2	23133
46.282	0.25	0	1	23141
46.3	0.25	0	1	23150
46.316	0.25	1	2	23158
46.332	0.25	1	2	23166
46.35	0.25	1	2	23175
46.366	0.25	1	2	23183
46.382	0.25	1	2	23191
46.4	0.25	1	2	23200
46.416	0.25	0	1	23208
46.432	0.25	0	1	23216
46.45	0.25	0	1	23225
46.466	0.25	0	1	23233
46.482	0.25	1	2	23241
46.5	0.25	1	2	23250
46.516	0.25	0	1	23258
46.532	0.25	0	1	23266
46.55	0.25	1	2	23275
46.566	0.25	1	2	23283
46.582	0.25	0	1	23291
46.6	0.25	0	1	23300
46.616	0.25	0	1	23308
46.632	0.25	0	1	23316
46.65	0.25	0	1	23325
46.666	0.25	0	1	23333
46.682	0.25	1	2	23341
46.7	0.25	1	2	23350
46.716	0.25	1	2	23358
46.732	0.25	1	2	23366
46.75	0.25	0	1	23375
46.766	0.25	0	1	23383
46.782	0.25	1	2	23391
46.8	0.25	1	2	23400
46.816	0.25	0	1	23408
46.832	0.25	0	1	23416
46.85	0.25	0	1	23425
46.866	0.25	0	1	23433
46.882	0.25	0	1	23441
46.9	0.25	0	1	23450
46.916	0.25	1	2	23458
46.932	0.25	1	2	23466
46.95	0.25	0	1	23475
46.966	0.25	0	1	23483
46.982	0.25	1	2	23491
47.0	0.25	1	2	23500
47.016	0.25	0	1	23508
47.032	0.25	0	1	23516
47.05	0.25	0	1	23525
47.066	0.25	0	1	23533
47.082	0.25	1	2	23541
48.566	0.25	1	2	24283
48.582	0.25	1	2	24291
48.6	0.25	1	2	24300
48.616	0.25	1	2	24308
48.632	0.25	0	1	24316
48.65	0.25	0	1	24325
48.666	0.25	1	2	24333
48.682	0.25	1	2	24341
48.7	0.25	1	2	24350
48.716	0.25	1	2	24358
48.732	0.25	0	1	24366
48.75	0.25	0	1	24375
48.766	0.25	1	2	24383
48.782	0.25	1	2	24391
48.8	0.25	1	2	24400
48.816	0.25	1	2	24408
48.832	0.25	0	1	24416
48.85	0.25	0	1	24425
48.866	0.25	1	2	24433
48.882	0.25	1	2	24441
48.9	0.25	1	2	24450
48.916	0.25	1	2	24458
48.932	0.25	0	1	24466
48.95	0.25	0	1	24475
48.966	0.25	0	1	24483
48.982	0.25	0	1	24491
49.0	0.25	0	1	24500
49.016	0.25	0	1	24508
49.032	0.25	1	2	24516
49.05	0.25	1	2	24525
49.066	0.25	1	2	24533
49.082	0.25	1	2	24541
49.1	0.25	1	2	24550
49.116	0.25	1	2	24558
49.132	0.25	0	1	24566
49.15	0.25	0	1	24575
49.166	0.25	0	1	24583
49.182	0.25	0	1	24591
49.2	0.25	0	1	24600
49.216	0.25	0	1	24608
49.232	0.25	1	2	24616
49.25	0.25	1	2	24625
49.266	0.25	1	2	24633
49.282	0.25	1	2	24641
49.3	0.25	1	2	24650
49.316	0.25	1	2	24658
49.332	0.25	1	2	24666
49.35	0.25	1	2	24675
49.366	0.25	1	2	24683
49.382	0.25	1	2	24691
49.4	0.25	0	1	24700
49.416	0.25	0	1	24708
49.432	0.25	0	1	24716
49.45	0.25	0	1	24725
49.466	0.25	1	2	24733
49.482	0.25	1	2	24741
49.5	0.25	0	1	24750
49.516	0.25	0	1	24758
49.532	0.25	1	2	24766
49.55	0.25	1	2	24775
49.566	0.25	0	1	24783
49.582	0.25	0	1	24791
49.6	0.25	0	1	24800
49.616	0.25	0	1	24808
49.632	0.25	1	2	24816
49.65	0.25	1	2	24825
49.666	0.25	1	2	24833
49.682	0.25	1	2	24841
49.7	0.25	0	1	24850
49.716	0.25	0	1	24858
49.732	0.25	0	1	24866
49.75	0.25	0	1	24875
49.766	0.25	0	1	24883
49.782	0.25	0	1	24891
49.8	0.25	0	1	24900
49.816	0.25	0	1	24908
49.832	0.25	1	2	24916
49.85	0.25	1	2	24925
49.866	0.25	0	1	24933
49.882	0.25	0	1	24941
49.9	0.25	0	1	24950
49.916	0.25	0	1	24958
49.932	0.25	0	1	24966
49.95	0.25	0	1	24975
49.966	0.25	0	1	24983
49.982	0.25	0	1	24991
50.0	0.25	1	2	25000
50.016	0.25	1	2	25008
50.032	0.25	1	2	25016
50.05	0.25	1	2	25025
50.066	0.25	1	2	25033
50.082	0.25	1	2	25041
50.1	0.25	1	2	25050
50.116	0.25	1	2	25058
50.132	0.25	1	2	25066
50.15	0.25	1	2	25075
50.166	0.25	1	2	25083
50.182	0.25	1	2	25091
50.2	0.25	0	1	25100
50.216	0.25	0	1	25108
50.232	0.25	1	2	25116
50.25	0.25	1	2	25125
50.266	0.25	0	1	25133
50.282	0.25	0	1	25141
50.3	0.25	1	2	25150
50.316	0.25	1	2	25158
50.332	0.25	0	1	25166
50.35	0.25	0	1	25175
50.366	0.25	0	1	25183
50.382	0.25	0	1	25191
50.4	0.25	1	2	25200
50.416	0.25	1	2	25208
50.432	0.25	1	2	25216
50.45	0.25	1	2	25225
50.466	0.25	0	1	25233
50.482	0.25	0	1	25241
50.5	0.25	0	1	25250
51.982	0.25	0	1	25991
52.0	0.25	0	1	26000
52.016	0.25	0	1	26008
52.032	0.25	0	1	26016
52.05	0.25	1	2	26025
52.066	0.25	1	2	26033
52.082	0.25	1	2	26041
52.1	0.25	1	2	26050
52.116	0.25	0	1	26058
52.132	0.25	0	1	26066
52.15	0.25	0	1	26075
52.166	0.25	0	1	26083
52.182	0.25	0	1	26091
52.2	0.25	0	1	26100
52.216	0.25	0	1	26108
52.232	0.25	0	1	26116
52.25	0.25	1	2	26125
52.266	0.25	1	2	26133
52.282	0.25	1	2	26141
52.3	0.25	1	2	26150
52.316	0.25	1	2	26158
52.332	0.25	1	2	26166
52.35	0.25	1	2	26175
52.366	0.25	1	2	26183
52.382	0.25	1	2	26191
52.4	0.25	1	2	26200
52.416	0.25	0	1	26208
52.432	0.25	0	1	26216
52.45	0.25	0	1	26225
52.466	0.25	0	1	26233
52.482	0.25	0	1	26241
52.5	0.25	0	1	26250
52.516	0.25	0	1	26258
52.532	0.25	0	1	26266
52.55	0.25	0	1	26275
52.566	0.25	0	1	26283
52.582	0.25	0	1	26291
52.6	0.25	0	1	26300
52.616	0.25	1	2	26308
52.632	0.25	1	2	26316
52.65	0.25	1	2	26325
52.666	0.25	1	2	26333
52.682	0.25	0	1	26341
52.7	0.25	0	1	26350
52.716	0.25	0	1	26358
52.732	0.25	0	1	26366
52.75	0.25	1	2	26375
52.766	0.25	1	2	26383
52.782	0.25	0	1	26391
52.8	0.25	0	1	26400
52.816	0.25	1	2	26408
52.832	0.25	1	2	26416
52.85	0.25	0	1	26425
52.866	0.25	0	1	26433
52.882	0.25	1	2	26441
52.9	0.25	1	2	26450
52.916	0.25	0	1	26458
52.932	0.25	0	1	26466
52.95	0.25	1	2	26475
52.966	0.25	1	2	26483
52.982	0.25	1	2	26491
53.0	0.25	1	2	26500
53.016	0.25	0	1	26508
53.032	0.25	0	1	26516
53.05	0.25	1	2	26525
53.066	0.25	1	2	26533
53.082	0.25	0	1	26541
53.1	0.25	0	1	26550
53.116	0.25	0	1	26558
53.132	0.25	0	1	26566
53.15	0.25	0	1	26575
53.166	0.25	0	1	26583
53.182	0.25	1	2	26591
53.2	0.25	1	2	26600
53.216	0.25	0	1	26608
53.232	0.25	0	1	26616
53.25	0.25	0	1	26625
53.266	0.25	0	1	26633
53.282	0.25	0	1	26641
53.3	0.25	0	1	26650
53.316	0.25	1	2	26658
53.332	0.25	1	2	26666
53.35	0.25	1	2	26675
53.366	0.25	1	2	26683
53.382	0.25	1	2	26691
53.4	0.25	1	2	26700
53.416	0.25	0	1	26708
53.432	0.25	0	1	26716
53.45	0.25	1	2	26725
53.466	0.25	1	2	26733
53.482	0.25	0	1	26741
53.5	0.25	0	1	26750
53.516	0.25	1	2	26758
53.532	0.25	1	2	26766
53.55	0.25	1	2	26775
53.566	0.25	1	2	26783
53.582	0.25	1	2	26791
53.6	0.25	1	2	26800
53.616	0.25	1	2	26808
53.632	0.25	1	2	26816
53.65	0.25	1	2	26825
53.666	0.25	1	2	26833
53.682	0.25	0	1	26841
53.7	0.25	0	1	26850
53.716	0.25	0	1	26858
53.732	0.25	0	1	26866
53.75	0.25	1	2	26875
53.766	0.25	1	2	26883
53.782	0.25	0	1	26891
53.8	0.25	0	1	26900
53.816	0.25	0	1	26908
53.832	0.25	0	1	26916
53.85	0.25	0	1	26925
53.866	0.25	0	1	26933
53.882	0.25	1	2	26941
53.9	0.25	1	2	26950
53.916	0.25	1	2	26958
56.8	0.25	0	1	28400
56.816	0.25	0	1	28408
56.832	0.25	0	1	28416
56.85	0.25	0	1	28425
56.866	0.25	1	2	28433
56.882	0.25	1	2	28441
56.9	0.25	1	2	28450
56.916	0.25	1	2	28458
56.932	0.25	0	1	28466
56.95	0.25	0	1	28475
56.966	0.25	0	1	28483
56.982	0.25	0	1	28491
57.0	0.25	0	1	28500
57.016	0.25	0	1	28508
57.032	0.25	0	1	28516
57.05	0.25	0	1	28525
57.066	0.25	1	2	28533
57.082	0.25	1	2	28541
57.1	0.25	1	2	28550
57.116	0.25	1	2	28558
57.132	0.25	1	2	28566
57.15	0.25	1	2	28575
57.166	0.25	1	2	28583
57.182	0.25	1	2	28591
57.2	0.25	1	2	28600
57.216	0.25	1	2	28608
57.232	0.25	0	1	28616
57.25	0.25	0	1	28625
57.266	0.25	0	1	28633
57.282	0.25	0	1	28641
57.3	0.25	0	1	28650
57.316	0.25	0	1	28658
57.332	0.25	0	1	28666
57.35	0.25	0	1	28675
57.366	0.25	0	1	28683
57.382	0.25	0	1	28691
57.4	0.25	0	1	28700
57.416	0.25	0	1	28708
57.432	0.25	1	2	28716
57.45	0.25	1	2	28725
57.466	0.25	1	2	28733
57.482	0.25	1	2	28741
57.5	0.25	0	1	28750
57.516	0.25	0	1	28758
57.532	0.25	0	1	28766
57.55	0.25	0	1	28775
57.566	0.25	1	2	28783
57.582	0.25	1	2	28791
57.6	0.25	0	1	28800
57.616	0.25	0	1	28808
57.632	0.25	1	2	28816
57.65	0.25	1	2	28825
57.666	0.25	0	1	28833
57.682	0.25	0	1	28841
57.7	0.25	1	2	28850
57.716	0.25	1	2	28858
57.732	0.25	0	1	28866
57.75	0.25	0	1	28875
57.766	0.25	1	2	28883
57.782	0.25	1	2	28891
57.8	0.25	1	2	28900
57.816	0.25	1	2	28908
57.832	0.25	0	1	28916
57.85	0.25	0	1	28925
57.866	0.25	1	2	28933
57.882	0.25	1	2	28941
57.9	0.25	0	1	28950
57.916	0.25	0	1	28958
57.932	0.25	0	1	28966
57.95	0.25	0	1	28975
57.966	0.25	0	1	28983
57.982	0.25	0	1	28991
58.0	0.25	1	2	29000
58.016	0.25	1	2	29008
58.032	0.25	0	1	29016
58.05	0.25	0	1	29025
58.066	0.25	0	1	29033
58.082	0.25	0	1	29041
58.1	0.25	0	1	29050
58.116	0.25	0	1	29058
58.132	0.25	1	2	29066
58.15	0.25	1	2	29075
58.166	0.25	1	2	29083
58.182	0.25	1	2	29091
58.2	0.25	1	2	29100
58.216	0.25	1	2	29108
58.232	0.25	0	1	29116
58.25	0.25	0	1	29125
58.266	0.25	1	2	29133
58.282	0.25	1	2	29141
58.3	0.25	0	1	29150
58.316	0.25	0	1	29158
58.332	0.25	1	2	29166
58.35	0.25	1	2	29175
58.366	0.25	1	2	29183
58.382	0.25	1	2	29191
58.4	0.25	1	2	29200
58.416	0.25	1	2	29208
58.432	0.25	1	2	29216
58.45	0.25	1	2	29225
58.466	0.25	1	2	29233
58.482	0.25	1	2	29241
58.5	0.25	0	1	29250
58.516	0.25	0	1	29258
58.532	0.25	0	1	29266
58.55	0.25	0	1	29275
58.566	0.25	1	2	29283
58.582	0.25	1	2	29291
58.6	0.25	0	1	29300
58.616	0.25	0	1	29308
58.632	0.25	0	1	29316
58.65	0.25	0	1	29325
58.666	0.25	0	1	29333
58.682	0.25	0	1	29341
58.7	0.25	1	2	29350
58.716	0.25	1	2	29358
58.732	0.25	1	2	29366
60.216	0.25	1	2	30108
60.232	0.25	1	2	30116
60.25	0.25	1	2	30125
60.266	0.25	1	2	30133
60.282	0.25	0	1	30141
60.3	0.25	0	1	30150
60.316	0.25	1	2	30158
60.332	0.25	1	2	30166
60.35	0.25	1	2	30175
60.366	0.25	1	2	30183
60.382	0.25	0	1	30191
60.4	0.25	0	1	30200
60.416	0.25	1	2	30208
60.432	0.25	1	2	30216
60.45	0.25	1	2	30225
60.466	0.25	1	2	30233
60.482	0.25	0	1	30241
60.5	0.25	0	1	30250
60.516	0.25	1	2	30258
60.532	0.25	1	2	30266
60.55	0.25	1	2	30275
60.566	0.25	1	2	30283
60.582	0.25	0	1	30291
60.6	0.25	0	1	30300
60.616	0.25	0	1	30308
60.632	0.25	0	1	30316
60.65	0.25	0	1	30325
60.666	0.25	0	1	30333
60.682	0.25	1	2	30341
60.7	0.25	1	2	30350
60.716	0.25	1	2	30358
60.732	0.25	1	2	30366
60.75	0.25	1	2	30375
60.766	0.25	1	2	30383
60.782	0.25	0	1	30391
60.8	0.25	0	1	30400
60.816	0.25	0	1	30408
60.832	0.25	0	1	30416
60.85	0.25	0	1	30425
60.866	0.25	0	1	30433
60.882	0.25	1	2	30441
60.9	0.25	1	2	30450
60.916	0.25	1	2	30458
60.932	0.25	1	2	30466
60.95	0.25	1	2	30475
60.966	0.25	1	2	30483
60.982	0.25	1	2	30491
61.0	0.25	1	2	30500
61.016	0.25	1	2	30508
61.032	0.25	1	2	30516
61.05	0.25	0	1	30525
61.066	0.25	0	1	30533
61.082	0.25	0	1	30541
61.1	0.25	0	1	30550
61.116	0.25	1	2	30558
61.132	0.25	1	2	30566
61.15	0.25	0	1	30575
61.166	0.25	0	1	30583
61.182	0.25	1	2	30591
61.2	0.25	1	2	30600
61.216	0.25	0	1	30608
61.232	0.25	0	1	30616
61.25	0.25	0	1	30625
61.266	0.25	0	1	30633
61.282	0.25	1	2	30641
61.3	0.25	1	2	30650
61.316	0.25	1	2	30658
61.332	0.25	1	2	30666
61.35	0.25	0	1	30675
61.366	0.25	0	1	30683
61.382	0.25	0	1	30691
61.4	0.25	0	1	30700
61.416	0.25	0	1	30708
61.432	0.25	0	1	30716
61.45	0.25	0	1	30725
61.466	0.25	0	1	30733
61.482	0.25	1	2	30741
61.5	0.25	1	2	30750
61.516	0.25	0	1	30758
61.532	0.25	0	1	30766
61.55	0.25	0	1	30775
61.566	0.25	0	1	30783
61.582	0.25	0	1	30791
61.6	0.25	0	1	30800
61.616	0.25	0	1	30808
61.632	0.25	0	1	30816
61.65	0.25	1	2	30825
61.666	0.25	1	2	30833
61.682	0.25	1	2	30841
61.7	0.25	1	2	30850
61.716	0.25	1	2	30858
61.732	0.25	1	2	30866
61.75	0.25	1	2	30875
61.766	0.25	1	2	30883
61.782	0.25	1	2	30891
61.8	0.25	1	2	30900
61.816	0.25	1	2	30908
61.832	0.25	1	2	30916
61.85	0.25	0	1	30925
61.866	0.25	0	1	30933
61.882	0.25	1	2	30941
61.9	0.25	1	2	30950
61.916	0.25	0	1	30958
61.932	0.25	0	1	30966
61.95	0.25	1	2	30975
61.966	0.25	1	2	30983
61.982	0.25	0	1	30991
62.0	0.25	0	1	31000
62.016	0.25	0	1	31008
62.032	0.25	0	1	31016
62.05	0.25	1	2	31025
62.066	0.25	1	2	31033
62.082	0.25	1	2	31041
62.1	0.25	1	2	31050
62.116	0.25	0	1	31058
62.132	0.25	0	1	31066
62.15	0.25	0	1	31075
63.632	0.25	1	2	31816
63.65	0.25	1	2	31825
63.666	0.25	1	2	31833
63.682	0.25	1	2	31841
63.7	0.25	1	2	31850
63.716	0.25	1	2	31858
63.732	0.25	1	2	31866
63.75	0.25	1	2	31875
63.766	0.25	1	2	31883
63.782	0.25	1	2	31891
63.8	0.25	1	2	31900
63.816	0.25	1	2	31908
63.832	0.25	1	2	31916
63.85	0.25	1	2	31925
63.866	0.25	0	1	31933
63.882	0.25	0	1	31941
63.9	0.25	0	1	31950
63.916	0.25	0	1	31958
63.932	0.25	1	2	31966
63.95	0.25	1	2	31975
63.966	0.25	1	2	31983
63.982	0.25	1	2	31991
64.0	0.25	0	1	32000
64.016	0.25	0	1	32008
64.032	0.25	0	1	32016
64.05	0.25	0	1	32025
64.066	0.25	1	2	32033
64.082	0.25	1	2	32041
64.098	0.25	1	2	32049
64.116	0.25	1	2	32058
64.132	0.25	0	1	32066
64.15	0.25	0	1	32075
64.166	0.25	0	1	32083
64.182	0.25	0	1	32091
64.2	0.25	1	2	32100
64.216	0.25	1	2	32108
64.232	0.25	0	1	32116
64.25	0.25	0	1	32125
64.266	0.25	1	2	32133
64.282	0.25	1	2	32141
64.3	0.25	1	2	32150
64.316	0.25	1	2	32158
64.332	0.25	0	1	32166
64.348	0.25	0	1	32174
64.366	0.25	1	2	32183
64.382	0.25	1	2	32191
64.4	0.25	0	1	32200
64.416	0.25	0	1	32208
64.432	0.25	0	1	32216
64.45	0.25	0	1	32225
64.466	0.25	1	2	32233
64.482	0.25	1	2	32241
64.5	0.25	0	1	32250
64.516	0.25	0	1	32258
64.532	0.25	1	2	32266
64.55	0.25	1	2	32275
64.566	0.25	1	2	32283
64.582	0.25	1	2	32291
64.598	0.25	1	2	32299
64.616	0.25	1	2	32308
64.632	0.25	0	1	32316
64.65	0.25	0	1	32325
64.666	0.25	0	1	32333
64.682	0.25	0	1	32341
64.7	0.25	0	1	32350
64.716	0.25	0	1	32358
64.732	0.25	1	2	32366
64.75	0.25	1	2	32375
64.766	0.25	0	1	32383
64.782	0.25	0	1	32391
64.8	0.25	1	2	32400
64.816	0.25	1	2	32408
64.832	0.25	1	2	32416
64.848	0.25	1	2	32424
64.866	0.25	1	2	32433
64.882	0.25	1	2	32441
64.9	0.25	0	1	32450
64.916	0.25	0	1	32458
64.932	0.25	0	1	32466
64.95	0.25	0	1	32475
64.966	0.25	1	2	32483
64.982	0.25	1	2	32491
65.0	0.25	0	1	32500
65.016	0.25	0	1	32508
65.032	0.25	1	2	32516
65.05	0.25	1	2	32525
65.066	0.25	0	1	32533
65.082	0.25	0	1	32541
65.098	0.25	0	1	32549
65.116	0.25	0	1	32558
65.132	0.25	0	1	32566
65.15	0.25	0	1	32575
65.166	0.25	1	2	32583
65.182	0.25	1	2	32591
65.2	0.25	1	2	32600
65.216	0.25	1	2	32608
65.232	0.25	0	1	32616
65.25	0.25	0	1	32625
65.266	0.25	1	2	32633
65.282	0.25	1	2	32641
65.3	0.25	0	1	32650
65.316	0.25	0	1	32658
65.332	0.25	0	1	32666
65.348	0.25	0	1	32674
65.366	0.25	0	1	32683
65.382	0.25	0	1	32691
65.4	0.25	1	2	32700
65.416	0.25	1	2	32708
65.432	0.25	0	1	32716
65.45	0.25	0	1	32725
65.466	0.25	1	2	32733
65.482	0.25	1	2	32741
65.5	0.25	0	1	32750
65.516	0.25	0	1	32758
65.532	0.25	0	1	32766
65.55	0.25	0	1	32775
65.566	0.25	1	2	32783
67.05	0.25	1	2	33525
67.066	0.25	1	2	33533
67.082	0.25	1	2	33541
67.1	0.25	1	2	33550
67.116	0.25	0	1	33558
67.132	0.25	0	1	33566
67.15	0.25	0	1	33575
67.166	0.25	0	1	33583
67.182	0.25	0	1	33591
67.2	0.25	0	1	33600
67.216	0.25	0	1	33608
67.232	0.25	0	1	33616
67.25	0.25	1	2	33625
67.266	0.25	1	2	33633
67.282	0.25	0	1	33641
67.3	0.25	0	1	33650
67.316	0.25	0	1	33658
67.332	0.25	0	1	33666
67.35	0.25	1	2	33675
67.366	0.25	1	2	33683
67.382	0.25	1	2	33691
67.4	0.25	1	2	33700
67.416	0.25	0	1	33708
67.432	0.25	0	1	33716
67.45	0.25	0	1	33725
67.466	0.25	0	1	33733
67.482	0.25	0	1	33741
67.5	0.25	0	1	33750
67.516	0.25	0	1	33758
67.532	0.25	0	1	33766
67.55	0.25	0	1	33775
67.566	0.25	0	1	33783
67.582	0.25	0	1	33791
67.6	0.25	0	1	33800
67.616	0.25	1	2	33808
67.632	0.25	1	2	33816
67.65	0.25	0	1	33825
67.666	0.25	0	1	33833
67.682	0.25	1	2	33841
67.7	0.25	1	2	33850
67.716	0.25	1	2	33858
67.732	0.25	1	2	33866
67.75	0.25	0	1	33875
67.766	0.25	0	1	33883
67.782	0.25	1	2	33891
67.8	0.25	1	2	33900
67.816	0.25	0	1	33908
67.832	0.25	0	1	33916
67.85	0.25	1	2	33925
67.866	0.25	1	2	33933
67.882	0.25	0	1	33941
67.9	0.25	0	1	33950
67.916	0.25	1	2	33958
67.932	0.25	1	2	33966
67.95	0.25	0	1	33975
67.966	0.25	0	1	33983
67.982	0.25	0	1	33991
68.0	0.25	0	1	34000
68.016	0.25	0	1	34008
68.032	0.25	0	1	34016
68.05	0.25	1	2	34025
68.066	0.25	1	2	34033
68.082	0.25	1	2	34041
68.1	0.25	1	2	34050
68.116	0.25	1	2	34058
68.132	0.25	1	2	34066
68.15	0.25	0	1	34075
68.166	0.25	0	1	34083
68.182	0.25	1	2	34091
68.2	0.25	1	2	34100
68.216	0.25	1	2	34108
68.232	0.25	1	2	34116
68.25	0.25	1	2	34125
68.266	0.25	1	2	34133
68.282	0.25	0	1	34141
68.3	0.25	0	1	34150
68.316	0.25	1	2	34158
68.332	0.25	1	2	34166
68.35	0.25	0	1	34175
68.366	0.25	0	1	34183
68.382	0.25	1	2	34191
68.4	0.25	1	2	34200
68.416	0.25	1	2	34208
68.432	0.25	1	2	34216
68.45	0.25	0	1	34225
68.466	0.25	0	1	34233
68.482	0.25	0	1	34241
68.5	0.25	0	1	34250
68.516	0.25	0	1	34258
68.532	0.25	0	1	34266
68.55	0.25	1	2	34275
68.566	0.25	1	2	34283
68.582	0.25	1	2	34291
68.6	0.25	1	2	34300
68.616	0.25	0	1	34308
68.632	0.25	0	1	34316
68.65	0.25	1	2	34325
68.666	0.25	1	2	34333
68.682	0.25	1	2	34341
68.7	0.25	1	2	34350
68.716	0.25	1	2	34358
68.732	0.25	1	2	34366
68.75	0.25	0	1	34375
68.766	0.25	0	1	34383
68.782	0.25	0	1	34391
68.8	0.25	0	1	34400
68.816	0.25	0	1	34408
68.832	0.25	0	1	34416
68.85	0.25	0	1	34425
68.866	0.25	0	1	34433
68.882	0.25	0	1	34441
68.9	0.25	0	1	34450
68.916	0.25	1	2	34458
68.932	0.25	1	2	34466
68.95	0.25	1	2	34475
68.966	0.25	1	2	34483
68.982	0.25	1	2	34491
72.282	0.25	1	2	36141
72.3	0.25	1	2	36150
72.316	0.25	1	2	36158
72.332	0.25	1	2	36166
72.35	0.25	0	1	36175
72.366	0.25	0	1	36183
72.382	0.25	0	1	36191
72.4	0.25	0	1	36200
72.416	0.25	0	1	36208
72.432	0.25	0	1	36216
72.45	0.25	0	1	36225
72.466	0.25	0	1	36233
72.482	0.25	1	2	36241
72.5	0.25	1	2	36250
72.516	0.25	0	1	36258
72.532	0.25	0	1	36266
72.55	0.25	0	1	36275
72.566	0.25	0	1	36283
72.582	0.25	1	2	36291
72.6	0.25	1	2	36300
72.616	0.25	1	2	36308
72.632	0.25	1	2	36316
72.65	0.25	0	1	36325
72.666	0.25	0	1	36333
72.682	0.25	0	1	36341
72.7	0.25	0	1	36350
72.716	0.25	0	1	36358
72.732	0.25	0	1	36366
72.75	0.25	0	1	36375
72.766	0.25	0	1	36383
72.782	0.25	0	1	36391
72.8	0.25	0	1	36400
72.816	0.25	0	1	36408
72.832	0.25	0	1	36416
72.85	0.25	1	2	36425
72.866	0.25	1	2	36433
72.882	0.25	0	1	36441
72.9	0.25	0	1	36450
72.916	0.25	1	2	36458
72.932	0.25	1	2	36466
72.95	0.25	1	2	36475
72.966	0.25	1	2	36483
72.982	0.25	0	1	36491
73.0	0.25	0	1	36500
73.016	0.25	1	2	36508
73.032	0.25	1	2	36516
73.05	0.25	0	1	36525
73.066	0.25	0	1	36533
73.082	0.25	1	2	36541
73.1	0.25	1	2	36550
73.116	0.25	0	1	36558
73.132	0.25	0	1	36566
73.15	0.25	1	2	36575
73.166	0.25	1	2	36583
73.182	0.25	0	1	36591
73.2	0.25	0	1	36600
73.216	0.25	0	1	36608
73.232	0.25	0	1	36616
73.25	0.25	0	1	36625
73.266	0.25	0	1	36633
73.282	0.25	1	2	36641
73.3	0.25	1	2	36650
73.316	0.25	1	2	36658
73.332	0.25	1	2	36666
73.35	0.25	1	2	36675
73.366	0.25	1	2	36683
73.382	0.25	0	1	36691
73.4	0.25	0	1	36700
73.416	0.25	1	2	36708
73.432	0.25	1	2	36716
73.45	0.25	1	2	36725
73.466	0.25	1	2	36733
73.482	0.25	1	2	36741
73.5	0.25	1	2	36750
73.516	0.25	0	1	36758
73.532	0.25	0	1	36766
73.55	0.25	1	2	36775
73.566	0.25	1	2	36783
73.582	0.25	0	1	36791
73.6	0.25	0	1	36800
73.616	0.25	1	2	36808
73.632	0.25	1	2	36816
73.65	0.25	1	2	36825
73.666	0.25	1	2	36833
73.682	0.25	0	1	36841
73.7	0.25	0	1	36850
73.716	0.25	0	1	36858
73.732	0.25	0	1	36866
73.75	0.25	0	1	36875
73.766	0.25	0	1	36883
73.782	0.25	1	2	36891
73.8	0.25	1	2	36900
73.816	0.25	1	2	36908
73.832	0.25	1	2	36916
73.85	0.25	0	1	36925
73.866	0.25	0	1	36933
73.882	0.25	1	2	36941
73.9	0.25	1	2	36950
73.916	0.25	1	2	36958
73.932	0.25	1	2	36966
73.95	0.25	1	2	36975
73.966	0.25	1	2	36983
73.982	0.25	0	1	36991
74.0	0.25	0	1	37000
74.016	0.25	0	1	37008
74.032	0.25	0	1	37016
74.05	0.25	0	1	37025
74.066	0.25	0	1	37033
74.082	0.25	0	1	37041
74.1	0.25	0	1	37050
74.116	0.25	0	1	37058
74.132	0.25	0	1	37066
74.15	0.25	1	2	37075
74.166	0.25	1	2	37083
74.182	0.25	1	2	37091
74.2	0.25	1	2	37100
74.216	0.25	1	2	37108
75.7	0.25	0	1	37850
75.716	0.25	0	1	37858
75.732	0.25	0	1	37866
75.75	0.25	0	1	37875
75.766	0.25	1	2	37883
75.782	0.25	1	2	37891
75.8	0.25	1	2	37900
75.816	0.25	1	2	37908
75.832	0.25	0	1	37916
75.85	0.25	0	1	37925
75.866	0.25	0	1	37933
75.882	0.25	0	1	37941
75.9	0.25	0	1	37950
75.916	0.25	0	1	37958
75.932	0.25	0	1	37966
75.95	0.25	0	1	37975
75.966	0.25	1	2	37983
75.982	0.25	1	2	37991
76.0	0.25	1	2	38000
76.016	0.25	1	2	38008
76.032	0.25	1	2	38016
76.05	0.25	1	2	38025
76.066	0.25	1	2	38033
76.082	0.25	1	2	38041
76.1	0.25	1	2	38050
76.116	0.25	1	2	38058
76.132	0.25	0	1	38066
76.15	0.25	0	1	38075
76.166	0.25	0	1	38083
76.182	0.25	0	1	38091
76.2	0.25	0	1	38100
76.216	0.25	0	1	38108
76.232	0.25	0	1	38116
76.25	0.25	0	1	38125
76.266	0.25	0	1	38133
76.282	0.25	0	1	38141
76.3	0.25	0	1	38150
76.316	0.25	0	1	38158
76.332	0.25	1	2	38166
76.35	0.25	1	2	38175
76.366	0.25	1	2	38183
76.382	0.25	1	2	38191
76.4	0.25	0	1	38200
76.416	0.25	0	1	38208
76.432	0.25	0	1	38216
76.45	0.25	0	1	38225
76.466	0.25	1	2	38233
76.482	0.25	1	2	38241
76.5	0.25	0	1	38250
76.516	0.25	0	1	38258
76.532	0.25	1	2	38266
76.55	0.25	1	2	38275
76.566	0.25	0	1	38283
76.582	0.25	0	1	38291
76.6	0.25	1	2	38300
76.616	0.25	1	2	38308
76.632	0.25	0	1	38316
76.65	0.25	0	1	38325
76.666	0.25	1	2	38333
76.682	0.25	1	2	38341
76.7	0.25	1	2	38350
76.716	0.25	1	2	38358
76.732	0.25	0	1	38366
76.75	0.25	0	1	38375
76.766	0.25	1	2	38383
76.782	0.25	1	2	38391
76.8	0.25	0	1	38400
76.816	0.25	0	1	38408
76.832	0.25	0	1	38416
76.85	0.25	0	1	38425
76.866	0.25	0	1	38433
76.882	0.25	0	1	38441
76.9	0.25	1	2	38450
76.916	0.25	1	2	38458
76.932	0.25	0	1	38466
76.95	0.25	0	1	38475
76.966	0.25	0	1	38483
76.982	0.25	0	1	38491
77.0	0.25	0	1	38500
77.016	0.25	0	1	38508
77.032	0.25	1	2	38516
77.05	0.25	1	2	38525
77.066	0.25	1	2	38533
77.082	0.25	1	2	38541
77.1	0.25	1	2	38550
77.116	0.25	1	2	38558
77.132	0.25	0	1	38566
77.15	0.25	0	1	38575
77.166	0.25	1	2	38583
77.182	0.25	1	2	38591
77.2	0.25	0	1	38600
77.216	0.25	0	1	38608
77.232	0.25	1	2	38616
77.25	0.25	1	2	38625
77.266	0.25	1	2	38633
77.282	0.25	1	2	38641
77.3	0.25	1	2	38650
77.316	0.25	1	2	38658
77.332	0.25	1	2	38666
77.35	0.25	1	2	38675
77.366	0.25	1	2	38683
77.382	0.25	1	2	38691
77.4	0.25	0	1	38700
77.416	0.25	0	1	38708
77.432	0.25	0	1	38716
77.45	0.25	0	1	38725
77.466	0.25	1	2	38733
77.482	0.25	1	2	38741
77.5	0.25	0	1	38750
77.516	0.25	0	1	38758
77.532	0.25	0	1	38766
77.55	0.25	0	1	38775
77.566	0.25	0	1	38783
77.582	0.25	0	1	38791
77.6	0.25	1	2	38800
77.616	0.25	1	2	38808
77.632	0.25	1	2	38816
79.116	0.25	1	2	39558
79.132	0.25	1	2	39566
79.15	0.25	1	2	39575
79.166	0.25	1	2	39583
79.182	0.25	0	1	39591
79.2	0.25	0	1	39600
79.216	0.25	1	2	39608
79.232	0.25	1	2	39616
79.25	0.25	1	2	39625
79.266	0.25	1	2	39633
79.282	0.25	0	1	39641
79.3	0.25	0	1	39650
79.316	0.25	1	2	39658
79.332	0.25	1	2	39666
79.35	0.25	1	2	39675
79.366	0.25	1	2	39683
79.382	0.25	0	1	39691
79.4	0.25	0	1	39700
79.416	0.25	1	2	39708
79.432	0.25	1	2	39716
79.45	0.25	1	2	39725
79.466	0.25	1	2	39733
79.482	0.25	0	1	39741
79.5	0.25	0	1	39750
79.516	0.25	0	1	39758
79.532	0.25	0	1	39766
79.55	0.25	0	1	39775
79.566	0.25	0	1	39783
79.582	0.25	1	2	39791
79.6	0.25	1	2	39800
79.616	0.25	1	2	39808
79.632	0.25	1	2	39816
79.65	0.25	1	2	39825
79.666	0.25	1	2	39833
79.682	0.25	0	1	39841
79.7	0.25	0	1	39850
79.716	0.25	0	1	39858
79.732	0.25	0	1	39866
79.75	0.25	0	1	39875
79.766	0.25	0	1	39883
79.782	0.25	1	2	39891
79.8	0.25	1	2	39900
79.816	0.25	1	2	39908
79.832	0.25	1	2	39916
79.85	0.25	1	2	39925
79.866	0.25	1	2	39933
79.882	0.25	1	2	39941
79.9	0.25	1	2	39950
79.916	0.25	1	2	39958
79.932	0.25	1	2	39966
79.95	0.25	0	1	39975
79.966	0.25	0	1	39983
79.982	0.25	0	1	39991
80.0	0.25	0	1	40000
80.016	0.25	1	2	40008
80.032	0.25	1	2	40016
80.05	0.25	0	1	40025
80.066	0.25	0	1	40033
80.082	0.25	1	2	40041
80.1	0.25	1	2	40050
80.116	0.25	0	1	40058
80.132	0.25	0	1	40066
80.15	0.25	0	1	40075
80.166	0.25	0	1	40083
80.182	0.25	1	2	40091
80.2	0.25	1	2	40100
80.216	0.25	1	2	40108
80.232	0.25	1	2	40116
80.25	0.25	0	1	40125
80.266	0.25	0	1	40133
80.282	0.25	0	1	40141
80.3	0.25	0	1	40150
80.316	0.25	0	1	40158
80.332	0.25	0	1	40166
80.35	0.25	0	1	40175
80.366	0.25	0	1	40183
80.382	0.25	1	2	40191
80.4	0.25	1	2	40200
80.416	0.25	0	1	40208
80.432	0.25	0	1	40216
80.45	0.25	0	1	40225
80.466	0.25	0	1	40233
80.482	0.25	0	1	40241
80.5	0.25	0	1	40250
80.516	0.25	0	1	40258
80.532	0.25	0	1	40266
80.55	0.25	1	2	40275
80.566	0.25	1	2	40283
80.582	0.25	1	2	40291
80.6	0.25	1	2	40300
80.616	0.25	1	2	40308
80.632	0.25	1	2	40316
80.65	0.25	1	2	40325
80.666	0.25	1	2	40333
80.682	0.25	1	2	40341
80.7	0.25	1	2	40350
80.716	0.25	1	2	40358
80.732	0.25	1	2	40366
80.75	0.25	0	1	40375
80.766	0.25	0	1	40383
80.782	0.25	1	2	40391
80.8	0.25	1	2	40400
80.816	0.25	0	1	40408
80.832	0.25	0	1	40416
80.85	0.25	1	2	40425
80.866	0.25	1	2	40433
80.882	0.25	0	1	40441
80.9	0.25	0	1	40450
80.916	0.25	0	1	40458
80.932	0.25	0	1	40466
80.95	0.25	1	2	40475
80.966	0.25	1	2	40483
80.982	0.25	1	2	40491
81.0	0.25	1	2	40500
81.016	0.25	0	1	40508
81.032	0.25	0	1	40516
81.05	0.25	0	1	40525
82.532	0.25	1	2	41266
82.55	0.25	1	2	41275
82.566	0.25	1	2	41283
82.582	0.25	1	2	41291
82.6	0.25	1	2	41300
82.616	0.25	1	2	41308
82.632	0.25	1	2	41316
82.65	0.25	1	2	41325
82.666	0.25	1	2	41333
82.682	0.25	1	2	41341
82.7	0.25	1	2	41350
82.716	0.25	1	2	41358
82.732	0.25	1	2	41366
82.75	0.25	1	2	41375
82.766	0.25	0	1	41383
82.782	0.25	0	1	41391
82.8	0.25	0	1	41400
82.816	0.25	0	1	41408
82.832	0.25	1	2	41416
82.85	0.25	1	2	41425
82.866	0.25	1	2	41433
82.882	0.25	1	2	41441
82.9	0.25	0	1	41450
82.916	0.25	0	1	41458
82.932	0.25	0	1	41466
82.95	0.25	0	1	41475
82.966	0.25	1	2	41483
82.982	0.25	1	2	41491
83.0	0.25	1	2	41500
83.016	0.25	1	2	41508
83.032	0.25	0	1	41516
83.05	0.25	0	1	41525
83.066	0.25	0	1	41533
83.082	0.25	0	1	41541
83.1	0.25	1	2	41550
83.116	0.25	1	2	41558
83.132	0.25	0	1	41566
83.15	0.25	0	1	41575
83.166	0.25	1	2	41583
83.182	0.25	1	2	41591
83.2	0.25	1	2	41600
83.216	0.25	1	2	41608
83.232	0.25	0	1	41616
83.25	0.25	0	1	41625
83.266	0.25	1	2	41633
83.282	0.25	1	2	41641
83.3	0.25	0	1	41650
83.316	0.25	0	1	41658
83.332	0.25	0	1	41666
83.35	0.25	0	1	41675
83.366	0.25	1	2	41683
83.382	0.25	1	2	41691
83.4	0.25	0	1	41700
83.416	0.25	0	1	41708
83.432	0.25	1	2	41716
83.45	0.25	1	2	41725
83.466	0.25	1	2	41733
83.482	0.25	1	2	41741
83.5	0.25	1	2	41750
83.516	0.25	1	2	41758
83.532	0.25	0	1	41766
83.55	0.25	0	1	41775
83.566	0.25	0	1	41783
83.582	0.25	0	1	41791
83.6	0.25	0	1	41800
83.616	0.25	0	1	41808
83.632	0.25	1	2	41816
83.65	0.25	1	2	41825
83.666	0.25	0	1	41833
83.682	0.25	0	1	41841
83.7	0.25	1	2	41850
83.716	0.25	1	2	41858
83.732	0.25	1	2	41866
83.75	0.25	1	2	41875
83.766	0.25	1	2	41883
83.782	0.25	1	2	41891
83.8	0.25	0	1	41900
83.816	0.25	0	1	41908
83.832	0.25	0	1	41916
83.85	0.25	0	1	41925
83.866	0.25	1	2	41933
83.882	0.25	1	2	41941
83.9	0.25	0	1	41950
83.916	0.25	0	1	41958
83.932	0.25	1	2	41966
83.95	0.25	1	2	41975
83.966	0.25	0	1	41983
83.982	0.25	0	1	41991
84.0	0.25	0	1	42000
84.016	0.25	0	1	42008
84.032	0.25	0	1	42016
84.05	0.25	0	1	42025
84.066	0.25	1	2	42033
84.082	0.25	1	2	42041
84.1	0.25	1	2	42050
84.116	0.25	1	2	42058
84.132	0.25	0	1	42066
84.15	0.25	0	1	42075
84.166	0.25	1	2	42083
84.182	0.25	1	2	42091
84.2	0.25	0	1	42100
84.216	0.25	0	1	42108
84.232	0.25	0	1	42116
84.25	0.25	0	1	42125
84.266	0.25	0	1	42133
84.282	0.25	0	1	42141
84.3	0.25	1	2	42150
84.316	0.25	1	2	42158
84.332	0.25	0	1	42166
84.35	0.25	0	1	42175
84.366	0.25	1	2	42183
84.382	0.25	1	2	42191
84.4	0.25	0	1	42200
84.416	0.25	0	1	42208
84.432	0.25	0	1	42216
84.45	0.25	0	1	42225
84.466	0.25	1	2	42233
87.132	0.25	0	1	43566
87.15	0.25	0	1	43575
87.166	0.25	0	1	43583
87.182	0.25	0	1	43591
87.2	0.25	1	2	43600
87.216	0.25	1	2	43608
87.232	0.25	1	2	43616
87.25	0.25	1	2	43625
87.266	0.25	0	1	43633
87.282	0.25	0	1	43641
87.3	0.25	0	1	43650
87.316	0.25	0	1	43658
87.332	0.25	0	1	43666
87.35	0.25	0	1	43675
87.366	0.25	0	1	43683
87.382	0.25	0	1	43691
87.4	0.25	1	2	43700
87.416	0.25	1	2	43708
87.432	0.25	1	2	43716
87.45	0.25	1	2	43725
87.466	0.25	1	2	43733
87.482	0.25	1	2	43741
87.5	0.25	1	2	43750
87.516	0.25	1	2	43758
87.532	0.25	1	2	43766
87.55	0.25	1	2	43775
87.566	0.25	0	1	43783
87.582	0.25	0	1	43791
87.6	0.25	0	1	43800
87.616	0.25	0	1	43808
87.632	0.25	0	1	43816
87.65	0.25	0	1	43825
87.666	0.25	0	1	43833
87.682	0.25	0	1	43841
87.7	0.25	0	1	43850
87.716	0.25	0	1	43858
87.732	0.25	0	1	43866
87.75	0.25	0	1	43875
87.766	0.25	1	2	43883
87.782	0.25	1	2	43891
87.8	0.25	1	2	43900
87.816	0.25	1	2	43908
87.832	0.25	0	1	43916
87.85	0.25	0	1	43925
87.866	0.25	0	1	43933
87.882	0.25	0	1	43941
87.9	0.25	1	2	43950
87.916	0.25	1	2	43958
87.932	0.25	0	1	43966
87.95	0.25	0	1	43975
87.966	0.25	1	2	43983
87.982	0.25	1	2	43991
88.0	0.25	0	1	44000
88.016	0.25	0	1	44008
88.032	0.25	1	2	44016
88.05	0.25	1	2	44025
88.066	0.25	0	1	44033
88.082	0.25	0	1	44041
88.1	0.25	1	2	44050
88.116	0.25	1	2	44058
88.132	0.25	1	2	44066
88.15	0.25	1	2	44075
88.166	0.25	0	1	44083
88.182	0.25	0	1	44091
88.2	0.25	1	2	44100
88.216	0.25	1	2	44108
88.232	0.25	0	1	44116
88.25	0.25	0	1	44125
88.266	0.25	0	1	44133
88.282	0.25	0	1	44141
88.3	0.25	0	1	44150
88.316	0.25	0	1	44158
88.332	0.25	1	2	44166
88.35	0.25	1	2	44175
88.366	0.25	0	1	44183
88.382	0.25	0	1	44191
88.4	0.25	0	1	44200
88.416	0.25	0	1	44208
88.432	0.25	0	1	44216
88.45	0.25	0	1	44225
88.466	0.25	1	2	44233
88.482	0.25	1	2	44241
88.5	0.25	1	2	44250
88.516	0.25	1	2	44258
88.532	0.25	1	2	44266
88.55	0.25	1	2	44275
88.566	0.25	0	1	44283
88.582	0.25	0	1	44291
88.6	0.25	1	2	44300
88.616	0.25	1	2	44308
88.632	0.25	0	1	44316
88.65	0.25	0	1	44325
88.666	0.25	1	2	44333
88.682	0.25	1	2	44341
88.7	0.25	1	2	44350
88.716	0.25	1	2	44358
88.732	0.25	1	2	44366
88.75	0.25	1	2	44375
88.766	0.25	1	2	44383
88.782	0.25	1	2	44391
88.8	0.25	1	2	44400
88.816	0.25	1	2	44408
88.832	0.25	0	1	44416
88.85	0.25	0	1	44425
88.866	0.25	0	1	44433
88.882	0.25	0	1	44441
88.9	0.25	1	2	44450
88.916	0.25	1	2	44458
88.932	0.25	0	1	44466
88.95	0.25	0	1	44475
88.966	0.25	0	1	44483
88.982	0.25	0	1	44491
89.0	0.25	0	1	44500
89.016	0.25	0	1	44508
89.032	0.25	1	2	44516
89.05	0.25	1	2	44525
89.066	0.25	1	2	44533
90.55	0.25	1	2	45275
90.566	0.25	1	2	45283
90.582	0.25	1	2	45291
90.6	0.25	1	2	45300
90.616	0.25	0	1	45308
90.632	0.25	0	1	45316
90.65	0.25	0	1	45325
90.666	0.25	0	1	45333
90.682	0.25	0	1	45341
90.7	0.25	0	1	45350
90.716	0.25	0	1	45358
90.732	0.25	0	1	45366
90.75	0.25	1	2	45375
90.766	0.25	1	2	45383
90.782	0.25	0	1	45391
90.8	0.25	0	1	45400
90.816	0.25	0	1	45408
90.832	0.25	0	1	45416
90.85	0.25	1	2	45425
90.866	0.25	1	2	45433
90.882	0.25	1	2	45441
90.9	0.25	1	2	45450
90.916	0.25	0	1	45458
90.932	0.25	0	1	45466
90.95	0.25	0	1	45475
90.966	0.25	0	1	45483
90.982	0.25	0	1	45491
91.0	0.25	0	1	45500
91.016	0.25	0	1	45508
91.032	0.25	0	1	45516
91.05	0.25	0	1	45525
91.066	0.25	0	1	45533
91.082	0.25	0	1	45541
91.1	0.25	0	1	45550
91.116	0.25	1	2	45558
91.132	0.25	1	2	45566
91.15	0.25	0	1	45575
91.166	0.25	0	1	45583
91.182	0.25	1	2	45591
91.2	0.25	1	2	45600
91.216	0.25	1	2	45608
91.232	0.25	1	2	45616
91.25	0.25	0	1	45625
91.266	0.25	0	1	45633
91.282	0.25	1	2	45641
91.3	0.25	1	2	45650
91.316	0.25	0	1	45658
91.332	0.25	0	1	45666
91.35	0.25	1	2	45675
91.366	0.25	1	2	45683
91.382	0.25	0	1	45691
91.4	0.25	0	1	45700
91.416	0.25	1	2	45708
91.432	0.25	1	2	45716
91.45	0.25	0	1	45725
91.466	0.25	0	1	45733
91.482	0.25	0	1	45741
91.5	0.25	0	1	45750
91.516	0.25	0	1	45758
91.532	0.25	0	1	45766
91.55	0.25	1	2	45775
91.566	0.25	1	2	45783
91.582	0.25	1	2	45791
91.6	0.25	1	2	45800
91.616	0.25	1	2	45808
91.632	0.25	1	2	45816
91.65	0.25	0	1	45825
91.666	0.25	0	1	45833
91.682	0.25	1	2	45841
91.7	0.25	1	2	45850
91.716	0.25	1	2	45858
91.732	0.25	1	2	45866
91.75	0.25	1	2	45875
91.766	0.25	1	2	45883
91.782	0.25	0	1	45891
91.8	0.25	0	1	45900
91.816	0.25	1	2	45908
91.832	0.25	1	2	45916
91.85	0.25	0	1	45925
91.866	0.25	0	1	45933
91.882	0.25	1	2	45941
91.9	0.25	1	2	45950
91.916	0.25	1	2	45958
91.932	0.25	1	2	45966
91.95	0.25	0	1	45975
91.966	0.25	0	1	45983
91.982	0.25	0	1	45991
92.0	0.25	0	1	46000
92.016	0.25	0	1	46008
92.032	0.25	0	1	46016
92.05	0.25	1	2	46025
92.066	0.25	1	2	46033
92.082	0.25	1	2	46041
92.1	0.25	1	2	46050
92.116	0.25	0	1	46058
92.132	0.25	0	1	46066
92.15	0.25	1	2	46075
92.166	0.25	1	2	46083
92.182	0.25	1	2	46091
92.2	0.25	1	2	46100
92.216	0.25	1	2	46108
92.232	0.25	1	2	46116
92.25	0.25	0	1	46125
92.266	0.25	0	1	46133
92.282	0.25	0	1	46141
92.3	0.25	0	1	46150
92.316	0.25	0	1	46158
92.332	0.25	0	1	46166
92.35	0.25	0	1	46175
92.366	0.25	0	1	46183
92.382	0.25	0	1	46191
92.4	0.25	0	1	46200
92.416	0.25	1	2	46208
92.432	0.25	1	2	46216
92.45	0.25	1	2	46225
92.466	0.25	1	2	46233
92.482	0.25	1	2	46241
93.966	0.25	1	2	46983
93.982	0.25	1	2	46991
94.0	0.25	1	2	47000
94.016	0.25	1	2	47008
94.032	0.25	1	2	47016
94.05	0.25	1	2	47025
94.066	0.25	1	2	47033
94.082	0.25	1	2	47041
94.1	0.25	1	2	47050
94.116	0.25	1	2	47058
94.132	0.25	1	2	47066
94.15	0.25	1	2	47075
94.166	0.25	1	2	47083
94.182	0.25	1	2	47091
94.2	0.25	0	1	47100
94.216	0.25	0	1	47108
94.232	0.25	0	1	47116
94.25	0.25	0	1	47125
94.266	0.25	1	2	47133
94.282	0.25	1	2	47141
94.3	0.25	1	2	47150
94.316	0.25	1	2	47158
94.332	0.25	0	1	47166
94.35	0.25	0	1	47175
94.366	0.25	0	1	47183
94.382	0.25	0	1	47191
94.4	0.25	1	2	47200
94.416	0.25	1	2	47208
94.432	0.25	1	2	47216
94.45	0.25	1	2	47225
94.466	0.25	0	1	47233
94.482	0.25	0	1	47241
94.5	0.25	0	1	47250
94.516	0.25	0	1	47258
94.532	0.25	1	2	47266
94.55	0.25	1	2	47275
94.566	0.25	0	1	47283
94.582	0.25	0	1	47291
94.6	0.25	1	2	47300
94.616	0.25	1	2	47308
94.632	0.25	1	2	47316
94.65	0.25	1	2	47325
94.666	0.25	0	1	47333
94.682	0.25	0	1	47341
94.7	0.25	1	2	47350
94.716	0.25	1	2	47358
94.732	0.25	0	1	47366
94.75	0.25	0	1	47375
94.766	0.25	0	1	47383
94.782	0.25	0	1	47391
94.8	0.25	1	2	47400
94.816	0.25	1	2	47408
94.832	0.25	0	1	47416
94.85	0.25	0	1	47425
94.866	0.25	1	2	47433
94.882	0.25	1	2	47441
94.9	0.25	1	2	47450
94.916	0.25	1	2	47458
94.932	0.25	1	2	47466
94.95	0.25	1	2	47475
94.966	0.25	0	1	47483
94.982	0.25	0	1	47491
95.0	0.25	0	1	47500
95.016	0.25	0	1	47508
95.032	0.25	0	1	47516
95.05	0.25	0	1	47525
95.066	0.25	1	2	47533
95.082	0.25	1	2	47541
95.1	0.25	0	1	47550
95.116	0.25	0	1	47558
95.132	0.25	1	2	47566
95.15	0.25	1	2	47575
95.166	0.25	1	2	47583
95.182	0.25	1	2	47591
95.2	0.25	1	2	47600
95.216	0.25	1	2	47608
95.232	0.25	0	1	47616
95.25	0.25	0	1	47625
95.266	0.25	0	1	47633
95.282	0.25	0	1	47641
95.3	0.25	1	2	47650
95.316	0.25	1	2	47658
95.332	0.25	0	1	47666
95.35	0.25	0	1	47675
95.366	0.25	1	2	47683
95.382	0.25	1	2	47691
95.4	0.25	0	1	47700
95.416	0.25	0	1	47708
95.432	0.25	0	1	47716
95.45	0.25	0	1	47725
95.466	0.25	0	1	47733
95.482	0.25	0	1	47741
95.5	0.25	1	2	47750
95.516	0.25	1	2	47758
95.532	0.25	1	2	47766
95.55	0.25	1	2	47775
95.566	0.25	0	1	47783
95.582	0.25	0	1	47791
95.6	0.25	1	2	47800
95.616	0.25	1	2	47808
95.632	0.25	0	1	47816
95.65	0.25	0	1	47825
95.666	0.25	0	1	47833
95.682	0.25	0	1	47841
95.7	0.25	0	1	47850
95.716	0.25	0	1	47858
95.732	0.25	1	2	47866
95.75	0.25	1	2	47875
95.766	0.25	0	1	47883
95.782	0.25	0	1	47891
95.8	0.25	1	2	47900
95.816	0.25	1	2	47908
95.832	0.25	0	1	47916
95.85	0.25	0	1	47925
95.866	0.25	0	1	47933
95.882	0.25	0	1	47941
95.9	0.25	1	2	47950
97.382	0.25	1	2	48691
97.4	0.25	1	2	48700
97.416	0.25	1	2	48708
97.432	0.25	1	2	48716
97.45	0.25	0	1	48725
97.466	0.25	0	1	48733
97.482	0.25	1	2	48741
97.5	0.25	1	2	48750
97.516	0.25	1	2	48758
97.532	0.25	1	2	48766
97.55	0.25	0	1	48775
97.566	0.25	0	1	48783
97.582	0.25	1	2	48791
97.6	0.25	1	2	48800
97.616	0.25	1	2	48808
97.632	0.25	1	2	48816
97.65	0.25	0	1	48825
97.666	0.25	0	1	48833
97.682	0.25	1	2	48841
97.7	0.25	1	2	48850
97.716	0.25	1	2	48858
97.732	0.25	1	2	48866
97.75	0.25	0	1	48875
97.766	0.25	0	1	48883
97.782	0.25	0	1	48891
97.8	0.25	0	1	48900
97.816	0.25	0	1	48908
97.832	0.25	0	1	48916
97.85	0.25	1	2	48925
97.866	0.25	1	2	48933
97.882	0.25	1	2	48941
97.9	0.25	1	2	48950
97.916	0.25	1	2	48958
97.932	0.25	1	2	48966
97.95	0.25	0	1	48975
97.966	0.25	0	1	48983
97.982	0.25	0	1	48991
98.0	0.25	0	1	49000
98.016	0.25	0	1	49008
98.032	0.25	0	1	49016
98.05	0.25	1	2	49025
98.066	0.25	1	2	49033
98.082	0.25	1	2	49041
98.1	0.25	1	2	49050
98.116	0.25	1	2	49058
98.132	0.25	1	2	49066
98.15	0.25	1	2	49075
98.166	0.25	1	2	49083
98.182	0.25	1	2	49091
98.2	0.25	1	2	49100
98.216	0.25	0	1	49108
98.232	0.25	0	1	49116
98.25	0.25	0	1	49125
98.266	0.25	0	1	49133
98.282	0.25	1	2	49141
98.3	0.25	1	2	49150
98.316	0.25	0	1	49158
98.332	0.25	0	1	49166
98.35	0.25	1	2	49175
98.366	0.25	1	2	49183
98.382	0.25	0	1	49191
98.4	0.25	0	1	49200
98.416	0.25	0	1	49208
98.432	0.25	0	1	49216
98.45	0.25	1	2	49225
98.466	0.25	1	2	49233
98.482	0.25	1	2	49241
98.5	0.25	1	2	49250
98.516	0.25	0	1	49258
98.532	0.25	0	1	49266
98.55	0.25	0	1	49275
98.566	0.25	0	1	49283
98.582	0.25	0	1	49291
98.6	0.25	0	1	49300
98.616	0.25	0	1	49308
98.632	0.25	0	1	49316
98.65	0.25	1	2	49325
98.666	0.25	1	2	49333
98.682	0.25	0	1	49341
98.7	0.25	0	1	49350
98.716	0.25	0	1	49358
98.732	0.25	0	1	49366
98.75	0.25	0	1	49375
98.766	0.25	0	1	49383
98.782	0.25	0	1	49391
98.8	0.25	0	1	49400
98.816	0.25	1	2	49408
98.832	0.25	1	2	49416
98.85	0.25	1	2	49425
98.866	0.25	1	2	49433
98.882	0.25	1	2	49441
98.9	0.25	1	2	49450
98.916	0.25	1	2	49458
98.932	0.25	1	2	49466
98.95	0.25	1	2	49475
98.966	0.25	1	2	49483
98.982	0.25	1	2	49491
99.0	0.25	1	2	49500
99.016	0.25	0	1	49508
99.032	0.25	0	1	49516
99.05	0.25	1	2	49525
99.066	0.25	1	2	49533
99.082	0.25	0	1	49541
99.1	0.25	0	1	49550
99.116	0.25	1	2	49558
99.132	0.25	1	2	49566
99.15	0.25	0	1	49575
99.166	0.25	0	1	49583
99.182	0.25	0	1	49591
99.2	0.25	0	1	49600
99.216	0.25	1	2	49608
99.232	0.25	1	2	49616
99.25	0.25	1	2	49625
99.266	0.25	1	2	49633
99.282	0.25	0	1	49641
99.3	0.25	0	1	49650
99.316	0.25	0	1	49658
101.65	0.25	1	2	50825
101.666	0.25	1	2	50833
101.682	0.25	1	2	50841
101.7	0.25	1	2	50850
101.716	0.25	1	2	50858
101.732	0.25	1	2	50866
101.75	0.25	1	2	50875
101.766	0.25	1	2	50883
101.782	0.25	1	2	50891
101.8	0.25	1	2	50900
101.816	0.25	1	2	50908
101.832	0.25	1	2	50916
101.85	0.25	1	2	50925
101.866	0.25	1	2	50933
101.882	0.25	0	1	50941
101.9	0.25	0	1	50950
101.916	0.25	0	1	50958
101.932	0.25	0	1	50966
101.95	0.25	1	2	50975
101.966	0.25	1	2	50983
101.982	0.25	1	2	50991
102.0	0.25	1	2	51000
102.016	0.25	0	1	51008
102.032	0.25	0	1	51016
102.05	0.25	0	1	51025
102.066	0.25	0	1	51033
102.082	0.25	1	2	51041
102.1	0.25	1	2	51050
102.116	0.25	1	2	51058
102.132	0.25	1	2	51066
102.15	0.25	0	1	51075
102.166	0.25	0	1	51083
102.182	0.25	0	1	51091
102.2	0.25	0	1	51100
102.216	0.25	1	2	51108
102.232	0.25	1	2	51116
102.25	0.25	0	1	51125
102.266	0.25	0	1	51133
102.282	0.25	1	2	51141
102.3	0.25	1	2	51150
102.316	0.25	1	2	51158
102.332	0.25	1	2	51166
102.35	0.25	0	1	51175
102.366	0.25	0	1	51183
102.382	0.25	1	2	51191
102.4	0.25	1	2	51200
102.416	0.25	0	1	51208
102.432	0.25	0	1	51216
102.45	0.25	0	1	51225
102.466	0.25	0	1	51233
102.482	0.25	1	2	51241
102.5	0.25	1	2	51250
102.516	0.25	0	1	51258
102.532	0.25	0	1	51266
102.55	0.25	1	2	51275
102.566	0.25	1	2	51283
102.582	0.25	1	2	51291
102.6	0.25	1	2	51300
102.616	0.25	1	2	51308
102.632	0.25	1	2	51316
102.65	0.25	0	1	51325
102.666	0.25	0	1	51333
102.682	0.25	0	1	51341
102.7	0.25	0	1	51350
102.716	0.25	0	1	51358
102.732	0.25	0	1	51366
102.75	0.25	1	2	51375
102.766	0.25	1	2	51383
102.782	0.25	0	1	51391
102.8	0.25	0	1	51400
102.816	0.25	1	2	51408
102.832	0.25	1	2	51416
102.85	0.25	1	2	51425
102.866	0.25	1	2	51433
102.882	0.25	1	2	51441
102.9	0.25	1	2	51450
102.916	0.25	0	1	51458
102.932	0.25	0	1	51466
102.95	0.25	0	1	51475
102.966	0.25	0	1	51483
102.982	0.25	1	2	51491
103.0	0.25	1	2	51500
103.016	0.25	0	1	51508
103.032	0.25	0	1	51516
103.05	0.25	1	2	51525
103.066	0.25	1	2	51533
103.082	0.25	0	1	51541
103.1	0.25	0	1	51550
103.116	0.25	0	1	51558
103.132	0.25	0	1	51566
103.15	0.25	0	1	51575
103.166	0.25	0	1	51583
103.182	0.25	1	2	51591
103.2	0.25	1	2	51600
103.216	0.25	1	2	51608
103.232	0.25	1	2	51616
103.25	0.25	0	1	51625
103.266	0.25	0	1	51633
103.282	0.25	1	2	51641
103.3	0.25	1	2	51650
103.316	0.25	0	1	51658
103.332	0.25	0	1	51666
103.35	0.25	0	1	51675
103.366	0.25	0	1	51683
103.382	0.25	0	1	51691
103.4	0.25	0	1	51700
103.416	0.25	1	2	51708
103.432	0.25	1	2	51716
103.45	0.25	0	1	51725
103.466	0.25	0	1	51733
103.482	0.25	1	2	51741
103.5	0.25	1	2	51750
103.516	0.25	0	1	51758
103.532	0.25	0	1	51766
103.55	0.25	0	1	51775
103.566	0.25	0	1	51783
103.582	0.25	1	2	51791
105.066	0.25	0	1	52533
105.082	0.25	0	1	52541
105.1	0.25	0	1	52550
105.116	0.25	0	1	52558
105.132	0.25	1	2	52566
105.15	0.25	1	2	52575
105.166	0.25	1	2	52583
105.182	0.25	1	2	52591
105.2	0.25	0	1	52600
105.216	0.25	0	1	52608
105.232	0.25	0	1	52616
105.25	0.25	0	1	52625
105.266	0.25	0	1	52633
105.282	0.25	0	1	52641
105.3	0.25	0	1	52650
105.316	0.25	0	1	52658
105.332	0.25	1	2	52666
105.35	0.25	1	2	52675
105.366	0.25	1	2	52683
105.382	0.25	1	2	52691
105.4	0.25	1	2	52700
105.416	0.25	1	2	52708
105.432	0.25	1	2	52716
105.45	0.25	1	2	52725
105.466	0.25	1	2	52733
105.482	0.25	1	2	52741
105.5	0.25	0	1	52750
105.516	0.25	0	1	52758
105.532	0.25	0	1	52766
105.55	0.25	0	1	52775
105.566	0.25	0	1	52783
105.582	0.25	0	1	52791
105.6	0.25	0	1	52800
105.616	0.25	0	1	52808
105.632	0.25	0	1	52816
105.65	0.25	0	1	52825
105.666	0.25	0	1	52833
105.682	0.25	0	1	52841
105.7	0.25	1	2	52850
105.716	0.25	1	2	52858
105.732	0.25	1	2	52866
105.75	0.25	1	2	52875
105.766	0.25	0	1	52883
105.782	0.25	0	1	52891
105.8	0.25	0	1	52900
105.816	0.25	0	1	52908
105.832	0.25	1	2	52916
105.85	0.25	1	2	52925
105.866	0.25	0	1	52933
105.882	0.25	0	1	52941
105.9	0.25	1	2	52950
105.916	0.25	1	2	52958
105.932	0.25	0	1	52966
105.95	0.25	0	1	52975
105.966	0.25	1	2	52983
105.982	0.25	1	2	52991
106.0	0.25	0	1	53000
106.016	0.25	0	1	53008
106.032	0.25	1	2	53016
106.05	0.25	1	2	53025
106.066	0.25	1	2	53033
106.082	0.25	1	2	53041
106.1	0.25	0	1	53050
106.116	0.25	0	1	53058
106.132	0.25	1	2	53066
106.15	0.25	1	2	53075
106.166	0.25	0	1	53083
106.182	0.25	0	1	53091
106.2	0.25	0	1	53100
106.216	0.25	0	1	53108
106.232	0.25	0	1	53116
106.25	0.25	0	1	53125
106.266	0.25	1	2	53133
106.282	0.25	1	2	53141
106.3	0.25	0	1	53150
106.316	0.25	0	1	53158
106.332	0.25	0	1	53166
106.35	0.25	0	1	53175
106.366	0.25	0	1	53183
106.382	0.25	0	1	53191
106.4	0.25	1	2	53200
106.416	0.25	1	2	53208
106.432	0.25	1	2	53216
106.45	0.25	1	2	53225
106.466	0.25	1	2	53233
106.482	0.25	1	2	53241
106.5	0.25	0	1	53250
106.516	0.25	0	1	53258
106.532	0.25	1	2	53266
106.55	0.25	1	2	53275
106.566	0.25	0	1	53283
106.582	0.25	0	1	53291
106.6	0.25	1	2	53300
106.616	0.25	1	2	53308
106.632	0.25	1	2	53316
106.65	0.25	1	2	53325
106.666	0.25	1	2	53333
106.682	0.25	1	2	53341
106.7	0.25	1	2	53350
106.716	0.25	1	2	53358
106.732	0.25	1	2	53366
106.75	0.25	1	2	53375
106.766	0.25	0	1	53383
106.782	0.25	0	1	53391
106.8	0.25	0	1	53400
106.816	0.25	0	1	53408
106.832	0.25	1	2	53416
106.85	0.25	1	2	53425
106.866	0.25	0	1	53433
106.882	0.25	0	1	53441
106.9	0.25	0	1	53450
106.916	0.25	0	1	53458
106.932	0.25	0	1	53466
106.95	0.25	0	1	53475
106.966	0.25	1	2	53483
106.982	0.25	1	2	53491
107.0	0.25	1	2	53500
108.482	0.25	1	2	54241
108.5	0.25	1	2	54250
108.516	0.25	1	2	54258
108.532	0.25	1	2	54266
108.55	0.25	0	1	54275
108.566	0.25	0	1	54283
108.582	0.25	0	1	54291
108.6	0.25	0	1	54300
108.616	0.25	0	1	54308
108.632	0.25	0	1	54316
108.65	0.25	0	1	54325
108.666	0.25	0	1	54333
108.682	0.25	1	2	54341
108.7	0.25	1	2	54350
108.716	0.25	0	1	54358
108.732	0.25	0	1	54366
108.75	0.25	0	1	54375
108.766	0.25	0	1	54383
108.782	0.25	1	2	54391
108.8	0.25	1	2	54400
108.816	0.25	1	2	54408
108.832	0.25	1	2	54416
108.85	0.25	0	1	54425
108.866	0.25	0	1	54433
108.882	0.25	0	1	54441
108.9	0.25	0	1	54450
108.916	0.25	0	1	54458
108.932	0.25	0	1	54466
108.95	0.25	0	1	54475
108.966	0.25	0	1	54483
108.982	0.25	0	1	54491
109.0	0.25	0	1	54500
109.016	0.25	0	1	54508
109.032	0.25	0	1	54516
109.05	0.25	1	2	54525
109.066	0.25	1	2	54533
109.082	0.25	0	1	54541
109.1	0.25	0	1	54550
109.116	0.25	1	2	54558
109.132	0.25	1	2	54566
109.15	0.25	1	2	54575
109.166	0.25	1	2	54583
109.182	0.25	0	1	54591
109.2	0.25	0	1	54600
109.216	0.25	1	2	54608
109.232	0.25	1	2	54616
109.25	0.25	0	1	54625
109.266	0.25	0	1	54633
109.282	0.25	1	2	54641
109.3	0.25	1	2	54650
109.316	0.25	0	1	54658
109.332	0.25	0	1	54666
109.35	0.25	1	2	54675
109.366	0.25	1	2	54683
109.382	0.25	0	1	54691
109.4	0.25	0	1	54700
109.416	0.25	0	1	54708
109.432	0.25	0	1	54716
109.45	0.25	0	1	54725
109.466	0.25	0	1	54733
109.482	0.25	1	2	54741
109.5	0.25	1	2	54750
109.516	0.25	1	2	54758
109.532	0.25	1	2	54766
109.55	0.25	1	2	54775
109.566	0.25	1	2	54783
109.582	0.25	0	1	54791
109.6	0.25	0	1	54800
109.616	0.25	1	2	54808
109.632	0.25	1	2	54816
109.65	0.25	1	2	54825
109.666	0.25	1	2	54833
109.682	0.25	1	2	54841
109.7	0.25	1	2	54850
109.716	0.25	0	1	54858
109.732	0.25	0	1	54866
109.75	0.25	1	2	54875
109.766	0.25	1	2	54883
109.782	0.25	0	1	54891
109.8	0.25	0	1	54900
109.816	0.25	1	2	54908
109.832	0.25	1	2	54916
109.85	0.25	1	2	54925
109.866	0.25	1	2	54933
109.882	0.25	0	1	54941
109.9	0.25	0	1	54950
109.916	0.25	0	1	54958
109.932	0.25	0	1	54966
109.95	0.25	0	1	54975
109.966	0.25	0	1	54983
109.982	0.25	1	2	54991
110.0	0.25	1	2	55000
110.016	0.25	1	2	55008
110.032	0.25	1	2	55016
110.05	0.25	0	1	55025
110.066	0.25	0	1	55033
110.082	0.25	1	2	55041
110.1	0.25	1	2	55050
110.116	0.25	1	2	55058
110.132	0.25	1	2	55066
110.15	0.25	1	2	55075
110.166	0.25	1	2	55083
110.182	0.25	0	1	55091
110.2	0.25	0	1	55100
110.216	0.25	0	1	55108
110.232	0.25	0	1	55116
110.25	0.25	0	1	55125
110.266	0.25	0	1	55133
110.282	0.25	0	1	55141
110.3	0.25	0	1	55150
110.316	0.25	0	1	55158
110.332	0.25	0	1	55166
110.35	0.25	1	2	55175
110.366	0.25	1	2	55183
110.382	0.25	1	2	55191
110.4	0.25	1	2	55200
110.416	0.25	1	2	55208
111.9	0.25	1	2	55950
111.916	0.25	1	2	55958
111.932	0.25	1	2	55966
111.95	0.25	1	2	55975
111.966	0.25	0	1	55983
111.982	0.25	0	1	55991
112.0	0.25	1	2	56000
112.016	0.25	1	2	56008
112.032	0.25	1	2	56016
112.05	0.25	1	2	56025
112.066	0.25	0	1	56033
112.082	0.25	0	1	56041
112.1	0.25	1	2	56050
112.116	0.25	1	2	56058
112.132	0.25	1	2	56066
112.15	0.25	1	2	56075
112.166	0.25	0	1	56083
112.182	0.25	0	1	56091
112.2	0.25	1	2	56100
112.216	0.25	1	2	56108
112.232	0.25	1	2	56116
112.25	0.25	1	2	56125
112.266	0.25	0	1	56133
112.282	0.25	0	1	56141
112.3	0.25	0	1	56150
112.316	0.25	0	1	56158
112.332	0.25	0	1	56166
112.35	0.25	0	1	56175
112.366	0.25	1	2	56183
112.382	0.25	1	2	56191
112.4	0.25	1	2	56200
112.416	0.25	1	2	56208
112.432	0.25	1	2	56216
112.45	0.25	1	2	56225
112.466	0.25	0	1	56233
112.482	0.25	0	1	56241
112.5	0.25	0	1	56250
112.516	0.25	0	1	56258
112.532	0.25	0	1	56266
112.55	0.25	0	1	56275
112.566	0.25	1	2	56283
112.582	0.25	1	2	56291
112.6	0.25	1	2	56300
112.616	0.25	1	2	56308
112.632	0.25	1	2	56316
112.65	0.25	1	2	56325
112.666	0.25	1	2	56333
112.682	0.25	1	2	56341
112.7	0.25	1	2	56350
112.716	0.25	1	2	56358
112.732	0.25	0	1	56366
112.75	0.25	0	1	56375
112.766	0.25	0	1	56383
112.782	0.25	0	1	56391
112.8	0.25	1	2	56400
112.816	0.25	1	2	56408
112.832	0.25	0	1	56416
112.85	0.25	0	1	56425
112.866	0.25	1	2	56433
112.882	0.25	1	2	56441
112.9	0.25	0	1	56450
112.916	0.25	0	1	56458
112.932	0.25	0	1	56466
112.95	0.25	0	1	56475
112.966	0.25	1	2	56483
112.982	0.25	1	2	56491
113.0	0.25	1	2	56500
113.016	0.25	1	2	56508
113.032	0.25	0	1	56516
113.05	0.25	0	1	56525
113.066	0.25	0	1	56533
113.082	0.25	0	1	56541
113.1	0.25	0	1	56550
113.116	0.25	0	1	56558
113.132	0.25	0	1	56566
113.15	0.25	0	1	56575
113.166	0.25	1	2	56583
113.182	0.25	1	2	56591
113.2	0.25	0	1	56600
113.216	0.25	0	1	56608
113.232	0.25	0	1	56616
113.25	0.25	0	1	56625
113.266	0.25	0	1	56633
113.282	0.25	0	1	56641
113.3	0.25	0	1	56650
113.316	0.25	0	1	56658
113.332	0.25	1	2	56666
113.35	0.25	1	2	56675
113.366	0.25	1	2	56683
113.382	0.25	1	2	56691
113.4	0.25	1	2	56700
113.416	0.25	1	2	56708
113.432	0.25	1	2	56716
113.45	0.25	1	2	56725
113.466	0.25	1	2	56733
113.482	0.25	1	2	56741
113.5	0.25	1	2	56750
113.516	0.25	1	2	56758
113.532	0.25	0	1	56766
113.55	0.25	0	1	56775
113.566	0.25	1	2	56783
113.582	0.25	1	2	56791
113.6	0.25	0	1	56800
113.616	0.25	0	1	56808
113.632	0.25	1	2	56816
113.65	0.25	1	2	56825
113.666	0.25	0	1	56833
113.682	0.25	0	1	56841
113.7	0.25	0	1	56850
113.716	0.25	0	1	56858
113.732	0.25	1	2	56866
113.75	0.25	1	2	56875
113.766	0.25	1	2	56883
113.782	0.25	1	2	56891
113.8	0.25	0	1	56900
113.816	0.25	0	1	56908
113.832	0.25	0	1	56916
116.082	0.25	1	2	58041
116.1	0.25	1	2	58050
116.116	0.25	1	2	58058
116.132	0.25	1	2	58066
116.15	0.25	0	1	58075
116.166	0.25	0	1	58083
116.182	0.25	0	1	58091
116.2	0.25	0	1	58100
116.216	0.25	0	1	58108
116.232	0.25	0	1	58116
116.25	0.25	0	1	58125
116.266	0.25	0	1	58133
116.282	0.25	1	2	58141
116.3	0.25	1	2	58150
116.316	0.25	0	1	58158
116.332	0.25	0	1	58166
116.35	0.25	0	1	58175
116.366	0.25	0	1	58183
116.382	0.25	1	2	58191
116.4	0.25	1	2	58200
116.416	0.25	1	2	58208
116.432	0.25	1	2	58216
116.45	0.25	0	1	58225
116.466	0.25	0	1	58233
116.482	0.25	0	1	58241
116.5	0.25	0	1	58250
116.516	0.25	0	1	58258
116.532	0.25	0	1	58266
116.55	0.25	0	1	58275
116.566	0.25	0	1	58283
116.582	0.25	0	1	58291
116.6	0.25	0	1	58300
116.616	0.25	0	1	58308
116.632	0.25	0	1	58316
116.65	0.25	1	2	58325
116.666	0.25	1	2	58333
116.682	0.25	0	1	58341
116.7	0.25	0	1	58350
116.716	0.25	1	2	58358
116.732	0.25	1	2	58366
116.75	0.25	1	2	58375
116.766	0.25	1	2	58383
116.782	0.25	0	1	58391
116.8	0.25	0	1	58400
116.816	0.25	1	2	58408
116.832	0.25	1	2	58416
116.85	0.25	0	1	58425
116.866	0.25	0	1	58433
116.882	0.25	1	2	58441
116.9	0.25	1	2	58450
116.916	0.25	0	1	58458
116.932	0.25	0	1	58466
116.95	0.25	1	2	58475
116.966	0.25	1	2	58483
116.982	0.25	0	1	58491
117.0	0.25	0	1	58500
117.016	0.25	0	1	58508
117.032	0.25	0	1	58516
117.05	0.25	0	1	58525
117.066	0.25	0	1	58533
117.082	0.25	1	2	58541
117.1	0.25	1	2	58550
117.116	0.25	1	2	58558
117.132	0.25	1	2	58566
117.15	0.25	1	2	58575
117.166	0.25	1	2	58583
117.182	0.25	0	1	58591
117.2	0.25	0	1	58600
117.216	0.25	1	2	58608
117.232	0.25	1	2	58616
117.25	0.25	1	2	58625
117.266	0.25	1	2	58633
117.282	0.25	1	2	58641
117.3	0.25	1	2	58650
117.316	0.25	0	1	58658
117.332	0.25	0	1	58666
117.35	0.25	1	2	58675
117.366	0.25	1	2	58683
117.382	0.25	0	1	58691
117.4	0.25	0	1	58700
117.416	0.25	1	2	58708
117.432	0.25	1	2	58716
117.45	0.25	1	2	58725
117.466	0.25	1	2	58733
117.482	0.25	0	1	58741
117.5	0.25	0	1	58750
117.516	0.25	0	1	58758
117.532	0.25	0	1	58766
117.55	0.25	0	1	58775
117.566	0.25	0	1	58783
117.582	0.25	1	2	58791
117.6	0.25	1	2	58800
117.616	0.25	1	2	58808
117.632	0.25	1	2	58816
117.65	0.25	0	1	58825
117.666	0.25	0	1	58833
117.682	0.25	1	2	58841
117.7	0.25	1	2	58850
117.716	0.25	1	2	58858
117.732	0.25	1	2	58866
117.75	0.25	1	2	58875
117.766	0.25	1	2	58883
117.782	0.25	0	1	58891
117.8	0.25	0	1	58900
117.816	0.25	0	1	58908
117.832	0.25	0	1	58916
117.85	0.25	0	1	58925
117.866	0.25	0	1	58933
117.882	0.25	0	1	58941
117.9	0.25	0	1	58950
117.916	0.25	0	1	58958
117.932	0.25	0	1	58966
117.95	0.25	1	2	58975
117.966	0.25	1	2	58983
117.982	0.25	1	2	58991
118.0	0.25	1	2	59000
118.016	0.25	1	2	59008
119.5	0.25	1	2	59750
119.516	0.25	1	2	59758
119.532	0.25	1	2	59766
119.55	0.25	1	2	59775
119.566	0.25	1	2	59783
119.582	0.25	1	2	59791
119.6	0.25	1	2	59800
119.616	0.25	1	2	59808
119.632	0.25	1	2	59816
119.65	0.25	1	2	59825
119.666	0.25	1	2	59833
119.682	0.25	1	2	59841
119.7	0.25	1	2	59850
119.716	0.25	1	2	59858
119.732	0.25	0	1	59866
119.75	0.25	0	1	59875
119.766	0.25	0	1	59883
119.782	0.25	0	1	59891
119.8	0.25	1	2	59900
119.816	0.25	1	2	59908
119.832	0.25	1	2	59916
119.85	0.25	1	2	59925
119.866	0.25	0	1	59933
119.882	0.25	0	1	59941
119.9	0.25	0	1	59950
119.916	0.25	0	1	59958
119.932	0.25	1	2	59966
119.95	0.25	1	2	59975
119.966	0.25	1	2	59983
119.982	0.25	1	2	59991
120.0	0.25	0	1	60000
120.016	0.25	0	1	60008
120.032	0.25	0	1	60016
120.05	0.25	0	1	60025
120.066	0.25	1	2	60033
120.082	0.25	1	2	60041
120.1	0.25	0	1	60050
120.116	0.25	0	1	60058
120.132	0.25	1	2	60066
120.15	0.25	1	2	60075
120.166	0.25	1	2	60083
120.182	0.25	1	2	60091
120.2	0.25	0	1	60100
120.216	0.25	0	1	60108
120.232	0.25	1	2	60116
120.25	0.25	1	2	60125
120.266	0.25	0	1	60133
120.282	0.25	0	1	60141
120.3	0.25	0	1	60150
120.316	0.25	0	1	60158
120.332	0.25	1	2	60166
120.35	0.25	1	2	60175
120.366	0.25	0	1	60183
120.382	0.25	0	1	60191
120.4	0.25	1	2	60200
120.416	0.25	1	2	60208
120.432	0.25	1	2	60216
120.45	0.25	1	2	60225
120.466	0.25	1	2	60233
120.482	0.25	1	2	60241
120.5	0.25	0	1	60250
120.516	0.25	0	1	60258
120.532	0.25	0	1	60266
120.55	0.25	0	1	60275
120.566	0.25	0	1	60283
120.582	0.25	0	1	60291
120.6	0.25	1	2	60300
120.616	0.25	1	2	60308
120.632	0.25	0	1	60316
120.65	0.25	0	1	60325
120.666	0.25	1	2	60333
120.682	0.25	1	2	60341
120.7	0.25	1	2	60350
120.716	0.25	1	2	60358
120.732	0.25	1	2	60366
120.75	0.25	1	2	60375
120.766	0.25	0	1	60383
120.782	0.25	0	1	60391
120.8	0.25	0	1	60400
120.816	0.25	0	1	60408
120.832	0.25	1	2	60416
120.85	0.25	1	2	60425
120.866	0.25	0	1	60433
120.882	0.25	0	1	60441
120.9	0.25	1	2	60450
120.916	0.25	1	2	60458
120.932	0.25	0	1	60466
120.95	0.25	0	1	60475
120.966	0.25	0	1	60483
120.982	0.25	0	1	60491
121.0	0.25	0	1	60500
121.016	0.25	0	1	60508
121.032	0.25	1	2	60516
121.05	0.25	1	2	60525
121.066	0.25	1	2	60533
121.082	0.25	1	2	60541
121.1	0.25	0	1	60550
121.116	0.25	0	1	60558
121.132	0.25	1	2	60566
121.15	0.25	1	2	60575
121.166	0.25	0	1	60583
121.182	0.25	0	1	60591
121.2	0.25	0	1	60600
121.216	0.25	0	1	60608
121.232	0.25	0	1	60616
121.25	0.25	0	1	60625
121.266	0.25	1	2	60633
121.282	0.25	1	2	60641
121.3	0.25	0	1	60650
121.316	0.25	0	1	60658
121.332	0.25	1	2	60666
121.35	0.25	1	2	60675
121.366	0.25	0	1	60683
121.382	0.25	0	1	60691
121.4	0.25	0	1	60700
121.416	0.25	0	1	60708
121.432	0.25	1	2	60716
122.916	0.25	1	2	61458
122.932	0.25	1	2	61466
122.95	0.25	1	2	61475
122.966	0.25	1	2	61483
122.982	0.25	0	1	61491
123.0	0.25	0	1	61500
123.016	0.25	1	2	61508
123.032	0.25	1	2	61516
123.05	0.25	1	2	61525
123.066	0.25	1	2	61533
123.082	0.25	0	1	61541
123.1	0.25	0	1	61550
123.116	0.25	1	2	61558
123.132	0.25	1	2	61566
123.15	0.25	1	2	61575
123.166	0.25	1	2	61583
123.182	0.25	0	1	61591
123.2	0.25	0	1	61600
123.216	0.25	1	2	61608
123.232	0.25	1	2	61616
123.25	0.25	1	2	61625
123.266	0.25	1	2	61633
123.282	0.25	0	1	61641
123.3	0.25	0	1	61650
123.316	0.25	0	1	61658
123.332	0.25	0	1	61666
123.35	0.25	0	1	61675
123.366	0.25	0	1	61683
123.382	0.25	1	2	61691
123.4	0.25	1	2	61700
123.416	0.25	1	2	61708
123.432	0.25	1	2	61716
123.45	0.25	1	2	61725
123.466	0.25	1	2	61733
123.482	0.25	0	1	61741
123.5	0.25	0	1	61750
123.516	0.25	0	1	61758
123.532	0.25	0	1	61766
123.55	0.25	0	1	61775
123.566	0.25	0	1	61783
123.582	0.25	1	2	61791
123.6	0.25	1	2	61800
123.616	0.25	1	2	61808
123.632	0.25	1	2	61816
123.65	0.25	1	2	61825
123.666	0.25	1	2	61833
123.682	0.25	1	2	61841
123.7	0.25	1	2	61850
123.716	0.25	1	2	61858
123.732	0.25	1	2	61866
123.75	0.25	0	1	61875
123.766	0.25	0	1	61883
123.782	0.25	0	1	61891
123.8	0.25	0	1	61900
123.816	0.25	1	2	61908
123.832	0.25	1	2	61916
123.85	0.25	0	1	61925
123.866	0.25	0	1	61933
123.882	0.25	1	2	61941
123.9	0.25	1	2	61950
123.916	0.25	0	1	61958
123.932	0.25	0	1	61966
123.95	0.25	0	1	61975
123.966	0.25	0	1	61983
123.982	0.25	1	2	61991
124.0	0.25	1	2	62000
124.016	0.25	1	2	62008
124.032	0.25	1	2	62016
124.05	0.25	0	1	62025
124.066	0.25	0	1	62033
124.082	0.25	0	1	62041
124.1	0.25	0	1	62050
124.116	0.25	0	1	62058
124.132	0.25	0	1	62066
124.15	0.25	0	1	62075
124.166	0.25	0	1	62083
124.182	0.25	1	2	62091
124.2	0.25	1	2	62100
124.216	0.25	0	1	62108
124.232	0.25	0	1	62116
124.25	0.25	0	1	62125
124.266	0.25	0	1	62133
124.282	0.25	0	1	62141
124.3	0.25	0	1	62150
124.316	0.25	0	1	62158
124.332	0.25	0	1	62166
124.35	0.25	1	2	62175
124.366	0.25	1	2	62183
124.382	0.25	1	2	62191
124.4	0.25	1	2	62200
124.416	0.25	1	2	62208
124.432	0.25	1	2	62216
124.45	0.25	1	2	62225
124.466	0.25	1	2	62233
124.482	0.25	1	2	62241
124.5	0.25	1	2	62250
124.516	0.25	1	2	62258
124.532	0.25	1	2	62266
124.55	0.25	0	1	62275
124.566	0.25	0	1	62283
124.582	0.25	1	2	62291
124.6	0.25	1	2	62300
124.616	0.25	0	1	62308
124.632	0.25	0	1	62316
124.65	0.25	1	2	62325
124.666	0.25	1	2	62333
124.682	0.25	0	1	62341
124.7	0.25	0	1	62350
124.716	0.25	0	1	62358
124.732	0.25	0	1	62366
124.75	0.25	1	2	62375
124.766	0.25	1	2	62383
124.782	0.25	1	2	62391
124.8	0.25	1	2	62400
124.816	0.25	0	1	62408
124.832	0.25	0	1	62416
124.85	0.25	0	1	62425
126.332	0.25	0	1	63166
126.35	0.25	0	1	63175
126.366	0.25	0	1	63183
126.382	0.25	0	1	63191
126.4	0.25	1	2	63200
126.416	0.25	1	2	63208
126.432	0.25	1	2	63216
126.45	0.25	1	2	63225
126.466	0.25	0	1	63233
126.482	0.25	0	1	63241
126.5	0.25	0	1	63250
126.516	0.25	0	1	63258
126.532	0.25	0	1	63266
126.55	0.25	0	1	63275
126.566	0.25	0	1	63283
126.582	0.25	0	1	63291
126.6	0.25	1	2	63300
126.616	0.25	1	2	63308
126.632	0.25	1	2	63316
126.65	0.25	1	2	63325
126.666	0.25	1	2	63333
126.682	0.25	1	2	63341
126.7	0.25	1	2	63350
126.716	0.25	1	2	63358
126.732	0.25	1	2	63366
126.75	0.25	1	2	63375
126.766	0.25	0	1	63383
126.782	0.25	0	1	63391
126.8	0.25	0	1	63400
126.816	0.25	0	1	63408
126.832	0.25	0	1	63416
126.85	0.25	0	1	63425
126.866	0.25	0	1	63433
126.882	0.25	0	1	63441
126.9	0.25	0	1	63450
126.916	0.25	0	1	63458
126.932	0.25	0	1	63466
126.95	0.25	0	1	63475
126.966	0.25	1	2	63483
126.982	0.25	1	2	63491
127.0	0.25	1	2	63500
127.016	0.25	1	2	63508
127.032	0.25	0	1	63516
127.05	0.25	0	1	63525
127.066	0.25	0	1	63533
127.082	0.25	0	1	63541
127.1	0.25	1	2	63550
127.116	0.25	1	2	63558
127.132	0.25	0	1	63566
127.15	0.25	0	1	63575
127.166	0.25	1	2	63583
127.182	0.25	1	2	63591
127.2	0.25	0	1	63600
127.216	0.25	0	1	63608
127.232	0.25	1	2	63616
127.25	0.25	1	2	63625
127.266	0.25	0	1	63633
127.282	0.25	0	1	63641
127.3	0.25	1	2	63650
127.316	0.25	1	2	63658
127.332	0.25	1	2	63666
127.35	0.25	1	2	63675
127.366	0.25	0	1	63683
127.382	0.25	0	1	63691
127.4	0.25	1	2	63700
127.416	0.25	1	2	63708
127.432	0.25	0	1	63716
127.45	0.25	0	1	63725
127.466	0.25	0	1	63733
127.482	0.25	0	1	63741
127.5	0.25	0	1	63750
127.516	0.25	0	1	63758
127.532	0.25	1	2	63766
127.55	0.25	1	2	63775
127.566	0.25	0	1	63783
127.582	0.25	0	1	63791
127.6	0.25	0	1	63800
127.616	0.25	0	1	63808
127.632	0.25	0	1	63816
127.65	0.25	0	1	63825
127.666	0.25	1	2	63833
127.682	0.25	1	2	63841
127.7	0.25	1	2	63850
127.716	0.25	1	2	63858
127.732	0.25	1	2	63866
127.75	0.25	1	2	63875
127.766	0.25	0	1	63883
127.782	0.25	0	1	63891
127.8	0.25	1	2	63900
127.816	0.25	1	2	63908
127.832	0.25	0	1	63916
127.85	0.25	0	1	63925
127.866	0.25	1	2	63933
127.882	0.25	1	2	63941
127.9	0.25	1	2	63950
127.916	0.25	1	2	63958
127.932	0.25	1	2	63966
127.95	0.25	1	2	63975
127.966	0.25	1	2	63983
127.982	0.25	1	2	63991
128.0	0.25	1	2	64000
128.016	0.25	1	2	64008
128.032	0.25	0	1	64016
128.05	0.25	0	1	64025
128.066	0.25	0	1	64033
128.082	0.25	0	1	64041
128.1	0.25	1	2	64050
128.116	0.25	1	2	64058
128.132	0.25	0	1	64066
128.15	0.25	0	1	64075
128.166	0.25	0	1	64083
128.182	0.25	0	1	64091
128.198	0.25	0	1	64099
128.216	0.25	0	1	64108
128.232	0.25	1	2	64116
128.25	0.25	1	2	64125
128.266	0.25	1	2	64133
130.766	0.25	0	1	65383
130.782	0.25	0	1	65391
130.8	0.25	0	1	65400
130.816	0.25	0	1	65408
130.832	0.25	1	2	65416
130.85	0.25	1	2	65425
130.866	0.25	1	2	65433
130.882	0.25	1	2	65441
130.9	0.25	0	1	65450
130.916	0.25	0	1	65458
130.932	0.25	0	1	65466
130.948	0.25	0	1	65474
130.966	0.25	0	1	65483
130.982	0.25	0	1	65491
131.0	0.25	0	1	65500
131.016	0.25	0	1	65508
131.032	0.25	1	2	65516
131.05	0.25	1	2	65525
131.066	0.25	1	2	65533
131.082	0.25	1	2	65541
131.1	0.25	1	2	65550
131.116	0.25	1	2	65558
131.132	0.25	1	2	65566
131.15	0.25	1	2	65575
131.166	0.25	1	2	65583
131.182	0.25	1	2	65591
131.2	0.25	0	1	65600
131.216	0.25	0	1	65608
131.232	0.25	0	1	65616
131.25	0.25	0	1	65625
131.266	0.25	0	1	65633
131.282	0.25	0	1	65641
131.3	0.25	0	1	65650
131.316	0.25	0	1	65658
131.332	0.25	0	1	65666
131.35	0.25	0	1	65675
131.366	0.25	0	1	65683
131.382	0.25	0	1	65691
131.4	0.25	1	2	65700
131.416	0.25	1	2	65708
131.432	0.25	1	2	65716
131.45	0.25	1	2	65725
131.466	0.25	0	1	65733
131.482	0.25	0	1	65741
131.5	0.25	0	1	65750
131.516	0.25	0	1	65758
131.532	0.25	1	2	65766
131.55	0.25	1	2	65775
131.566	0.25	0	1	65783
131.582	0.25	0	1	65791
131.6	0.25	1	2	65800
131.616	0.25	1	2	65808
131.632	0.25	0	1	65816
131.65	0.25	0	1	65825
131.666	0.25	1	2	65833
131.682	0.25	1	2	65841
131.7	0.25	0	1	65850
131.716	0.25	0	1	65858
131.732	0.25	1	2	65866
131.75	0.25	1	2	65875
131.766	0.25	1	2	65883
131.782	0.25	1	2	65891
131.8	0.25	0	1	65900
131.816	0.25	0	1	65908
131.832	0.25	1	2	65916
131.85	0.25	1	2	65925
131.866	0.25	0	1	65933
131.882	0.25	0	1	65941
131.9	0.25	0	1	65950
131.916	0.25	0	1	65958
131.932	0.25	0	1	65966
131.95	0.25	0	1	65975
131.966	0.25	1	2	65983
131.982	0.25	1	2	65991
132.0	0.25	0	1	66000
132.016	0.25	0	1	66008
132.032	0.25	0	1	66016
132.05	0.25	0	1	66025
132.066	0.25	0	1	66033
132.082	0.25	0	1	66041
132.1	0.25	1	2	66050
132.116	0.25	1	2	66058
132.132	0.25	1	2	66066
132.15	0.25	1	2	66075
132.166	0.25	1	2	66083
132.182	0.25	1	2	66091
132.2	0.25	0	1	66100
132.216	0.25	0	1	66108
132.232	0.25	1	2	66116
132.25	0.25	1	2	66125
132.266	0.25	0	1	66133
132.282	0.25	0	1	66141
132.3	0.25	1	2	66150
132.316	0.25	1	2	66158
132.332	0.25	1	2	66166
132.35	0.25	1	2	66175
132.366	0.25	1	2	66183
132.382	0.25	1	2	66191
132.4	0.25	1	2	66200
132.416	0.25	1	2	66208
132.432	0.25	1	2	66216
132.45	0.25	1	2	66225
132.466	0.25	0	1	66233
132.482	0.25	0	1	66241
132.5	0.25	0	1	66250
132.516	0.25	0	1	66258
132.532	0.25	1	2	66266
132.55	0.25	1	2	66275
132.566	0.25	0	1	66283
132.582	0.25	0	1	66291
132.6	0.25	0	1	66300
132.616	0.25	0	1	66308
132.632	0.25	0	1	66316
132.65	0.25	0	1	66325
132.666	0.25	1	2	66333
132.682	0.25	1	2	66341
132.7	0.25	1	2	66350
134.182	0.25	1	2	67091
134.2	0.25	1	2	67100
134.216	0.25	1	2	67108
134.232	0.25	1	2	67116
134.25	0.25	0	1	67125
134.266	0.25	0	1	67133
134.282	0.25	0	1	67141
134.3	0.25	0	1	67150
134.316	0.25	0	1	67158
134.332	0.25	0	1	67166
134.35	0.25	0	1	67175
134.366	0.25	0	1	67183
134.382	0.25	1	2	67191
134.4	0.25	1	2	67200
134.416	0.25	0	1	67208
134.432	0.25	0	1	67216
134.45	0.25	0	1	67225
134.466	0.25	0	1	67233
134.482	0.25	1	2	67241
134.5	0.25	1	2	67250
134.516	0.25	1	2	67258
134.532	0.25	1	2	67266
134.55	0.25	0	1	67275
134.566	0.25	0	1	67283
134.582	0.25	0	1	67291
134.6	0.25	0	1	67300
134.616	0.25	0	1	67308
134.632	0.25	0	1	67316
134.65	0.25	0	1	67325
134.666	0.25	0	1	67333
134.682	0.25	0	1	67341
134.7	0.25	0	1	67350
134.716	0.25	0	1	67358
134.732	0.25	0	1	67366
134.75	0.25	1	2	67375
134.766	0.25	1	2	67383
134.782	0.25	0	1	67391
134.8	0.25	0	1	67400
134.816	0.25	1	2	67408
134.832	0.25	1	2	67416
134.85	0.25	1	2	67425
134.866	0.25	1	2	67433
134.882	0.25	0	1	67441
134.9	0.25	0	1	67450
134.916	0.25	1	2	67458
134.932	0.25	1	2	67466
134.95	0.25	0	1	67475
134.966	0.25	0	1	67483
134.982	0.25	1	2	67491
135.0	0.25	1	2	67500
135.016	0.25	0	1	67508
135.032	0.25	0	1	67516
135.05	0.25	1	2	67525
135.066	0.25	1	2	67533
135.082	0.25	0	1	67541
135.1	0.25	0	1	67550
135.116	0.25	0	1	67558
135.132	0.25	0	1	67566
135.15	0.25	0	1	67575
135.166	0.25	0	1	67583
135.182	0.25	1	2	67591
135.2	0.25	1	2	67600
135.216	0.25	1	2	67608
135.232	0.25	1	2	67616
135.25	0.25	1	2	67625
135.266	0.25	1	2	67633
135.282	0.25	0	1	67641
135.3	0.25	0	1	67650
135.316	0.25	1	2	67658
135.332	0.25	1	2	67666
135.35	0.25	1	2	67675
135.366	0.25	1	2	67683
135.382	0.25	1	2	67691
135.4	0.25	1	2	67700
135.416	0.25	0	1	67708
135.432	0.25	0	1	67716
135.45	0.25	1	2	67725
135.466	0.25	1	2	67733
135.482	0.25	0	1	67741
135.5	0.25	0	1	67750
135.516	0.25	1	2	67758
135.532	0.25	1	2	67766
135.55	0.25	1	2	67775
135.566	0.25	1	2	67783
135.582	0.25	0	1	67791
135.6	0.25	0	1	67800
135.616	0.25	0	1	67808
135.632	0.25	0	1	67816
135.65	0.25	0	1	67825
135.666	0.25	0	1	67833
135.682	0.25	1	2	67841
135.7	0.25	1	2	67850
135.716	0.25	1	2	67858
135.732	0.25	1	2	67866
135.75	0.25	0	1	67875
135.766	0.25	0	1	67883
135.782	0.25	1	2	67891
135.8	0.25	1	2	67900
135.816	0.25	1	2	67908
135.832	0.25	1	2	67916
135.85	0.25	1	2	67925
135.866	0.25	1	2	67933
135.882	0.25	0	1	67941
135.9	0.25	0	1	67950
135.916	0.25	0	1	67958
135.932	0.25	0	1	67966
135.95	0.25	0	1	67975
135.966	0.25	0	1	67983
135.982	0.25	0	1	67991
136.0	0.25	0	1	68000
136.016	0.25	0	1	68008
136.032	0.25	0	1	68016
136.05	0.25	1	2	68025
136.066	0.25	1	2	68033
136.082	0.25	1	2	68041
136.1	0.25	1	2	68050
136.116	0.25	1	2	68058
137.6	0.25	1	2	68800
137.616	0.25	1	2	68808
137.632	0.25	1	2	68816
137.65	0.25	1	2	68825
137.666	0.25	1	2	68833
137.682	0.25	1	2	68841
137.7	0.25	1	2	68850
137.716	0.25	1	2	68858
137.732	0.25	1	2	68866
137.75	0.25	1	2	68875
137.766	0.25	1	2	68883
137.782	0.25	1	2	68891
137.8	0.25	1	2	68900
137.816	0.25	1	2	68908
137.832	0.25	0	1	68916
137.85	0.25	0	1	68925
137.866	0.25	0	1	68933
137.882	0.25	0	1	68941
137.9	0.25	1	2	68950
137.916	0.25	1	2	68958
137.932	0.25	1	2	68966
137.95	0.25	1	2	68975
137.966	0.25	0	1	68983
137.982	0.25	0	1	68991
138.0	0.25	0	1	69000
138.016	0.25	0	1	69008
138.032	0.25	1	2	69016
138.05	0.25	1	2	69025
138.066	0.25	1	2	69033
138.082	0.25	1	2	69041
138.1	0.25	0	1	69050
138.116	0.25	0	1	69058
138.132	0.25	0	1	69066
138.15	0.25	0	1	69075
138.166	0.25	1	2	69083
138.182	0.25	1	2	69091
138.2	0.25	0	1	69100
138.216	0.25	0	1	69108
138.232	0.25	1	2	69116
138.25	0.25	1	2	69125
138.266	0.25	1	2	69133
138.282	0.25	1	2	69141
138.3	0.25	0	1	69150
138.316	0.25	0	1	69158
138.332	0.25	1	2	69166
138.35	0.25	1	2	69175
138.366	0.25	0	1	69183
138.382	0.25	0	1	69191
138.4	0.25	0	1	69200
138.416	0.25	0	1	69208
138.432	0.25	1	2	69216
138.45	0.25	1	2	69225
138.466	0.25	0	1	69233
138.482	0.25	0	1	69241
138.5	0.25	1	2	69250
138.516	0.25	1	2	69258
138.532	0.25	1	2	69266
138.55	0.25	1	2	69275
138.566	0.25	1	2	69283
138.582	0.25	1	2	69291
138.6	0.25	0	1	69300
138.616	0.25	0	1	69308
138.632	0.25	0	1	69316
138.65	0.25	0	1	69325
138.666	0.25	0	1	69333
138.682	0.25	0	1	69341
138.7	0.25	1	2	69350
138.716	0.25	1	2	69358
138.732	0.25	0	1	69366
138.75	0.25	0	1	69375
138.766	0.25	1	2	69383
138.782	0.25	1	2	69391
138.8	0.25	1	2	69400
138.816	0.25	1	2	69408
138.832	0.25	1	2	69416
138.85	0.25	1	2	69425
138.866	0.25	0	1	69433
138.882	0.25	0	1	69441
138.9	0.25	0	1	69450
138.916	0.25	0	1	69458
138.932	0.25	1	2	69466
138.95	0.25	1	2	69475
138.966	0.25	0	1	69483
138.982	0.25	0	1	69491
139.0	0.25	1	2	69500
139.016	0.25	1	2	69508
139.032	0.25	0	1	69516
139.05	0.25	0	1	69525
139.066	0.25	0	1	69533
139.082	0.25	0	1	69541
139.1	0.25	0	1	69550
139.116	0.25	0	1	69558
139.132	0.25	1	2	69566
139.15	0.25	1	2	69575
139.166	0.25	1	2	69583
139.182	0.25	1	2	69591
139.2	0.25	0	1	69600
139.216	0.25	0	1	69608
139.232	0.25	1	2	69616
139.25	0.25	1	2	69625
139.266	0.25	0	1	69633
139.282	0.25	0	1	69641
139.3	0.25	0	1	69650
139.316	0.25	0	1	69658
139.332	0.25	0	1	69666
139.35	0.25	0	1	69675
139.366	0.25	1	2	69683
139.382	0.25	1	2	69691
139.4	0.25	0	1	69700
139.416	0.25	0	1	69708
139.432	0.25	1	2	69716
139.45	0.25	1	2	69725
139.466	0.25	0	1	69733
139.482	0.25	0	1	69741
139.5	0.25	0	1	69750
139.516	0.25	0	1	69758
139.532	0.25	1	2	69766
141.016	0.25	1	2	70508
141.032	0.25	1	2	70516
141.05	0.25	1	2	70525
141.066	0.25	1	2	70533
141.082	0.25	0	1	70541
141.1	0.25	0	1	70550
141.116	0.25	1	2	70558
141.132	0.25	1	2	70566
141.15	0.25	1	2	70575
141.166	0.25	1	2	70583
141.182	0.25	0	1	70591
141.2	0.25	0	1	70600
141.216	0.25	1	2	70608
141.232	0.25	1	2	70616
141.25	0.25	1	2	70625
141.266	0.25	1	2	70633
141.282	0.25	0	1	70641
141.3	0.25	0	1	70650
141.316	0.25	1	2	70658
141.332	0.25	1	2	70666
141.35	0.25	1	2	70675
141.366	0.25	1	2	70683
141.382	0.25	0	1	70691
141.4	0.25	0	1	70700
141.416	0.25	0	1	70708
141.432	0.25	0	1	70716
141.45	0.25	0	1	70725
141.466	0.25	0	1	70733
141.482	0.25	1	2	70741
141.5	0.25	1	2	70750
141.516	0.25	1	2	70758
141.532	0.25	1	2	70766
141.55	0.25	1	2	70775
141.566	0.25	1	2	70783
141.582	0.25	0	1	70791
141.6	0.25	0	1	70800
141.616	0.25	0	1	70808
141.632	0.25	0	1	70816
141.65	0.25	0	1	70825
141.666	0.25	0	1	70833
141.682	0.25	1	2	70841
141.7	0.25	1	2	70850
141.716	0.25	1	2	70858
141.732	0.25	1	2	70866
141.75	0.25	1	2	70875
141.766	0.25	1	2	70883
141.782	0.25	1	2	70891
141.8	0.25	1	2	70900
141.816	0.25	1	2	70908
141.832	0.25	1	2	70916
141.85	0.25	0	1	70925
141.866	0.25	0	1	70933
141.882	0.25	0	1	70941
141.9	0.25	0	1	70950
141.916	0.25	1	2	70958
141.932	0.25	1	2	70966
141.95	0.25	0	1	70975
141.966	0.25	0	1	70983
141.982	0.25	1	2	70991
142.0	0.25	1	2	71000
142.016	0.25	0	1	71008
142.032	0.25	0	1	71016
142.05	0.25	0	1	71025
142.066	0.25	0	1	71033
142.082	0.25	1	2	71041
142.1	0.25	1	2	71050
142.116	0.25	1	2	71058
142.132	0.25	1	2	71066
142.15	0.25	0	1	71075
142.166	0.25	0	1	71083
142.182	0.25	0	1	71091
142.2	0.25	0	1	71100
142.216	0.25	0	1	71108
142.232	0.25	0	1	71116
142.25	0.25	0	1	71125
142.266	0.25	0	1	71133
142.282	0.25	1	2	71141
142.3	0.25	1	2	71150
142.316	0.25	0	1	71158
142.332	0.25	0	1	71166
142.35	0.25	0	1	71175
142.366	0.25	0	1	71183
142.382	0.25	0	1	71191
142.4	0.25	0	1	71200
142.416	0.25	0	1	71208
142.432	0.25	0	1	71216
142.45	0.25	1	2	71225
142.466	0.25	1	2	71233
142.482	0.25	1	2	71241
142.5	0.25	1	2	71250
142.516	0.25	1	2	71258
142.532	0.25	1	2	71266
142.55	0.25	1	2	71275
142.566	0.25	1	2	71283
142.582	0.25	1	2	71291
142.6	0.25	1	2	71300
142.616	0.25	1	2	71308
142.632	0.25	1	2	71316
142.65	0.25	0	1	71325
142.666	0.25	0	1	71333
142.682	0.25	1	2	71341
142.7	0.25	1	2	71350
142.716	0.25	0	1	71358
142.732	0.25	0	1	71366
142.75	0.25	1	2	71375
142.766	0.25	1	2	71383
142.782	0.25	0	1	71391
142.8	0.25	0	1	71400
142.816	0.25	0	1	71408
142.832	0.25	0	1	71416
142.85	0.25	1	2	71425
142.866	0.25	1	2	71433
142.882	0.25	1	2	71441
142.9	0.25	1	2	71450
142.916	0.25	0	1	71458
142.932	0.25	0	1	71466
142.95	0.25	0	1	71475
146.832	0.25	1	2	73416
146.85	0.25	1	2	73425
146.866	0.25	1	2	73433
146.882	0.25	1	2	73441
146.9	0.25	0	1	73450
146.916	0.25	0	1	73458
146.932	0.25	1	2	73466
146.95	0.25	1	2	73475
146.966	0.25	1	2	73483
146.982	0.25	1	2	73491
147.0	0.25	0	1	73500
147.016	0.25	0	1	73508
147.032	0.25	1	2	73516
147.05	0.25	1	2	73525
147.066	0.25	1	2	73533
147.082	0.25	1	2	73541
147.1	0.25	0	1	73550
147.116	0.25	0	1	73558
147.132	0.25	1	2	73566
147.15	0.25	1	2	73575
147.166	0.25	1	2	73583
147.182	0.25	1	2	73591
147.2	0.25	0	1	73600
147.216	0.25	0	1	73608
147.232	0.25	0	1	73616
147.25	0.25	0	1	73625
147.266	0.25	0	1	73633
147.282	0.25	0	1	73641
147.3	0.25	1	2	73650
147.316	0.25	1	2	73658
147.332	0.25	1	2	73666
147.35	0.25	1	2	73675
147.366	0.25	1	2	73683
147.382	0.25	1	2	73691
147.4	0.25	0	1	73700
147.416	0.25	0	1	73708
147.432	0.25	0	1	73716
147.45	0.25	0	1	73725
147.466	0.25	0	1	73733
147.482	0.25	0	1	73741
147.5	0.25	1	2	73750
147.516	0.25	1	2	73758
147.532	0.25	1	2	73766
147.55	0.25	1	2	73775
147.566	0.25	1	2	73783
147.582	0.25	1	2	73791
147.6	0.25	1	2	73800
147.616	0.25	1	2	73808
147.632	0.25	1	2	73816
147.65	0.25	1	2	73825
147.666	0.25	0	1	73833
147.682	0.25	0	1	73841
147.7	0.25	0	1	73850
147.716	0.25	0	1	73858
147.732	0.25	1	2	73866
147.75	0.25	1	2	73875
147.766	0.25	0	1	73883
147.782	0.25	0	1	73891
147.8	0.25	1	2	73900
147.816	0.25	1	2	73908
147.832	0.25	0	1	73916
147.85	0.25	0	1	73925
147.866	0.25	0	1	73933
147.882	0.25	0	1	73941
147.9	0.25	1	2	73950
147.916	0.25	1	2	73958
147.932	0.25	1	2	73966
147.95	0.25	1	2	73975
147.966	0.25	0	1	73983
147.982	0.25	0	1	73991
148.0	0.25	0	1	74000
148.016	0.25	0	1	74008
148.032	0.25	0	1	74016
148.05	0.25	0	1	74025
148.066	0.25	0	1	74033
148.082	0.25	0	1	74041
148.1	0.25	1	2	74050
148.116	0.25	1	2	74058
148.132	0.25	0	1	74066
148.15	0.25	0	1	74075
148.166	0.25	0	1	74083
148.182	0.25	0	1	74091
148.2	0.25	0	1	74100
148.216	0.25	0	1	74108
148.232	0.25	0	1	74116
148.25	0.25	0	1	74125
148.266	0.25	1	2	74133
148.282	0.25	1	2	74141
148.3	0.25	1	2	74150
148.316	0.25	1	2	74158
148.332	0.25	1	2	74166
148.35	0.25	1	2	74175
148.366	0.25	1	2	74183
148.382	0.25	1	2	74191
148.4	0.25	1	2	74200
148.416	0.25	1	2	74208
148.432	0.25	1	2	74216
148.45	0.25	1	2	74225
148.466	0.25	0	1	74233
148.482	0.25	0	1	74241
148.5	0.25	1	2	74250
148.516	0.25	1	2	74258
148.532	0.25	0	1	74266
148.55	0.25	0	1	74275
148.566	0.25	1	2	74283
148.582	0.25	1	2	74291
148.6	0.25	0	1	74300
148.616	0.25	0	1	74308
148.632	0.25	0	1	74316
148.65	0.25	0	1	74325
148.666	0.25	1	2	74333
148.682	0.25	1	2	74341
148.7	0.25	1	2	74350
148.716	0.25	1	2	74358
148.732	0.25	0	1	74366
148.75	0.25	0	1	74375
148.766	0.25	0	1	74383
150.25	0.25	1	2	75125
150.266	0.25	1	2	75133
150.282	0.25	1	2	75141
150.3	0.25	1	2	75150
150.316	0.25	0	1	75158
150.332	0.25	0	1	75166
150.35	0.25	0	1	75175
150.366	0.25	0	1	75183
150.382	0.25	0	1	75191
150.4	0.25	0	1	75200
150.416	0.25	0	1	75208
150.432	0.25	0	1	75216
150.45	0.25	1	2	75225
150.466	0.25	1	2	75233
150.482	0.25	0	1	75241
150.5	0.25	0	1	75250
150.516	0.25	0	1	75258
150.532	0.25	0	1	75266
150.55	0.25	1	2	75275
150.566	0.25	1	2	75283
150.582	0.25	1	2	75291
150.6	0.25	1	2	75300
150.616	0.25	0	1	75308
150.632	0.25	0	1	75316
150.65	0.25	0	1	75325
150.666	0.25	0	1	75333
150.682	0.25	0	1	75341
150.7	0.25	0	1	75350
150.716	0.25	0	1	75358
150.732	0.25	0	1	75366
150.75	0.25	0	1	75375
150.766	0.25	0	1	75383
150.782	0.25	0	1	75391
150.8	0.25	0	1	75400
150.816	0.25	1	2	75408
150.832	0.25	1	2	75416
150.85	0.25	0	1	75425
150.866	0.25	0	1	75433
150.882	0.25	1	2	75441
150.9	0.25	1	2	75450
150.916	0.25	1	2	75458
150.932	0.25	1	2	75466
150.95	0.25	0	1	75475
150.966	0.25	0	1	75483
150.982	0.25	1	2	75491
151.0	0.25	1	2	75500
151.016	0.25	0	1	75508
151.032	0.25	0	1	75516
151.05	0.25	1	2	75525
151.066	0.25	1	2	75533
151.082	0.25	0	1	75541
151.1	0.25	0	1	75550
151.116	0.25	1	2	75558
151.132	0.25	1	2	75566
151.15	0.25	0	1	75575
151.166	0.25	0	1	75583
151.182	0.25	0	1	75591
151.2	0.25	0	1	75600
151.216	0.25	0	1	75608
151.232	0.25	0	1	75616
151.25	0.25	1	2	75625
151.266	0.25	1	2	75633
151.282	0.25	1	2	75641
151.3	0.25	1	2	75650
151.316	0.25	1	2	75658
151.332	0.25	1	2	75666
151.35	0.25	0	1	75675
151.366	0.25	0	1	75683
151.382	0.25	1	2	75691
151.4	0.25	1	2	75700
151.416	0.25	1	2	75708
151.432	0.25	1	2	75716
151.45	0.25	1	2	75725
151.466	0.25	1	2	75733
151.482	0.25	0	1	75741
151.5	0.25	0	1	75750
151.516	0.25	1	2	75758
151.532	0.25	1	2	75766
151.55	0.25	0	1	75775
151.566	0.25	0	1	75783
151.582	0.25	1	2	75791
151.6	0.25	1	2	75800
151.616	0.25	1	2	75808
151.632	0.25	1	2	75816
151.65	0.25	0	1	75825
151.666	0.25	0	1	75833
151.682	0.25	0	1	75841
151.7	0.25	0	1	75850
151.716	0.25	0	1	75858
151.732	0.25	0	1	75866
151.75	0.25	1	2	75875
151.766	0.25	1	2	75883
151.782	0.25	1	2	75891
151.8	0.25	1	2	75900
151.816	0.25	0	1	75908
151.832	0.25	0	1	75916
151.85	0.25	1	2	75925
151.866	0.25	1	2	75933
151.882	0.25	1	2	75941
151.9	0.25	1	2	75950
151.916	0.25	1	2	75958
151.932	0.25	1	2	75966
151.95	0.25	0	1	75975
151.966	0.25	0	1	75983
151.982	0.25	0	1	75991
152.0	0.25	0	1	76000
152.016	0.25	0	1	76008
152.032	0.25	0	1	76016
152.05	0.25	0	1	76025
152.066	0.25	0	1	76033
152.082	0.25	0	1	76041
152.1	0.25	0	1	76050
152.116	0.25	1	2	76058
152.132	0.25	1	2	76066
152.15	0.25	1	2	76075
152.166	0.25	1	2	76083
152.182	0.25	1	2	76091
153.666	0.25	1	2	76833
153.682	0.25	1	2	76841
153.7	0.25	1	2	76850
153.716	0.25	1	2	76858
153.732	0.25	1	2	76866
153.75	0.25	1	2	76875
153.766	0.25	1	2	76883
153.782	0.25	1	2	76891
153.8	0.25	1	2	76900
153.816	0.25	1	2	76908
153.832	0.25	1	2	76916
153.85	0.25	1	2	76925
153.866	0.25	1	2	76933
153.882	0.25	1	2	76941
153.9	0.25	0	1	76950
153.916	0.25	0	1	76958
153.932	0.25	0	1	76966
153.95	0.25	0	1	76975
153.966	0.25	1	2	76983
153.982	0.25	1	2	76991
154.0	0.25	1	2	77000
154.016	0.25	1	2	77008
154.032	0.25	0	1	77016
154.05	0.25	0	1	77025
154.066	0.25	0	1	77033
154.082	0.25	0	1	77041
154.1	0.25	1	2	77050
154.116	0.25	1	2	77058
154.132	0.25	1	2	77066
154.15	0.25	1	2	77075
154.166	0.25	0	1	77083
154.182	0.25	0	1	77091
154.2	0.25	0	1	77100
154.216	0.25	0	1	77108
154.232	0.25	1	2	77116
154.25	0.25	1	2	77125
154.266	0.25	0	1	77133
154.282	0.25	0	1	77141
154.3	0.25	1	2	77150
154.316	0.25	1	2	77158
154.332	0.25	1	2	77166
154.35	0.25	1	2	77175
154.366	0.25	0	1	77183
154.382	0.25	0	1	77191
154.4	0.25	1	2	77200
154.416	0.25	1	2	77208
154.432	0.25	0	1	77216
154.45	0.25	0	1	77225
154.466	0.25	0	1	77233
154.482	0.25	0	1	77241
154.5	0.25	1	2	77250
154.516	0.25	1	2	77258
154.532	0.25	0	1	77266
154.55	0.25	0	1	77275
154.566	0.25	1	2	77283
154.582	0.25	1	2	77291
154.6	0.25	1	2	77300
154.616	0.25	1	2	77308
154.632	0.25	1	2	77316
154.65	0.25	1	2	77325
154.666	0.25	0	1	77333
154.682	0.25	0	1	77341
154.7	0.25	0	1	77350
154.716	0.25	0	1	77358
154.732	0.25	0	1	77366
154.75	0.25	0	1	77375
154.766	0.25	1	2	77383
154.782	0.25	1	2	77391
154.8	0.25	0	1	77400
154.816	0.25	0	1	77408
154.832	0.25	1	2	77416
154.85	0.25	1	2	77425
154.866	0.25	1	2	77433
154.882	0.25	1	2	77441
154.9	0.25	1	2	77450
154.916	0.25	1	2	77458
154.932	0.25	0	1	77466
154.95	0.25	0	1	77475
154.966	0.25	0	1	77483
154.982	0.25	0	1	77491
155.0	0.25	1	2	77500
155.016	0.25	1	2	77508
155.032	0.25	0	1	77516
155.05	0.25	0	1	77525
155.066	0.25	1	2	77533
155.082	0.25	1	2	77541
155.1	0.25	0	1	77550
155.116	0.25	0	1	77558
155.132	0.25	0	1	77566
155.15	0.25	0	1	77575
155.166	0.25	0	1	77583
155.182	0.25	0	1	77591
155.2	0.25	1	2	77600
155.216	0.25	1	2	77608
155.232	0.25	1	2	77616
155.25	0.25	1	2	77625
155.266	0.25	0	1	77633
155.282	0.25	0	1	77641
155.3	0.25	1	2	77650
155.316	0.25	1	2	77658
155.332	0.25	0	1	77666
155.35	0.25	0	1	77675
155.366	0.25	0	1	77683
155.382	0.25	0	1	77691
155.4	0.25	0	1	77700
155.416	0.25	0	1	77708
155.432	0.25	1	2	77716
155.45	0.25	1	2	77725
155.466	0.25	0	1	77733
155.482	0.25	0	1	77741
155.5	0.25	1	2	77750
155.516	0.25	1	2	77758
155.532	0.25	0	1	77766
155.55	0.25	0	1	77775
155.566	0.25	0	1	77783
155.582	0.25	0	1	77791
155.6	0.25	1	2	77800
157.082	0.25	0	1	78541
157.1	0.25	0	1	78550
157.116	0.25	0	1	78558
157.132	0.25	0	1	78566
157.15	0.25	1	2	78575
157.166	0.25	1	2	78583
157.182	0.25	1	2	78591
157.2	0.25	1	2	78600
157.216	0.25	0	1	78608
157.232	0.25	0	1	78616
157.25	0.25	0	1	78625
157.266	0.25	0	1	78633
157.282	0.25	0	1	78641
157.3	0.25	0	1	78650
157.316	0.25	0	1	78658
157.332	0.25	0	1	78666
157.35	0.25	1	2	78675
157.366	0.25	1	2	78683
157.382	0.25	1	2	78691
157.4	0.25	1	2	78700
157.416	0.25	1	2	78708
157.432	0.25	1	2	78716
157.45	0.25	1	2	78725
157.466	0.25	1	2	78733
157.482	0.25	1	2	78741
157.5	0.25	1	2	78750
157.516	0.25	0	1	78758
157.532	0.25	0	1	78766
157.55	0.25	0	1	78775
157.566	0.25	0	1	78783
157.582	0.25	0	1	78791
157.6	0.25	0	1	78800
157.616	0.25	0	1	78808
157.632	0.25	0	1	78816
157.65	0.25	0	1	78825
157.666	0.25	0	1	78833
157.682	0.25	0	1	78841
157.7	0.25	0	1	78850
157.716	0.25	1	2	78858
157.732	0.25	1	2	78866
157.75	0.25	1	2	78875
157.766	0.25	1	2	78883
157.782	0.25	0	1	78891
157.8	0.25	0	1	78900
157.816	0.25	0	1	78908
157.832	0.25	0	1	78916
157.85	0.25	1	2	78925
157.866	0.25	1	2	78933
157.882	0.25	0	1	78941
157.9	0.25	0	1	78950
157.916	0.25	1	2	78958
157.932	0.25	1	2	78966
157.95	0.25	0	1	78975
157.966	0.25	0	1	78983
157.982	0.25	1	2	78991
158.0	0.25	1	2	79000
158.016	0.25	0	1	79008
158.032	0.25	0	1	79016
158.05	0.25	1	2	79025
158.066	0.25	1	2	79033
158.082	0.25	1	2	79041
158.1	0.25	1	2	79050
158.116	0.25	0	1	79058
158.132	0.25	0	1	79066
158.15	0.25	1	2	79075
158.166	0.25	1	2	79083
158.182	0.25	0	1	79091
158.2	0.25	0	1	79100
158.216	0.25	0	1	79108
158.232	0.25	0	1	79116
158.25	0.25	0	1	79125
158.266	0.25	0	1	79133
158.282	0.25	1	2	79141
158.3	0.25	1	2	79150
158.316	0.25	0	1	79158
158.332	0.25	0	1	79166
158.35	0.25	0	1	79175
158.366	0.25	0	1	79183
158.382	0.25	0	1	79191
158.4	0.25	0	1	79200
158.416	0.25	1	2	79208
158.432	0.25	1	2	79216
158.45	0.25	1	2	79225
158.466	0.25	1	2	79233
158.482	0.25	1	2	79241
158.5	0.25	1	2	79250
158.516	0.25	0	1	79258
158.532	0.25	0	1	79266
158.55	0.25	1	2	79275
158.566	0.25	1	2	79283
158.582	0.25	0	1	79291
158.6	0.25	0	1	79300
158.616	0.25	1	2	79308
158.632	0.25	1	2	79316
158.65	0.25	1	2	79325
158.666	0.25	1	2	79333
158.682	0.25	1	2	79341
158.7	0.25	1	2	79350
158.716	0.25	1	2	79358
158.732	0.25	1	2	79366
158.75	0.25	1	2	79375
158.766	0.25	1	2	79383
158.782	0.25	0	1	79391
158.8	0.25	0	1	79400
158.816	0.25	0	1	79408
158.832	0.25	0	1	79416
158.85	0.25	1	2	79425
158.866	0.25	1	2	79433
158.882	0.25	0	1	79441
158.9	0.25	0	1	79450
158.916	0.25	0	1	79458
158.932	0.25	0	1	79466
158.95	0.25	0	1	79475
158.966	0.25	0	1	79483
158.982	0.25	1	2	79491
159.0	0.25	1	2	79500
159.016	0.25	1	2	79508
162.5	0.25	1	2	81250
162.516	0.25	1	2	81258
162.532	0.25	1	2	81266
162.55	0.25	1	2	81275
162.566	0.25	0	1	81283
162.582	0.25	0	1	81291
162.6	0.25	1	2	81300
162.616	0.25	1	2	81308
162.632	0.25	1	2	81316
162.65	0.25	1	2	81325
162.666	0.25	0	1	81333
162.682	0.25	0	1	81341
162.7	0.25	1	2	81350
162.716	0.25	1	2	81358
162.732	0.25	1	2	81366
162.75	0.25	1	2	81375
162.766	0.25	0	1	81383
162.782	0.25	0	1	81391
162.8	0.25	1	2	81400
162.816	0.25	1	2	81408
162.832	0.25	1	2	81416
162.85	0.25	1	2	81425
162.866	0.25	0	1	81433
162.882	0.25	0	1	81441
162.9	0.25	0	1	81450
162.916	0.25	0	1	81458
162.932	0.25	0	1	81466
162.95	0.25	0	1	81475
162.966	0.25	1	2	81483
162.982	0.25	1	2	81491
163.0	0.25	1	2	81500
163.016	0.25	1	2	81508
163.032	0.25	1	2	81516
163.05	0.25	1	2	81525
163.066	0.25	0	1	81533
163.082	0.25	0	1	81541
163.1	0.25	0	1	81550
163.116	0.25	0	1	81558
163.132	0.25	0	1	81566
163.15	0.25	0	1	81575
163.166	0.25	1	2	81583
163.182	0.25	1	2	81591
163.2	0.25	1	2	81600
163.216	0.25	1	2	81608
163.232	0.25	1	2	81616
163.25	0.25	1	2	81625
163.266	0.25	1	2	81633
163.282	0.25	1	2	81641
163.3	0.25	1	2	81650
163.316	0.25	1	2	81658
163.332	0.25	0	1	81666
163.35	0.25	0	1	81675
163.366	0.25	0	1	81683
163.382	0.25	0	1	81691
163.4	0.25	1	2	81700
163.416	0.25	1	2	81708
163.432	0.25	0	1	81716
163.45	0.25	0	1	81725
163.466	0.25	1	2	81733
163.482	0.25	1	2	81741
163.5	0.25	0	1	81750
163.516	0.25	0	1	81758
163.532	0.25	0	1	81766
163.55	0.25	0	1	81775
163.566	0.25	1	2	81783
163.582	0.25	1	2	81791
163.6	0.25	1	2	81800
163.616	0.25	1	2	81808
163.632	0.25	0	1	81816
163.65	0.25	0	1	81825
163.666	0.25	0	1	81833
163.682	0.25	0	1	81841
163.7	0.25	0	1	81850
163.716	0.25	0	1	81858
163.732	0.25	0	1	81866
163.75	0.25	0	1	81875
163.766	0.25	1	2	81883
163.782	0.25	1	2	81891
163.8	0.25	0	1	81900
163.816	0.25	0	1	81908
163.832	0.25	0	1	81916
163.85	0.25	0	1	81925
163.866	0.25	0	1	81933
163.882	0.25	0	1	81941
163.9	0.25	0	1	81950
163.916	0.25	0	1	81958
163.932	0.25	1	2	81966
163.95	0.25	1	2	81975
163.966	0.25	1	2	81983
163.982	0.25	1	2	81991
164.0	0.25	1	2	82000
164.016	0.25	1	2	82008
164.032	0.25	1	2	82016
164.05	0.25	1	2	82025
164.066	0.25	1	2	82033
164.082	0.25	1	2	82041
164.1	0.25	1	2	82050
164.116	0.25	1	2	82058
164.132	0.25	0	1	82066
164.15	0.25	0	1	82075
164.166	0.25	1	2	82083
164.182	0.25	1	2	82091
164.2	0.25	0	1	82100
164.216	0.25	0	1	82108
164.232	0.25	1	2	82116
164.25	0.25	1	2	82125
164.266	0.25	0	1	82133
164.282	0.25	0	1	82141
164.3	0.25	0	1	82150
164.316	0.25	0	1	82158
164.332	0.25	1	2	82166
164.35	0.25	1	2	82175
164.366	0.25	1	2	82183
164.382	0.25	1	2	82191
164.4	0.25	0	1	82200
164.416	0.25	0	1	82208
164.432	0.25	0	1	82216
165.916	0.25	0	1	82958
165.932	0.25	0	1	82966
165.95	0.25	0	1	82975
165.966	0.25	0	1	82983
165.982	0.25	1	2	82991
166.0	0.25	1	2	83000
166.016	0.25	1	2	83008
166.032	0.25	1	2	83016
166.05	0.25	0	1	83025
166.066	0.25	0	1	83033
166.082	0.25	0	1	83041
166.1	0.25	0	1	83050
166.116	0.25	0	1	83058
166.132	0.25	0	1	83066
166.15	0.25	0	1	83075
166.166	0.25	0	1	83083
166.182	0.25	1	2	83091
166.2	0.25	1	2	83100
166.216	0.25	1	2	83108
166.232	0.25	1	2	83116
166.25	0.25	1	2	83125
166.266	0.25	1	2	83133
166.282	0.25	1	2	83141
166.3	0.25	1	2	83150
166.316	0.25	1	2	83158
166.332	0.25	1	2	83166
166.35	0.25	0	1	83175
166.366	0.25	0	1	83183
166.382	0.25	0	1	83191
166.4	0.25	0	1	83200
166.416	0.25	0	1	83208
166.432	0.25	0	1	83216
166.45	0.25	0	1	83225
166.466	0.25	0	1	83233
166.482	0.25	0	1	83241
166.5	0.25	0	1	83250
166.516	0.25	0	1	83258
166.532	0.25	0	1	83266
166.55	0.25	1	2	83275
166.566	0.25	1	2	83283
166.582	0.25	1	2	83291
166.6	0.25	1	2	83300
166.616	0.25	0	1	83308
166.632	0.25	0	1	83316
166.65	0.25	0	1	83325
166.666	0.25	0	1	83333
166.682	0.25	1	2	83341
166.7	0.25	1	2	83350
166.716	0.25	0	1	83358
166.732	0.25	0	1	83366
166.75	0.25	1	2	83375
166.766	0.25	1	2	83383
166.782	0.25	0	1	83391
166.8	0.25	0	1	83400
166.816	0.25	1	2	83408
166.832	0.25	1	2	83416
166.85	0.25	0	1	83425
166.866	0.25	0	1	83433
166.882	0.25	1	2	83441
166.9	0.25	1	2	83450
166.916	0.25	1	2	83458
166.932	0.25	1	2	83466
166.95	0.25	0	1	83475
166.966	0.25	0	1	83483
166.982	0.25	1	2	83491
167.0	0.25	1	2	83500
167.016	0.25	0	1	83508
167.032	0.25	0	1	83516
167.05	0.25	0	1	83525
167.066	0.25	0	1	83533
167.082	0.25	0	1	83541
167.1	0.25	0	1	83550
167.116	0.25	1	2	83558
167.132	0.25	1	2	83566
167.15	0.25	0	1	83575
167.166	0.25	0	1	83583
167.182	0.25	0	1	83591
167.2	0.25	0	1	83600
167.216	0.25	0	1	83608
167.232	0.25	0	1	83616
167.25	0.25	1	2	83625
167.266	0.25	1	2	83633
167.282	0.25	1	2	83641
167.3	0.25	1	2	83650
167.316	0.25	1	2	83658
167.332	0.25	1	2	83666
167.35	0.25	0	1	83675
167.366	0.25	0	1	83683
167.382	0.25	1	2	83691
167.4	0.25	1	2	83700
167.416	0.25	0	1	83708
167.432	0.25	0	1	83716
167.45	0.25	1	2	83725
167.466	0.25	1	2	83733
167.482	0.25	1	2	83741
167.5	0.25	1	2	83750
167.516	0.25	1	2	83758
167.532	0.25	1	2	83766
167.55	0.25	1	2	83775
167.566	0.25	1	2	83783
167.582	0.25	1	2	83791
167.6	0.25	1	2	83800
167.616	0.25	0	1	83808
167.632	0.25	0	1	83816
167.65	0.25	0	1	83825
167.666	0.25	0	1	83833
167.682	0.25	1	2	83841
167.7	0.25	1	2	83850
167.716	0.25	0	1	83858
167.732	0.25	0	1	83866
167.75	0.25	0	1	83875
167.766	0.25	0	1	83883
167.782	0.25	0	1	83891
167.8	0.25	0	1	83900
167.816	0.25	1	2	83908
167.832	0.25	1	2	83916
167.85	0.25	1	2	83925
169.332	0.25	1	2	84666
169.35	0.25	1	2	84675
169.366	0.25	1	2	84683
169.382	0.25	1	2	84691
169.4	0.25	1	2	84700
169.416	0.25	1	2	84708
169.432	0.25	1	2	84716
169.45	0.25	1	2	84725
169.466	0.25	1	2	84733
169.482	0.25	1	2	84741
169.5	0.25	1	2	84750
169.516	0.25	1	2	84758
169.532	0.25	1	2	84766
169.55	0.25	1	2	84775
169.566	0.25	0	1	84783
169.582	0.25	0	1	84791
169.6	0.25	0	1	84800
169.616	0.25	0	1	84808
169.632	0.25	1	2	84816
169.65	0.25	1	2	84825
169.666	0.25	1	2	84833
169.682	0.25	1	2	84841
169.7	0.25	0	1	84850
169.716	0.25	0	1	84858
169.732	0.25	0	1	84866
169.75	0.25	0	1	84875
169.766	0.25	1	2	84883
169.782	0.25	1	2	84891
169.8	0.25	1	2	84900
169.816	0.25	1	2	84908
169.832	0.25	0	1	84916
169.85	0.25	0	1	84925
169.866	0.25	0	1	84933
169.882	0.25	0	1	84941
169.9	0.25	1	2	84950
169.916	0.25	1	2	84958
169.932	0.25	0	1	84966
169.95	0.25	0	1	84975
169.966	0.25	1	2	84983
169.982	0.25	1	2	84991
170.0	0.25	1	2	85000
170.016	0.25	1	2	85008
170.032	0.25	0	1	85016
170.05	0.25	0	1	85025
170.066	0.25	1	2	85033
170.082	0.25	1	2	85041
170.1	0.25	0	1	85050
170.116	0.25	0	1	85058
170.132	0.25	0	1	85066
170.15	0.25	0	1	85075
170.166	0.25	1	2	85083
170.182	0.25	1	2	85091
170.2	0.25	0	1	85100
170.216	0.25	0	1	85108
170.232	0.25	1	2	85116
170.25	0.25	1	2	85125
170.266	0.25	1	2	85133
170.282	0.25	1	2	85141
170.3	0.25	1	2	85150
170.316	0.25	1	2	85158
170.332	0.25	0	1	85166
170.35	0.25	0	1	85175
170.366	0.25	0	1	85183
170.382	0.25	0	1	85191
170.4	0.25	0	1	85200
170.416	0.25	0	1	85208
170.432	0.25	1	2	85216
170.45	0.25	1	2	85225
170.466	0.25	0	1	85233
170.482	0.25	0	1	85241
170.5	0.25	1	2	85250
170.516	0.25	1	2	85258
170.532	0.25	1	2	85266
170.55	0.25	1	2	85275
170.566	0.25	1	2	85283
170.582	0.25	1	2	85291
170.6	0.25	0	1	85300
170.616	0.25	0	1	85308
170.632	0.25	0	1	85316
170.65	0.25	0	1	85325
170.666	0.25	1	2	85333
170.682	0.25	1	2	85341
170.7	0.25	0	1	85350
170.716	0.25	0	1	85358
170.732	0.25	1	2	85366
170.75	0.25	1	2	85375
170.766	0.25	0	1	85383
170.782	0.25	0	1	85391
170.8	0.25	0	1	85400
170.816	0.25	0	1	85408
170.832	0.25	0	1	85416
170.85	0.25	0	1	85425
170.866	0.25	1	2	85433
170.882	0.25	1	2	85441
170.9	0.25	1	2	85450
170.916	0.25	1	2	85458
170.932	0.25	0	1	85466
170.95	0.25	0	1	85475
170.966	0.25	1	2	85483
170.982	0.25	1	2	85491
171.0	0.25	0	1	85500
171.016	0.25	0	1	85508
171.032	0.25	0	1	85516
171.05	0.25	0	1	85525
171.066	0.25	0	1	85533
171.082	0.25	0	1	85541
171.1	0.25	1	2	85550
171.116	0.25	1	2	85558
171.132	0.25	0	1	85566
171.15	0.25	0	1	85575
171.166	0.25	1	2	85583
171.182	0.25	1	2	85591
171.2	0.25	0	1	85600
171.216	0.25	0	1	85608
171.232	0.25	0	1	85616
171.25	0.25	0	1	85625
171.266	0.25	1	2	85633
172.75	0.25	1	2	86375
172.766	0.25	1	2	86383
172.782	0.25	1	2	86391
172.8	0.25	1	2	86400
172.816	0.25	0	1	86408
172.832	0.25	0	1	86416
172.85	0.25	0	1	86425
172.866	0.25	0	1	86433
172.882	0.25	0	1	86441
172.9	0.25	0	1	86450
172.916	0.25	0	1	86458
172.932	0.25	0	1	86466
172.95	0.25	1	2	86475
172.966	0.25	1	2	86483
172.982	0.25	0	1	86491
173.0	0.25	0	1	86500
173.016	0.25	0	1	86508
173.032	0.25	0	1	86516
173.05	0.25	1	2	86525
173.066	0.25	1	2	86533
173.082	0.25	1	2	86541
173.1	0.25	1	2	86550
173.116	0.25	0	1	86558
173.132	0.25	0	1	86566
173.15	0.25	0	1	86575
173.166	0.25	0	1	86583
173.182	0.25	0	1	86591
173.2	0.25	0	1	86600
173.216	0.25	0	1	86608
173.232	0.25	0	1	86616
173.25	0.25	0	1	86625
173.266	0.25	0	1	86633
173.282	0.25	0	1	86641
173.3	0.25	0	1	86650
173.316	0.25	1	2	86658
173.332	0.25	1	2	86666
173.35	0.25	0	1	86675
173.366	0.25	0	1	86683
173.382	0.25	1	2	86691
173.4	0.25	1	2	86700
173.416	0.25	1	2	86708
173.432	0.25	1	2	86716
173.45	0.25	0	1	86725
173.466	0.25	0	1	86733
173.482	0.25	1	2	86741
173.5	0.25	1	2	86750
173.516	0.25	0	1	86758
173.532	0.25	0	1	86766
173.55	0.25	1	2	86775
173.566	0.25	1	2	86783
173.582	0.25	0	1	86791
173.6	0.25	0	1	86800
173.616	0.25	1	2	86808
173.632	0.25	1	2	86816
173.65	0.25	0	1	86825
173.666	0.25	0	1	86833
173.682	0.25	0	1	86841
173.7	0.25	0	1	86850
173.716	0.25	0	1	86858
173.732	0.25	0	1	86866
173.75	0.25	1	2	86875
173.766	0.25	1	2	86883
173.782	0.25	1	2	86891
173.8	0.25	1	2	86900
173.816	0.25	1	2	86908
173.832	0.25	1	2	86916
173.85	0.25	0	1	86925
173.866	0.25	0	1	86933
173.882	0.25	1	2	86941
173.9	0.25	1	2	86950
173.916	0.25	1	2	86958
173.932	0.25	1	2	86966
173.95	0.25	1	2	86975
173.966	0.25	1	2	86983
173.982	0.25	0	1	86991
174.0	0.25	0	1	87000
174.016	0.25	1	2	87008
174.032	0.25	1	2	87016
174.05	0.25	0	1	87025
174.066	0.25	0	1	87033
174.082	0.25	1	2	87041
174.1	0.25	1	2	87050
174.116	0.25	1	2	87058
174.132	0.25	1	2	87066
174.15	0.25	0	1	87075
174.166	0.25	0	1	87083
174.182	0.25	0	1	87091
174.2	0.25	0	1	87100
174.216	0.25	0	1	87108
174.232	0.25	0	1	87116
174.25	0.25	1	2	87125
174.266	0.25	1	2	87133
174.282	0.25	1	2	87141
174.3	0.25	1	2	87150
174.316	0.25	0	1	87158
174.332	0.25	0	1	87166
174.35	0.25	1	2	87175
174.366	0.25	1	2	87183
174.382	0.25	1	2	87191
174.4	0.25	1	2	87200
174.416	0.25	1	2	87208
174.432	0.25	1	2	87216
174.45	0.25	0	1	87225
174.466	0.25	0	1	87233
174.482	0.25	0	1	87241
174.5	0.25	0	1	87250
174.516	0.25	0	1	87258
174.532	0.25	0	1	87266
174.55	0.25	0	1	87275
174.566	0.25	0	1	87283
174.582	0.25	0	1	87291
174.6	0.25	0	1	87300
174.616	0.25	1	2	87308
174.632	0.25	1	2	87316
174.65	0.25	1	2	87325
174.666	0.25	1	2	87333
174.682	0.25	1	2	87341
177.9	0.25	1	2	88950
177.916	0.25	1	2	88958
177.932	0.25	1	2	88966
177.95	0.25	1	2	88975
177.966	0.25	0	1	88983
177.982	0.25	0	1	88991
178.0	0.25	0	1	89000
178.016	0.25	0	1	89008
178.032	0.25	0	1	89016
178.05	0.25	0	1	89025
178.066	0.25	0	1	89033
178.082	0.25	0	1	89041
178.1	0.25	1	2	89050
178.116	0.25	1	2	89058
178.132	0.25	0	1	89066
178.15	0.25	0	1	89075
178.166	0.25	0	1	89083
178.182	0.25	0	1	89091
178.2	0.25	1	2	89100
178.216	0.25	1	2	89108
178.232	0.25	1	2	89116
178.25	0.25	1	2	89125
178.266	0.25	0	1	89133
178.282	0.25	0	1	89141
178.3	0.25	0	1	89150
178.316	0.25	0	1	89158
178.332	0.25	0	1	89166
178.35	0.25	0	1	89175
178.366	0.25	0	1	89183
178.382	0.25	0	1	89191
178.4	0.25	0	1	89200
178.416	0.25	0	1	89208
178.432	0.25	0	1	89216
178.45	0.25	0	1	89225
178.466	0.25	1	2	89233
178.482	0.25	1	2	89241
178.5	0.25	0	1	89250
178.516	0.25	0	1	89258
178.532	0.25	1	2	89266
178.55	0.25	1	2	89275
178.566	0.25	1	2	89283
178.582	0.25	1	2	89291
178.6	0.25	0	1	89300
178.616	0.25	0	1	89308
178.632	0.25	1	2	89316
178.65	0.25	1	2	89325
178.666	0.25	0	1	89333
178.682	0.25	0	1	89341
178.7	0.25	1	2	89350
178.716	0.25	1	2	89358
178.732	0.25	0	1	89366
178.75	0.25	0	1	89375
178.766	0.25	1	2	89383
178.782	0.25	1	2	89391
178.8	0.25	0	1	89400
178.816	0.25	0	1	89408
178.832	0.25	0	1	89416
178.85	0.25	0	1	89425
178.866	0.25	0	1	89433
178.882	0.25	0	1	89441
178.9	0.25	1	2	89450
178.916	0.25	1	2	89458
178.932	0.25	1	2	89466
178.95	0.25	1	2	89475
178.966	0.25	1	2	89483
178.982	0.25	1	2	89491
179.0	0.25	0	1	89500
179.016	0.25	0	1	89508
179.032	0.25	1	2	89516
179.05	0.25	1	2	89525
179.066	0.25	1	2	89533
179.082	0.25	1	2	89541
179.1	0.25	1	2	89550
179.116	0.25	1	2	89558
179.132	0.25	0	1	89566
179.15	0.25	0	1	89575
179.166	0.25	1	2	89583
179.182	0.25	1	2	89591
179.2	0.25	0	1	89600
179.216	0.25	0	1	89608
179.232	0.25	1	2	89616
179.25	0.25	1	2	89625
179.266	0.25	1	2	89633
179.282	0.25	1	2	89641
179.3	0.25	0	1	89650
179.316	0.25	0	1	89658
179.332	0.25	0	1	89666
179.35	0.25	0	1	89675
179.366	0.25	0	1	89683
179.382	0.25	0	1	89691
179.4	0.25	1	2	89700
179.416	0.25	1	2	89708
179.432	0.25	1	2	89716
179.45	0.25	1	2	89725
179.466	0.25	0	1	89733
179.482	0.25	0	1	89741
179.5	0.25	1	2	89750
179.516	0.25	1	2	89758
179.532	0.25	1	2	89766
179.55	0.25	1	2	89775
179.566	0.25	1	2	89783
179.582	0.25	1	2	89791
179.6	0.25	0	1	89800
179.616	0.25	0	1	89808
179.632	0.25	0	1	89816
179.65	0.25	0	1	89825
179.666	0.25	0	1	89833
179.682	0.25	0	1	89841
179.7	0.25	0	1	89850
179.716	0.25	0	1	89858
179.732	0.25	0	1	89866
179.75	0.25	0	1	89875
179.766	0.25	1	2	89883
179.782	0.25	1	2	89891
179.8	0.25	1	2	89900
179.816	0.25	1	2	89908
179.832	0.25	1	2	89916
181.316	0.25	1	2	90658
181.332	0.25	1	2	90666
181.35	0.25	1	2	90675
181.366	0.25	1	2	90683
181.382	0.25	1	2	90691
181.4	0.25	1	2	90700
181.416	0.25	1	2	90708
181.432	0.25	1	2	90716
181.45	0.25	1	2	90725
181.466	0.25	1	2	90733
181.482	0.25	1	2	90741
181.5	0.25	1	2	90750
181.516	0.25	1	2	90758
181.532	0.25	1	2	90766
181.55	0.25	0	1	90775
181.566	0.25	0	1	90783
181.582	0.25	0	1	90791
181.6	0.25	0	1	90800
181.616	0.25	1	2	90808
181.632	0.25	1	2	90816
181.65	0.25	1	2	90825
181.666	0.25	1	2	90833
181.682	0.25	0	1	90841
181.7	0.25	0	1	90850
181.716	0.25	0	1	90858
181.732	0.25	0	1	90866
181.75	0.25	1	2	90875
181.766	0.25	1	2	90883
181.782	0.25	1	2	90891
181.8	0.25	1	2	90900
181.816	0.25	0	1	90908
181.832	0.25	0	1	90916
181.85	0.25	0	1	90925
181.866	0.25	0	1	90933
181.882	0.25	1	2	90941
181.9	0.25	1	2	90950
181.916	0.25	0	1	90958
181.932	0.25	0	1	90966
181.95	0.25	1	2	90975
181.966	0.25	1	2	90983
181.982	0.25	1	2	90991
182.0	0.25	1	2	91000
182.016	0.25	0	1	91008
182.032	0.25	0	1	91016
182.05	0.25	1	2	91025
182.066	0.25	1	2	91033
182.082	0.25	0	1	91041
182.1	0.25	0	1	91050
182.116	0.25	0	1	91058
182.132	0.25	0	1	91066
182.15	0.25	1	2	91075
182.166	0.25	1	2	91083
182.182	0.25	0	1	91091
182.2	0.25	0	1	91100
182.216	0.25	1	2	91108
182.232	0.25	1	2	91116
182.25	0.25	1	2	91125
182.266	0.25	1	2	91133
182.282	0.25	1	2	91141
182.3	0.25	1	2	91150
182.316	0.25	0	1	91158
182.332	0.25	0	1	91166
182.35	0.25	0	1	91175
182.366	0.25	0	1	91183
182.382	0.25	0	1	91191
182.4	0.25	0	1	91200
182.416	0.25	1	2	91208
182.432	0.25	1	2	91216
182.45	0.25	0	1	91225
182.466	0.25	0	1	91233
182.482	0.25	1	2	91241
182.5	0.25	1	2	91250
182.516	0.25	1	2	91258
182.532	0.25	1	2	91266
182.55	0.25	1	2	91275
182.566	0.25	1	2	91283
182.582	0.25	0	1	91291
182.6	0.25	0	1	91300
182.616	0.25	0	1	91308
182.632	0.25	0	1	91316
182.65	0.25	1	2	91325
182.666	0.25	1	2	91333
182.682	0.25	0	1	91341
182.7	0.25	0	1	91350
182.716	0.25	1	2	91358
182.732	0.25	1	2	91366
182.75	0.25	0	1	91375
182.766	0.25	0	1	91383
182.782	0.25	0	1	91391
182.8	0.25	0	1	91400
182.816	0.25	0	1	91408
182.832	0.25	0	1	91416
182.85	0.25	1	2	91425
182.866	0.25	1	2	91433
182.882	0.25	1	2	91441
182.9	0.25	1	2	91450
182.916	0.25	0	1	91458
182.932	0.25	0	1	91466
182.95	0.25	1	2	91475
182.966	0.25	1	2	91483
182.982	0.25	0	1	91491
183.0	0.25	0	1	91500
183.016	0.25	0	1	91508
183.032	0.25	0	1	91516
183.05	0.25	0	1	91525
183.066	0.25	0	1	91533
183.082	0.25	1	2	91541
183.1	0.25	1	2	91550
183.116	0.25	0	1	91558
183.132	0.25	0	1	91566
183.15	0.25	1	2	91575
183.166	0.25	1	2	91583
183.182	0.25	0	1	91591
183.2	0.25	0	1	91600
183.216	0.25	0	1	91608
183.232	0.25	0	1	91616
183.25	0.25	1	2	91625
184.732	0.25	0	1	92366
184.75	0.25	0	1	92375
184.766	0.25	0	1	92383
184.782	0.25	0	1	92391
184.8	0.25	1	2	92400
184.816	0.25	1	2	92408
184.832	0.25	1	2	92416
184.85	0.25	1	2	92425
184.866	0.25	0	1	92433
184.882	0.25	0	1	92441
184.9	0.25	0	1	92450
184.916	0.25	0	1	92458
184.932	0.25	0	1	92466
184.95	0.25	0	1	92475
184.966	0.25	0	1	92483
184.982	0.25	0	1	92491
185.0	0.25	1	2	92500
185.016	0.25	1	2	92508
185.032	0.25	1	2	92516
185.05	0.25	1	2	92525
185.066	0.25	1	2	92533
185.082	0.25	1	2	92541
185.1	0.25	1	2	92550
185.116	0.25	1	2	92558
185.132	0.25	1	2	92566
185.15	0.25	1	2	92575
185.166	0.25	0	1	92583
185.182	0.25	0	1	92591
185.2	0.25	0	1	92600
185.216	0.25	0	1	92608
185.232	0.25	0	1	92616
185.25	0.25	0	1	92625
185.266	0.25	0	1	92633
185.282	0.25	0	1	92641
185.3	0.25	0	1	92650
185.316	0.25	0	1	92658
185.332	0.25	0	1	92666
185.35	0.25	0	1	92675
185.366	0.25	1	2	92683
185.382	0.25	1	2	92691
185.4	0.25	1	2	92700
185.416	0.25	1	2	92708
185.432	0.25	0	1	92716
185.45	0.25	0	1	92725
185.466	0.25	0	1	92733
185.482	0.25	0	1	92741
185.5	0.25	1	2	92750
185.516	0.25	1	2	92758
185.532	0.25	0	1	92766
185.55	0.25	0	1	92775
185.566	0.25	1	2	92783
185.582	0.25	1	2	92791
185.6	0.25	0	1	92800
185.616	0.25	0	1	92808
185.632	0.25	1	2	92816
185.65	0.25	1	2	92825
185.666	0.25	0	1	92833
185.682	0.25	0	1	92841
185.7	0.25	1	2	92850
185.716	0.25	1	2	92858
185.732	0.25	1	2	92866
185.75	0.25	1	2	92875
185.766	0.25	0	1	92883
185.782	0.25	0	1	92891
185.8	0.25	1	2	92900
185.816	0.25	1	2	92908
185.832	0.25	0	1	92916
185.85	0.25	0	1	92925
185.866	0.25	0	1	92933
185.882	0.25	0	1	92941
185.9	0.25	0	1	92950
185.916	0.25	0	1	92958
185.932	0.25	1	2	92966
185.95	0.25	1	2	92975
185.966	0.25	0	1	92983
185.982	0.25	0	1	92991
186.0	0.25	0	1	93000
186.016	0.25	0	1	93008
186.032	0.25	0	1	93016
186.05	0.25	0	1	93025
186.066	0.25	1	2	93033
186.082	0.25	1	2	93041
186.1	0.25	1	2	93050
186.116	0.25	1	2	93058
186.132	0.25	1	2	93066
186.15	0.25	1	2	93075
186.166	0.25	0	1	93083
186.182	0.25	0	1	93091
186.2	0.25	1	2	93100
186.216	0.25	1	2	93108
186.232	0.25	0	1	93116
186.25	0.25	0	1	93125
186.266	0.25	1	2	93133
186.282	0.25	1	2	93141
186.3	0.25	1	2	93150
186.316	0.25	1	2	93158
186.332	0.25	1	2	93166
186.35	0.25	1	2	93175
186.366	0.25	1	2	93183
186.382	0.25	1	2	93191
186.4	0.25	1	2	93200
186.416	0.25	1	2	93208
186.432	0.25	0	1	93216
186.45	0.25	0	1	93225
186.466	0.25	0	1	93233
186.482	0.25	0	1	93241
186.5	0.25	1	2	93250
186.516	0.25	1	2	93258
186.532	0.25	0	1	93266
186.55	0.25	0	1	93275
186.566	0.25	0	1	93283
186.582	0.25	0	1	93291
186.6	0.25	0	1	93300
186.616	0.25	0	1	93308
186.632	0.25	1	2	93316
186.65	0.25	1	2	93325
186.666	0.25	1	2	93333
188.15	0.25	1	2	94075
188.166	0.25	1	2	94083
188.182	0.25	1	2	94091
188.2	0.25	1	2	94100
188.216	0.25	0	1	94108
188.232	0.25	0	1	94116
188.25	0.25	1	2	94125
188.266	0.25	1	2	94133
188.282	0.25	1	2	94141
188.3	0.25	1	2	94150
188.316	0.25	0	1	94158
188.332	0.25	0	1	94166
188.35	0.25	1	2	94175
188.366	0.25	1	2	94183
188.382	0.25	1	2	94191
188.4	0.25	1	2	94200
188.416	0.25	0	1	94208
188.432	0.25	0	1	94216
188.45	0.25	1	2	94225
188.466	0.25	1	2	94233
188.482	0.25	1	2	94241
188.5	0.25	1	2	94250
188.516	0.25	0	1	94258
188.532	0.25	0	1	94266
188.55	0.25	0	1	94275
188.566	0.25	0	1	94283
188.582	0.25	0	1	94291
188.6	0.25	0	1	94300
188.616	0.25	1	2	94308
188.632	0.25	1	2	94316
188.65	0.25	1	2	94325
188.666	0.25	1	2	94333
188.682	0.25	1	2	94341
188.7	0.25	1	2	94350
188.716	0.25	0	1	94358
188.732	0.25	0	1	94366
188.75	0.25	0	1	94375
188.766	0.25	0	1	94383
188.782	0.25	0	1	94391
188.8	0.25	0	1	94400
188.816	0.25	1	2	94408
188.832	0.25	1	2	94416
188.85	0.25	1	2	94425
188.866	0.25	1	2	94433
188.882	0.25	1	2	94441
188.9	0.25	1	2	94450
188.916	0.25	1	2	94458
188.932	0.25	1	2	94466
188.95	0.25	1	2	94475
188.966	0.25	1	2	94483
188.982	0.25	0	1	94491
189.0	0.25	0	1	94500
189.016	0.25	0	1	94508
189.032	0.25	0	1	94516
189.05	0.25	1	2	94525
189.066	0.25	1	2	94533
189.082	0.25	0	1	94541
189.1	0.25	0	1	94550
189.116	0.25	1	2	94558
189.132	0.25	1	2	94566
189.15	0.25	0	1	94575
189.166	0.25	0	1	94583
189.182	0.25	0	1	94591
189.2	0.25	0	1	94600
189.216	0.25	1	2	94608
189.232	0.25	1	2	94616
189.25	0.25	1	2	94625
189.266	0.25	1	2	94633
189.282	0.25	0	1	94641
189.3	0.25	0	1	94650
189.316	0.25	0	1	94658
189.332	0.25	0	1	94666
189.35	0.25	0	1	94675
189.366	0.25	0	1	94683
189.382	0.25	0	1	94691
189.4	0.25	0	1	94700
189.416	0.25	1	2	94708
189.432	0.25	1	2	94716
189.45	0.25	0	1	94725
189.466	0.25	0	1	94733
189.482	0.25	0	1	94741
189.5	0.25	0	1	94750
189.516	0.25	0	1	94758
189.532	0.25	0	1	94766
189.55	0.25	0	1	94775
189.566	0.25	0	1	94783
189.582	0.25	1	2	94791
189.6	0.25	1	2	94800
189.616	0.25	1	2	94808
189.632	0.25	1	2	94816
189.65	0.25	1	2	94825
189.666	0.25	1	2	94833
189.682	0.25	1	2	94841
189.7	0.25	1	2	94850
189.716	0.25	1	2	94858
189.732	0.25	1	2	94866
189.75	0.25	1	2	94875
189.766	0.25	1	2	94883
189.782	0.25	0	1	94891
189.8	0.25	0	1	94900
189.816	0.25	1	2	94908
189.832	0.25	1	2	94916
189.85	0.25	0	1	94925
189.866	0.25	0	1	94933
189.882	0.25	1	2	94941
189.9	0.25	1	2	94950
189.916	0.25	0	1	94958
189.932	0.25	0	1	94966
189.95	0.25	0	1	94975
189.966	0.25	0	1	94983
189.982	0.25	1	2	94991
190.0	0.25	1	2	95000
190.016	0.25	1	2	95008
190.032	0.25	1	2	95016
190.05	0.25	0	1	95025
190.066	0.25	0	1	95033
190.082	0.25	0	1	95041
192.716	0.25	1	2	96358
192.732	0.25	1	2	96366
192.75	0.25	1	2	96375
192.766	0.25	1	2	96383
192.782	0.25	0	1	96391
192.8	0.25	0	1	96400
192.816	0.25	1	2	96408
192.832	0.25	1	2	96416
192.85	0.25	1	2	96425
192.866	0.25	1	2	96433
192.882	0.25	0	1	96441
192.9	0.25	0	1	96450
192.916	0.25	1	2	96458
192.932	0.25	1	2	96466
192.95	0.25	1	2	96475
192.966	0.25	1	2	96483
192.982	0.25	0	1	96491
193.0	0.25	0	1	96500
193.016	0.25	1	2	96508
193.032	0.25	1	2	96516
193.05	0.25	1	2	96525
193.066	0.25	1	2	96533
193.082	0.25	0	1	96541
193.1	0.25	0	1	96550
193.116	0.25	0	1	96558
193.132	0.25	0	1	96566
193.15	0.25	0	1	96575
193.166	0.25	0	1	96583
193.182	0.25	1	2	96591
193.2	0.25	1	2	96600
193.216	0.25	1	2	96608
193.232	0.25	1	2	96616
193.25	0.25	1	2	96625
193.266	0.25	1	2	96633
193.282	0.25	0	1	96641
193.3	0.25	0	1	96650
193.316	0.25	0	1	96658
193.332	0.25	0	1	96666
193.35	0.25	0	1	96675
193.366	0.25	0	1	96683
193.382	0.25	1	2	96691
193.4	0.25	1	2	96700
193.416	0.25	1	2	96708
193.432	0.25	1	2	96716
193.45	0.25	1	2	96725
193.466	0.25	1	2	96733
193.482	0.25	1	2	96741
193.5	0.25	1	2	96750
193.516	0.25	1	2	96758
193.532	0.25	1	2	96766
193.55	0.25	0	1	96775
193.566	0.25	0	1	96783
193.582	0.25	0	1	96791
193.6	0.25	0	1	96800
193.616	0.25	1	2	96808
193.632	0.25	1	2	96816
193.65	0.25	0	1	96825
193.666	0.25	0	1	96833
193.682	0.25	1	2	96841
193.7	0.25	1	2	96850
193.716	0.25	0	1	96858
193.732	0.25	0	1	96866
193.75	0.25	0	1	96875
193.766	0.25	0	1	96883
193.782	0.25	1	2	96891
193.8	0.25	1	2	96900
193.816	0.25	1	2	96908
193.832	0.25	1	2	96916
193.85	0.25	0	1	96925
193.866	0.25	0	1	96933
193.882	0.25	0	1	96941
193.9	0.25	0	1	96950
193.916	0.25	0	1	96958
193.932	0.25	0	1	96966
193.95	0.25	0	1	96975
193.966	0.25	0	1	96983
193.982	0.25	1	2	96991
194.0	0.25	1	2	97000
194.016	0.25	0	1	97008
194.032	0.25	0	1	97016
194.05	0.25	0	1	97025
194.066	0.25	0	1	97033
194.082	0.25	0	1	97041
194.1	0.25	0	1	97050
194.116	0.25	0	1	97058
194.132	0.25	0	1	97066
194.15	0.25	1	2	97075
194.166	0.25	1	2	97083
194.182	0.25	1	2	97091
194.2	0.25	1	2	97100
194.216	0.25	1	2	97108
194.232	0.25	1	2	97116
194.25	0.25	1	2	97125
194.266	0.25	1	2	97133
194.282	0.25	1	2	97141
194.3	0.25	1	2	97150
194.316	0.25	1	2	97158
194.332	0.25	1	2	97166
194.35	0.25	0	1	97175
194.366	0.25	0	1	97183
194.382	0.25	1	2	97191
194.4	0.25	1	2	97200
194.416	0.25	0	1	97208
194.432	0.25	0	1	97216
194.45	0.25	1	2	97225
194.466	0.25	1	2	97233
194.482	0.25	0	1	97241
194.5	0.25	0	1	97250
194.516	0.25	0	1	97258
194.532	0.25	0	1	97266
194.55	0.25	1	2	97275
194.566	0.25	1	2	97283
194.582	0.25	1	2	97291
194.6	0.25	1	2	97300
194.616	0.25	0	1	97308
194.632	0.25	0	1	97316
194.65	0.25	0	1	97325
196.132	0.25	1	2	98066
196.15	0.25	1	2	98075
196.166	0.25	1	2	98083
196.182	0.25	1	2	98091
196.2	0.25	0	1	98100
196.216	0.25	0	1	98108
196.232	0.25	0	1	98116
196.25	0.25	0	1	98125
196.266	0.25	0	1	98133
196.282	0.25	0	1	98141
196.3	0.25	0	1	98150
196.316	0.25	0	1	98158
196.332	0.25	1	2	98166
196.35	0.25	1	2	98175
196.366	0.25	0	1	98183
196.382	0.25	0	1	98191
196.4	0.25	0	1	98200
196.416	0.25	0	1	98208
196.432	0.25	1	2	98216
196.45	0.25	1	2	98225
196.466	0.25	1	2	98233
196.482	0.25	1	2	98241
196.5	0.25	0	1	98250
196.516	0.25	0	1	98258
196.532	0.25	0	1	98266
196.55	0.25	0	1	98275
196.566	0.25	0	1	98283
196.582	0.25	0	1	98291
196.6	0.25	0	1	98300
196.616	0.25	0	1	98308
196.632	0.25	0	1	98316
196.65	0.25	0	1	98325
196.666	0.25	0	1	98333
196.682	0.25	0	1	98341
196.7	0.25	1	2	98350
196.716	0.25	1	2	98358
196.732	0.25	0	1	98366
196.75	0.25	0	1	98375
196.766	0.25	1	2	98383
196.782	0.25	1	2	98391
196.8	0.25	1	2	98400
196.816	0.25	1	2	98408
196.832	0.25	0	1	98416
196.85	0.25	0	1	98425
196.866	0.25	1	2	98433
196.882	0.25	1	2	98441
196.9	0.25	0	1	98450
196.916	0.25	0	1	98458
196.932	0.25	1	2	98466
196.95	0.25	1	2	98475
196.966	0.25	0	1	98483
196.982	0.25	0	1	98491
197.0	0.25	1	2	98500
197.016	0.25	1	2	98508
197.032	0.25	0	1	98516
197.05	0.25	0	1	98525
197.066	0.25	0	1	98533
197.082	0.25	0	1	98541
197.1	0.25	0	1	98550
197.116	0.25	0	1	98558
197.132	0.25	1	2	98566
197.15	0.25	1	2	98575
197.166	0.25	1	2	98583
197.182	0.25	1	2	98591
197.2	0.25	1	2	98600
197.216	0.25	1	2	98608
197.232	0.25	0	1	98616
197.25	0.25	0	1	98625
197.266	0.25	1	2	98633
197.282	0.25	1	2	98641
197.3	0.25	1	2	98650
197.316	0.25	1	2	98658
197.332	0.25	1	2	98666
197.35	0.25	1	2	98675
197.366	0.25	0	1	98683
197.382	0.25	0	1	98691
197.4	0.25	1	2	98700
197.416	0.25	1	2	98708
197.432	0.25	0	1	98716
197.45	0.25	0	1	98725
197.466	0.25	1	2	98733
197.482	0.25	1	2	98741
197.5	0.25	1	2	98750
197.516	0.25	1	2	98758
197.532	0.25	0	1	98766
197.55	0.25	0	1	98775
197.566	0.25	0	1	98783
197.582	0.25	0	1	98791
197.6	0.25	0	1	98800
197.616	0.25	0	1	98808
197.632	0.25	1	2	98816
197.65	0.25	1	2	98825
197.666	0.25	1	2	98833
197.682	0.25	1	2	98841
197.7	0.25	0	1	98850
197.716	0.25	0	1	98858
197.732	0.25	1	2	98866
197.75	0.25	1	2	98875
197.766	0.25	1	2	98883
197.782	0.25	1	2	98891
197.8	0.25	1	2	98900
197.816	0.25	1	2	98908
197.832	0.25	0	1	98916
197.85	0.25	0	1	98925
197.866	0.25	0	1	98933
197.882	0.25	0	1	98941
197.9	0.25	0	1	98950
197.916	0.25	0	1	98958
197.932	0.25	0	1	98966
197.95	0.25	0	1	98975
197.966	0.25	0	1	98983
197.982	0.25	0	1	98991
198.0	0.25	1	2	99000
198.016	0.25	1	2	99008
198.032	0.25	1	2	99016
198.05	0.25	1	2	99025
198.066	0.25	1	2	99033
199.55	0.25	0	1	99775
199.566	0.25	0	1	99783
199.582	0.25	0	1	99791
199.6	0.25	0	1	99800
199.616	0.25	1	2	99808
199.632	0.25	1	2	99816
199.65	0.25	1	2	99825
199.666	0.25	1	2	99833
199.682	0.25	0	1	99841
199.7	0.25	0	1	99850
199.716	0.25	0	1	99858
199.732	0.25	0	1	99866
199.75	0.25	0	1	99875
199.766	0.25	0	1	99883
199.782	0.25	0	1	99891
199.8	0.25	0	1	99900
199.816	0.25	1	2	99908
199.832	0.25	1	2	99916
199.85	0.25	1	2	99925
199.866	0.25	1	2	99933
199.882	0.25	1	2	99941
199.9	0.25	1	2	99950
199.916	0.25	1	2	99958
199.932	0.25	1	2	99966
199.95	0.25	1	2	99975
199.966	0.25	1	2	99983
199.982	0.25	0	1	99991
200.0	0.25	0	1	100000
200.016	0.25	0	1	100008
200.032	0.25	0	1	100016
200.05	0.25	0	1	100025
200.066	0.25	0	1	100033
200.082	0.25	0	1	100041
200.1	0.25	0	1	100050
200.116	0.25	0	1	100058
200.132	0.25	0	1	100066
200.15	0.25	0	1	100075
200.166	0.25	0	1	100083
200.182	0.25	1	2	100091
200.2	0.25	1	2	100100
200.216	0.25	1	2	100108
200.232	0.25	1	2	100116
200.25	0.25	0	1	100125
200.266	0.25	0	1	100133
200.282	0.25	0	1	100141
200.3	0.25	0	1	100150
200.316	0.25	1	2	100158
200.332	0.25	1	2	100166
200.35	0.25	0	1	100175
200.366	0.25	0	1	100183
200.382	0.25	1	2	100191
200.4	0.25	1	2	100200
200.416	0.25	0	1	100208
200.432	0.25	0	1	100216
200.45	0.25	1	2	100225
200.466	0.25	1	2	100233
200.482	0.25	0	1	100241
200.5	0.25	0	1	100250
200.516	0.25	1	2	100258
200.532	0.25	1	2	100266
200.55	0.25	1	2	100275
200.566	0.25	1	2	100283
200.582	0.25	0	1	100291
200.6	0.25	0	1	100300
200.616	0.25	1	2	100308
200.632	0.25	1	2	100316
200.65	0.25	0	1	100325
200.666	0.25	0	1	100333
200.682	0.25	0	1	100341
200.7	0.25	0	1	100350
200.716	0.25	0	1	100358
200.732	0.25	0	1	100366
200.75	0.25	1	2	100375
200.766	0.25	1	2	100383
200.782	0.25	0	1	100391
200.8	0.25	0	1	100400
200.816	0.25	0	1	100408
200.832	0.25	0	1	100416
200.85	0.25	0	1	100425
200.866	0.25	0	1	100433
200.882	0.25	1	2	100441
200.9	0.25	1	2	100450
200.916	0.25	1	2	100458
200.932	0.25	1	2	100466
200.95	0.25	1	2	100475
200.966	0.25	1	2	100483
200.982	0.25	0	1	100491
201.0	0.25	0	1	100500
201.016	0.25	1	2	100508
201.032	0.25	1	2	100516
201.05	0.25	0	1	100525
201.066	0.25	0	1	100533
201.082	0.25	1	2	100541
201.1	0.25	1	2	100550
201.116	0.25	1	2	100558
201.132	0.25	1	2	100566
201.15	0.25	1	2	100575
201.166	0.25	1	2	100583
201.182	0.25	1	2	100591
201.2	0.25	1	2	100600
201.216	0.25	1	2	100608
201.232	0.25	1	2	100616
201.25	0.25	0	1	100625
201.266	0.25	0	1	100633
201.282	0.25	0	1	100641
201.3	0.25	0	1	100650
201.316	0.25	1	2	100658
201.332	0.25	1	2	100666
201.35	0.25	0	1	100675
201.366	0.25	0	1	100683
201.382	0.25	0	1	100691
201.4	0.25	0	1	100700
201.416	0.25	0	1	100708
201.432	0.25	0	1	100716
201.45	0.25	1	2	100725
201.466	0.25	1	2	100733
201.482	0.25	1	2	100741
202.966	0.25	1	2	101483
202.982	0.25	1	2	101491
203.0	0.25	1	2	101500
203.016	0.25	1	2	101508
203.032	0.25	1	2	101516
203.05	0.25	1	2	101525
203.066	0.25	1	2	101533
203.082	0.25	1	2	101541
203.1	0.25	1	2	101550
203.116	0.25	1	2	101558
203.132	0.25	1	2	101566
203.15	0.25	1	2	101575
203.166	0.25	1	2	101583
203.182	0.25	1	2	101591
203.2	0.25	0	1	101600
203.216	0.25	0	1	101608
203.232	0.25	0	1	101616
203.25	0.25	0	1	101625
203.266	0.25	1	2	101633
203.282	0.25	1	2	101641
203.3	0.25	1	2	101650
203.316	0.25	1	2	101658
203.332	0.25	0	1	101666
203.35	0.25	0	1	101675
203.366	0.25	0	1	101683
203.382	0.25	0	1	101691
203.4	0.25	1	2	101700
203.416	0.25	1	2	101708
203.432	0.25	1	2	101716
203.45	0.25	1	2	101725
203.466	0.25	0	1	101733
203.482	0.25	0	1	101741
203.5	0.25	0	1	101750
203.516	0.25	0	1	101758
203.532	0.25	1	2	101766
203.55	0.25	1	2	101775
203.566	0.25	0	1	101783
203.582	0.25	0	1	101791
203.6	0.25	1	2	101800
203.616	0.25	1	2	101808
203.632	0.25	1	2	101816
203.65	0.25	1	2	101825
203.666	0.25	0	1	101833
203.682	0.25	0	1	101841
203.7	0.25	1	2	101850
203.716	0.25	1	2	101858
203.732	0.25	0	1	101866
203.75	0.25	0	1	101875
203.766	0.25	0	1	101883
203.782	0.25	0	1	101891
203.8	0.25	1	2	101900
203.816	0.25	1	2	101908
203.832	0.25	0	1	101916
203.85	0.25	0	1	101925
203.866	0.25	1	2	101933
203.882	0.25	1	2	101941
203.9	0.25	1	2	101950
203.916	0.25	1	2	101958
203.932	0.25	1	2	101966
203.95	0.25	1	2	101975
203.966	0.25	0	1	101983
203.982	0.25	0	1	101991
204.0	0.25	0	1	102000
204.016	0.25	0	1	102008
204.032	0.25	0	1	102016
204.05	0.25	0	1	102025
204.066	0.25	1	2	102033
204.082	0.25	1	2	102041
204.1	0.25	0	1	102050
204.116	0.25	0	1	102058
204.132	0.25	1	2	102066
204.15	0.25	1	2	102075
204.166	0.25	1	2	102083
204.182	0.25	1	2	102091
204.2	0.25	1	2	102100
204.216	0.25	1	2	102108
204.232	0.25	0	1	102116
204.25	0.25	0	1	102125
204.266	0.25	0	1	102133
204.282	0.25	0	1	102141
204.3	0.25	1	2	102150
204.316	0.25	1	2	102158
204.332	0.25	0	1	102166
204.35	0.25	0	1	102175
204.366	0.25	1	2	102183
204.382	0.25	1	2	102191
204.4	0.25	0	1	102200
204.416	0.25	0	1	102208
204.432	0.25	0	1	102216
204.45	0.25	0	1	102225
204.466	0.25	0	1	102233
204.482	0.25	0	1	102241
204.5	0.25	1	2	102250
204.516	0.25	1	2	102258
204.532	0.25	1	2	102266
204.55	0.25	1	2	102275
204.566	0.25	0	1	102283
204.582	0.25	0	1	102291
204.6	0.25	1	2	102300
204.616	0.25	1	2	102308
204.632	0.25	0	1	102316
204.65	0.25	0	1	102325
204.666	0.25	0	1	102333
204.682	0.25	0	1	102341
204.7	0.25	0	1	102350
204.716	0.25	0	1	102358
204.732	0.25	1	2	102366
204.75	0.25	1	2	102375
204.766	0.25	0	1	102383
204.782	0.25	0	1	102391
204.8	0.25	1	2	102400
204.816	0.25	1	2	102408
204.832	0.25	0	1	102416
204.85	0.25	0	1	102425
204.866	0.25	0	1	102433
204.882	0.25	0	1	102441
204.9	0.25	1	2	102450
207.566	0.25	1	2	103783
207.582	0.25	1	2	103791
207.6	0.25	1	2	103800
207.616	0.25	1	2	103808
207.632	0.25	0	1	103816
207.65	0.25	0	1	103825
207.666	0.25	1	2	103833
207.682	0.25	1	2	103841
207.7	0.25	1	2	103850
207.716	0.25	1	2	103858
207.732	0.25	0	1	103866
207.75	0.25	0	1	103875
207.766	0.25	1	2	103883
207.782	0.25	1	2	103891
207.8	0.25	1	2	103900
207.816	0.25	1	2	103908
207.832	0.25	0	1	103916
207.85	0.25	0	1	103925
207.866	0.25	1	2	103933
207.882	0.25	1	2	103941
207.9	0.25	1	2	103950
207.916	0.25	1	2	103958
207.932	0.25	0	1	103966
207.95	0.25	0	1	103975
207.966	0.25	0	1	103983
207.982	0.25	0	1	103991
208.0	0.25	0	1	104000
208.016	0.25	0	1	104008
208.032	0.25	1	2	104016
208.05	0.25	1	2	104025
208.066	0.25	1	2	104033
208.082	0.25	1	2	104041
208.1	0.25	1	2	104050
208.116	0.25	1	2	104058
208.132	0.25	0	1	104066
208.15	0.25	0	1	104075
208.166	0.25	0	1	104083
208.182	0.25	0	1	104091
208.2	0.25	0	1	104100
208.216	0.25	0	1	104108
208.232	0.25	1	2	104116
208.25	0.25	1	2	104125
208.266	0.25	1	2	104133
208.282	0.25	1	2	104141
208.3	0.25	1	2	104150
208.316	0.25	1	2	104158
208.332	0.25	1	2	104166
208.35	0.25	1	2	104175
208.366	0.25	1	2	104183
208.382	0.25	1	2	104191
208.4	0.25	0	1	104200
208.416	0.25	0	1	104208
208.432	0.25	0	1	104216
208.45	0.25	0	1	104225
208.466	0.25	1	2	104233
208.482	0.25	1	2	104241
208.5	0.25	0	1	104250
208.516	0.25	0	1	104258
208.532	0.25	1	2	104266
208.55	0.25	1	2	104275
208.566	0.25	0	1	104283
208.582	0.25	0	1	104291
208.6	0.25	0	1	104300
208.616	0.25	0	1	104308
208.632	0.25	1	2	104316
208.65	0.25	1	2	104325
208.666	0.25	1	2	104333
208.682	0.25	1	2	104341
208.7	0.25	0	1	104350
208.716	0.25	0	1	104358
208.732	0.25	0	1	104366
208.75	0.25	0	1	104375
208.766	0.25	0	1	104383
208.782	0.25	0	1	104391
208.8	0.25	0	1	104400
208.816	0.25	0	1	104408
208.832	0.25	1	2	104416
208.85	0.25	1	2	104425
208.866	0.25	0	1	104433
208.882	0.25	0	1	104441
208.9	0.25	0	1	104450
208.916	0.25	0	1	104458
208.932	0.25	0	1	104466
208.95	0.25	0	1	104475
208.966	0.25	0	1	104483
208.982	0.25	0	1	104491
209.0	0.25	1	2	104500
209.016	0.25	1	2	104508
209.032	0.25	1	2	104516
209.05	0.25	1	2	104525
209.066	0.25	1	2	104533
209.082	0.25	1	2	104541
209.1	0.25	1	2	104550
209.116	0.25	1	2	104558
209.132	0.25	1	2	104566
209.15	0.25	1	2	104575
209.166	0.25	1	2	104583
209.182	0.25	1	2	104591
209.2	0.25	0	1	104600
209.216	0.25	0	1	104608
209.232	0.25	1	2	104616
209.25	0.25	1	2	104625
209.266	0.25	0	1	104633
209.282	0.25	0	1	104641
209.3	0.25	1	2	104650
209.316	0.25	1	2	104658
209.332	0.25	0	1	104666
209.35	0.25	0	1	104675
209.366	0.25	0	1	104683
209.382	0.25	0	1	104691
209.4	0.25	1	2	104700
209.416	0.25	1	2	104708
209.432	0.25	1	2	104716
209.45	0.25	1	2	104725
209.466	0.25	0	1	104733
209.482	0.25	0	1	104741
209.5	0.25	0	1	104750
210.982	0.25	1	2	105491
211.0	0.25	1	2	105500
211.016	0.25	1	2	105508
211.032	0.25	1	2	105516
211.05	0.25	0	1	105525
211.066	0.25	0	1	105533
211.082	0.25	0	1	105541
211.1	0.25	0	1	105550
211.116	0.25	0	1	105558
211.132	0.25	0	1	105566
211.15	0.25	0	1	105575
211.166	0.25	0	1	105583
211.182	0.25	1	2	105591
211.2	0.25	1	2	105600
211.216	0.25	0	1	105608
211.232	0.25	0	1	105616
211.25	0.25	0	1	105625
211.266	0.25	0	1	105633
211.282	0.25	1	2	105641
211.3	0.25	1	2	105650
211.316	0.25	1	2	105658
211.332	0.25	1	2	105666
211.35	0.25	0	1	105675
211.366	0.25	0	1	105683
211.382	0.25	0	1	105691
211.4	0.25	0	1	105700
211.416	0.25	0	1	105708
211.432	0.25	0	1	105716
211.45	0.25	0	1	105725
211.466	0.25	0	1	105733
211.482	0.25	0	1	105741
211.5	0.25	0	1	105750
211.516	0.25	0	1	105758
211.532	0.25	0	1	105766
211.55	0.25	1	2	105775
211.566	0.25	1	2	105783
211.582	0.25	0	1	105791
211.6	0.25	0	1	105800
211.616	0.25	1	2	105808
211.632	0.25	1	2	105816
211.65	0.25	1	2	105825
211.666	0.25	1	2	105833
211.682	0.25	0	1	105841
211.7	0.25	0	1	105850
211.716	0.25	1	2	105858
211.732	0.25	1	2	105866
211.75	0.25	0	1	105875
211.766	0.25	0	1	105883
211.782	0.25	1	2	105891
211.8	0.25	1	2	105900
211.816	0.25	0	1	105908
211.832	0.25	0	1	105916
211.85	0.25	1	2	105925
211.866	0.25	1	2	105933
211.882	0.25	0	1	105941
211.9	0.25	0	1	105950
211.916	0.25	0	1	105958
211.932	0.25	0	1	105966
211.95	0.25	0	1	105975
211.966	0.25	0	1	105983
211.982	0.25	1	2	105991
212.0	0.25	1	2	106000
212.016	0.25	1	2	106008
212.032	0.25	1	2	106016
212.05	0.25	1	2	106025
212.066	0.25	1	2	106033
212.082	0.25	0	1	106041
212.1	0.25	0	1	106050
212.116	0.25	1	2	106058
212.132	0.25	1	2	106066
212.15	0.25	1	2	106075
212.166	0.25	1	2	106083
212.182	0.25	1	2	106091
212.2	0.25	1	2	106100
212.216	0.25	0	1	106108
212.232	0.25	0	1	106116
212.25	0.25	1	2	106125
212.266	0.25	1	2	106133
212.282	0.25	0	1	106141
212.3	0.25	0	1	106150
212.316	0.25	1	2	106158
212.332	0.25	1	2	106166
212.35	0.25	1	2	106175
212.366	0.25	1	2	106183
212.382	0.25	0	1	106191
212.4	0.25	0	1	106200
212.416	0.25	0	1	106208
212.432	0.25	0	1	106216
212.45	0.25	0	1	106225
212.466	0.25	0	1	106233
212.482	0.25	1	2	106241
212.5	0.25	1	2	106250
212.516	0.25	1	2	106258
212.532	0.25	1	2	106266
212.55	0.25	0	1	106275
212.566	0.25	0	1	106283
212.582	0.25	1	2	106291
212.6	0.25	1	2	106300
212.616	0.25	1	2	106308
212.632	0.25	1	2	106316
212.65	0.25	1	2	106325
212.666	0.25	1	2	106333
212.682	0.25	0	1	106341
212.7	0.25	0	1	106350
212.716	0.25	0	1	106358
212.732	0.25	0	1	106366
212.75	0.25	0	1	106375
212.766	0.25	0	1	106383
212.782	0.25	0	1	106391
212.8	0.25	0	1	106400
212.816	0.25	0	1	106408
212.832	0.25	0	1	106416
212.85	0.25	1	2	106425
212.866	0.25	1	2	106433
212.882	0.25	1	2	106441
212.9	0.25	1	2	106450
212.916	0.25	1	2	106458
214.4	0.25	1	2	107200
214.416	0.25	1	2	107208
214.432	0.25	1	2	107216
214.45	0.25	1	2	107225
214.466	0.25	1	2	107233
214.482	0.25	1	2	107241
214.5	0.25	1	2	107250
214.516	0.25	1	2	107258
214.532	0.25	1	2	107266
214.55	0.25	1	2	107275
214.566	0.25	1	2	107283
214.582	0.25	1	2	107291
214.6	0.25	1	2	107300
214.616	0.25	1	2	107308
214.632	0.25	0	1	107316
214.65	0.25	0	1	107325
214.666	0.25	0	1	107333
214.682	0.25	0	1	107341
214.7	0.25	1	2	107350
214.716	0.25	1	2	107358
214.732	0.25	1	2	107366
214.75	0.25	1	2	107375
214.766	0.25	0	1	107383
214.782	0.25	0	1	107391
214.8	0.25	0	1	107400
214.816	0.25	0	1	107408
214.832	0.25	1	2	107416
214.85	0.25	1	2	107425
214.866	0.25	1	2	107433
214.882	0.25	1	2	107441
214.9	0.25	0	1	107450
214.916	0.25	0	1	107458
214.932	0.25	0	1	107466
214.95	0.25	0	1	107475
214.966	0.25	1	2	107483
214.982	0.25	1	2	107491
215.0	0.25	0	1	107500
215.016	0.25	0	1	107508
215.032	0.25	1	2	107516
215.05	0.25	1	2	107525
215.066	0.25	1	2	107533
215.082	0.25	1	2	107541
215.1	0.25	0	1	107550
215.116	0.25	0	1	107558
215.132	0.25	1	2	107566
215.15	0.25	1	2	107575
215.166	0.25	0	1	107583
215.182	0.25	0	1	107591
215.2	0.25	0	1	107600
215.216	0.25	0	1	107608
215.232	0.25	1	2	107616
215.25	0.25	1	2	107625
215.266	0.25	0	1	107633
215.282	0.25	0	1	107641
215.3	0.25	1	2	107650
215.316	0.25	1	2	107658
215.332	0.25	1	2	107666
215.35	0.25	1	2	107675
215.366	0.25	1	2	107683
215.382	0.25	1	2	107691
215.4	0.25	0	1	107700
215.416	0.25	0	1	107708
215.432	0.25	0	1	107716
215.45	0.25	0	1	107725
215.466	0.25	0	1	107733
215.482	0.25	0	1	107741
215.5	0.25	1	2	107750
215.516	0.25	1	2	107758
215.532	0.25	0	1	107766
215.55	0.25	0	1	107775
215.566	0.25	1	2	107783
215.582	0.25	1	2	107791
215.6	0.25	1	2	107800
215.616	0.25	1	2	107808
215.632	0.25	1	2	107816
215.65	0.25	1	2	107825
215.666	0.25	0	1	107833
215.682	0.25	0	1	107841
215.7	0.25	0	1	107850
215.716	0.25	0	1	107858
215.732	0.25	1	2	107866
215.75	0.25	1	2	107875
215.766	0.25	0	1	107883
215.782	0.25	0	1	107891
215.8	0.25	1	2	107900
215.816	0.25	1	2	107908
215.832	0.25	0	1	107916
215.85	0.25	0	1	107925
215.866	0.25	0	1	107933
215.882	0.25	0	1	107941
215.9	0.25	0	1	107950
215.916	0.25	0	1	107958
215.932	0.25	1	2	107966
215.95	0.25	1	2	107975
215.966	0.25	1	2	107983
215.982	0.25	1	2	107991
216.0	0.25	0	1	108000
216.016	0.25	0	1	108008
216.032	0.25	1	2	108016
216.05	0.25	1	2	108025
216.066	0.25	0	1	108033
216.082	0.25	0	1	108041
216.1	0.25	0	1	108050
216.116	0.25	0	1	108058
216.132	0.25	0	1	108066
216.15	0.25	0	1	108075
216.166	0.25	1	2	108083
216.182	0.25	1	2	108091
216.2	0.25	0	1	108100
216.216	0.25	0	1	108108
216.232	0.25	1	2	108116
216.25	0.25	1	2	108125
216.266	0.25	0	1	108133
216.282	0.25	0	1	108141
216.3	0.25	0	1	108150
216.316	0.25	0	1	108158
216.332	0.25	1	2	108166
217.816	0.25	0	1	108908
217.832	0.25	0	1	108916
217.85	0.25	0	1	108925
217.866	0.25	0	1	108933
217.882	0.25	1	2	108941
217.9	0.25	1	2	108950
217.916	0.25	1	2	108958
217.932	0.25	1	2	108966
217.95	0.25	0	1	108975
217.966	0.25	0	1	108983
217.982	0.25	0	1	108991
218.0	0.25	0	1	109000
218.016	0.25	0	1	109008
218.032	0.25	0	1	109016
218.05	0.25	0	1	109025
218.066	0.25	0	1	109033
218.082	0.25	1	2	109041
218.1	0.25	1	2	109050
218.116	0.25	1	2	109058
218.132	0.25	1	2	109066
218.15	0.25	1	2	109075
218.166	0.25	1	2	109083
218.182	0.25	1	2	109091
218.2	0.25	1	2	109100
218.216	0.25	1	2	109108
218.232	0.25	1	2	109116
218.25	0.25	0	1	109125
218.266	0.25	0	1	109133
218.282	0.25	0	1	109141
218.3	0.25	0	1	109150
218.316	0.25	0	1	109158
218.332	0.25	0	1	109166
218.35	0.25	0	1	109175
218.366	0.25	0	1	109183
218.382	0.25	0	1	109191
218.4	0.25	0	1	109200
218.416	0.25	0	1	109208
218.432	0.25	0	1	109216
218.45	0.25	1	2	109225
218.466	0.25	1	2	109233
218.482	0.25	1	2	109241
218.5	0.25	1	2	109250
218.516	0.25	0	1	109258
218.532	0.25	0	1	109266
218.55	0.25	0	1	109275
218.566	0.25	0	1	109283
218.582	0.25	1	2	109291
218.6	0.25	1	2	109300
218.616	0.25	0	1	109308
218.632	0.25	0	1	109316
218.65	0.25	1	2	109325
218.666	0.25	1	2	109333
218.682	0.25	0	1	109341
218.7	0.25	0	1	109350
218.716	0.25	1	2	109358
218.732	0.25	1	2	109366
218.75	0.25	0	1	109375
218.766	0.25	0	1	109383
218.782	0.25	1	2	109391
218.8	0.25	1	2	109400
218.816	0.25	1	2	109408
218.832	0.25	1	2	109416
218.85	0.25	0	1	109425
218.866	0.25	0	1	109433
218.882	0.25	1	2	109441
218.9	0.25	1	2	109450
218.916	0.25	0	1	109458
218.932	0.25	0	1	109466
218.95	0.25	0	1	109475
218.966	0.25	0	1	109483
218.982	0.25	0	1	109491
219.0	0.25	0	1	109500
219.016	0.25	1	2	109508
219.032	0.25	1	2	109516
219.05	0.25	0	1	109525
219.066	0.25	0	1	109533
219.082	0.25	0	1	109541
219.1	0.25	0	1	109550
219.116	0.25	0	1	109558
219.132	0.25	0	1	109566
219.15	0.25	1	2	109575
219.166	0.25	1	2	109583
219.182	0.25	1	2	109591
219.2	0.25	1	2	109600
219.216	0.25	1	2	109608
219.232	0.25	1	2	109616
219.25	0.25	0	1	109625
219.266	0.25	0	1	109633
219.282	0.25	1	2	109641
219.3	0.25	1	2	109650
219.316	0.25	0	1	109658
219.332	0.25	0	1	109666
219.35	0.25	1	2	109675
219.366	0.25	1	2	109683
219.382	0.25	1	2	109691
219.4	0.25	1	2	109700
219.416	0.25	1	2	109708
219.432	0.25	1	2	109716
219.45	0.25	1	2	109725
219.466	0.25	1	2	109733
219.482	0.25	1	2	109741
219.5	0.25	1	2	109750
219.516	0.25	0	1	109758
219.532	0.25	0	1	109766
219.55	0.25	0	1	109775
219.566	0.25	0	1	109783
219.582	0.25	1	2	109791
219.6	0.25	1	2	109800
219.616	0.25	0	1	109808
219.632	0.25	0	1	109816
219.65	0.25	0	1	109825
219.666	0.25	0	1	109833
219.682	0.25	0	1	109841
219.7	0.25	0	1	109850
219.716	0.25	1	2	109858
219.732	0.25	1	2	109866
219.75	0.25	1	2	109875
222.632	0.25	1	2	111316
222.65	0.25	1	2	111325
222.666	0.25	1	2	111333
222.682	0.25	1	2	111341
222.7	0.25	0	1	111350
222.716	0.25	0	1	111358
222.732	0.25	0	1	111366
222.75	0.25	0	1	111375
222.766	0.25	0	1	111383
222.782	0.25	0	1	111391
222.8	0.25	0	1	111400
222.816	0.25	0	1	111408
222.832	0.25	1	2	111416
222.85	0.25	1	2	111425
222.866	0.25	0	1	111433
222.882	0.25	0	1	111441
222.9	0.25	0	1	111450
222.916	0.25	0	1	111458
222.932	0.25	1	2	111466
222.95	0.25	1	2	111475
222.966	0.25	1	2	111483
222.982	0.25	1	2	111491
223.0	0.25	0	1	111500
223.016	0.25	0	1	111508
223.032	0.25	0	1	111516
223.05	0.25	0	1	111525
223.066	0.25	0	1	111533
223.082	0.25	0	1	111541
223.1	0.25	0	1	111550
223.116	0.25	0	1	111558
223.132	0.25	0	1	111566
223.15	0.25	0	1	111575
223.166	0.25	0	1	111583
223.182	0.25	0	1	111591
223.2	0.25	1	2	111600
223.216	0.25	1	2	111608
223.232	0.25	0	1	111616
223.25	0.25	0	1	111625
223.266	0.25	1	2	111633
223.282	0.25	1	2	111641
223.3	0.25	1	2	111650
223.316	0.25	1	2	111658
223.332	0.25	0	1	111666
223.35	0.25	0	1	111675
223.366	0.25	1	2	111683
223.382	0.25	1	2	111691
223.4	0.25	0	1	111700
223.416	0.25	0	1	111708
223.432	0.25	1	2	111716
223.45	0.25	1	2	111725
223.466	0.25	0	1	111733
223.482	0.25	0	1	111741
223.5	0.25	1	2	111750
223.516	0.25	1	2	111758
223.532	0.25	0	1	111766
223.55	0.25	0	1	111775
223.566	0.25	0	1	111783
223.582	0.25	0	1	111791
223.6	0.25	0	1	111800
223.616	0.25	0	1	111808
223.632	0.25	1	2	111816
223.65	0.25	1	2	111825
223.666	0.25	1	2	111833
223.682	0.25	1	2	111841
223.7	0.25	1	2	111850
223.716	0.25	1	2	111858
223.732	0.25	0	1	111866
223.75	0.25	0	1	111875
223.766	0.25	1	2	111883
223.782	0.25	1	2	111891
223.8	0.25	1	2	111900
223.816	0.25	1	2	111908
223.832	0.25	1	2	111916
223.85	0.25	1	2	111925
223.866	0.25	0	1	111933
223.882	0.25	0	1	111941
223.9	0.25	1	2	111950
223.916	0.25	1	2	111958
223.932	0.25	0	1	111966
223.95	0.25	0	1	111975
223.966	0.25	1	2	111983
223.982	0.25	1	2	111991
224.0	0.25	1	2	112000
224.016	0.25	1	2	112008
224.032	0.25	0	1	112016
224.05	0.25	0	1	112025
224.066	0.25	0	1	112033
224.082	0.25	0	1	112041
224.1	0.25	0	1	112050
224.116	0.25	0	1	112058
224.132	0.25	1	2	112066
224.15	0.25	1	2	112075
224.166	0.25	1	2	112083
224.182	0.25	1	2	112091
224.2	0.25	0	1	112100
224.216	0.25	0	1	112108
224.232	0.25	1	2	112116
224.25	0.25	1	2	112125
224.266	0.25	1	2	112133
224.282	0.25	1	2	112141
224.3	0.25	1	2	112150
224.316	0.25	1	2	112158
224.332	0.25	0	1	112166
224.35	0.25	0	1	112175
224.366	0.25	0	1	112183
224.382	0.25	0	1	112191
224.4	0.25	0	1	112200
224.416	0.25	0	1	112208
224.432	0.25	0	1	112216
224.45	0.25	0	1	112225
224.466	0.25	0	1	112233
224.482	0.25	0	1	112241
224.5	0.25	1	2	112250
224.516	0.25	1	2	112258
224.532	0.25	1	2	112266
224.55	0.25	1	2	112275
224.566	0.25	1	2	112283
226.05	0.25	1	2	113025
226.066	0.25	1	2	113033
226.082	0.25	1	2	113041
226.1	0.25	1	2	113050
226.116	0.25	0	1	113058
226.132	0.25	0	1	113066
226.15	0.25	1	2	113075
226.166	0.25	1	2	113083
226.182	0.25	1	2	113091
226.2	0.25	1	2	113100
226.216	0.25	0	1	113108
226.232	0.25	0	1	113116
226.25	0.25	1	2	113125
226.266	0.25	1	2	113133
226.282	0.25	1	2	113141
226.3	0.25	1	2	113150
226.316	0.25	0	1	113158
226.332	0.25	0	1	113166
226.35	0.25	1	2	113175
226.366	0.25	1	2	113183
226.382	0.25	1	2	113191
226.4	0.25	1	2	113200
226.416	0.25	0	1	113208
226.432	0.25	0	1	113216
226.45	0.25	0	1	113225
226.466	0.25	0	1	113233
226.482	0.25	0	1	113241
226.5	0.25	0	1	113250
226.516	0.25	1	2	113258
226.532	0.25	1	2	113266
226.55	0.25	1	2	113275
226.566	0.25	1	2	113283
226.582	0.25	1	2	113291
226.6	0.25	1	2	113300
226.616	0.25	0	1	113308
226.632	0.25	0	1	113316
226.65	0.25	0	1	113325
226.666	0.25	0	1	113333
226.682	0.25	0	1	113341
226.7	0.25	0	1	113350
226.716	0.25	1	2	113358
226.732	0.25	1	2	113366
226.75	0.25	1	2	113375
226.766	0.25	1	2	113383
226.782	0.25	1	2	113391
226.8	0.25	1	2	113400
226.816	0.25	1	2	113408
226.832	0.25	1	2	113416
226.85	0.25	1	2	113425
226.866	0.25	1	2	113433
226.882	0.25	0	1	113441
226.9	0.25	0	1	113450
226.916	0.25	0	1	113458
226.932	0.25	0	1	113466
226.95	0.25	1	2	113475
226.966	0.25	1	2	113483
226.982	0.25	0	1	113491
227.0	0.25	0	1	113500
227.016	0.25	1	2	113508
227.032	0.25	1	2	113516
227.05	0.25	0	1	113525
227.066	0.25	0	1	113533
227.082	0.25	0	1	113541
227.1	0.25	0	1	113550
227.116	0.25	1	2	113558
227.132	0.25	1	2	113566
227.15	0.25	1	2	113575
227.166	0.25	1	2	113583
227.182	0.25	0	1	113591
227.2	0.25	0	1	113600
227.216	0.25	0	1	113608
227.232	0.25	0	1	113616
227.25	0.25	0	1	113625
227.266	0.25	0	1	113633
227.282	0.25	0	1	113641
227.3	0.25	0	1	113650
227.316	0.25	1	2	113658
227.332	0.25	1	2	113666
227.35	0.25	0	1	113675
227.366	0.25	0	1	113683
227.382	0.25	0	1	113691
227.4	0.25	0	1	113700
227.416	0.25	0	1	113708
227.432	0.25	0	1	113716
227.45	0.25	0	1	113725
227.466	0.25	0	1	113733
227.482	0.25	1	2	113741
227.5	0.25	1	2	113750
227.516	0.25	1	2	113758
227.532	0.25	1	2	113766
227.55	0.25	1	2	113775
227.566	0.25	1	2	113783
227.582	0.25	1	2	113791
227.6	0.25	1	2	113800
227.616	0.25	1	2	113808
227.632	0.25	1	2	113816
227.65	0.25	1	2	113825
227.666	0.25	1	2	113833
227.682	0.25	0	1	113841
227.7	0.25	0	1	113850
227.716	0.25	1	2	113858
227.732	0.25	1	2	113866
227.75	0.25	0	1	113875
227.766	0.25	0	1	113883
227.782	0.25	1	2	113891
227.8	0.25	1	2	113900
227.816	0.25	0	1	113908
227.832	0.25	0	1	113916
227.85	0.25	0	1	113925
227.866	0.25	0	1	113933
227.882	0.25	1	2	113941
227.9	0.25	1	2	113950
227.916	0.25	1	2	113958
227.932	0.25	1	2	113966
227.95	0.25	0	1	113975
227.966	0.25	0	1	113983
227.982	0.25	0	1	113991
229.466	0.25	0	1	114733
229.482	0.25	0	1	114741
229.5	0.25	0	1	114750
229.516	0.25	0	1	114758
229.532	0.25	1	2	114766
229.55	0.25	1	2	114775
229.566	0.25	1	2	114783
229.582	0.25	1	2	114791
229.6	0.25	0	1	114800
229.616	0.25	0	1	114808
229.632	0.25	0	1	114816
229.65	0.25	0	1	114825
229.666	0.25	0	1	114833
229.682	0.25	0	1	114841
229.7	0.25	0	1	114850
229.716	0.25	0	1	114858
229.732	0.25	1	2	114866
229.75	0.25	1	2	114875
229.766	0.25	1	2	114883
229.782	0.25	1	2	114891
229.8	0.25	1	2	114900
229.816	0.25	1	2	114908
229.832	0.25	1	2	114916
229.85	0.25	1	2	114925
229.866	0.25	1	2	114933
229.882	0.25	1	2	114941
229.9	0.25	0	1	114950
229.916	0.25	0	1	114958
229.932	0.25	0	1	114966
229.95	0.25	0	1	114975
229.966	0.25	0	1	114983
229.982	0.25	0	1	114991
230.0	0.25	0	1	115000
230.016	0.25	0	1	115008
230.032	0.25	0	1	115016
230.05	0.25	0	1	115025
230.066	0.25	0	1	115033
230.082	0.25	0	1	115041
230.1	0.25	1	2	115050
230.116	0.25	1	2	115058
230.132	0.25	1	2	115066
230.15	0.25	1	2	115075
230.166	0.25	0	1	115083
230.182	0.25	0	1	115091
230.2	0.25	0	1	115100
230.216	0.25	0	1	115108
230.232	0.25	1	2	115116
230.25	0.25	1	2	115125
230.266	0.25	0	1	115133
230.282	0.25	0	1	115141
230.3	0.25	1	2	115150
230.316	0.25	1	2	115158
230.332	0.25	0	1	115166
230.35	0.25	0	1	115175
230.366	0.25	1	2	115183
230.382	0.25	1	2	115191
230.4	0.25	0	1	115200
230.416	0.25	0	1	115208
230.432	0.25	1	2	115216
230.45	0.25	1	2	115225
230.466	0.25	1	2	115233
230.482	0.25	1	2	115241
230.5	0.25	0	1	115250
230.516	0.25	0	1	115258
230.532	0.25	1	2	115266
230.55	0.25	1	2	115275
230.566	0.25	0	1	115283
230.582	0.25	0	1	115291
230.6	0.25	0	1	115300
230.616	0.25	0	1	115308
230.632	0.25	0	1	115316
230.65	0.25	0	1	115325
230.666	0.25	1	2	115333
230.682	0.25	1	2	115341
230.7	0.25	0	1	115350
230.716	0.25	0	1	115358
230.732	0.25	0	1	115366
230.75	0.25	0	1	115375
230.766	0.25	0	1	115383
230.782	0.25	0	1	115391
230.8	0.25	1	2	115400
230.816	0.25	1	2	115408
230.832	0.25	1	2	115416
230.85	0.25	1	2	115425
230.866	0.25	1	2	115433
230.882	0.25	1	2	115441
230.9	0.25	0	1	115450
230.916	0.25	0	1	115458
230.932	0.25	1	2	115466
230.95	0.25	1	2	115475
230.966	0.25	0	1	115483
230.982	0.25	0	1	115491
231.0	0.25	1	2	115500
231.016	0.25	1	2	115508
231.032	0.25	1	2	115516
231.05	0.25	1	2	115525
231.066	0.25	1	2	115533
231.082	0.25	1	2	115541
231.1	0.25	1	2	115550
231.116	0.25	1	2	115558
231.132	0.25	1	2	115566
231.15	0.25	1	2	115575
231.166	0.25	0	1	115583
231.182	0.25	0	1	115591
231.2	0.25	0	1	115600
231.216	0.25	0	1	115608
231.232	0.25	1	2	115616
231.25	0.25	1	2	115625
231.266	0.25	0	1	115633
231.282	0.25	0	1	115641
231.3	0.25	0	1	115650
231.316	0.25	0	1	115658
231.332	0.25	0	1	115666
231.35	0.25	0	1	115675
231.366	0.25	1	2	115683
231.382	0.25	1	2	115691
231.4	0.25	1	2	115700
232.882	0.25	1	2	116441
232.9	0.25	1	2	116450
232.916	0.25	1	2	116458
232.932	0.25	1	2	116466
232.95	0.25	1	2	116475
232.966	0.25	1	2	116483
232.982	0.25	1	2	116491
233.0	0.25	1	2	116500
233.016	0.25	1	2	116508
233.032	0.25	1	2	116516
233.05	0.25	1	2	116525
233.066	0.25	1	2	116533
233.082	0.25	1	2	116541
233.1	0.25	1	2	116550
233.116	0.25	0	1	116558
233.132	0.25	0	1	116566
233.15	0.25	0	1	116575
233.166	0.25	0	1	116583
233.182	0.25	1	2	116591
233.2	0.25	1	2	116600
233.216	0.25	1	2	116608
233.232	0.25	1	2	116616
233.25	0.25	0	1	116625
233.266	0.25	0	1	116633
233.282	0.25	0	1	116641
233.3	0.25	0	1	116650
233.316	0.25	1	2	116658
233.332	0.25	1	2	116666
233.35	0.25	1	2	116675
233.366	0.25	1	2	116683
233.382	0.25	0	1	116691
233.4	0.25	0	1	116700
233.416	0.25	0	1	116708
233.432	0.25	0	1	116716
233.45	0.25	1	2	116725
233.466	0.25	1	2	116733
233.482	0.25	0	1	116741
233.5	0.25	0	1	116750
233.516	0.25	1	2	116758
233.532	0.25	1	2	116766
233.55	0.25	1	2	116775
233.566	0.25	1	2	116783
233.582	0.25	0	1	116791
233.6	0.25	0	1	116800
233.616	0.25	1	2	116808
233.632	0.25	1	2	116816
233.65	0.25	0	1	116825
233.666	0.25	0	1	116833
233.682	0.25	0	1	116841
233.7	0.25	0	1	116850
233.716	0.25	1	2	116858
233.732	0.25	1	2	116866
233.75	0.25	0	1	116875
233.766	0.25	0	1	116883
233.782	0.25	1	2	116891
233.8	0.25	1	2	116900
233.816	0.25	1	2	116908
233.832	0.25	1	2	116916
233.85	0.25	1	2	116925
233.866	0.25	1	2	116933
233.882	0.25	0	1	116941
233.9	0.25	0	1	116950
233.916	0.25	0	1	116958
233.932	0.25	0	1	116966
233.95	0.25	0	1	116975
233.966	0.25	0	1	116983
233.982	0.25	1	2	116991
234.0	0.25	1	2	117000
234.016	0.25	0	1	117008
234.032	0.25	0	1	117016
234.05	0.25	1	2	117025
234.066	0.25	1	2	117033
234.082	0.25	1	2	117041
234.1	0.25	1	2	117050
234.116	0.25	1	2	117058
234.132	0.25	1	2	117066
234.15	0.25	0	1	117075
234.166	0.25	0	1	117083
234.182	0.25	0	1	117091
234.2	0.25	0	1	117100
234.216	0.25	1	2	117108
234.232	0.25	1	2	117116
234.25	0.25	0	1	117125
234.266	0.25	0	1	117133
234.282	0.25	1	2	117141
234.3	0.25	1	2	117150
234.316	0.25	0	1	117158
234.332	0.25	0	1	117166
234.35	0.25	0	1	117175
234.366	0.25	0	1	117183
234.382	0.25	0	1	117191
234.4	0.25	0	1	117200
234.416	0.25	1	2	117208
234.432	0.25	1	2	117216
234.45	0.25	1	2	117225
234.466	0.25	1	2	117233
234.482	0.25	0	1	117241
234.5	0.25	0	1	117250
234.516	0.25	1	2	117258
234.532	0.25	1	2	117266
234.55	0.25	0	1	117275
234.566	0.25	0	1	117283
234.582	0.25	0	1	117291
234.6	0.25	0	1	117300
234.616	0.25	0	1	117308
234.632	0.25	0	1	117316
234.65	0.25	1	2	117325
234.666	0.25	1	2	117333
234.682	0.25	0	1	117341
234.7	0.25	0	1	117350
234.716	0.25	1	2	117358
234.732	0.25	1	2	117366
234.75	0.25	0	1	117375
234.766	0.25	0	1	117383
234.782	0.25	0	1	117391
234.8	0.25	0	1	117400
234.816	0.25	1	2	117408
