onset	duration	trial_type	value	sample
6.016	0.25	0	1	3008
6.032	0.25	0	1	3016
6.05	0.25	0	1	3025
6.066	0.25	0	1	3033
6.082	0.25	1	2	3041
6.1	0.25	1	2	3050
6.116	0.25	1	2	3058
6.132	0.25	1	2	3066
6.15	0.25	0	1	3075
6.166	0.25	0	1	3083
6.182	0.25	0	1	3091
6.2	0.25	0	1	3100
6.216	0.25	0	1	3108
6.232	0.25	0	1	3116
6.25	0.25	0	1	3125
6.266	0.25	0	1	3133
6.282	0.25	1	2	3141
6.3	0.25	1	2	3150
6.316	0.25	1	2	3158
6.332	0.25	1	2	3166
6.35	0.25	1	2	3175
6.366	0.25	1	2	3183
6.382	0.25	1	2	3191
6.4	0.25	1	2	3200
6.416	0.25	1	2	3208
6.432	0.25	1	2	3216
6.45	0.25	0	1	3225
6.466	0.25	0	1	3233
6.482	0.25	0	1	3241
6.5	0.25	0	1	3250
6.516	0.25	0	1	3258
6.532	0.25	0	1	3266
6.55	0.25	0	1	3275
6.566	0.25	0	1	3283
6.582	0.25	0	1	3291
6.6	0.25	0	1	3300
6.616	0.25	0	1	3308
6.632	0.25	0	1	3316
6.65	0.25	1	2	3325
6.666	0.25	1	2	3333
6.682	0.25	1	2	3341
6.7	0.25	1	2	3350
6.716	0.25	0	1	3358
6.732	0.25	0	1	3366
6.75	0.25	0	1	3375
6.766	0.25	0	1	3383
6.782	0.25	1	2	3391
6.8	0.25	1	2	3400
6.816	0.25	0	1	3408
6.832	0.25	0	1	3416
6.85	0.25	1	2	3425
6.866	0.25	1	2	3433
6.882	0.25	0	1	3441
6.9	0.25	0	1	3450
6.916	0.25	1	2	3458
6.932	0.25	1	2	3466
6.95	0.25	0	1	3475
6.966	0.25	0	1	3483
6.982	0.25	1	2	3491
7.0	0.25	1	2	3500
7.016	0.25	1	2	3508
7.032	0.25	1	2	3516
7.05	0.25	0	1	3525
7.066	0.25	0	1	3533
7.082	0.25	1	2	3541
7.1	0.25	1	2	3550
7.116	0.25	0	1	3558
7.132	0.25	0	1	3566
7.15	0.25	0	1	3575
7.166	0.25	0	1	3583
7.182	0.25	0	1	3591
7.2	0.25	0	1	3600
7.216	0.25	1	2	3608
7.232	0.25	1	2	3616
7.25	0.25	0	1	3625
7.266	0.25	0	1	3633
7.282	0.25	0	1	3641
7.3	0.25	0	1	3650
7.316	0.25	0	1	3658
7.332	0.25	0	1	3666
7.35	0.25	1	2	3675
7.366	0.25	1	2	3683
7.382	0.25	1	2	3691
7.4	0.25	1	2	3700
7.416	0.25	1	2	3708
7.432	0.25	1	2	3716
7.45	0.25	0	1	3725
7.466	0.25	0	1	3733
7.482	0.25	1	2	3741
7.5	0.25	1	2	3750
7.516	0.25	0	1	3758
7.532	0.25	0	1	3766
7.55	0.25	1	2	3775
7.566	0.25	1	2	3783
7.582	0.25	1	2	3791
7.6	0.25	1	2	3800
7.616	0.25	1	2	3808
7.632	0.25	1	2	3816
7.65	0.25	1	2	3825
7.666	0.25	1	2	3833
7.682	0.25	1	2	3841
7.7	0.25	1	2	3850
7.716	0.25	0	1	3858
7.732	0.25	0	1	3866
7.75	0.25	0	1	3875
7.766	0.25	0	1	3883
7.782	0.25	1	2	3891
7.8	0.25	1	2	3900
7.816	0.25	0	1	3908
7.832	0.25	0	1	3916
7.85	0.25	0	1	3925
7.866	0.25	0	1	3933
7.882	0.25	0	1	3941
7.9	0.25	0	1	3950
7.916	0.25	1	2	3958
7.932	0.25	1	2	3966
7.95	0.25	1	2	3975
9.432	0.25	1	2	4716
9.45	0.25	1	2	4725
9.466	0.25	1	2	4733
9.482	0.25	1	2	4741
9.5	0.25	1	2	4750
9.516	0.25	1	2	4758
9.532	0.25	1	2	4766
9.55	0.25	1	2	4775
9.566	0.25	1	2	4783
9.582	0.25	1	2	4791
9.6	0.25	1	2	4800
9.616	0.25	1	2	4808
9.632	0.25	1	2	4816
9.65	0.25	1	2	4825
9.666	0.25	0	1	4833
9.682	0.25	0	1	4841
9.7	0.25	0	1	4850
9.716	0.25	0	1	4858
9.732	0.25	1	2	4866
9.75	0.25	1	2	4875
9.766	0.25	1	2	4883
9.782	0.25	1	2	4891
9.8	0.25	0	1	4900
9.816	0.25	0	1	4908
9.832	0.25	0	1	4916
9.85	0.25	0	1	4925
9.866	0.25	1	2	4933
9.882	0.25	1	2	4941
9.9	0.25	1	2	4950
9.916	0.25	1	2	4958
9.932	0.25	0	1	4966
9.95	0.25	0	1	4975
9.966	0.25	0	1	4983
9.982	0.25	0	1	4991
10.0	0.25	1	2	5000
10.016	0.25	1	2	5008
10.032	0.25	0	1	5016
10.05	0.25	0	1	5025
10.066	0.25	1	2	5033
10.082	0.25	1	2	5041
10.1	0.25	1	2	5050
10.116	0.25	1	2	5058
10.132	0.25	0	1	5066
10.15	0.25	0	1	5075
10.166	0.25	1	2	5083
10.182	0.25	1	2	5091
10.2	0.25	0	1	5100
10.216	0.25	0	1	5108
10.232	0.25	0	1	5116
10.25	0.25	0	1	5125
10.266	0.25	1	2	5133
10.282	0.25	1	2	5141
10.3	0.25	0	1	5150
10.316	0.25	0	1	5158
10.332	0.25	1	2	5166
10.35	0.25	1	2	5175
10.366	0.25	1	2	5183
10.382	0.25	1	2	5191
10.4	0.25	1	2	5200
10.416	0.25	1	2	5208
10.432	0.25	0	1	5216
10.45	0.25	0	1	5225
10.466	0.25	0	1	5233
10.482	0.25	0	1	5241
10.5	0.25	0	1	5250
10.516	0.25	0	1	5258
10.532	0.25	1	2	5266
10.55	0.25	1	2	5275
10.566	0.25	0	1	5283
10.582	0.25	0	1	5291
10.6	0.25	1	2	5300
10.616	0.25	1	2	5308
10.632	0.25	1	2	5316
10.65	0.25	1	2	5325
10.666	0.25	1	2	5333
10.682	0.25	1	2	5341
10.7	0.25	0	1	5350
10.716	0.25	0	1	5358
10.732	0.25	0	1	5366
10.75	0.25	0	1	5375
10.766	0.25	1	2	5383
10.782	0.25	1	2	5391
10.8	0.25	0	1	5400
10.816	0.25	0	1	5408
10.832	0.25	1	2	5416
10.85	0.25	1	2	5425
10.866	0.25	0	1	5433
10.882	0.25	0	1	5441
10.9	0.25	0	1	5450
10.916	0.25	0	1	5458
10.932	0.25	0	1	5466
10.95	0.25	0	1	5475
10.966	0.25	1	2	5483
10.982	0.25	1	2	5491
11.0	0.25	1	2	5500
11.016	0.25	1	2	5508
11.032	0.25	0	1	5516
11.05	0.25	0	1	5525
11.066	0.25	1	2	5533
11.082	0.25	1	2	5541
11.1	0.25	0	1	5550
11.116	0.25	0	1	5558
11.132	0.25	0	1	5566
11.15	0.25	0	1	5575
11.166	0.25	0	1	5583
11.182	0.25	0	1	5591
11.2	0.25	1	2	5600
11.216	0.25	1	2	5608
11.232	0.25	0	1	5616
11.25	0.25	0	1	5625
11.266	0.25	1	2	5633
11.282	0.25	1	2	5641
11.3	0.25	0	1	5650
11.316	0.25	0	1	5658
11.332	0.25	0	1	5666
11.35	0.25	0	1	5675
11.366	0.25	1	2	5683
12.85	0.25	1	2	6425
12.866	0.25	1	2	6433
12.882	0.25	1	2	6441
12.9	0.25	1	2	6450
12.916	0.25	0	1	6458
12.932	0.25	0	1	6466
12.95	0.25	1	2	6475
12.966	0.25	1	2	6483
12.982	0.25	1	2	6491
13.0	0.25	1	2	6500
13.016	0.25	0	1	6508
13.032	0.25	0	1	6516
13.05	0.25	1	2	6525
13.066	0.25	1	2	6533
13.082	0.25	1	2	6541
13.1	0.25	1	2	6550
13.116	0.25	0	1	6558
13.132	0.25	0	1	6566
13.15	0.25	1	2	6575
13.166	0.25	1	2	6583
13.182	0.25	1	2	6591
13.2	0.25	1	2	6600
13.216	0.25	0	1	6608
13.232	0.25	0	1	6616
13.25	0.25	0	1	6625
13.266	0.25	0	1	6633
13.282	0.25	0	1	6641
13.3	0.25	0	1	6650
13.316	0.25	1	2	6658
13.332	0.25	1	2	6666
13.35	0.25	1	2	6675
13.366	0.25	1	2	6683
13.382	0.25	1	2	6691
13.4	0.25	1	2	6700
13.416	0.25	0	1	6708
13.432	0.25	0	1	6716
13.45	0.25	0	1	6725
13.466	0.25	0	1	6733
13.482	0.25	0	1	6741
13.5	0.25	0	1	6750
13.516	0.25	1	2	6758
13.532	0.25	1	2	6766
13.55	0.25	1	2	6775
13.566	0.25	1	2	6783
13.582	0.25	1	2	6791
13.6	0.25	1	2	6800
13.616	0.25	1	2	6808
13.632	0.25	1	2	6816
13.65	0.25	1	2	6825
13.666	0.25	1	2	6833
13.682	0.25	0	1	6841
13.7	0.25	0	1	6850
13.716	0.25	0	1	6858
13.732	0.25	0	1	6866
13.75	0.25	1	2	6875
13.766	0.25	1	2	6883
13.782	0.25	0	1	6891
13.8	0.25	0	1	6900
13.816	0.25	1	2	6908
13.832	0.25	1	2	6916
13.85	0.25	0	1	6925
13.866	0.25	0	1	6933
13.882	0.25	0	1	6941
13.9	0.25	0	1	6950
13.916	0.25	1	2	6958
13.932	0.25	1	2	6966
13.95	0.25	1	2	6975
13.966	0.25	1	2	6983
13.982	0.25	0	1	6991
14.0	0.25	0	1	7000
14.016	0.25	0	1	7008
14.032	0.25	0	1	7016
14.05	0.25	0	1	7025
14.066	0.25	0	1	7033
14.082	0.25	0	1	7041
14.1	0.25	0	1	7050
14.116	0.25	1	2	7058
14.132	0.25	1	2	7066
14.15	0.25	0	1	7075
14.166	0.25	0	1	7083
14.182	0.25	0	1	7091
14.2	0.25	0	1	7100
14.216	0.25	0	1	7108
14.232	0.25	0	1	7116
14.25	0.25	0	1	7125
14.266	0.25	0	1	7133
14.282	0.25	1	2	7141
14.3	0.25	1	2	7150
14.316	0.25	1	2	7158
14.332	0.25	1	2	7166
14.35	0.25	1	2	7175
14.366	0.25	1	2	7183
14.382	0.25	1	2	7191
14.4	0.25	1	2	7200
14.416	0.25	1	2	7208
14.432	0.25	1	2	7216
14.45	0.25	1	2	7225
14.466	0.25	1	2	7233
14.482	0.25	0	1	7241
14.5	0.25	0	1	7250
14.516	0.25	1	2	7258
14.532	0.25	1	2	7266
14.55	0.25	0	1	7275
14.566	0.25	0	1	7283
14.582	0.25	1	2	7291
14.6	0.25	1	2	7300
14.616	0.25	0	1	7308
14.632	0.25	0	1	7316
14.65	0.25	0	1	7325
14.666	0.25	0	1	7333
14.682	0.25	1	2	7341
14.7	0.25	1	2	7350
14.716	0.25	1	2	7358
14.732	0.25	1	2	7366
14.75	0.25	0	1	7375
14.766	0.25	0	1	7383
14.782	0.25	0	1	7391
16.266	0.25	1	2	8133
16.282	0.25	1	2	8141
16.3	0.25	1	2	8150
16.316	0.25	1	2	8158
16.332	0.25	0	1	8166
16.35	0.25	0	1	8175
16.366	0.25	0	1	8183
16.382	0.25	0	1	8191
16.4	0.25	0	1	8200
16.416	0.25	0	1	8208
16.432	0.25	0	1	8216
16.45	0.25	0	1	8225
16.466	0.25	1	2	8233
16.482	0.25	1	2	8241
16.5	0.25	0	1	8250
16.516	0.25	0	1	8258
16.532	0.25	0	1	8266
16.55	0.25	0	1	8275
16.566	0.25	1	2	8283
16.582	0.25	1	2	8291
16.6	0.25	1	2	8300
16.616	0.25	1	2	8308
16.632	0.25	0	1	8316
16.65	0.25	0	1	8325
16.666	0.25	0	1	8333
16.682	0.25	0	1	8341
16.7	0.25	0	1	8350
16.716	0.25	0	1	8358
16.732	0.25	0	1	8366
16.75	0.25	0	1	8375
16.766	0.25	0	1	8383
16.782	0.25	0	1	8391
16.8	0.25	0	1	8400
16.816	0.25	0	1	8408
16.832	0.25	1	2	8416
16.85	0.25	1	2	8425
16.866	0.25	0	1	8433
16.882	0.25	0	1	8441
16.9	0.25	1	2	8450
16.916	0.25	1	2	8458
16.932	0.25	1	2	8466
16.95	0.25	1	2	8475
16.966	0.25	0	1	8483
16.982	0.25	0	1	8491
17.0	0.25	1	2	8500
17.016	0.25	1	2	8508
17.032	0.25	0	1	8516
17.05	0.25	0	1	8525
17.066	0.25	1	2	8533
17.082	0.25	1	2	8541
17.1	0.25	0	1	8550
17.116	0.25	0	1	8558
17.132	0.25	1	2	8566
17.15	0.25	1	2	8575
17.166	0.25	0	1	8583
17.182	0.25	0	1	8591
17.2	0.25	0	1	8600
17.216	0.25	0	1	8608
17.232	0.25	0	1	8616
17.25	0.25	0	1	8625
17.266	0.25	1	2	8633
17.282	0.25	1	2	8641
17.3	0.25	1	2	8650
17.316	0.25	1	2	8658
17.332	0.25	1	2	8666
17.35	0.25	1	2	8675
17.366	0.25	0	1	8683
17.382	0.25	0	1	8691
17.4	0.25	1	2	8700
17.416	0.25	1	2	8708
17.432	0.25	1	2	8716
17.45	0.25	1	2	8725
17.466	0.25	1	2	8733
17.482	0.25	1	2	8741
17.5	0.25	0	1	8750
17.516	0.25	0	1	8758
17.532	0.25	1	2	8766
17.55	0.25	1	2	8775
17.566	0.25	0	1	8783
17.582	0.25	0	1	8791
17.6	0.25	1	2	8800
17.616	0.25	1	2	8808
17.632	0.25	1	2	8816
17.65	0.25	1	2	8825
17.666	0.25	0	1	8833
17.682	0.25	0	1	8841
17.7	0.25	0	1	8850
17.716	0.25	0	1	8858
17.732	0.25	0	1	8866
17.75	0.25	0	1	8875
17.766	0.25	1	2	8883
17.782	0.25	1	2	8891
17.8	0.25	1	2	8900
17.816	0.25	1	2	8908
17.832	0.25	0	1	8916
17.85	0.25	0	1	8925
17.866	0.25	1	2	8933
17.882	0.25	1	2	8941
17.9	0.25	1	2	8950
17.916	0.25	1	2	8958
17.932	0.25	1	2	8966
17.95	0.25	1	2	8975
17.966	0.25	0	1	8983
17.982	0.25	0	1	8991
18.0	0.25	0	1	9000
18.016	0.25	0	1	9008
18.032	0.25	0	1	9016
18.05	0.25	0	1	9025
18.066	0.25	0	1	9033
18.082	0.25	0	1	9041
18.1	0.25	0	1	9050
18.116	0.25	0	1	9058
18.132	0.25	1	2	9066
18.15	0.25	1	2	9075
18.166	0.25	1	2	9083
18.182	0.25	1	2	9091
18.2	0.25	1	2	9100
22.066	0.25	1	2	11033
22.082	0.25	1	2	11041
22.1	0.25	1	2	11050
22.116	0.25	1	2	11058
22.132	0.25	1	2	11066
22.15	0.25	1	2	11075
22.166	0.25	1	2	11083
22.182	0.25	1	2	11091
22.2	0.25	1	2	11100
22.216	0.25	1	2	11108
22.232	0.25	1	2	11116
22.25	0.25	1	2	11125
22.266	0.25	1	2	11133
22.282	0.25	1	2	11141
22.3	0.25	0	1	11150
22.316	0.25	0	1	11158
22.332	0.25	0	1	11166
22.35	0.25	0	1	11175
22.366	0.25	1	2	11183
22.382	0.25	1	2	11191
22.4	0.25	1	2	11200
22.416	0.25	1	2	11208
22.432	0.25	0	1	11216
22.45	0.25	0	1	11225
22.466	0.25	0	1	11233
22.482	0.25	0	1	11241
22.5	0.25	1	2	11250
22.516	0.25	1	2	11258
22.532	0.25	1	2	11266
22.55	0.25	1	2	11275
22.566	0.25	0	1	11283
22.582	0.25	0	1	11291
22.6	0.25	0	1	11300
22.616	0.25	0	1	11308
22.632	0.25	1	2	11316
22.65	0.25	1	2	11325
22.666	0.25	0	1	11333
22.682	0.25	0	1	11341
22.7	0.25	1	2	11350
22.716	0.25	1	2	11358
22.732	0.25	1	2	11366
22.75	0.25	1	2	11375
22.766	0.25	0	1	11383
22.782	0.25	0	1	11391
22.8	0.25	1	2	11400
22.816	0.25	1	2	11408
22.832	0.25	0	1	11416
22.85	0.25	0	1	11425
22.866	0.25	0	1	11433
22.882	0.25	0	1	11441
22.9	0.25	1	2	11450
22.916	0.25	1	2	11458
22.932	0.25	0	1	11466
22.95	0.25	0	1	11475
22.966	0.25	1	2	11483
22.982	0.25	1	2	11491
23.0	0.25	1	2	11500
23.016	0.25	1	2	11508
23.032	0.25	1	2	11516
23.05	0.25	1	2	11525
23.066	0.25	0	1	11533
23.082	0.25	0	1	11541
23.1	0.25	0	1	11550
23.116	0.25	0	1	11558
23.132	0.25	0	1	11566
23.15	0.25	0	1	11575
23.166	0.25	1	2	11583
23.182	0.25	1	2	11591
23.2	0.25	0	1	11600
23.216	0.25	0	1	11608
23.232	0.25	1	2	11616
23.25	0.25	1	2	11625
23.266	0.25	1	2	11633
23.282	0.25	1	2	11641
23.3	0.25	1	2	11650
23.316	0.25	1	2	11658
23.332	0.25	0	1	11666
23.35	0.25	0	1	11675
23.366	0.25	0	1	11683
23.382	0.25	0	1	11691
23.4	0.25	1	2	11700
23.416	0.25	1	2	11708
23.432	0.25	0	1	11716
23.45	0.25	0	1	11725
23.466	0.25	1	2	11733
23.482	0.25	1	2	11741
23.5	0.25	0	1	11750
23.516	0.25	0	1	11758
23.532	0.25	0	1	11766
23.55	0.25	0	1	11775
23.566	0.25	0	1	11783
23.582	0.25	0	1	11791
23.6	0.25	1	2	11800
23.616	0.25	1	2	11808
23.632	0.25	1	2	11816
23.65	0.25	1	2	11825
23.666	0.25	0	1	11833
23.682	0.25	0	1	11841
23.7	0.25	1	2	11850
23.716	0.25	1	2	11858
23.732	0.25	0	1	11866
23.75	0.25	0	1	11875
23.766	0.25	0	1	11883
23.782	0.25	0	1	11891
23.8	0.25	0	1	11900
23.816	0.25	0	1	11908
23.832	0.25	1	2	11916
23.85	0.25	1	2	11925
23.866	0.25	0	1	11933
23.882	0.25	0	1	11941
23.9	0.25	1	2	11950
23.916	0.25	1	2	11958
23.932	0.25	0	1	11966
23.95	0.25	0	1	11975
23.966	0.25	0	1	11983
23.982	0.25	0	1	11991
24.0	0.25	1	2	12000
25.482	0.25	1	2	12741
25.5	0.25	1	2	12750
25.516	0.25	1	2	12758
25.532	0.25	1	2	12766
25.55	0.25	0	1	12775
25.566	0.25	0	1	12783
25.582	0.25	1	2	12791
25.6	0.25	1	2	12800
25.616	0.25	1	2	12808
25.632	0.25	1	2	12816
25.65	0.25	0	1	12825
25.666	0.25	0	1	12833
25.682	0.25	1	2	12841
25.7	0.25	1	2	12850
25.716	0.25	1	2	12858
25.732	0.25	1	2	12866
25.75	0.25	0	1	12875
25.766	0.25	0	1	12883
25.782	0.25	1	2	12891
25.8	0.25	1	2	12900
25.816	0.25	1	2	12908
25.832	0.25	1	2	12916
25.85	0.25	0	1	12925
25.866	0.25	0	1	12933
25.882	0.25	0	1	12941
25.9	0.25	0	1	12950
25.916	0.25	0	1	12958
25.932	0.25	0	1	12966
25.95	0.25	1	2	12975
25.966	0.25	1	2	12983
25.982	0.25	1	2	12991
26.0	0.25	1	2	13000
26.016	0.25	1	2	13008
26.032	0.25	1	2	13016
26.05	0.25	0	1	13025
26.066	0.25	0	1	13033
26.082	0.25	0	1	13041
26.1	0.25	0	1	13050
26.116	0.25	0	1	13058
26.132	0.25	0	1	13066
26.15	0.25	1	2	13075
26.166	0.25	1	2	13083
26.182	0.25	1	2	13091
26.2	0.25	1	2	13100
26.216	0.25	1	2	13108
26.232	0.25	1	2	13116
26.25	0.25	1	2	13125
26.266	0.25	1	2	13133
26.282	0.25	1	2	13141
26.3	0.25	1	2	13150
26.316	0.25	0	1	13158
26.332	0.25	0	1	13166
26.35	0.25	0	1	13175
26.366	0.25	0	1	13183
26.382	0.25	1	2	13191
26.4	0.25	1	2	13200
26.416	0.25	0	1	13208
26.432	0.25	0	1	13216
26.45	0.25	1	2	13225
26.466	0.25	1	2	13233
26.482	0.25	0	1	13241
26.5	0.25	0	1	13250
26.516	0.25	0	1	13258
26.532	0.25	0	1	13266
26.55	0.25	1	2	13275
26.566	0.25	1	2	13283
26.582	0.25	1	2	13291
26.6	0.25	1	2	13300
26.616	0.25	0	1	13308
26.632	0.25	0	1	13316
26.65	0.25	0	1	13325
26.666	0.25	0	1	13333
26.682	0.25	0	1	13341
26.7	0.25	0	1	13350
26.716	0.25	0	1	13358
26.732	0.25	0	1	13366
26.75	0.25	1	2	13375
26.766	0.25	1	2	13383
26.782	0.25	0	1	13391
26.8	0.25	0	1	13400
26.816	0.25	0	1	13408
26.832	0.25	0	1	13416
26.85	0.25	0	1	13425
26.866	0.25	0	1	13433
26.882	0.25	0	1	13441
26.9	0.25	0	1	13450
26.916	0.25	1	2	13458
26.932	0.25	1	2	13466
26.95	0.25	1	2	13475
26.966	0.25	1	2	13483
26.982	0.25	1	2	13491
27.0	0.25	1	2	13500
27.016	0.25	1	2	13508
27.032	0.25	1	2	13516
27.05	0.25	1	2	13525
27.066	0.25	1	2	13533
27.082	0.25	1	2	13541
27.1	0.25	1	2	13550
27.116	0.25	0	1	13558
27.132	0.25	0	1	13566
27.15	0.25	1	2	13575
27.166	0.25	1	2	13583
27.182	0.25	0	1	13591
27.2	0.25	0	1	13600
27.216	0.25	1	2	13608
27.232	0.25	1	2	13616
27.25	0.25	0	1	13625
27.266	0.25	0	1	13633
27.282	0.25	0	1	13641
27.3	0.25	0	1	13650
27.316	0.25	1	2	13658
27.332	0.25	1	2	13666
27.35	0.25	1	2	13675
27.366	0.25	1	2	13683
27.382	0.25	0	1	13691
27.4	0.25	0	1	13700
27.416	0.25	0	1	13708
28.9	0.25	1	2	14450
28.916	0.25	1	2	14458
28.932	0.25	1	2	14466
28.95	0.25	1	2	14475
28.966	0.25	0	1	14483
28.982	0.25	0	1	14491
29.0	0.25	0	1	14500
29.016	0.25	0	1	14508
29.032	0.25	0	1	14516
29.05	0.25	0	1	14525
29.066	0.25	0	1	14533
29.082	0.25	0	1	14541
29.1	0.25	1	2	14550
29.116	0.25	1	2	14558
29.132	0.25	0	1	14566
29.15	0.25	0	1	14575
29.166	0.25	0	1	14583
29.182	0.25	0	1	14591
29.2	0.25	1	2	14600
29.216	0.25	1	2	14608
29.232	0.25	1	2	14616
29.25	0.25	1	2	14625
29.266	0.25	0	1	14633
29.282	0.25	0	1	14641
29.3	0.25	0	1	14650
29.316	0.25	0	1	14658
29.332	0.25	0	1	14666
29.35	0.25	0	1	14675
29.366	0.25	0	1	14683
29.382	0.25	0	1	14691
29.4	0.25	0	1	14700
29.416	0.25	0	1	14708
29.432	0.25	0	1	14716
29.45	0.25	0	1	14725
29.466	0.25	1	2	14733
29.482	0.25	1	2	14741
29.5	0.25	0	1	14750
29.516	0.25	0	1	14758
29.532	0.25	1	2	14766
29.55	0.25	1	2	14775
29.566	0.25	1	2	14783
29.582	0.25	1	2	14791
29.6	0.25	0	1	14800
29.616	0.25	0	1	14808
29.632	0.25	1	2	14816
29.65	0.25	1	2	14825
29.666	0.25	0	1	14833
29.682	0.25	0	1	14841
29.7	0.25	1	2	14850
29.716	0.25	1	2	14858
29.732	0.25	0	1	14866
29.75	0.25	0	1	14875
29.766	0.25	1	2	14883
29.782	0.25	1	2	14891
29.8	0.25	0	1	14900
29.816	0.25	0	1	14908
29.832	0.25	0	1	14916
29.85	0.25	0	1	14925
29.866	0.25	0	1	14933
29.882	0.25	0	1	14941
29.9	0.25	1	2	14950
29.916	0.25	1	2	14958
29.932	0.25	1	2	14966
29.95	0.25	1	2	14975
29.966	0.25	1	2	14983
29.982	0.25	1	2	14991
30.0	0.25	0	1	15000
30.016	0.25	0	1	15008
30.032	0.25	1	2	15016
30.05	0.25	1	2	15025
30.066	0.25	1	2	15033
30.082	0.25	1	2	15041
30.1	0.25	1	2	15050
30.116	0.25	1	2	15058
30.132	0.25	0	1	15066
30.15	0.25	0	1	15075
30.166	0.25	1	2	15083
30.182	0.25	1	2	15091
30.2	0.25	0	1	15100
30.216	0.25	0	1	15108
30.232	0.25	1	2	15116
30.25	0.25	1	2	15125
30.266	0.25	1	2	15133
30.282	0.25	1	2	15141
30.3	0.25	0	1	15150
30.316	0.25	0	1	15158
30.332	0.25	0	1	15166
30.35	0.25	0	1	15175
30.366	0.25	0	1	15183
30.382	0.25	0	1	15191
30.4	0.25	1	2	15200
30.416	0.25	1	2	15208
30.432	0.25	1	2	15216
30.45	0.25	1	2	15225
30.466	0.25	0	1	15233
30.482	0.25	0	1	15241
30.5	0.25	1	2	15250
30.516	0.25	1	2	15258
30.532	0.25	1	2	15266
30.55	0.25	1	2	15275
30.566	0.25	1	2	15283
30.582	0.25	1	2	15291
30.6	0.25	0	1	15300
30.616	0.25	0	1	15308
30.632	0.25	0	1	15316
30.65	0.25	0	1	15325
30.666	0.25	0	1	15333
30.682	0.25	0	1	15341
30.7	0.25	0	1	15350
30.716	0.25	0	1	15358
30.732	0.25	0	1	15366
30.75	0.25	0	1	15375
30.766	0.25	1	2	15383
30.782	0.25	1	2	15391
30.8	0.25	1	2	15400
30.816	0.25	1	2	15408
30.832	0.25	1	2	15416
32.316	0.25	0	1	16158
32.332	0.25	0	1	16166
32.35	0.25	0	1	16175
32.366	0.25	0	1	16183
32.382	0.25	1	2	16191
32.4	0.25	1	2	16200
32.416	0.25	1	2	16208
32.432	0.25	1	2	16216
32.45	0.25	0	1	16225
32.466	0.25	0	1	16233
32.482	0.25	0	1	16241
32.5	0.25	0	1	16250
32.516	0.25	0	1	16258
32.532	0.25	0	1	16266
32.548	0.25	0	1	16274
32.566	0.25	0	1	16283
32.582	0.25	1	2	16291
32.6	0.25	1	2	16300
32.616	0.25	1	2	16308
32.632	0.25	1	2	16316
32.65	0.25	1	2	16325
32.666	0.25	1	2	16333
32.682	0.25	1	2	16341
32.7	0.25	1	2	16350
32.716	0.25	1	2	16358
32.732	0.25	1	2	16366
32.75	0.25	0	1	16375
32.766	0.25	0	1	16383
32.782	0.25	0	1	16391
32.8	0.25	0	1	16400
32.816	0.25	0	1	16408
32.832	0.25	0	1	16416
32.85	0.25	0	1	16425
32.866	0.25	0	1	16433
32.882	0.25	0	1	16441
32.9	0.25	0	1	16450
32.916	0.25	0	1	16458
32.932	0.25	0	1	16466
32.95	0.25	1	2	16475
32.966	0.25	1	2	16483
32.982	0.25	1	2	16491
33.0	0.25	1	2	16500
33.016	0.25	0	1	16508
33.032	0.25	0	1	16516
33.05	0.25	0	1	16525
33.066	0.25	0	1	16533
33.082	0.25	1	2	16541
33.1	0.25	1	2	16550
33.116	0.25	0	1	16558
33.132	0.25	0	1	16566
33.15	0.25	1	2	16575
33.166	0.25	1	2	16583
33.182	0.25	0	1	16591
33.2	0.25	0	1	16600
33.216	0.25	1	2	16608
33.232	0.25	1	2	16616
33.25	0.25	0	1	16625
33.266	0.25	0	1	16633
33.282	0.25	1	2	16641
33.3	0.25	1	2	16650
33.316	0.25	1	2	16658
33.332	0.25	1	2	16666
33.35	0.25	0	1	16675
33.366	0.25	0	1	16683
33.382	0.25	1	2	16691
33.4	0.25	1	2	16700
33.416	0.25	0	1	16708
33.432	0.25	0	1	16716
33.45	0.25	0	1	16725
33.466	0.25	0	1	16733
33.482	0.25	0	1	16741
33.5	0.25	0	1	16750
33.516	0.25	1	2	16758
33.532	0.25	1	2	16766
33.55	0.25	0	1	16775
33.566	0.25	0	1	16783
33.582	0.25	0	1	16791
33.6	0.25	0	1	16800
33.616	0.25	0	1	16808
33.632	0.25	0	1	16816
33.65	0.25	1	2	16825
33.666	0.25	1	2	16833
33.682	0.25	1	2	16841
33.7	0.25	1	2	16850
33.716	0.25	1	2	16858
33.732	0.25	1	2	16866
33.75	0.25	0	1	16875
33.766	0.25	0	1	16883
33.782	0.25	1	2	16891
33.8	0.25	1	2	16900
33.816	0.25	0	1	16908
33.832	0.25	0	1	16916
33.85	0.25	1	2	16925
33.866	0.25	1	2	16933
33.882	0.25	1	2	16941
33.9	0.25	1	2	16950
33.916	0.25	1	2	16958
33.932	0.25	1	2	16966
33.95	0.25	1	2	16975
33.966	0.25	1	2	16983
33.982	0.25	1	2	16991
34.0	0.25	1	2	17000
34.016	0.25	0	1	17008
34.032	0.25	0	1	17016
34.05	0.25	0	1	17025
34.066	0.25	0	1	17033
34.082	0.25	1	2	17041
34.1	0.25	1	2	17050
34.116	0.25	0	1	17058
34.132	0.25	0	1	17066
34.15	0.25	0	1	17075
34.166	0.25	0	1	17083
34.182	0.25	0	1	17091
34.2	0.25	0	1	17100
34.216	0.25	1	2	17108
34.232	0.25	1	2	17116
34.25	0.25	1	2	17125
37.916	0.25	0	1	18958
37.932	0.25	0	1	18966
37.95	0.25	0	1	18975
37.966	0.25	0	1	18983
37.982	0.25	1	2	18991
38.0	0.25	1	2	19000
38.016	0.25	1	2	19008
38.032	0.25	1	2	19016
38.05	0.25	0	1	19025
38.066	0.25	0	1	19033
38.082	0.25	0	1	19041
38.1	0.25	0	1	19050
38.116	0.25	0	1	19058
38.132	0.25	0	1	19066
38.15	0.25	0	1	19075
38.166	0.25	0	1	19083
38.182	0.25	1	2	19091
38.2	0.25	1	2	19100
38.216	0.25	1	2	19108
38.232	0.25	1	2	19116
38.25	0.25	1	2	19125
38.266	0.25	1	2	19133
38.282	0.25	1	2	19141
38.3	0.25	1	2	19150
38.316	0.25	1	2	19158
38.332	0.25	1	2	19166
38.35	0.25	0	1	19175
38.366	0.25	0	1	19183
38.382	0.25	0	1	19191
38.4	0.25	0	1	19200
38.416	0.25	0	1	19208
38.432	0.25	0	1	19216
38.45	0.25	0	1	19225
38.466	0.25	0	1	19233
38.482	0.25	0	1	19241
38.5	0.25	0	1	19250
38.516	0.25	0	1	19258
38.532	0.25	0	1	19266
38.55	0.25	1	2	19275
38.566	0.25	1	2	19283
38.582	0.25	1	2	19291
38.6	0.25	1	2	19300
38.616	0.25	0	1	19308
38.632	0.25	0	1	19316
38.65	0.25	0	1	19325
38.666	0.25	0	1	19333
38.682	0.25	1	2	19341
38.7	0.25	1	2	19350
38.716	0.25	0	1	19358
38.732	0.25	0	1	19366
38.75	0.25	1	2	19375
38.766	0.25	1	2	19383
38.782	0.25	0	1	19391
38.8	0.25	0	1	19400
38.816	0.25	1	2	19408
38.832	0.25	1	2	19416
38.85	0.25	0	1	19425
38.866	0.25	0	1	19433
38.882	0.25	1	2	19441
38.9	0.25	1	2	19450
38.916	0.25	1	2	19458
38.932	0.25	1	2	19466
38.95	0.25	0	1	19475
38.966	0.25	0	1	19483
38.982	0.25	1	2	19491
39.0	0.25	1	2	19500
39.016	0.25	0	1	19508
39.032	0.25	0	1	19516
39.05	0.25	0	1	19525
39.066	0.25	0	1	19533
39.082	0.25	0	1	19541
39.1	0.25	0	1	19550
39.116	0.25	1	2	19558
39.132	0.25	1	2	19566
39.15	0.25	0	1	19575
39.166	0.25	0	1	19583
39.182	0.25	0	1	19591
39.2	0.25	0	1	19600
39.216	0.25	0	1	19608
39.232	0.25	0	1	19616
39.25	0.25	1	2	19625
39.266	0.25	1	2	19633
39.282	0.25	1	2	19641
39.3	0.25	1	2	19650
39.316	0.25	1	2	19658
39.332	0.25	1	2	19666
39.35	0.25	0	1	19675
39.366	0.25	0	1	19683
39.382	0.25	1	2	19691
39.4	0.25	1	2	19700
39.416	0.25	0	1	19708
39.432	0.25	0	1	19716
39.45	0.25	1	2	19725
39.466	0.25	1	2	19733
39.482	0.25	1	2	19741
39.5	0.25	1	2	19750
39.516	0.25	1	2	19758
39.532	0.25	1	2	19766
39.55	0.25	1	2	19775
39.566	0.25	1	2	19783
39.582	0.25	1	2	19791
39.6	0.25	1	2	19800
39.616	0.25	0	1	19808
39.632	0.25	0	1	19816
39.65	0.25	0	1	19825
39.666	0.25	0	1	19833
39.682	0.25	1	2	19841
39.7	0.25	1	2	19850
39.716	0.25	0	1	19858
39.732	0.25	0	1	19866
39.75	0.25	0	1	19875
39.766	0.25	0	1	19883
39.782	0.25	0	1	19891
39.8	0.25	0	1	19900
39.816	0.25	1	2	19908
39.832	0.25	1	2	19916
39.85	0.25	1	2	19925
41.332	0.25	1	2	20666
41.35	0.25	1	2	20675
41.366	0.25	1	2	20683
41.382	0.25	1	2	20691
41.4	0.25	1	2	20700
41.416	0.25	1	2	20708
41.432	0.25	1	2	20716
41.45	0.25	1	2	20725
41.466	0.25	1	2	20733
41.482	0.25	1	2	20741
41.5	0.25	1	2	20750
41.516	0.25	1	2	20758
41.532	0.25	1	2	20766
41.55	0.25	1	2	20775
41.566	0.25	0	1	20783
41.582	0.25	0	1	20791
41.6	0.25	0	1	20800
41.616	0.25	0	1	20808
41.632	0.25	1	2	20816
41.65	0.25	1	2	20825
41.666	0.25	1	2	20833
41.682	0.25	1	2	20841
41.7	0.25	0	1	20850
41.716	0.25	0	1	20858
41.732	0.25	0	1	20866
41.75	0.25	0	1	20875
41.766	0.25	1	2	20883
41.782	0.25	1	2	20891
41.8	0.25	1	2	20900
41.816	0.25	1	2	20908
41.832	0.25	0	1	20916
41.85	0.25	0	1	20925
41.866	0.25	0	1	20933
41.882	0.25	0	1	20941
41.9	0.25	1	2	20950
41.916	0.25	1	2	20958
41.932	0.25	0	1	20966
41.95	0.25	0	1	20975
41.966	0.25	1	2	20983
41.982	0.25	1	2	20991
42.0	0.25	1	2	21000
42.016	0.25	1	2	21008
42.032	0.25	0	1	21016
42.05	0.25	0	1	21025
42.066	0.25	1	2	21033
42.082	0.25	1	2	21041
42.1	0.25	0	1	21050
42.116	0.25	0	1	21058
42.132	0.25	0	1	21066
42.15	0.25	0	1	21075
42.166	0.25	1	2	21083
42.182	0.25	1	2	21091
42.2	0.25	0	1	21100
42.216	0.25	0	1	21108
42.232	0.25	1	2	21116
42.25	0.25	1	2	21125
42.266	0.25	1	2	21133
42.282	0.25	1	2	21141
42.3	0.25	1	2	21150
42.316	0.25	1	2	21158
42.332	0.25	0	1	21166
42.35	0.25	0	1	21175
42.366	0.25	0	1	21183
42.382	0.25	0	1	21191
42.4	0.25	0	1	21200
42.416	0.25	0	1	21208
42.432	0.25	1	2	21216
42.45	0.25	1	2	21225
42.466	0.25	0	1	21233
42.482	0.25	0	1	21241
42.5	0.25	1	2	21250
42.516	0.25	1	2	21258
42.532	0.25	1	2	21266
42.55	0.25	1	2	21275
42.566	0.25	1	2	21283
42.582	0.25	1	2	21291
42.6	0.25	0	1	21300
42.616	0.25	0	1	21308
42.632	0.25	0	1	21316
42.65	0.25	0	1	21325
42.666	0.25	1	2	21333
42.682	0.25	1	2	21341
42.7	0.25	0	1	21350
42.716	0.25	0	1	21358
42.732	0.25	1	2	21366
42.75	0.25	1	2	21375
42.766	0.25	0	1	21383
42.782	0.25	0	1	21391
42.8	0.25	0	1	21400
42.816	0.25	0	1	21408
42.832	0.25	0	1	21416
42.85	0.25	0	1	21425
42.866	0.25	1	2	21433
42.882	0.25	1	2	21441
42.9	0.25	1	2	21450
42.916	0.25	1	2	21458
42.932	0.25	0	1	21466
42.95	0.25	0	1	21475
42.966	0.25	1	2	21483
42.982	0.25	1	2	21491
43.0	0.25	0	1	21500
43.016	0.25	0	1	21508
43.032	0.25	0	1	21516
43.05	0.25	0	1	21525
43.066	0.25	0	1	21533
43.082	0.25	0	1	21541
43.1	0.25	1	2	21550
43.116	0.25	1	2	21558
43.132	0.25	0	1	21566
43.15	0.25	0	1	21575
43.166	0.25	1	2	21583
43.182	0.25	1	2	21591
43.2	0.25	0	1	21600
43.216	0.25	0	1	21608
43.232	0.25	0	1	21616
43.25	0.25	0	1	21625
43.266	0.25	1	2	21633
44.75	0.25	1	2	22375
44.766	0.25	1	2	22383
44.782	0.25	1	2	22391
44.8	0.25	1	2	22400
44.816	0.25	0	1	22408
44.832	0.25	0	1	22416
44.85	0.25	1	2	22425
44.866	0.25	1	2	22433
44.882	0.25	1	2	22441
44.9	0.25	1	2	22450
44.916	0.25	0	1	22458
44.932	0.25	0	1	22466
44.95	0.25	1	2	22475
44.966	0.25	1	2	22483
44.982	0.25	1	2	22491
45.0	0.25	1	2	22500
45.016	0.25	0	1	22508
45.032	0.25	0	1	22516
45.05	0.25	1	2	22525
45.066	0.25	1	2	22533
45.082	0.25	1	2	22541
45.1	0.25	1	2	22550
45.116	0.25	0	1	22558
45.132	0.25	0	1	22566
45.15	0.25	0	1	22575
45.166	0.25	0	1	22583
45.182	0.25	0	1	22591
45.2	0.25	0	1	22600
45.216	0.25	1	2	22608
45.232	0.25	1	2	22616
45.25	0.25	1	2	22625
45.266	0.25	1	2	22633
45.282	0.25	1	2	22641
45.3	0.25	1	2	22650
45.316	0.25	0	1	22658
45.332	0.25	0	1	22666
45.35	0.25	0	1	22675
45.366	0.25	0	1	22683
45.382	0.25	0	1	22691
45.4	0.25	0	1	22700
45.416	0.25	1	2	22708
45.432	0.25	1	2	22716
45.45	0.25	1	2	22725
45.466	0.25	1	2	22733
45.482	0.25	1	2	22741
45.5	0.25	1	2	22750
45.516	0.25	1	2	22758
45.532	0.25	1	2	22766
45.55	0.25	1	2	22775
45.566	0.25	1	2	22783
45.582	0.25	0	1	22791
45.6	0.25	0	1	22800
45.616	0.25	0	1	22808
45.632	0.25	0	1	22816
45.65	0.25	1	2	22825
45.666	0.25	1	2	22833
45.682	0.25	0	1	22841
45.7	0.25	0	1	22850
45.716	0.25	1	2	22858
45.732	0.25	1	2	22866
45.75	0.25	0	1	22875
45.766	0.25	0	1	22883
45.782	0.25	0	1	22891
45.8	0.25	0	1	22900
45.816	0.25	1	2	22908
45.832	0.25	1	2	22916
45.85	0.25	1	2	22925
45.866	0.25	1	2	22933
45.882	0.25	0	1	22941
45.9	0.25	0	1	22950
45.916	0.25	0	1	22958
45.932	0.25	0	1	22966
45.95	0.25	0	1	22975
45.966	0.25	0	1	22983
45.982	0.25	0	1	22991
46.0	0.25	0	1	23000
46.016	0.25	1	2	23008
46.032	0.25	1	2	23016
46.05	0.25	0	1	23025
46.066	0.25	0	1	23033
46.082	0.25	0	1	23041
46.1	0.25	0	1	23050
46.116	0.25	0	1	23058
46.132	0.25	0	1	23066
46.15	0.25	0	1	23075
46.166	0.25	0	1	23083
46.182	0.25	1	2	23091
46.2	0.25	1	2	23100
46.216	0.25	1	2	23108
46.232	0.25	1	2	23116
46.25	0.25	1	2	23125
46.266	0.25	1	2	23133
46.282	0.25	1	2	23141
46.3	0.25	1	2	23150
46.316	0.25	1	2	23158
46.332	0.25	1	2	23166
46.35	0.25	1	2	23175
46.366	0.25	1	2	23183
46.382	0.25	0	1	23191
46.4	0.25	0	1	23200
46.416	0.25	1	2	23208
46.432	0.25	1	2	23216
46.45	0.25	0	1	23225
46.466	0.25	0	1	23233
46.482	0.25	1	2	23241
46.5	0.25	1	2	23250
46.516	0.25	0	1	23258
46.532	0.25	0	1	23266
46.55	0.25	0	1	23275
46.566	0.25	0	1	23283
46.582	0.25	1	2	23291
46.6	0.25	1	2	23300
46.616	0.25	1	2	23308
46.632	0.25	1	2	23316
46.65	0.25	0	1	23325
46.666	0.25	0	1	23333
46.682	0.25	0	1	23341
48.166	0.25	1	2	24083
48.182	0.25	1	2	24091
48.2	0.25	1	2	24100
48.216	0.25	1	2	24108
48.232	0.25	0	1	24116
48.25	0.25	0	1	24125
48.266	0.25	0	1	24133
48.282	0.25	0	1	24141
48.3	0.25	0	1	24150
48.316	0.25	0	1	24158
48.332	0.25	0	1	24166
48.35	0.25	0	1	24175
48.366	0.25	1	2	24183
48.382	0.25	1	2	24191
48.4	0.25	0	1	24200
48.416	0.25	0	1	24208
48.432	0.25	0	1	24216
48.45	0.25	0	1	24225
48.466	0.25	1	2	24233
48.482	0.25	1	2	24241
48.5	0.25	1	2	24250
48.516	0.25	1	2	24258
48.532	0.25	0	1	24266
48.55	0.25	0	1	24275
48.566	0.25	0	1	24283
48.582	0.25	0	1	24291
48.6	0.25	0	1	24300
48.616	0.25	0	1	24308
48.632	0.25	0	1	24316
48.65	0.25	0	1	24325
48.666	0.25	0	1	24333
48.682	0.25	0	1	24341
48.7	0.25	0	1	24350
48.716	0.25	0	1	24358
48.732	0.25	1	2	24366
48.75	0.25	1	2	24375
48.766	0.25	0	1	24383
48.782	0.25	0	1	24391
48.8	0.25	1	2	24400
48.816	0.25	1	2	24408
48.832	0.25	1	2	24416
48.85	0.25	1	2	24425
48.866	0.25	0	1	24433
48.882	0.25	0	1	24441
48.9	0.25	1	2	24450
48.916	0.25	1	2	24458
48.932	0.25	0	1	24466
48.95	0.25	0	1	24475
48.966	0.25	1	2	24483
48.982	0.25	1	2	24491
49.0	0.25	0	1	24500
49.016	0.25	0	1	24508
49.032	0.25	1	2	24516
49.05	0.25	1	2	24525
49.066	0.25	0	1	24533
49.082	0.25	0	1	24541
49.1	0.25	0	1	24550
49.116	0.25	0	1	24558
49.132	0.25	0	1	24566
49.15	0.25	0	1	24575
49.166	0.25	1	2	24583
49.182	0.25	1	2	24591
49.2	0.25	1	2	24600
49.216	0.25	1	2	24608
49.232	0.25	1	2	24616
49.25	0.25	1	2	24625
49.266	0.25	0	1	24633
49.282	0.25	0	1	24641
49.3	0.25	1	2	24650
49.316	0.25	1	2	24658
49.332	0.25	1	2	24666
49.35	0.25	1	2	24675
49.366	0.25	1	2	24683
49.382	0.25	1	2	24691
49.4	0.25	0	1	24700
49.416	0.25	0	1	24708
49.432	0.25	1	2	24716
49.45	0.25	1	2	24725
49.466	0.25	0	1	24733
49.482	0.25	0	1	24741
49.5	0.25	1	2	24750
49.516	0.25	1	2	24758
49.532	0.25	1	2	24766
49.55	0.25	1	2	24775
49.566	0.25	0	1	24783
49.582	0.25	0	1	24791
49.6	0.25	0	1	24800
49.616	0.25	0	1	24808
49.632	0.25	0	1	24816
49.65	0.25	0	1	24825
49.666	0.25	1	2	24833
49.682	0.25	1	2	24841
49.7	0.25	1	2	24850
49.716	0.25	1	2	24858
49.732	0.25	0	1	24866
49.75	0.25	0	1	24875
49.766	0.25	1	2	24883
49.782	0.25	1	2	24891
49.8	0.25	1	2	24900
49.816	0.25	1	2	24908
49.832	0.25	1	2	24916
49.85	0.25	1	2	24925
49.866	0.25	0	1	24933
49.882	0.25	0	1	24941
49.9	0.25	0	1	24950
49.916	0.25	0	1	24958
49.932	0.25	0	1	24966
49.95	0.25	0	1	24975
49.966	0.25	0	1	24983
49.982	0.25	0	1	24991
50.0	0.25	0	1	25000
50.016	0.25	0	1	25008
50.032	0.25	1	2	25016
50.05	0.25	1	2	25025
50.066	0.25	1	2	25033
50.082	0.25	1	2	25041
50.1	0.25	1	2	25050
53.832	0.25	1	2	26916
53.85	0.25	1	2	26925
53.866	0.25	1	2	26933
53.882	0.25	1	2	26941
53.9	0.25	0	1	26950
53.916	0.25	0	1	26958
53.932	0.25	0	1	26966
53.95	0.25	0	1	26975
53.966	0.25	0	1	26983
53.982	0.25	0	1	26991
54.0	0.25	0	1	27000
54.016	0.25	0	1	27008
54.032	0.25	1	2	27016
54.05	0.25	1	2	27025
54.066	0.25	0	1	27033
54.082	0.25	0	1	27041
54.1	0.25	0	1	27050
54.116	0.25	0	1	27058
54.132	0.25	1	2	27066
54.15	0.25	1	2	27075
54.166	0.25	1	2	27083
54.182	0.25	1	2	27091
54.2	0.25	0	1	27100
54.216	0.25	0	1	27108
54.232	0.25	0	1	27116
54.25	0.25	0	1	27125
54.266	0.25	0	1	27133
54.282	0.25	0	1	27141
54.3	0.25	0	1	27150
54.316	0.25	0	1	27158
54.332	0.25	0	1	27166
54.35	0.25	0	1	27175
54.366	0.25	0	1	27183
54.382	0.25	0	1	27191
54.4	0.25	1	2	27200
54.416	0.25	1	2	27208
54.432	0.25	0	1	27216
54.45	0.25	0	1	27225
54.466	0.25	1	2	27233
54.482	0.25	1	2	27241
54.5	0.25	1	2	27250
54.516	0.25	1	2	27258
54.532	0.25	0	1	27266
54.55	0.25	0	1	27275
54.566	0.25	1	2	27283
54.582	0.25	1	2	27291
54.6	0.25	0	1	27300
54.616	0.25	0	1	27308
54.632	0.25	1	2	27316
54.65	0.25	1	2	27325
54.666	0.25	0	1	27333
54.682	0.25	0	1	27341
54.7	0.25	1	2	27350
54.716	0.25	1	2	27358
54.732	0.25	0	1	27366
54.75	0.25	0	1	27375
54.766	0.25	0	1	27383
54.782	0.25	0	1	27391
54.8	0.25	0	1	27400
54.816	0.25	0	1	27408
54.832	0.25	1	2	27416
54.85	0.25	1	2	27425
54.866	0.25	1	2	27433
54.882	0.25	1	2	27441
54.9	0.25	1	2	27450
54.916	0.25	1	2	27458
54.932	0.25	0	1	27466
54.95	0.25	0	1	27475
54.966	0.25	1	2	27483
54.982	0.25	1	2	27491
55.0	0.25	1	2	27500
55.016	0.25	1	2	27508
55.032	0.25	1	2	27516
55.05	0.25	1	2	27525
55.066	0.25	0	1	27533
55.082	0.25	0	1	27541
55.1	0.25	1	2	27550
55.116	0.25	1	2	27558
55.132	0.25	0	1	27566
55.15	0.25	0	1	27575
55.166	0.25	1	2	27583
55.182	0.25	1	2	27591
55.2	0.25	1	2	27600
55.216	0.25	1	2	27608
55.232	0.25	0	1	27616
55.25	0.25	0	1	27625
55.266	0.25	0	1	27633
55.282	0.25	0	1	27641
55.3	0.25	0	1	27650
55.316	0.25	0	1	27658
55.332	0.25	1	2	27666
55.35	0.25	1	2	27675
55.366	0.25	1	2	27683
55.382	0.25	1	2	27691
55.4	0.25	0	1	27700
55.416	0.25	0	1	27708
55.432	0.25	1	2	27716
55.45	0.25	1	2	27725
55.466	0.25	1	2	27733
55.482	0.25	1	2	27741
55.5	0.25	1	2	27750
55.516	0.25	1	2	27758
55.532	0.25	0	1	27766
55.55	0.25	0	1	27775
55.566	0.25	0	1	27783
55.582	0.25	0	1	27791
55.6	0.25	0	1	27800
55.616	0.25	0	1	27808
55.632	0.25	0	1	27816
55.65	0.25	0	1	27825
55.666	0.25	0	1	27833
55.682	0.25	0	1	27841
55.7	0.25	1	2	27850
55.716	0.25	1	2	27858
55.732	0.25	1	2	27866
55.75	0.25	1	2	27875
55.766	0.25	1	2	27883
57.25	0.25	1	2	28625
57.266	0.25	1	2	28633
57.282	0.25	1	2	28641
57.3	0.25	1	2	28650
57.316	0.25	0	1	28658
57.332	0.25	0	1	28666
57.35	0.25	1	2	28675
57.366	0.25	1	2	28683
57.382	0.25	1	2	28691
57.4	0.25	1	2	28700
57.416	0.25	0	1	28708
57.432	0.25	0	1	28716
57.45	0.25	1	2	28725
57.466	0.25	1	2	28733
57.482	0.25	1	2	28741
57.5	0.25	1	2	28750
57.516	0.25	0	1	28758
57.532	0.25	0	1	28766
57.55	0.25	1	2	28775
57.566	0.25	1	2	28783
57.582	0.25	1	2	28791
57.6	0.25	1	2	28800
57.616	0.25	0	1	28808
57.632	0.25	0	1	28816
57.65	0.25	0	1	28825
57.666	0.25	0	1	28833
57.682	0.25	0	1	28841
57.7	0.25	0	1	28850
57.716	0.25	1	2	28858
57.732	0.25	1	2	28866
57.75	0.25	1	2	28875
57.766	0.25	1	2	28883
57.782	0.25	1	2	28891
57.8	0.25	1	2	28900
57.816	0.25	0	1	28908
57.832	0.25	0	1	28916
57.85	0.25	0	1	28925
57.866	0.25	0	1	28933
57.882	0.25	0	1	28941
57.9	0.25	0	1	28950
57.916	0.25	1	2	28958
57.932	0.25	1	2	28966
57.95	0.25	1	2	28975
57.966	0.25	1	2	28983
57.982	0.25	1	2	28991
58.0	0.25	1	2	29000
58.016	0.25	1	2	29008
58.032	0.25	1	2	29016
58.05	0.25	1	2	29025
58.066	0.25	1	2	29033
58.082	0.25	0	1	29041
58.1	0.25	0	1	29050
58.116	0.25	0	1	29058
58.132	0.25	0	1	29066
58.15	0.25	1	2	29075
58.166	0.25	1	2	29083
58.182	0.25	0	1	29091
58.2	0.25	0	1	29100
58.216	0.25	1	2	29108
58.232	0.25	1	2	29116
58.25	0.25	0	1	29125
58.266	0.25	0	1	29133
58.282	0.25	0	1	29141
58.3	0.25	0	1	29150
58.316	0.25	1	2	29158
58.332	0.25	1	2	29166
58.35	0.25	1	2	29175
58.366	0.25	1	2	29183
58.382	0.25	0	1	29191
58.4	0.25	0	1	29200
58.416	0.25	0	1	29208
58.432	0.25	0	1	29216
58.45	0.25	0	1	29225
58.466	0.25	0	1	29233
58.482	0.25	0	1	29241
58.5	0.25	0	1	29250
58.516	0.25	1	2	29258
58.532	0.25	1	2	29266
58.55	0.25	0	1	29275
58.566	0.25	0	1	29283
58.582	0.25	0	1	29291
58.6	0.25	0	1	29300
58.616	0.25	0	1	29308
58.632	0.25	0	1	29316
58.65	0.25	0	1	29325
58.666	0.25	0	1	29333
58.682	0.25	1	2	29341
58.7	0.25	1	2	29350
58.716	0.25	1	2	29358
58.732	0.25	1	2	29366
58.75	0.25	1	2	29375
58.766	0.25	1	2	29383
58.782	0.25	1	2	29391
58.8	0.25	1	2	29400
58.816	0.25	1	2	29408
58.832	0.25	1	2	29416
58.85	0.25	1	2	29425
58.866	0.25	1	2	29433
58.882	0.25	0	1	29441
58.9	0.25	0	1	29450
58.916	0.25	1	2	29458
58.932	0.25	1	2	29466
58.95	0.25	0	1	29475
58.966	0.25	0	1	29483
58.982	0.25	1	2	29491
59.0	0.25	1	2	29500
59.016	0.25	0	1	29508
59.032	0.25	0	1	29516
59.05	0.25	0	1	29525
59.066	0.25	0	1	29533
59.082	0.25	1	2	29541
59.1	0.25	1	2	29550
59.116	0.25	1	2	29558
59.132	0.25	1	2	29566
59.15	0.25	0	1	29575
59.166	0.25	0	1	29583
59.182	0.25	0	1	29591
60.666	0.25	0	1	30333
60.682	0.25	0	1	30341
60.7	0.25	0	1	30350
60.716	0.25	0	1	30358
60.732	0.25	1	2	30366
60.75	0.25	1	2	30375
60.766	0.25	1	2	30383
60.782	0.25	1	2	30391
60.8	0.25	0	1	30400
60.816	0.25	0	1	30408
60.832	0.25	0	1	30416
60.85	0.25	0	1	30425
60.866	0.25	0	1	30433
60.882	0.25	0	1	30441
60.9	0.25	0	1	30450
60.916	0.25	0	1	30458
60.932	0.25	1	2	30466
60.95	0.25	1	2	30475
60.966	0.25	1	2	30483
60.982	0.25	1	2	30491
61.0	0.25	1	2	30500
61.016	0.25	1	2	30508
61.032	0.25	1	2	30516
61.05	0.25	1	2	30525
61.066	0.25	1	2	30533
61.082	0.25	1	2	30541
61.1	0.25	0	1	30550
61.116	0.25	0	1	30558
61.132	0.25	0	1	30566
61.15	0.25	0	1	30575
61.166	0.25	0	1	30583
61.182	0.25	0	1	30591
61.2	0.25	0	1	30600
61.216	0.25	0	1	30608
61.232	0.25	0	1	30616
61.25	0.25	0	1	30625
61.266	0.25	0	1	30633
61.282	0.25	0	1	30641
61.3	0.25	1	2	30650
61.316	0.25	1	2	30658
61.332	0.25	1	2	30666
61.35	0.25	1	2	30675
61.366	0.25	0	1	30683
61.382	0.25	0	1	30691
61.4	0.25	0	1	30700
61.416	0.25	0	1	30708
61.432	0.25	1	2	30716
61.45	0.25	1	2	30725
61.466	0.25	0	1	30733
61.482	0.25	0	1	30741
61.5	0.25	1	2	30750
61.516	0.25	1	2	30758
61.532	0.25	0	1	30766
61.55	0.25	0	1	30775
61.566	0.25	1	2	30783
61.582	0.25	1	2	30791
61.6	0.25	0	1	30800
61.616	0.25	0	1	30808
61.632	0.25	1	2	30816
61.65	0.25	1	2	30825
61.666	0.25	1	2	30833
61.682	0.25	1	2	30841
61.7	0.25	0	1	30850
61.716	0.25	0	1	30858
61.732	0.25	1	2	30866
61.75	0.25	1	2	30875
61.766	0.25	0	1	30883
61.782	0.25	0	1	30891
61.8	0.25	0	1	30900
61.816	0.25	0	1	30908
61.832	0.25	0	1	30916
61.85	0.25	0	1	30925
61.866	0.25	1	2	30933
61.882	0.25	1	2	30941
61.9	0.25	0	1	30950
61.916	0.25	0	1	30958
61.932	0.25	0	1	30966
61.95	0.25	0	1	30975
61.966	0.25	0	1	30983
61.982	0.25	0	1	30991
62.0	0.25	1	2	31000
62.016	0.25	1	2	31008
62.032	0.25	1	2	31016
62.05	0.25	1	2	31025
62.066	0.25	1	2	31033
62.082	0.25	1	2	31041
62.1	0.25	0	1	31050
62.116	0.25	0	1	31058
62.132	0.25	1	2	31066
62.15	0.25	1	2	31075
62.166	0.25	0	1	31083
62.182	0.25	0	1	31091
62.2	0.25	1	2	31100
62.216	0.25	1	2	31108
62.232	0.25	1	2	31116
62.25	0.25	1	2	31125
62.266	0.25	1	2	31133
62.282	0.25	1	2	31141
62.3	0.25	1	2	31150
62.316	0.25	1	2	31158
62.332	0.25	1	2	31166
62.35	0.25	1	2	31175
62.366	0.25	0	1	31183
62.382	0.25	0	1	31191
62.4	0.25	0	1	31200
62.416	0.25	0	1	31208
62.432	0.25	1	2	31216
62.45	0.25	1	2	31225
62.466	0.25	0	1	31233
62.482	0.25	0	1	31241
62.5	0.25	0	1	31250
62.516	0.25	0	1	31258
62.532	0.25	0	1	31266
62.55	0.25	0	1	31275
62.566	0.25	1	2	31283
62.582	0.25	1	2	31291
62.6	0.25	1	2	31300
64.082	0.25	1	2	32041
64.098	0.25	1	2	32049
64.116	0.25	1	2	32058
64.132	0.25	1	2	32066
64.15	0.25	1	2	32075
64.166	0.25	1	2	32083
64.182	0.25	1	2	32091
64.2	0.25	1	2	32100
64.216	0.25	1	2	32108
64.232	0.25	1	2	32116
64.25	0.25	1	2	32125
64.266	0.25	1	2	32133
64.282	0.25	1	2	32141
64.3	0.25	1	2	32150
64.316	0.25	0	1	32158
64.332	0.25	0	1	32166
64.348	0.25	0	1	32174
64.366	0.25	0	1	32183
64.382	0.25	1	2	32191
64.4	0.25	1	2	32200
64.416	0.25	1	2	32208
64.432	0.25	1	2	32216
64.45	0.25	0	1	32225
64.466	0.25	0	1	32233
64.482	0.25	0	1	32241
64.5	0.25	0	1	32250
64.516	0.25	1	2	32258
64.532	0.25	1	2	32266
64.55	0.25	1	2	32275
64.566	0.25	1	2	32283
64.582	0.25	0	1	32291
64.598	0.25	0	1	32299
64.616	0.25	0	1	32308
64.632	0.25	0	1	32316
64.65	0.25	1	2	32325
64.666	0.25	1	2	32333
64.682	0.25	0	1	32341
64.7	0.25	0	1	32350
64.716	0.25	1	2	32358
64.732	0.25	1	2	32366
64.75	0.25	1	2	32375
64.766	0.25	1	2	32383
64.782	0.25	0	1	32391
64.8	0.25	0	1	32400
64.816	0.25	1	2	32408
64.832	0.25	1	2	32416
64.848	0.25	0	1	32424
64.866	0.25	0	1	32433
64.882	0.25	0	1	32441
64.9	0.25	0	1	32450
64.916	0.25	1	2	32458
64.932	0.25	1	2	32466
64.95	0.25	0	1	32475
64.966	0.25	0	1	32483
64.982	0.25	1	2	32491
65.0	0.25	1	2	32500
65.016	0.25	1	2	32508
65.032	0.25	1	2	32516
65.05	0.25	1	2	32525
65.066	0.25	1	2	32533
65.082	0.25	0	1	32541
65.098	0.25	0	1	32549
65.116	0.25	0	1	32558
65.132	0.25	0	1	32566
65.15	0.25	0	1	32575
65.166	0.25	0	1	32583
65.182	0.25	1	2	32591
65.2	0.25	1	2	32600
65.216	0.25	0	1	32608
65.232	0.25	0	1	32616
65.25	0.25	1	2	32625
65.266	0.25	1	2	32633
65.282	0.25	1	2	32641
65.3	0.25	1	2	32650
65.316	0.25	1	2	32658
65.332	0.25	1	2	32666
65.348	0.25	0	1	32674
65.366	0.25	0	1	32683
65.382	0.25	0	1	32691
65.4	0.25	0	1	32700
65.416	0.25	1	2	32708
65.432	0.25	1	2	32716
65.45	0.25	0	1	32725
65.466	0.25	0	1	32733
65.482	0.25	1	2	32741
65.5	0.25	1	2	32750
65.516	0.25	0	1	32758
65.532	0.25	0	1	32766
65.55	0.25	0	1	32775
65.566	0.25	0	1	32783
65.582	0.25	0	1	32791
65.6	0.25	0	1	32800
65.616	0.25	1	2	32808
65.632	0.25	1	2	32816
65.65	0.25	1	2	32825
65.666	0.25	1	2	32833
65.682	0.25	0	1	32841
65.7	0.25	0	1	32850
65.716	0.25	1	2	32858
65.732	0.25	1	2	32866
65.75	0.25	0	1	32875
65.766	0.25	0	1	32883
65.782	0.25	0	1	32891
65.8	0.25	0	1	32900
65.816	0.25	0	1	32908
65.832	0.25	0	1	32916
65.85	0.25	1	2	32925
65.866	0.25	1	2	32933
65.882	0.25	0	1	32941
65.9	0.25	0	1	32950
65.916	0.25	1	2	32958
65.932	0.25	1	2	32966
65.95	0.25	0	1	32975
65.966	0.25	0	1	32983
65.982	0.25	0	1	32991
66.0	0.25	0	1	33000
66.016	0.25	1	2	33008
69.7	0.25	1	2	34850
69.716	0.25	1	2	34858
69.732	0.25	1	2	34866
69.75	0.25	1	2	34875
69.766	0.25	1	2	34883
69.782	0.25	1	2	34891
69.8	0.25	1	2	34900
69.816	0.25	1	2	34908
69.832	0.25	1	2	34916
69.85	0.25	1	2	34925
69.866	0.25	1	2	34933
69.882	0.25	1	2	34941
69.9	0.25	1	2	34950
69.916	0.25	1	2	34958
69.932	0.25	0	1	34966
69.95	0.25	0	1	34975
69.966	0.25	0	1	34983
69.982	0.25	0	1	34991
70.0	0.25	1	2	35000
70.016	0.25	1	2	35008
70.032	0.25	1	2	35016
70.05	0.25	1	2	35025
70.066	0.25	0	1	35033
70.082	0.25	0	1	35041
70.1	0.25	0	1	35050
70.116	0.25	0	1	35058
70.132	0.25	1	2	35066
70.15	0.25	1	2	35075
70.166	0.25	1	2	35083
70.182	0.25	1	2	35091
70.2	0.25	0	1	35100
70.216	0.25	0	1	35108
70.232	0.25	0	1	35116
70.25	0.25	0	1	35125
70.266	0.25	1	2	35133
70.282	0.25	1	2	35141
70.3	0.25	0	1	35150
70.316	0.25	0	1	35158
70.332	0.25	1	2	35166
70.35	0.25	1	2	35175
70.366	0.25	1	2	35183
70.382	0.25	1	2	35191
70.4	0.25	0	1	35200
70.416	0.25	0	1	35208
70.432	0.25	1	2	35216
70.45	0.25	1	2	35225
70.466	0.25	0	1	35233
70.482	0.25	0	1	35241
70.5	0.25	0	1	35250
70.516	0.25	0	1	35258
70.532	0.25	1	2	35266
70.55	0.25	1	2	35275
70.566	0.25	0	1	35283
70.582	0.25	0	1	35291
70.6	0.25	1	2	35300
70.616	0.25	1	2	35308
70.632	0.25	1	2	35316
70.65	0.25	1	2	35325
70.666	0.25	1	2	35333
70.682	0.25	1	2	35341
70.7	0.25	0	1	35350
70.716	0.25	0	1	35358
70.732	0.25	0	1	35366
70.75	0.25	0	1	35375
70.766	0.25	0	1	35383
70.782	0.25	0	1	35391
70.8	0.25	1	2	35400
70.816	0.25	1	2	35408
70.832	0.25	0	1	35416
70.85	0.25	0	1	35425
70.866	0.25	1	2	35433
70.882	0.25	1	2	35441
70.9	0.25	1	2	35450
70.916	0.25	1	2	35458
70.932	0.25	1	2	35466
70.95	0.25	1	2	35475
70.966	0.25	0	1	35483
70.982	0.25	0	1	35491
71.0	0.25	0	1	35500
71.016	0.25	0	1	35508
71.032	0.25	1	2	35516
71.05	0.25	1	2	35525
71.066	0.25	0	1	35533
71.082	0.25	0	1	35541
71.1	0.25	1	2	35550
71.116	0.25	1	2	35558
71.132	0.25	0	1	35566
71.15	0.25	0	1	35575
71.166	0.25	0	1	35583
71.182	0.25	0	1	35591
71.2	0.25	0	1	35600
71.216	0.25	0	1	35608
71.232	0.25	1	2	35616
71.25	0.25	1	2	35625
71.266	0.25	1	2	35633
71.282	0.25	1	2	35641
71.3	0.25	0	1	35650
71.316	0.25	0	1	35658
71.332	0.25	1	2	35666
71.35	0.25	1	2	35675
71.366	0.25	0	1	35683
71.382	0.25	0	1	35691
71.4	0.25	0	1	35700
71.416	0.25	0	1	35708
71.432	0.25	0	1	35716
71.45	0.25	0	1	35725
71.466	0.25	1	2	35733
71.482	0.25	1	2	35741
71.5	0.25	0	1	35750
71.516	0.25	0	1	35758
71.532	0.25	1	2	35766
71.55	0.25	1	2	35775
71.566	0.25	0	1	35783
71.582	0.25	0	1	35791
71.6	0.25	0	1	35800
71.616	0.25	0	1	35808
71.632	0.25	1	2	35816
73.116	0.25	0	1	36558
73.132	0.25	0	1	36566
73.15	0.25	0	1	36575
73.166	0.25	0	1	36583
73.182	0.25	1	2	36591
73.2	0.25	1	2	36600
73.216	0.25	1	2	36608
73.232	0.25	1	2	36616
73.25	0.25	0	1	36625
73.266	0.25	0	1	36633
73.282	0.25	0	1	36641
73.3	0.25	0	1	36650
73.316	0.25	0	1	36658
73.332	0.25	0	1	36666
73.35	0.25	0	1	36675
73.366	0.25	0	1	36683
73.382	0.25	1	2	36691
73.4	0.25	1	2	36700
73.416	0.25	1	2	36708
73.432	0.25	1	2	36716
73.45	0.25	1	2	36725
73.466	0.25	1	2	36733
73.482	0.25	1	2	36741
73.5	0.25	1	2	36750
73.516	0.25	1	2	36758
73.532	0.25	1	2	36766
73.55	0.25	0	1	36775
73.566	0.25	0	1	36783
73.582	0.25	0	1	36791
73.6	0.25	0	1	36800
73.616	0.25	0	1	36808
73.632	0.25	0	1	36816
73.65	0.25	0	1	36825
73.666	0.25	0	1	36833
73.682	0.25	0	1	36841
73.7	0.25	0	1	36850
73.716	0.25	0	1	36858
73.732	0.25	0	1	36866
73.75	0.25	1	2	36875
73.766	0.25	1	2	36883
73.782	0.25	1	2	36891
73.8	0.25	1	2	36900
73.816	0.25	0	1	36908
73.832	0.25	0	1	36916
73.85	0.25	0	1	36925
73.866	0.25	0	1	36933
73.882	0.25	1	2	36941
73.9	0.25	1	2	36950
73.916	0.25	0	1	36958
73.932	0.25	0	1	36966
73.95	0.25	1	2	36975
73.966	0.25	1	2	36983
73.982	0.25	0	1	36991
74.0	0.25	0	1	37000
74.016	0.25	1	2	37008
74.032	0.25	1	2	37016
74.05	0.25	0	1	37025
74.066	0.25	0	1	37033
74.082	0.25	1	2	37041
74.1	0.25	1	2	37050
74.116	0.25	1	2	37058
74.132	0.25	1	2	37066
74.15	0.25	0	1	37075
74.166	0.25	0	1	37083
74.182	0.25	1	2	37091
74.2	0.25	1	2	37100
74.216	0.25	0	1	37108
74.232	0.25	0	1	37116
74.25	0.25	0	1	37125
74.266	0.25	0	1	37133
74.282	0.25	0	1	37141
74.3	0.25	0	1	37150
74.316	0.25	1	2	37158
74.332	0.25	1	2	37166
74.35	0.25	0	1	37175
74.366	0.25	0	1	37183
74.382	0.25	0	1	37191
74.4	0.25	0	1	37200
74.416	0.25	0	1	37208
74.432	0.25	0	1	37216
74.45	0.25	1	2	37225
74.466	0.25	1	2	37233
74.482	0.25	1	2	37241
74.5	0.25	1	2	37250
74.516	0.25	1	2	37258
74.532	0.25	1	2	37266
74.55	0.25	0	1	37275
74.566	0.25	0	1	37283
74.582	0.25	1	2	37291
74.6	0.25	1	2	37300
74.616	0.25	0	1	37308
74.632	0.25	0	1	37316
74.65	0.25	1	2	37325
74.666	0.25	1	2	37333
74.682	0.25	1	2	37341
74.7	0.25	1	2	37350
74.716	0.25	1	2	37358
74.732	0.25	1	2	37366
74.75	0.25	1	2	37375
74.766	0.25	1	2	37383
74.782	0.25	1	2	37391
74.8	0.25	1	2	37400
74.816	0.25	0	1	37408
74.832	0.25	0	1	37416
74.85	0.25	0	1	37425
74.866	0.25	0	1	37433
74.882	0.25	1	2	37441
74.9	0.25	1	2	37450
74.916	0.25	0	1	37458
74.932	0.25	0	1	37466
74.95	0.25	0	1	37475
74.966	0.25	0	1	37483
74.982	0.25	0	1	37491
75.0	0.25	0	1	37500
75.016	0.25	1	2	37508
75.032	0.25	1	2	37516
75.05	0.25	1	2	37525
76.532	0.25	1	2	38266
76.55	0.25	1	2	38275
76.566	0.25	1	2	38283
76.582	0.25	1	2	38291
76.6	0.25	0	1	38300
76.616	0.25	0	1	38308
76.632	0.25	1	2	38316
76.65	0.25	1	2	38325
76.666	0.25	1	2	38333
76.682	0.25	1	2	38341
76.7	0.25	0	1	38350
76.716	0.25	0	1	38358
76.732	0.25	1	2	38366
76.75	0.25	1	2	38375
76.766	0.25	1	2	38383
76.782	0.25	1	2	38391
76.8	0.25	0	1	38400
76.816	0.25	0	1	38408
76.832	0.25	1	2	38416
76.85	0.25	1	2	38425
76.866	0.25	1	2	38433
76.882	0.25	1	2	38441
76.9	0.25	0	1	38450
76.916	0.25	0	1	38458
76.932	0.25	0	1	38466
76.95	0.25	0	1	38475
76.966	0.25	0	1	38483
76.982	0.25	0	1	38491
77.0	0.25	1	2	38500
77.016	0.25	1	2	38508
77.032	0.25	1	2	38516
77.05	0.25	1	2	38525
77.066	0.25	1	2	38533
77.082	0.25	1	2	38541
77.1	0.25	0	1	38550
77.116	0.25	0	1	38558
77.132	0.25	0	1	38566
77.15	0.25	0	1	38575
77.166	0.25	0	1	38583
77.182	0.25	0	1	38591
77.2	0.25	1	2	38600
77.216	0.25	1	2	38608
77.232	0.25	1	2	38616
77.25	0.25	1	2	38625
77.266	0.25	1	2	38633
77.282	0.25	1	2	38641
77.3	0.25	1	2	38650
77.316	0.25	1	2	38658
77.332	0.25	1	2	38666
77.35	0.25	1	2	38675
77.366	0.25	0	1	38683
77.382	0.25	0	1	38691
77.4	0.25	0	1	38700
77.416	0.25	0	1	38708
77.432	0.25	1	2	38716
77.45	0.25	1	2	38725
77.466	0.25	0	1	38733
77.482	0.25	0	1	38741
77.5	0.25	1	2	38750
77.516	0.25	1	2	38758
77.532	0.25	0	1	38766
77.55	0.25	0	1	38775
77.566	0.25	0	1	38783
77.582	0.25	0	1	38791
77.6	0.25	1	2	38800
77.616	0.25	1	2	38808
77.632	0.25	1	2	38816
77.65	0.25	1	2	38825
77.666	0.25	0	1	38833
77.682	0.25	0	1	38841
77.7	0.25	0	1	38850
77.716	0.25	0	1	38858
77.732	0.25	0	1	38866
77.75	0.25	0	1	38875
77.766	0.25	0	1	38883
77.782	0.25	0	1	38891
77.8	0.25	1	2	38900
77.816	0.25	1	2	38908
77.832	0.25	0	1	38916
77.85	0.25	0	1	38925
77.866	0.25	0	1	38933
77.882	0.25	0	1	38941
77.9	0.25	0	1	38950
77.916	0.25	0	1	38958
77.932	0.25	0	1	38966
77.95	0.25	0	1	38975
77.966	0.25	1	2	38983
77.982	0.25	1	2	38991
78.0	0.25	1	2	39000
78.016	0.25	1	2	39008
78.032	0.25	1	2	39016
78.05	0.25	1	2	39025
78.066	0.25	1	2	39033
78.082	0.25	1	2	39041
78.1	0.25	1	2	39050
78.116	0.25	1	2	39058
78.132	0.25	1	2	39066
78.15	0.25	1	2	39075
78.166	0.25	0	1	39083
78.182	0.25	0	1	39091
78.2	0.25	1	2	39100
78.216	0.25	1	2	39108
78.232	0.25	0	1	39116
78.25	0.25	0	1	39125
78.266	0.25	1	2	39133
78.282	0.25	1	2	39141
78.3	0.25	0	1	39150
78.316	0.25	0	1	39158
78.332	0.25	0	1	39166
78.35	0.25	0	1	39175
78.366	0.25	1	2	39183
78.382	0.25	1	2	39191
78.4	0.25	1	2	39200
78.416	0.25	1	2	39208
78.432	0.25	0	1	39216
78.45	0.25	0	1	39225
78.466	0.25	0	1	39233
79.95	0.25	1	2	39975
79.966	0.25	1	2	39983
79.982	0.25	1	2	39991
80.0	0.25	1	2	40000
80.016	0.25	0	1	40008
80.032	0.25	0	1	40016
80.05	0.25	0	1	40025
80.066	0.25	0	1	40033
80.082	0.25	0	1	40041
80.1	0.25	0	1	40050
80.116	0.25	0	1	40058
80.132	0.25	0	1	40066
80.15	0.25	1	2	40075
80.166	0.25	1	2	40083
80.182	0.25	0	1	40091
80.2	0.25	0	1	40100
80.216	0.25	0	1	40108
80.232	0.25	0	1	40116
80.25	0.25	1	2	40125
80.266	0.25	1	2	40133
80.282	0.25	1	2	40141
80.3	0.25	1	2	40150
80.316	0.25	0	1	40158
80.332	0.25	0	1	40166
80.35	0.25	0	1	40175
80.366	0.25	0	1	40183
80.382	0.25	0	1	40191
80.4	0.25	0	1	40200
80.416	0.25	0	1	40208
80.432	0.25	0	1	40216
80.45	0.25	0	1	40225
80.466	0.25	0	1	40233
80.482	0.25	0	1	40241
80.5	0.25	0	1	40250
80.516	0.25	1	2	40258
80.532	0.25	1	2	40266
80.55	0.25	0	1	40275
80.566	0.25	0	1	40283
80.582	0.25	1	2	40291
80.6	0.25	1	2	40300
80.616	0.25	1	2	40308
80.632	0.25	1	2	40316
80.65	0.25	0	1	40325
80.666	0.25	0	1	40333
80.682	0.25	1	2	40341
80.7	0.25	1	2	40350
80.716	0.25	0	1	40358
80.732	0.25	0	1	40366
80.75	0.25	1	2	40375
80.766	0.25	1	2	40383
80.782	0.25	0	1	40391
80.8	0.25	0	1	40400
80.816	0.25	1	2	40408
80.832	0.25	1	2	40416
80.85	0.25	0	1	40425
80.866	0.25	0	1	40433
80.882	0.25	0	1	40441
80.9	0.25	0	1	40450
80.916	0.25	0	1	40458
80.932	0.25	0	1	40466
80.95	0.25	1	2	40475
80.966	0.25	1	2	40483
80.982	0.25	1	2	40491
81.0	0.25	1	2	40500
81.016	0.25	1	2	40508
81.032	0.25	1	2	40516
81.05	0.25	0	1	40525
81.066	0.25	0	1	40533
81.082	0.25	1	2	40541
81.1	0.25	1	2	40550
81.116	0.25	1	2	40558
81.132	0.25	1	2	40566
81.15	0.25	1	2	40575
81.166	0.25	1	2	40583
81.182	0.25	0	1	40591
81.2	0.25	0	1	40600
81.216	0.25	1	2	40608
81.232	0.25	1	2	40616
81.25	0.25	0	1	40625
81.266	0.25	0	1	40633
81.282	0.25	1	2	40641
81.3	0.25	1	2	40650
81.316	0.25	1	2	40658
81.332	0.25	1	2	40666
81.35	0.25	0	1	40675
81.366	0.25	0	1	40683
81.382	0.25	0	1	40691
81.4	0.25	0	1	40700
81.416	0.25	0	1	40708
81.432	0.25	0	1	40716
81.45	0.25	1	2	40725
81.466	0.25	1	2	40733
81.482	0.25	1	2	40741
81.5	0.25	1	2	40750
81.516	0.25	0	1	40758
81.532	0.25	0	1	40766
81.55	0.25	1	2	40775
81.566	0.25	1	2	40783
81.582	0.25	1	2	40791
81.6	0.25	1	2	40800
81.616	0.25	1	2	40808
81.632	0.25	1	2	40816
81.65	0.25	0	1	40825
81.666	0.25	0	1	40833
81.682	0.25	0	1	40841
81.7	0.25	0	1	40850
81.716	0.25	0	1	40858
81.732	0.25	0	1	40866
81.75	0.25	0	1	40875
81.766	0.25	0	1	40883
81.782	0.25	0	1	40891
81.8	0.25	0	1	40900
81.816	0.25	1	2	40908
81.832	0.25	1	2	40916
81.85	0.25	1	2	40925
81.866	0.25	1	2	40933
81.882	0.25	1	2	40941
85.35	0.25	0	1	42675
85.366	0.25	0	1	42683
85.382	0.25	0	1	42691
85.4	0.25	0	1	42700
85.416	0.25	1	2	42708
85.432	0.25	1	2	42716
85.45	0.25	1	2	42725
85.466	0.25	1	2	42733
85.482	0.25	0	1	42741
85.5	0.25	0	1	42750
85.516	0.25	0	1	42758
85.532	0.25	0	1	42766
85.55	0.25	0	1	42775
85.566	0.25	0	1	42783
85.582	0.25	0	1	42791
85.6	0.25	0	1	42800
85.616	0.25	1	2	42808
85.632	0.25	1	2	42816
85.65	0.25	1	2	42825
85.666	0.25	1	2	42833
85.682	0.25	1	2	42841
85.7	0.25	1	2	42850
85.716	0.25	1	2	42858
85.732	0.25	1	2	42866
85.75	0.25	1	2	42875
85.766	0.25	1	2	42883
85.782	0.25	0	1	42891
85.8	0.25	0	1	42900
85.816	0.25	0	1	42908
85.832	0.25	0	1	42916
85.85	0.25	0	1	42925
85.866	0.25	0	1	42933
85.882	0.25	0	1	42941
85.9	0.25	0	1	42950
85.916	0.25	0	1	42958
85.932	0.25	0	1	42966
85.95	0.25	0	1	42975
85.966	0.25	0	1	42983
85.982	0.25	1	2	42991
86.0	0.25	1	2	43000
86.016	0.25	1	2	43008
86.032	0.25	1	2	43016
86.05	0.25	0	1	43025
86.066	0.25	0	1	43033
86.082	0.25	0	1	43041
86.1	0.25	0	1	43050
86.116	0.25	1	2	43058
86.132	0.25	1	2	43066
86.15	0.25	0	1	43075
86.166	0.25	0	1	43083
86.182	0.25	1	2	43091
86.2	0.25	1	2	43100
86.216	0.25	0	1	43108
86.232	0.25	0	1	43116
86.25	0.25	1	2	43125
86.266	0.25	1	2	43133
86.282	0.25	0	1	43141
86.3	0.25	0	1	43150
86.316	0.25	1	2	43158
86.332	0.25	1	2	43166
86.35	0.25	1	2	43175
86.366	0.25	1	2	43183
86.382	0.25	0	1	43191
86.4	0.25	0	1	43200
86.416	0.25	1	2	43208
86.432	0.25	1	2	43216
86.45	0.25	0	1	43225
86.466	0.25	0	1	43233
86.482	0.25	0	1	43241
86.5	0.25	0	1	43250
86.516	0.25	0	1	43258
86.532	0.25	0	1	43266
86.55	0.25	1	2	43275
86.566	0.25	1	2	43283
86.582	0.25	0	1	43291
86.6	0.25	0	1	43300
86.616	0.25	0	1	43308
86.632	0.25	0	1	43316
86.65	0.25	0	1	43325
86.666	0.25	0	1	43333
86.682	0.25	1	2	43341
86.7	0.25	1	2	43350
86.716	0.25	1	2	43358
86.732	0.25	1	2	43366
86.75	0.25	1	2	43375
86.766	0.25	1	2	43383
86.782	0.25	0	1	43391
86.8	0.25	0	1	43400
86.816	0.25	1	2	43408
86.832	0.25	1	2	43416
86.85	0.25	0	1	43425
86.866	0.25	0	1	43433
86.882	0.25	1	2	43441
86.9	0.25	1	2	43450
86.916	0.25	1	2	43458
86.932	0.25	1	2	43466
86.95	0.25	1	2	43475
86.966	0.25	1	2	43483
86.982	0.25	1	2	43491
87.0	0.25	1	2	43500
87.016	0.25	1	2	43508
87.032	0.25	1	2	43516
87.05	0.25	0	1	43525
87.066	0.25	0	1	43533
87.082	0.25	0	1	43541
87.1	0.25	0	1	43550
87.116	0.25	1	2	43558
87.132	0.25	1	2	43566
87.15	0.25	0	1	43575
87.166	0.25	0	1	43583
87.182	0.25	0	1	43591
87.2	0.25	0	1	43600
87.216	0.25	0	1	43608
87.232	0.25	0	1	43616
87.25	0.25	1	2	43625
87.266	0.25	1	2	43633
87.282	0.25	1	2	43641
88.766	0.25	1	2	44383
88.782	0.25	1	2	44391
88.8	0.25	1	2	44400
88.816	0.25	1	2	44408
88.832	0.25	0	1	44416
88.85	0.25	0	1	44425
88.866	0.25	0	1	44433
88.882	0.25	0	1	44441
88.9	0.25	0	1	44450
88.916	0.25	0	1	44458
88.932	0.25	0	1	44466
88.95	0.25	0	1	44475
88.966	0.25	1	2	44483
88.982	0.25	1	2	44491
89.0	0.25	0	1	44500
89.016	0.25	0	1	44508
89.032	0.25	0	1	44516
89.05	0.25	0	1	44525
89.066	0.25	1	2	44533
89.082	0.25	1	2	44541
89.1	0.25	1	2	44550
89.116	0.25	1	2	44558
89.132	0.25	0	1	44566
89.15	0.25	0	1	44575
89.166	0.25	0	1	44583
89.182	0.25	0	1	44591
89.2	0.25	0	1	44600
89.216	0.25	0	1	44608
89.232	0.25	0	1	44616
89.25	0.25	0	1	44625
89.266	0.25	0	1	44633
89.282	0.25	0	1	44641
89.3	0.25	0	1	44650
89.316	0.25	0	1	44658
89.332	0.25	1	2	44666
89.35	0.25	1	2	44675
89.366	0.25	0	1	44683
89.382	0.25	0	1	44691
89.4	0.25	1	2	44700
89.416	0.25	1	2	44708
89.432	0.25	1	2	44716
89.45	0.25	1	2	44725
89.466	0.25	0	1	44733
89.482	0.25	0	1	44741
89.5	0.25	1	2	44750
89.516	0.25	1	2	44758
89.532	0.25	0	1	44766
89.55	0.25	0	1	44775
89.566	0.25	1	2	44783
89.582	0.25	1	2	44791
89.6	0.25	0	1	44800
89.616	0.25	0	1	44808
89.632	0.25	1	2	44816
89.65	0.25	1	2	44825
89.666	0.25	0	1	44833
89.682	0.25	0	1	44841
89.7	0.25	0	1	44850
89.716	0.25	0	1	44858
89.732	0.25	0	1	44866
89.75	0.25	0	1	44875
89.766	0.25	1	2	44883
89.782	0.25	1	2	44891
89.8	0.25	1	2	44900
89.816	0.25	1	2	44908
89.832	0.25	1	2	44916
89.85	0.25	1	2	44925
89.866	0.25	0	1	44933
89.882	0.25	0	1	44941
89.9	0.25	1	2	44950
89.916	0.25	1	2	44958
89.932	0.25	1	2	44966
89.95	0.25	1	2	44975
89.966	0.25	1	2	44983
89.982	0.25	1	2	44991
90.0	0.25	0	1	45000
90.016	0.25	0	1	45008
90.032	0.25	1	2	45016
90.05	0.25	1	2	45025
90.066	0.25	0	1	45033
90.082	0.25	0	1	45041
90.1	0.25	1	2	45050
90.116	0.25	1	2	45058
90.132	0.25	1	2	45066
90.15	0.25	1	2	45075
90.166	0.25	0	1	45083
90.182	0.25	0	1	45091
90.2	0.25	0	1	45100
90.216	0.25	0	1	45108
90.232	0.25	0	1	45116
90.25	0.25	0	1	45125
90.266	0.25	1	2	45133
90.282	0.25	1	2	45141
90.3	0.25	1	2	45150
90.316	0.25	1	2	45158
90.332	0.25	0	1	45166
90.35	0.25	0	1	45175
90.366	0.25	1	2	45183
90.382	0.25	1	2	45191
90.4	0.25	1	2	45200
90.416	0.25	1	2	45208
90.432	0.25	1	2	45216
90.45	0.25	1	2	45225
90.466	0.25	0	1	45233
90.482	0.25	0	1	45241
90.5	0.25	0	1	45250
90.516	0.25	0	1	45258
90.532	0.25	0	1	45266
90.55	0.25	0	1	45275
90.566	0.25	0	1	45283
90.582	0.25	0	1	45291
90.6	0.25	0	1	45300
90.616	0.25	0	1	45308
90.632	0.25	1	2	45316
90.65	0.25	1	2	45325
90.666	0.25	1	2	45333
90.682	0.25	1	2	45341
90.7	0.25	1	2	45350
92.182	0.25	1	2	46091
92.2	0.25	1	2	46100
92.216	0.25	1	2	46108
92.232	0.25	1	2	46116
92.25	0.25	0	1	46125
92.266	0.25	0	1	46133
92.282	0.25	1	2	46141
92.3	0.25	1	2	46150
92.316	0.25	1	2	46158
92.332	0.25	1	2	46166
92.35	0.25	0	1	46175
92.366	0.25	0	1	46183
92.382	0.25	1	2	46191
92.4	0.25	1	2	46200
92.416	0.25	1	2	46208
92.432	0.25	1	2	46216
92.45	0.25	0	1	46225
92.466	0.25	0	1	46233
92.482	0.25	1	2	46241
92.5	0.25	1	2	46250
92.516	0.25	1	2	46258
92.532	0.25	1	2	46266
92.55	0.25	0	1	46275
92.566	0.25	0	1	46283
92.582	0.25	0	1	46291
92.6	0.25	0	1	46300
92.616	0.25	0	1	46308
92.632	0.25	0	1	46316
92.65	0.25	1	2	46325
92.666	0.25	1	2	46333
92.682	0.25	1	2	46341
92.7	0.25	1	2	46350
92.716	0.25	1	2	46358
92.732	0.25	1	2	46366
92.75	0.25	0	1	46375
92.766	0.25	0	1	46383
92.782	0.25	0	1	46391
92.8	0.25	0	1	46400
92.816	0.25	0	1	46408
92.832	0.25	0	1	46416
92.85	0.25	1	2	46425
92.866	0.25	1	2	46433
92.882	0.25	1	2	46441
92.9	0.25	1	2	46450
92.916	0.25	1	2	46458
92.932	0.25	1	2	46466
92.95	0.25	1	2	46475
92.966	0.25	1	2	46483
92.982	0.25	1	2	46491
93.0	0.25	1	2	46500
93.016	0.25	0	1	46508
93.032	0.25	0	1	46516
93.05	0.25	0	1	46525
93.066	0.25	0	1	46533
93.082	0.25	1	2	46541
93.1	0.25	1	2	46550
93.116	0.25	0	1	46558
93.132	0.25	0	1	46566
93.15	0.25	1	2	46575
93.166	0.25	1	2	46583
93.182	0.25	0	1	46591
93.2	0.25	0	1	46600
93.216	0.25	0	1	46608
93.232	0.25	0	1	46616
93.25	0.25	1	2	46625
93.266	0.25	1	2	46633
93.282	0.25	1	2	46641
93.3	0.25	1	2	46650
93.316	0.25	0	1	46658
93.332	0.25	0	1	46666
93.35	0.25	0	1	46675
93.366	0.25	0	1	46683
93.382	0.25	0	1	46691
93.4	0.25	0	1	46700
93.416	0.25	0	1	46708
93.432	0.25	0	1	46716
93.45	0.25	1	2	46725
93.466	0.25	1	2	46733
93.482	0.25	0	1	46741
93.5	0.25	0	1	46750
93.516	0.25	0	1	46758
93.532	0.25	0	1	46766
93.55	0.25	0	1	46775
93.566	0.25	0	1	46783
93.582	0.25	0	1	46791
93.6	0.25	0	1	46800
93.616	0.25	1	2	46808
93.632	0.25	1	2	46816
93.65	0.25	1	2	46825
93.666	0.25	1	2	46833
93.682	0.25	1	2	46841
93.7	0.25	1	2	46850
93.716	0.25	1	2	46858
93.732	0.25	1	2	46866
93.75	0.25	1	2	46875
93.766	0.25	1	2	46883
93.782	0.25	1	2	46891
93.8	0.25	1	2	46900
93.816	0.25	0	1	46908
93.832	0.25	0	1	46916
93.85	0.25	1	2	46925
93.866	0.25	1	2	46933
93.882	0.25	0	1	46941
93.9	0.25	0	1	46950
93.916	0.25	1	2	46958
93.932	0.25	1	2	46966
93.95	0.25	0	1	46975
93.966	0.25	0	1	46983
93.982	0.25	0	1	46991
94.0	0.25	0	1	47000
94.016	0.25	1	2	47008
94.032	0.25	1	2	47016
94.05	0.25	1	2	47025
94.066	0.25	1	2	47033
94.082	0.25	0	1	47041
94.1	0.25	0	1	47050
94.116	0.25	0	1	47058
95.6	0.25	1	2	47800
95.616	0.25	1	2	47808
95.632	0.25	1	2	47816
95.65	0.25	1	2	47825
95.666	0.25	1	2	47833
95.682	0.25	1	2	47841
95.7	0.25	1	2	47850
95.716	0.25	1	2	47858
95.732	0.25	1	2	47866
95.75	0.25	1	2	47875
95.766	0.25	1	2	47883
95.782	0.25	1	2	47891
95.8	0.25	1	2	47900
95.816	0.25	1	2	47908
95.832	0.25	0	1	47916
95.85	0.25	0	1	47925
95.866	0.25	0	1	47933
95.882	0.25	0	1	47941
95.9	0.25	1	2	47950
95.916	0.25	1	2	47958
95.932	0.25	1	2	47966
95.95	0.25	1	2	47975
95.966	0.25	0	1	47983
95.982	0.25	0	1	47991
96.0	0.25	0	1	48000
96.016	0.25	0	1	48008
96.032	0.25	1	2	48016
96.05	0.25	1	2	48025
96.066	0.25	1	2	48033
96.082	0.25	1	2	48041
96.1	0.25	0	1	48050
96.116	0.25	0	1	48058
96.132	0.25	0	1	48066
96.15	0.25	0	1	48075
96.166	0.25	1	2	48083
96.182	0.25	1	2	48091
96.2	0.25	0	1	48100
96.216	0.25	0	1	48108
96.232	0.25	1	2	48116
96.25	0.25	1	2	48125
96.266	0.25	1	2	48133
96.282	0.25	1	2	48141
96.3	0.25	0	1	48150
96.316	0.25	0	1	48158
96.332	0.25	1	2	48166
96.35	0.25	1	2	48175
96.366	0.25	0	1	48183
96.382	0.25	0	1	48191
96.4	0.25	0	1	48200
96.416	0.25	0	1	48208
96.432	0.25	1	2	48216
96.45	0.25	1	2	48225
96.466	0.25	0	1	48233
96.482	0.25	0	1	48241
96.5	0.25	1	2	48250
96.516	0.25	1	2	48258
96.532	0.25	1	2	48266
96.55	0.25	1	2	48275
96.566	0.25	1	2	48283
96.582	0.25	1	2	48291
96.6	0.25	0	1	48300
96.616	0.25	0	1	48308
96.632	0.25	0	1	48316
96.65	0.25	0	1	48325
96.666	0.25	0	1	48333
96.682	0.25	0	1	48341
96.7	0.25	1	2	48350
96.716	0.25	1	2	48358
96.732	0.25	0	1	48366
96.75	0.25	0	1	48375
96.766	0.25	1	2	48383
96.782	0.25	1	2	48391
96.8	0.25	1	2	48400
96.816	0.25	1	2	48408
96.832	0.25	1	2	48416
96.85	0.25	1	2	48425
96.866	0.25	0	1	48433
96.882	0.25	0	1	48441
96.9	0.25	0	1	48450
96.916	0.25	0	1	48458
96.932	0.25	1	2	48466
96.95	0.25	1	2	48475
96.966	0.25	0	1	48483
96.982	0.25	0	1	48491
97.0	0.25	1	2	48500
97.016	0.25	1	2	48508
97.032	0.25	0	1	48516
97.05	0.25	0	1	48525
97.066	0.25	0	1	48533
97.082	0.25	0	1	48541
97.1	0.25	0	1	48550
97.116	0.25	0	1	48558
97.132	0.25	1	2	48566
97.15	0.25	1	2	48575
97.166	0.25	1	2	48583
97.182	0.25	1	2	48591
97.2	0.25	0	1	48600
97.216	0.25	0	1	48608
97.232	0.25	1	2	48616
97.25	0.25	1	2	48625
97.266	0.25	0	1	48633
97.282	0.25	0	1	48641
97.3	0.25	0	1	48650
97.316	0.25	0	1	48658
97.332	0.25	0	1	48666
97.35	0.25	0	1	48675
97.366	0.25	1	2	48683
97.382	0.25	1	2	48691
97.4	0.25	0	1	48700
97.416	0.25	0	1	48708
97.432	0.25	1	2	48716
97.45	0.25	1	2	48725
97.466	0.25	0	1	48733
97.482	0.25	0	1	48741
97.5	0.25	0	1	48750
97.516	0.25	0	1	48758
97.532	0.25	1	2	48766
101.416	0.25	1	2	50708
101.432	0.25	1	2	50716
101.45	0.25	1	2	50725
101.466	0.25	1	2	50733
101.482	0.25	0	1	50741
101.5	0.25	0	1	50750
101.516	0.25	0	1	50758
101.532	0.25	0	1	50766
101.55	0.25	0	1	50775
101.566	0.25	0	1	50783
101.582	0.25	0	1	50791
101.6	0.25	0	1	50800
101.616	0.25	1	2	50808
101.632	0.25	1	2	50816
101.65	0.25	0	1	50825
101.666	0.25	0	1	50833
101.682	0.25	0	1	50841
101.7	0.25	0	1	50850
101.716	0.25	1	2	50858
101.732	0.25	1	2	50866
101.75	0.25	1	2	50875
101.766	0.25	1	2	50883
101.782	0.25	0	1	50891
101.8	0.25	0	1	50900
101.816	0.25	0	1	50908
101.832	0.25	0	1	50916
101.85	0.25	0	1	50925
101.866	0.25	0	1	50933
101.882	0.25	0	1	50941
101.9	0.25	0	1	50950
101.916	0.25	0	1	50958
101.932	0.25	0	1	50966
101.95	0.25	0	1	50975
101.966	0.25	0	1	50983
101.982	0.25	1	2	50991
102.0	0.25	1	2	51000
102.016	0.25	0	1	51008
102.032	0.25	0	1	51016
102.05	0.25	1	2	51025
102.066	0.25	1	2	51033
102.082	0.25	1	2	51041
102.1	0.25	1	2	51050
102.116	0.25	0	1	51058
102.132	0.25	0	1	51066
102.15	0.25	1	2	51075
102.166	0.25	1	2	51083
102.182	0.25	0	1	51091
102.2	0.25	0	1	51100
102.216	0.25	1	2	51108
102.232	0.25	1	2	51116
102.25	0.25	0	1	51125
102.266	0.25	0	1	51133
102.282	0.25	1	2	51141
102.3	0.25	1	2	51150
102.316	0.25	0	1	51158
102.332	0.25	0	1	51166
102.35	0.25	0	1	51175
102.366	0.25	0	1	51183
102.382	0.25	0	1	51191
102.4	0.25	0	1	51200
102.416	0.25	1	2	51208
102.432	0.25	1	2	51216
102.45	0.25	1	2	51225
102.466	0.25	1	2	51233
102.482	0.25	1	2	51241
102.5	0.25	1	2	51250
102.516	0.25	0	1	51258
102.532	0.25	0	1	51266
102.55	0.25	1	2	51275
102.566	0.25	1	2	51283
102.582	0.25	1	2	51291
102.6	0.25	1	2	51300
102.616	0.25	1	2	51308
102.632	0.25	1	2	51316
102.65	0.25	0	1	51325
102.666	0.25	0	1	51333
102.682	0.25	1	2	51341
102.7	0.25	1	2	51350
102.716	0.25	0	1	51358
102.732	0.25	0	1	51366
102.75	0.25	1	2	51375
102.766	0.25	1	2	51383
102.782	0.25	1	2	51391
102.8	0.25	1	2	51400
102.816	0.25	0	1	51408
102.832	0.25	0	1	51416
102.85	0.25	0	1	51425
102.866	0.25	0	1	51433
102.882	0.25	0	1	51441
102.9	0.25	0	1	51450
102.916	0.25	1	2	51458
102.932	0.25	1	2	51466
102.95	0.25	1	2	51475
102.966	0.25	1	2	51483
102.982	0.25	0	1	51491
103.0	0.25	0	1	51500
103.016	0.25	1	2	51508
103.032	0.25	1	2	51516
103.05	0.25	1	2	51525
103.066	0.25	1	2	51533
103.082	0.25	1	2	51541
103.1	0.25	1	2	51550
103.116	0.25	0	1	51558
103.132	0.25	0	1	51566
103.15	0.25	0	1	51575
103.166	0.25	0	1	51583
103.182	0.25	0	1	51591
103.2	0.25	0	1	51600
103.216	0.25	0	1	51608
103.232	0.25	0	1	51616
103.25	0.25	0	1	51625
103.266	0.25	0	1	51633
103.282	0.25	1	2	51641
103.3	0.25	1	2	51650
103.316	0.25	1	2	51658
103.332	0.25	1	2	51666
103.35	0.25	1	2	51675
104.832	0.25	1	2	52416
104.85	0.25	1	2	52425
104.866	0.25	1	2	52433
104.882	0.25	1	2	52441
104.9	0.25	0	1	52450
104.916	0.25	0	1	52458
104.932	0.25	1	2	52466
104.95	0.25	1	2	52475
104.966	0.25	1	2	52483
104.982	0.25	1	2	52491
105.0	0.25	0	1	52500
105.016	0.25	0	1	52508
105.032	0.25	1	2	52516
105.05	0.25	1	2	52525
105.066	0.25	1	2	52533
105.082	0.25	1	2	52541
105.1	0.25	0	1	52550
105.116	0.25	0	1	52558
105.132	0.25	1	2	52566
105.15	0.25	1	2	52575
105.166	0.25	1	2	52583
105.182	0.25	1	2	52591
105.2	0.25	0	1	52600
105.216	0.25	0	1	52608
105.232	0.25	0	1	52616
105.25	0.25	0	1	52625
105.266	0.25	0	1	52633
105.282	0.25	0	1	52641
105.3	0.25	1	2	52650
105.316	0.25	1	2	52658
105.332	0.25	1	2	52666
105.35	0.25	1	2	52675
105.366	0.25	1	2	52683
105.382	0.25	1	2	52691
105.4	0.25	0	1	52700
105.416	0.25	0	1	52708
105.432	0.25	0	1	52716
105.45	0.25	0	1	52725
105.466	0.25	0	1	52733
105.482	0.25	0	1	52741
105.5	0.25	1	2	52750
105.516	0.25	1	2	52758
105.532	0.25	1	2	52766
105.55	0.25	1	2	52775
105.566	0.25	1	2	52783
105.582	0.25	1	2	52791
105.6	0.25	1	2	52800
105.616	0.25	1	2	52808
105.632	0.25	1	2	52816
105.65	0.25	1	2	52825
105.666	0.25	0	1	52833
105.682	0.25	0	1	52841
105.7	0.25	0	1	52850
105.716	0.25	0	1	52858
105.732	0.25	1	2	52866
105.75	0.25	1	2	52875
105.766	0.25	0	1	52883
105.782	0.25	0	1	52891
105.8	0.25	1	2	52900
105.816	0.25	1	2	52908
105.832	0.25	0	1	52916
105.85	0.25	0	1	52925
105.866	0.25	0	1	52933
105.882	0.25	0	1	52941
105.9	0.25	1	2	52950
105.916	0.25	1	2	52958
105.932	0.25	1	2	52966
105.95	0.25	1	2	52975
105.966	0.25	0	1	52983
105.982	0.25	0	1	52991
106.0	0.25	0	1	53000
106.016	0.25	0	1	53008
106.032	0.25	0	1	53016
106.05	0.25	0	1	53025
106.066	0.25	0	1	53033
106.082	0.25	0	1	53041
106.1	0.25	1	2	53050
106.116	0.25	1	2	53058
106.132	0.25	0	1	53066
106.15	0.25	0	1	53075
106.166	0.25	0	1	53083
106.182	0.25	0	1	53091
106.2	0.25	0	1	53100
106.216	0.25	0	1	53108
106.232	0.25	0	1	53116
106.25	0.25	0	1	53125
106.266	0.25	1	2	53133
106.282	0.25	1	2	53141
106.3	0.25	1	2	53150
106.316	0.25	1	2	53158
106.332	0.25	1	2	53166
106.35	0.25	1	2	53175
106.366	0.25	1	2	53183
106.382	0.25	1	2	53191
106.4	0.25	1	2	53200
106.416	0.25	1	2	53208
106.432	0.25	1	2	53216
106.45	0.25	1	2	53225
106.466	0.25	0	1	53233
106.482	0.25	0	1	53241
106.5	0.25	1	2	53250
106.516	0.25	1	2	53258
106.532	0.25	0	1	53266
106.55	0.25	0	1	53275
106.566	0.25	1	2	53283
106.582	0.25	1	2	53291
106.6	0.25	0	1	53300
106.616	0.25	0	1	53308
106.632	0.25	0	1	53316
106.65	0.25	0	1	53325
106.666	0.25	1	2	53333
106.682	0.25	1	2	53341
106.7	0.25	1	2	53350
106.716	0.25	1	2	53358
106.732	0.25	0	1	53366
106.75	0.25	0	1	53375
106.766	0.25	0	1	53383
108.25	0.25	0	1	54125
108.266	0.25	0	1	54133
108.282	0.25	0	1	54141
108.3	0.25	0	1	54150
108.316	0.25	1	2	54158
108.332	0.25	1	2	54166
108.35	0.25	1	2	54175
108.366	0.25	1	2	54183
108.382	0.25	0	1	54191
108.4	0.25	0	1	54200
108.416	0.25	0	1	54208
108.432	0.25	0	1	54216
108.45	0.25	0	1	54225
108.466	0.25	0	1	54233
108.482	0.25	0	1	54241
108.5	0.25	0	1	54250
108.516	0.25	1	2	54258
108.532	0.25	1	2	54266
108.55	0.25	1	2	54275
108.566	0.25	1	2	54283
108.582	0.25	1	2	54291
108.6	0.25	1	2	54300
108.616	0.25	1	2	54308
108.632	0.25	1	2	54316
108.65	0.25	1	2	54325
108.666	0.25	1	2	54333
108.682	0.25	0	1	54341
108.7	0.25	0	1	54350
108.716	0.25	0	1	54358
108.732	0.25	0	1	54366
108.75	0.25	0	1	54375
108.766	0.25	0	1	54383
108.782	0.25	0	1	54391
108.8	0.25	0	1	54400
108.816	0.25	0	1	54408
108.832	0.25	0	1	54416
108.85	0.25	0	1	54425
108.866	0.25	0	1	54433
108.882	0.25	1	2	54441
108.9	0.25	1	2	54450
108.916	0.25	1	2	54458
108.932	0.25	1	2	54466
108.95	0.25	0	1	54475
108.966	0.25	0	1	54483
108.982	0.25	0	1	54491
109.0	0.25	0	1	54500
109.016	0.25	1	2	54508
109.032	0.25	1	2	54516
109.05	0.25	0	1	54525
109.066	0.25	0	1	54533
109.082	0.25	1	2	54541
109.1	0.25	1	2	54550
109.116	0.25	0	1	54558
109.132	0.25	0	1	54566
109.15	0.25	1	2	54575
109.166	0.25	1	2	54583
109.182	0.25	0	1	54591
109.2	0.25	0	1	54600
109.216	0.25	1	2	54608
109.232	0.25	1	2	54616
109.25	0.25	1	2	54625
109.266	0.25	1	2	54633
109.282	0.25	0	1	54641
109.3	0.25	0	1	54650
109.316	0.25	1	2	54658
109.332	0.25	1	2	54666
109.35	0.25	0	1	54675
109.366	0.25	0	1	54683
109.382	0.25	0	1	54691
109.4	0.25	0	1	54700
109.416	0.25	0	1	54708
109.432	0.25	0	1	54716
109.45	0.25	1	2	54725
109.466	0.25	1	2	54733
109.482	0.25	0	1	54741
109.5	0.25	0	1	54750
109.516	0.25	0	1	54758
109.532	0.25	0	1	54766
109.55	0.25	0	1	54775
109.566	0.25	0	1	54783
109.582	0.25	1	2	54791
109.6	0.25	1	2	54800
109.616	0.25	1	2	54808
109.632	0.25	1	2	54816
109.65	0.25	1	2	54825
109.666	0.25	1	2	54833
109.682	0.25	0	1	54841
109.7	0.25	0	1	54850
109.716	0.25	1	2	54858
109.732	0.25	1	2	54866
109.75	0.25	0	1	54875
109.766	0.25	0	1	54883
109.782	0.25	1	2	54891
109.8	0.25	1	2	54900
109.816	0.25	1	2	54908
109.832	0.25	1	2	54916
109.85	0.25	1	2	54925
109.866	0.25	1	2	54933
109.882	0.25	1	2	54941
109.9	0.25	1	2	54950
109.916	0.25	1	2	54958
109.932	0.25	1	2	54966
109.95	0.25	0	1	54975
109.966	0.25	0	1	54983
109.982	0.25	0	1	54991
110.0	0.25	0	1	55000
110.016	0.25	1	2	55008
110.032	0.25	1	2	55016
110.05	0.25	0	1	55025
110.066	0.25	0	1	55033
110.082	0.25	0	1	55041
110.1	0.25	0	1	55050
110.116	0.25	0	1	55058
110.132	0.25	0	1	55066
110.15	0.25	1	2	55075
110.166	0.25	1	2	55083
110.182	0.25	1	2	55091
111.666	0.25	1	2	55833
111.682	0.25	1	2	55841
111.7	0.25	1	2	55850
111.716	0.25	1	2	55858
111.732	0.25	1	2	55866
111.75	0.25	1	2	55875
111.766	0.25	1	2	55883
111.782	0.25	1	2	55891
111.8	0.25	1	2	55900
111.816	0.25	1	2	55908
111.832	0.25	1	2	55916
111.85	0.25	1	2	55925
111.866	0.25	1	2	55933
111.882	0.25	1	2	55941
111.9	0.25	0	1	55950
111.916	0.25	0	1	55958
111.932	0.25	0	1	55966
111.95	0.25	0	1	55975
111.966	0.25	1	2	55983
111.982	0.25	1	2	55991
112.0	0.25	1	2	56000
112.016	0.25	1	2	56008
112.032	0.25	0	1	56016
112.05	0.25	0	1	56025
112.066	0.25	0	1	56033
112.082	0.25	0	1	56041
112.1	0.25	1	2	56050
112.116	0.25	1	2	56058
112.132	0.25	1	2	56066
112.15	0.25	1	2	56075
112.166	0.25	0	1	56083
112.182	0.25	0	1	56091
112.2	0.25	0	1	56100
112.216	0.25	0	1	56108
112.232	0.25	1	2	56116
112.25	0.25	1	2	56125
112.266	0.25	0	1	56133
112.282	0.25	0	1	56141
112.3	0.25	1	2	56150
112.316	0.25	1	2	56158
112.332	0.25	1	2	56166
112.35	0.25	1	2	56175
112.366	0.25	0	1	56183
112.382	0.25	0	1	56191
112.4	0.25	1	2	56200
112.416	0.25	1	2	56208
112.432	0.25	0	1	56216
112.45	0.25	0	1	56225
112.466	0.25	0	1	56233
112.482	0.25	0	1	56241
112.5	0.25	1	2	56250
112.516	0.25	1	2	56258
112.532	0.25	0	1	56266
112.55	0.25	0	1	56275
112.566	0.25	1	2	56283
112.582	0.25	1	2	56291
112.6	0.25	1	2	56300
112.616	0.25	1	2	56308
112.632	0.25	1	2	56316
112.65	0.25	1	2	56325
112.666	0.25	0	1	56333
112.682	0.25	0	1	56341
112.7	0.25	0	1	56350
112.716	0.25	0	1	56358
112.732	0.25	0	1	56366
112.75	0.25	0	1	56375
112.766	0.25	1	2	56383
112.782	0.25	1	2	56391
112.8	0.25	0	1	56400
112.816	0.25	0	1	56408
112.832	0.25	1	2	56416
112.85	0.25	1	2	56425
112.866	0.25	1	2	56433
112.882	0.25	1	2	56441
112.9	0.25	1	2	56450
112.916	0.25	1	2	56458
112.932	0.25	0	1	56466
112.95	0.25	0	1	56475
112.966	0.25	0	1	56483
112.982	0.25	0	1	56491
113.0	0.25	1	2	56500
113.016	0.25	1	2	56508
113.032	0.25	0	1	56516
113.05	0.25	0	1	56525
113.066	0.25	1	2	56533
113.082	0.25	1	2	56541
113.1	0.25	0	1	56550
113.116	0.25	0	1	56558
113.132	0.25	0	1	56566
113.15	0.25	0	1	56575
113.166	0.25	0	1	56583
113.182	0.25	0	1	56591
113.2	0.25	1	2	56600
113.216	0.25	1	2	56608
113.232	0.25	1	2	56616
113.25	0.25	1	2	56625
113.266	0.25	0	1	56633
113.282	0.25	0	1	56641
113.3	0.25	1	2	56650
113.316	0.25	1	2	56658
113.332	0.25	0	1	56666
113.35	0.25	0	1	56675
113.366	0.25	0	1	56683
113.382	0.25	0	1	56691
113.4	0.25	0	1	56700
113.416	0.25	0	1	56708
113.432	0.25	1	2	56716
113.45	0.25	1	2	56725
113.466	0.25	0	1	56733
113.482	0.25	0	1	56741
113.5	0.25	1	2	56750
113.516	0.25	1	2	56758
113.532	0.25	0	1	56766
113.55	0.25	0	1	56775
113.566	0.25	0	1	56783
113.582	0.25	0	1	56791
113.6	0.25	1	2	56800
117.25	0.25	1	2	58625
117.266	0.25	1	2	58633
117.282	0.25	1	2	58641
117.3	0.25	1	2	58650
117.316	0.25	1	2	58658
117.332	0.25	1	2	58666
117.35	0.25	1	2	58675
117.366	0.25	1	2	58683
117.382	0.25	1	2	58691
117.4	0.25	1	2	58700
117.416	0.25	1	2	58708
117.432	0.25	1	2	58716
117.45	0.25	1	2	58725
117.466	0.25	1	2	58733
117.482	0.25	0	1	58741
117.5	0.25	0	1	58750
117.516	0.25	0	1	58758
117.532	0.25	0	1	58766
117.55	0.25	1	2	58775
117.566	0.25	1	2	58783
117.582	0.25	1	2	58791
117.6	0.25	1	2	58800
117.616	0.25	0	1	58808
117.632	0.25	0	1	58816
117.65	0.25	0	1	58825
117.666	0.25	0	1	58833
117.682	0.25	1	2	58841
117.7	0.25	1	2	58850
117.716	0.25	1	2	58858
117.732	0.25	1	2	58866
117.75	0.25	0	1	58875
117.766	0.25	0	1	58883
117.782	0.25	0	1	58891
117.8	0.25	0	1	58900
117.816	0.25	1	2	58908
117.832	0.25	1	2	58916
117.85	0.25	0	1	58925
117.866	0.25	0	1	58933
117.882	0.25	1	2	58941
117.9	0.25	1	2	58950
117.916	0.25	1	2	58958
117.932	0.25	1	2	58966
117.95	0.25	0	1	58975
117.966	0.25	0	1	58983
117.982	0.25	1	2	58991
118.0	0.25	1	2	59000
118.016	0.25	0	1	59008
118.032	0.25	0	1	59016
118.05	0.25	0	1	59025
118.066	0.25	0	1	59033
118.082	0.25	1	2	59041
118.1	0.25	1	2	59050
118.116	0.25	0	1	59058
118.132	0.25	0	1	59066
118.15	0.25	1	2	59075
118.166	0.25	1	2	59083
118.182	0.25	1	2	59091
118.2	0.25	1	2	59100
118.216	0.25	1	2	59108
118.232	0.25	1	2	59116
118.25	0.25	0	1	59125
118.266	0.25	0	1	59133
118.282	0.25	0	1	59141
118.3	0.25	0	1	59150
118.316	0.25	0	1	59158
118.332	0.25	0	1	59166
118.35	0.25	1	2	59175
118.366	0.25	1	2	59183
118.382	0.25	0	1	59191
118.4	0.25	0	1	59200
118.416	0.25	1	2	59208
118.432	0.25	1	2	59216
118.45	0.25	1	2	59225
118.466	0.25	1	2	59233
118.482	0.25	1	2	59241
118.5	0.25	1	2	59250
118.516	0.25	0	1	59258
118.532	0.25	0	1	59266
118.55	0.25	0	1	59275
118.566	0.25	0	1	59283
118.582	0.25	1	2	59291
118.6	0.25	1	2	59300
118.616	0.25	0	1	59308
118.632	0.25	0	1	59316
118.65	0.25	1	2	59325
118.666	0.25	1	2	59333
118.682	0.25	0	1	59341
118.7	0.25	0	1	59350
118.716	0.25	0	1	59358
118.732	0.25	0	1	59366
118.75	0.25	0	1	59375
118.766	0.25	0	1	59383
118.782	0.25	1	2	59391
118.8	0.25	1	2	59400
118.816	0.25	1	2	59408
118.832	0.25	1	2	59416
118.85	0.25	0	1	59425
118.866	0.25	0	1	59433
118.882	0.25	1	2	59441
118.9	0.25	1	2	59450
118.916	0.25	0	1	59458
118.932	0.25	0	1	59466
118.95	0.25	0	1	59475
118.966	0.25	0	1	59483
118.982	0.25	0	1	59491
119.0	0.25	0	1	59500
119.016	0.25	1	2	59508
119.032	0.25	1	2	59516
119.05	0.25	0	1	59525
119.066	0.25	0	1	59533
119.082	0.25	1	2	59541
119.1	0.25	1	2	59550
119.116	0.25	0	1	59558
119.132	0.25	0	1	59566
119.15	0.25	0	1	59575
119.166	0.25	0	1	59583
119.182	0.25	1	2	59591
120.666	0.25	1	2	60333
120.682	0.25	1	2	60341
120.7	0.25	1	2	60350
120.716	0.25	1	2	60358
120.732	0.25	0	1	60366
120.75	0.25	0	1	60375
120.766	0.25	1	2	60383
120.782	0.25	1	2	60391
120.8	0.25	1	2	60400
120.816	0.25	1	2	60408
120.832	0.25	0	1	60416
120.85	0.25	0	1	60425
120.866	0.25	1	2	60433
120.882	0.25	1	2	60441
120.9	0.25	1	2	60450
120.916	0.25	1	2	60458
120.932	0.25	0	1	60466
120.95	0.25	0	1	60475
120.966	0.25	1	2	60483
120.982	0.25	1	2	60491
121.0	0.25	1	2	60500
121.016	0.25	1	2	60508
121.032	0.25	0	1	60516
121.05	0.25	0	1	60525
121.066	0.25	0	1	60533
121.082	0.25	0	1	60541
121.1	0.25	0	1	60550
121.116	0.25	0	1	60558
121.132	0.25	1	2	60566
121.15	0.25	1	2	60575
121.166	0.25	1	2	60583
121.182	0.25	1	2	60591
121.2	0.25	1	2	60600
121.216	0.25	1	2	60608
121.232	0.25	0	1	60616
121.25	0.25	0	1	60625
121.266	0.25	0	1	60633
121.282	0.25	0	1	60641
121.3	0.25	0	1	60650
121.316	0.25	0	1	60658
121.332	0.25	1	2	60666
121.35	0.25	1	2	60675
121.366	0.25	1	2	60683
121.382	0.25	1	2	60691
121.4	0.25	1	2	60700
121.416	0.25	1	2	60708
121.432	0.25	1	2	60716
121.45	0.25	1	2	60725
121.466	0.25	1	2	60733
121.482	0.25	1	2	60741
121.5	0.25	0	1	60750
121.516	0.25	0	1	60758
121.532	0.25	0	1	60766
121.55	0.25	0	1	60775
121.566	0.25	1	2	60783
121.582	0.25	1	2	60791
121.6	0.25	0	1	60800
121.616	0.25	0	1	60808
121.632	0.25	1	2	60816
121.65	0.25	1	2	60825
121.666	0.25	0	1	60833
121.682	0.25	0	1	60841
121.7	0.25	0	1	60850
121.716	0.25	0	1	60858
121.732	0.25	1	2	60866
121.75	0.25	1	2	60875
121.766	0.25	1	2	60883
121.782	0.25	1	2	60891
121.8	0.25	0	1	60900
121.816	0.25	0	1	60908
121.832	0.25	0	1	60916
121.85	0.25	0	1	60925
121.866	0.25	0	1	60933
121.882	0.25	0	1	60941
121.9	0.25	0	1	60950
121.916	0.25	0	1	60958
121.932	0.25	1	2	60966
121.95	0.25	1	2	60975
121.966	0.25	0	1	60983
121.982	0.25	0	1	60991
122.0	0.25	0	1	61000
122.016	0.25	0	1	61008
122.032	0.25	0	1	61016
122.05	0.25	0	1	61025
122.066	0.25	0	1	61033
122.082	0.25	0	1	61041
122.1	0.25	1	2	61050
122.116	0.25	1	2	61058
122.132	0.25	1	2	61066
122.15	0.25	1	2	61075
122.166	0.25	1	2	61083
122.182	0.25	1	2	61091
122.2	0.25	1	2	61100
122.216	0.25	1	2	61108
122.232	0.25	1	2	61116
122.25	0.25	1	2	61125
122.266	0.25	1	2	61133
122.282	0.25	1	2	61141
122.3	0.25	0	1	61150
122.316	0.25	0	1	61158
122.332	0.25	1	2	61166
122.35	0.25	1	2	61175
122.366	0.25	0	1	61183
122.382	0.25	0	1	61191
122.4	0.25	1	2	61200
122.416	0.25	1	2	61208
122.432	0.25	0	1	61216
122.45	0.25	0	1	61225
122.466	0.25	0	1	61233
122.482	0.25	0	1	61241
122.5	0.25	1	2	61250
122.516	0.25	1	2	61258
122.532	0.25	1	2	61266
122.55	0.25	1	2	61275
122.566	0.25	0	1	61283
122.582	0.25	0	1	61291
122.6	0.25	0	1	61300
124.082	0.25	0	1	62041
124.1	0.25	0	1	62050
124.116	0.25	0	1	62058
124.132	0.25	0	1	62066
124.15	0.25	1	2	62075
124.166	0.25	1	2	62083
124.182	0.25	1	2	62091
124.2	0.25	1	2	62100
124.216	0.25	0	1	62108
124.232	0.25	0	1	62116
124.25	0.25	0	1	62125
124.266	0.25	0	1	62133
124.282	0.25	0	1	62141
124.3	0.25	0	1	62150
124.316	0.25	0	1	62158
124.332	0.25	0	1	62166
124.35	0.25	1	2	62175
124.366	0.25	1	2	62183
124.382	0.25	1	2	62191
124.4	0.25	1	2	62200
124.416	0.25	1	2	62208
124.432	0.25	1	2	62216
124.45	0.25	1	2	62225
124.466	0.25	1	2	62233
124.482	0.25	1	2	62241
124.5	0.25	1	2	62250
124.516	0.25	0	1	62258
124.532	0.25	0	1	62266
124.55	0.25	0	1	62275
124.566	0.25	0	1	62283
124.582	0.25	0	1	62291
124.6	0.25	0	1	62300
124.616	0.25	0	1	62308
124.632	0.25	0	1	62316
124.65	0.25	0	1	62325
124.666	0.25	0	1	62333
124.682	0.25	0	1	62341
124.7	0.25	0	1	62350
124.716	0.25	1	2	62358
124.732	0.25	1	2	62366
124.75	0.25	1	2	62375
124.766	0.25	1	2	62383
124.782	0.25	0	1	62391
124.8	0.25	0	1	62400
124.816	0.25	0	1	62408
124.832	0.25	0	1	62416
124.85	0.25	1	2	62425
124.866	0.25	1	2	62433
124.882	0.25	0	1	62441
124.9	0.25	0	1	62450
124.916	0.25	1	2	62458
124.932	0.25	1	2	62466
124.95	0.25	0	1	62475
124.966	0.25	0	1	62483
124.982	0.25	1	2	62491
125.0	0.25	1	2	62500
125.016	0.25	0	1	62508
125.032	0.25	0	1	62516
125.05	0.25	1	2	62525
125.066	0.25	1	2	62533
125.082	0.25	1	2	62541
125.1	0.25	1	2	62550
125.116	0.25	0	1	62558
125.132	0.25	0	1	62566
125.15	0.25	1	2	62575
125.166	0.25	1	2	62583
125.182	0.25	0	1	62591
125.2	0.25	0	1	62600
125.216	0.25	0	1	62608
125.232	0.25	0	1	62616
125.25	0.25	0	1	62625
125.266	0.25	0	1	62633
125.282	0.25	1	2	62641
125.3	0.25	1	2	62650
125.316	0.25	0	1	62658
125.332	0.25	0	1	62666
125.35	0.25	0	1	62675
125.366	0.25	0	1	62683
125.382	0.25	0	1	62691
125.4	0.25	0	1	62700
125.416	0.25	1	2	62708
125.432	0.25	1	2	62716
125.45	0.25	1	2	62725
125.466	0.25	1	2	62733
125.482	0.25	1	2	62741
125.5	0.25	1	2	62750
125.516	0.25	0	1	62758
125.532	0.25	0	1	62766
125.55	0.25	1	2	62775
125.566	0.25	1	2	62783
125.582	0.25	0	1	62791
125.6	0.25	0	1	62800
125.616	0.25	1	2	62808
125.632	0.25	1	2	62816
125.65	0.25	1	2	62825
125.666	0.25	1	2	62833
125.682	0.25	1	2	62841
125.7	0.25	1	2	62850
125.716	0.25	1	2	62858
125.732	0.25	1	2	62866
125.75	0.25	1	2	62875
125.766	0.25	1	2	62883
125.782	0.25	0	1	62891
125.8	0.25	0	1	62900
125.816	0.25	0	1	62908
125.832	0.25	0	1	62916
125.85	0.25	1	2	62925
125.866	0.25	1	2	62933
125.882	0.25	0	1	62941
125.9	0.25	0	1	62950
125.916	0.25	0	1	62958
125.932	0.25	0	1	62966
125.95	0.25	0	1	62975
125.966	0.25	0	1	62983
125.982	0.25	1	2	62991
126.0	0.25	1	2	63000
126.016	0.25	1	2	63008
127.5	0.25	1	2	63750
127.516	0.25	1	2	63758
127.532	0.25	1	2	63766
127.55	0.25	1	2	63775
127.566	0.25	0	1	63783
127.582	0.25	0	1	63791
127.6	0.25	0	1	63800
127.616	0.25	0	1	63808
127.632	0.25	0	1	63816
127.65	0.25	0	1	63825
127.666	0.25	0	1	63833
127.682	0.25	0	1	63841
127.7	0.25	1	2	63850
127.716	0.25	1	2	63858
127.732	0.25	0	1	63866
127.75	0.25	0	1	63875
127.766	0.25	0	1	63883
127.782	0.25	0	1	63891
127.8	0.25	1	2	63900
127.816	0.25	1	2	63908
127.832	0.25	1	2	63916
127.85	0.25	1	2	63925
127.866	0.25	0	1	63933
127.882	0.25	0	1	63941
127.9	0.25	0	1	63950
127.916	0.25	0	1	63958
127.932	0.25	0	1	63966
127.95	0.25	0	1	63975
127.966	0.25	0	1	63983
127.982	0.25	0	1	63991
128.0	0.25	0	1	64000
128.016	0.25	0	1	64008
128.032	0.25	0	1	64016
128.05	0.25	0	1	64025
128.066	0.25	1	2	64033
128.082	0.25	1	2	64041
128.1	0.25	0	1	64050
128.116	0.25	0	1	64058
128.132	0.25	1	2	64066
128.15	0.25	1	2	64075
128.166	0.25	1	2	64083
128.182	0.25	1	2	64091
128.198	0.25	0	1	64099
128.216	0.25	0	1	64108
128.232	0.25	1	2	64116
128.25	0.25	1	2	64125
128.266	0.25	0	1	64133
128.282	0.25	0	1	64141
128.3	0.25	1	2	64150
128.316	0.25	1	2	64158
128.332	0.25	0	1	64166
128.35	0.25	0	1	64175
128.366	0.25	1	2	64183
128.382	0.25	1	2	64191
128.4	0.25	0	1	64200
128.416	0.25	0	1	64208
128.432	0.25	0	1	64216
128.448	0.25	0	1	64224
128.466	0.25	0	1	64233
128.482	0.25	0	1	64241
128.5	0.25	1	2	64250
128.516	0.25	1	2	64258
128.532	0.25	1	2	64266
128.55	0.25	1	2	64275
128.566	0.25	1	2	64283
128.582	0.25	1	2	64291
128.6	0.25	0	1	64300
128.616	0.25	0	1	64308
128.632	0.25	1	2	64316
128.65	0.25	1	2	64325
128.666	0.25	1	2	64333
128.682	0.25	1	2	64341
128.698	0.25	1	2	64349
128.716	0.25	1	2	64358
128.732	0.25	0	1	64366
128.75	0.25	0	1	64375
128.766	0.25	1	2	64383
128.782	0.25	1	2	64391
128.8	0.25	0	1	64400
128.816	0.25	0	1	64408
128.832	0.25	1	2	64416
128.85	0.25	1	2	64425
128.866	0.25	1	2	64433
128.882	0.25	1	2	64441
128.9	0.25	0	1	64450
128.916	0.25	0	1	64458
128.932	0.25	0	1	64466
128.948	0.25	0	1	64474
128.966	0.25	0	1	64483
128.982	0.25	0	1	64491
129.0	0.25	1	2	64500
129.016	0.25	1	2	64508
129.032	0.25	1	2	64516
129.05	0.25	1	2	64525
129.066	0.25	0	1	64533
129.082	0.25	0	1	64541
129.1	0.25	1	2	64550
129.116	0.25	1	2	64558
129.132	0.25	1	2	64566
129.15	0.25	1	2	64575
129.166	0.25	1	2	64583
129.182	0.25	1	2	64591
129.198	0.25	0	1	64599
129.216	0.25	0	1	64608
129.232	0.25	0	1	64616
129.25	0.25	0	1	64625
129.266	0.25	0	1	64633
129.282	0.25	0	1	64641
129.3	0.25	0	1	64650
129.316	0.25	0	1	64658
129.332	0.25	0	1	64666
129.35	0.25	0	1	64675
129.366	0.25	1	2	64683
129.382	0.25	1	2	64691
129.4	0.25	1	2	64700
129.416	0.25	1	2	64708
129.432	0.25	1	2	64716
133.666	0.25	0	1	66833
133.682	0.25	0	1	66841
133.7	0.25	0	1	66850
133.716	0.25	0	1	66858
133.732	0.25	1	2	66866
133.75	0.25	1	2	66875
133.766	0.25	1	2	66883
133.782	0.25	1	2	66891
133.8	0.25	0	1	66900
133.816	0.25	0	1	66908
133.832	0.25	0	1	66916
133.85	0.25	0	1	66925
133.866	0.25	0	1	66933
133.882	0.25	0	1	66941
133.9	0.25	0	1	66950
133.916	0.25	0	1	66958
133.932	0.25	1	2	66966
133.95	0.25	1	2	66975
133.966	0.25	1	2	66983
133.982	0.25	1	2	66991
134.0	0.25	1	2	67000
134.016	0.25	1	2	67008
134.032	0.25	1	2	67016
134.05	0.25	1	2	67025
134.066	0.25	1	2	67033
134.082	0.25	1	2	67041
134.1	0.25	0	1	67050
134.116	0.25	0	1	67058
134.132	0.25	0	1	67066
134.15	0.25	0	1	67075
134.166	0.25	0	1	67083
134.182	0.25	0	1	67091
134.2	0.25	0	1	67100
134.216	0.25	0	1	67108
134.232	0.25	0	1	67116
134.25	0.25	0	1	67125
134.266	0.25	0	1	67133
134.282	0.25	0	1	67141
134.3	0.25	1	2	67150
134.316	0.25	1	2	67158
134.332	0.25	1	2	67166
134.35	0.25	1	2	67175
134.366	0.25	0	1	67183
134.382	0.25	0	1	67191
134.4	0.25	0	1	67200
134.416	0.25	0	1	67208
134.432	0.25	1	2	67216
134.45	0.25	1	2	67225
134.466	0.25	0	1	67233
134.482	0.25	0	1	67241
134.5	0.25	1	2	67250
134.516	0.25	1	2	67258
134.532	0.25	0	1	67266
134.55	0.25	0	1	67275
134.566	0.25	1	2	67283
134.582	0.25	1	2	67291
134.6	0.25	0	1	67300
134.616	0.25	0	1	67308
134.632	0.25	1	2	67316
134.65	0.25	1	2	67325
134.666	0.25	1	2	67333
134.682	0.25	1	2	67341
134.7	0.25	0	1	67350
134.716	0.25	0	1	67358
134.732	0.25	1	2	67366
134.75	0.25	1	2	67375
134.766	0.25	0	1	67383
134.782	0.25	0	1	67391
134.8	0.25	0	1	67400
134.816	0.25	0	1	67408
134.832	0.25	0	1	67416
134.85	0.25	0	1	67425
134.866	0.25	1	2	67433
134.882	0.25	1	2	67441
134.9	0.25	0	1	67450
134.916	0.25	0	1	67458
134.932	0.25	0	1	67466
134.95	0.25	0	1	67475
134.966	0.25	0	1	67483
134.982	0.25	0	1	67491
135.0	0.25	1	2	67500
135.016	0.25	1	2	67508
135.032	0.25	1	2	67516
135.05	0.25	1	2	67525
135.066	0.25	1	2	67533
135.082	0.25	1	2	67541
135.1	0.25	0	1	67550
135.116	0.25	0	1	67558
135.132	0.25	1	2	67566
135.15	0.25	1	2	67575
135.166	0.25	0	1	67583
135.182	0.25	0	1	67591
135.2	0.25	1	2	67600
135.216	0.25	1	2	67608
135.232	0.25	1	2	67616
135.25	0.25	1	2	67625
135.266	0.25	1	2	67633
135.282	0.25	1	2	67641
135.3	0.25	1	2	67650
135.316	0.25	1	2	67658
135.332	0.25	1	2	67666
135.35	0.25	1	2	67675
135.366	0.25	0	1	67683
135.382	0.25	0	1	67691
135.4	0.25	0	1	67700
135.416	0.25	0	1	67708
135.432	0.25	1	2	67716
135.45	0.25	1	2	67725
135.466	0.25	0	1	67733
135.482	0.25	0	1	67741
135.5	0.25	0	1	67750
135.516	0.25	0	1	67758
135.532	0.25	0	1	67766
135.55	0.25	0	1	67775
135.566	0.25	1	2	67783
135.582	0.25	1	2	67791
135.6	0.25	1	2	67800
137.082	0.25	1	2	68541
137.1	0.25	1	2	68550
137.116	0.25	1	2	68558
137.132	0.25	1	2	68566
137.15	0.25	0	1	68575
137.166	0.25	0	1	68583
137.182	0.25	0	1	68591
137.2	0.25	0	1	68600
137.216	0.25	0	1	68608
137.232	0.25	0	1	68616
137.25	0.25	0	1	68625
137.266	0.25	0	1	68633
137.282	0.25	1	2	68641
137.3	0.25	1	2	68650
137.316	0.25	0	1	68658
137.332	0.25	0	1	68666
137.35	0.25	0	1	68675
137.366	0.25	0	1	68683
137.382	0.25	1	2	68691
137.4	0.25	1	2	68700
137.416	0.25	1	2	68708
137.432	0.25	1	2	68716
137.45	0.25	0	1	68725
137.466	0.25	0	1	68733
137.482	0.25	0	1	68741
137.5	0.25	0	1	68750
137.516	0.25	0	1	68758
137.532	0.25	0	1	68766
137.55	0.25	0	1	68775
137.566	0.25	0	1	68783
137.582	0.25	0	1	68791
137.6	0.25	0	1	68800
137.616	0.25	0	1	68808
137.632	0.25	0	1	68816
137.65	0.25	1	2	68825
137.666	0.25	1	2	68833
137.682	0.25	0	1	68841
137.7	0.25	0	1	68850
137.716	0.25	1	2	68858
137.732	0.25	1	2	68866
137.75	0.25	1	2	68875
137.766	0.25	1	2	68883
137.782	0.25	0	1	68891
137.8	0.25	0	1	68900
137.816	0.25	1	2	68908
137.832	0.25	1	2	68916
137.85	0.25	0	1	68925
137.866	0.25	0	1	68933
137.882	0.25	1	2	68941
137.9	0.25	1	2	68950
137.916	0.25	0	1	68958
137.932	0.25	0	1	68966
137.95	0.25	1	2	68975
137.966	0.25	1	2	68983
137.982	0.25	0	1	68991
138.0	0.25	0	1	69000
138.016	0.25	0	1	69008
138.032	0.25	0	1	69016
138.05	0.25	0	1	69025
138.066	0.25	0	1	69033
138.082	0.25	1	2	69041
138.1	0.25	1	2	69050
138.116	0.25	1	2	69058
138.132	0.25	1	2	69066
138.15	0.25	1	2	69075
138.166	0.25	1	2	69083
138.182	0.25	0	1	69091
138.2	0.25	0	1	69100
138.216	0.25	1	2	69108
138.232	0.25	1	2	69116
138.25	0.25	1	2	69125
138.266	0.25	1	2	69133
138.282	0.25	1	2	69141
138.3	0.25	1	2	69150
138.316	0.25	0	1	69158
138.332	0.25	0	1	69166
138.35	0.25	1	2	69175
138.366	0.25	1	2	69183
138.382	0.25	0	1	69191
138.4	0.25	0	1	69200
138.416	0.25	1	2	69208
138.432	0.25	1	2	69216
138.45	0.25	1	2	69225
138.466	0.25	1	2	69233
138.482	0.25	0	1	69241
138.5	0.25	0	1	69250
138.516	0.25	0	1	69258
138.532	0.25	0	1	69266
138.55	0.25	0	1	69275
138.566	0.25	0	1	69283
138.582	0.25	1	2	69291
138.6	0.25	1	2	69300
138.616	0.25	1	2	69308
138.632	0.25	1	2	69316
138.65	0.25	0	1	69325
138.666	0.25	0	1	69333
138.682	0.25	1	2	69341
138.7	0.25	1	2	69350
138.716	0.25	1	2	69358
138.732	0.25	1	2	69366
138.75	0.25	1	2	69375
138.766	0.25	1	2	69383
138.782	0.25	0	1	69391
138.8	0.25	0	1	69400
138.816	0.25	0	1	69408
138.832	0.25	0	1	69416
138.85	0.25	0	1	69425
138.866	0.25	0	1	69433
138.882	0.25	0	1	69441
138.9	0.25	0	1	69450
138.916	0.25	0	1	69458
138.932	0.25	0	1	69466
138.95	0.25	1	2	69475
138.966	0.25	1	2	69483
138.982	0.25	1	2	69491
139.0	0.25	1	2	69500
139.016	0.25	1	2	69508
140.5	0.25	1	2	70250
140.516	0.25	1	2	70258
140.532	0.25	1	2	70266
140.55	0.25	1	2	70275
140.566	0.25	0	1	70283
140.582	0.25	0	1	70291
140.6	0.25	1	2	70300
140.616	0.25	1	2	70308
140.632	0.25	1	2	70316
140.65	0.25	1	2	70325
140.666	0.25	0	1	70333
140.682	0.25	0	1	70341
140.7	0.25	1	2	70350
140.716	0.25	1	2	70358
140.732	0.25	1	2	70366
140.75	0.25	1	2	70375
140.766	0.25	0	1	70383
140.782	0.25	0	1	70391
140.8	0.25	1	2	70400
140.816	0.25	1	2	70408
140.832	0.25	1	2	70416
140.85	0.25	1	2	70425
140.866	0.25	0	1	70433
140.882	0.25	0	1	70441
140.9	0.25	0	1	70450
140.916	0.25	0	1	70458
140.932	0.25	0	1	70466
140.95	0.25	0	1	70475
140.966	0.25	1	2	70483
140.982	0.25	1	2	70491
141.0	0.25	1	2	70500
141.016	0.25	1	2	70508
141.032	0.25	1	2	70516
141.05	0.25	1	2	70525
141.066	0.25	0	1	70533
141.082	0.25	0	1	70541
141.1	0.25	0	1	70550
141.116	0.25	0	1	70558
141.132	0.25	0	1	70566
141.15	0.25	0	1	70575
141.166	0.25	1	2	70583
141.182	0.25	1	2	70591
141.2	0.25	1	2	70600
141.216	0.25	1	2	70608
141.232	0.25	1	2	70616
141.25	0.25	1	2	70625
141.266	0.25	1	2	70633
141.282	0.25	1	2	70641
141.3	0.25	1	2	70650
141.316	0.25	1	2	70658
141.332	0.25	0	1	70666
141.35	0.25	0	1	70675
141.366	0.25	0	1	70683
141.382	0.25	0	1	70691
141.4	0.25	1	2	70700
141.416	0.25	1	2	70708
141.432	0.25	0	1	70716
141.45	0.25	0	1	70725
141.466	0.25	1	2	70733
141.482	0.25	1	2	70741
141.5	0.25	0	1	70750
141.516	0.25	0	1	70758
141.532	0.25	0	1	70766
141.55	0.25	0	1	70775
141.566	0.25	1	2	70783
141.582	0.25	1	2	70791
141.6	0.25	1	2	70800
141.616	0.25	1	2	70808
141.632	0.25	0	1	70816
141.65	0.25	0	1	70825
141.666	0.25	0	1	70833
141.682	0.25	0	1	70841
141.7	0.25	0	1	70850
141.716	0.25	0	1	70858
141.732	0.25	0	1	70866
141.75	0.25	0	1	70875
141.766	0.25	1	2	70883
141.782	0.25	1	2	70891
141.8	0.25	0	1	70900
141.816	0.25	0	1	70908
141.832	0.25	0	1	70916
141.85	0.25	0	1	70925
141.866	0.25	0	1	70933
141.882	0.25	0	1	70941
141.9	0.25	0	1	70950
141.916	0.25	0	1	70958
141.932	0.25	1	2	70966
141.95	0.25	1	2	70975
141.966	0.25	1	2	70983
141.982	0.25	1	2	70991
142.0	0.25	1	2	71000
142.016	0.25	1	2	71008
142.032	0.25	1	2	71016
142.05	0.25	1	2	71025
142.066	0.25	1	2	71033
142.082	0.25	1	2	71041
142.1	0.25	1	2	71050
142.116	0.25	1	2	71058
142.132	0.25	0	1	71066
142.15	0.25	0	1	71075
142.166	0.25	1	2	71083
142.182	0.25	1	2	71091
142.2	0.25	0	1	71100
142.216	0.25	0	1	71108
142.232	0.25	1	2	71116
142.25	0.25	1	2	71125
142.266	0.25	0	1	71133
142.282	0.25	0	1	71141
142.3	0.25	0	1	71150
142.316	0.25	0	1	71158
142.332	0.25	1	2	71166
142.35	0.25	1	2	71175
142.366	0.25	1	2	71183
142.382	0.25	1	2	71191
142.4	0.25	0	1	71200
142.416	0.25	0	1	71208
142.432	0.25	0	1	71216
143.916	0.25	1	2	71958
143.932	0.25	1	2	71966
143.95	0.25	1	2	71975
143.966	0.25	1	2	71983
143.982	0.25	1	2	71991
144.0	0.25	1	2	72000
144.016	0.25	1	2	72008
144.032	0.25	1	2	72016
144.05	0.25	1	2	72025
144.066	0.25	1	2	72033
144.082	0.25	1	2	72041
144.1	0.25	1	2	72050
144.116	0.25	1	2	72058
144.132	0.25	1	2	72066
144.15	0.25	0	1	72075
144.166	0.25	0	1	72083
144.182	0.25	0	1	72091
144.2	0.25	0	1	72100
144.216	0.25	1	2	72108
144.232	0.25	1	2	72116
144.25	0.25	1	2	72125
144.266	0.25	1	2	72133
144.282	0.25	0	1	72141
144.3	0.25	0	1	72150
144.316	0.25	0	1	72158
144.332	0.25	0	1	72166
144.35	0.25	1	2	72175
144.366	0.25	1	2	72183
144.382	0.25	1	2	72191
144.4	0.25	1	2	72200
144.416	0.25	0	1	72208
144.432	0.25	0	1	72216
144.45	0.25	0	1	72225
144.466	0.25	0	1	72233
144.482	0.25	1	2	72241
144.5	0.25	1	2	72250
144.516	0.25	0	1	72258
144.532	0.25	0	1	72266
144.55	0.25	1	2	72275
144.566	0.25	1	2	72283
144.582	0.25	1	2	72291
144.6	0.25	1	2	72300
144.616	0.25	0	1	72308
144.632	0.25	0	1	72316
144.65	0.25	1	2	72325
144.666	0.25	1	2	72333
144.682	0.25	0	1	72341
144.7	0.25	0	1	72350
144.716	0.25	0	1	72358
144.732	0.25	0	1	72366
144.75	0.25	1	2	72375
144.766	0.25	1	2	72383
144.782	0.25	0	1	72391
144.8	0.25	0	1	72400
144.816	0.25	1	2	72408
144.832	0.25	1	2	72416
144.85	0.25	1	2	72425
144.866	0.25	1	2	72433
144.882	0.25	1	2	72441
144.9	0.25	1	2	72450
144.916	0.25	0	1	72458
144.932	0.25	0	1	72466
144.95	0.25	0	1	72475
144.966	0.25	0	1	72483
144.982	0.25	0	1	72491
145.0	0.25	0	1	72500
145.016	0.25	1	2	72508
145.032	0.25	1	2	72516
145.05	0.25	0	1	72525
145.066	0.25	0	1	72533
145.082	0.25	1	2	72541
145.1	0.25	1	2	72550
145.116	0.25	1	2	72558
145.132	0.25	1	2	72566
145.15	0.25	1	2	72575
145.166	0.25	1	2	72583
145.182	0.25	0	1	72591
145.2	0.25	0	1	72600
145.216	0.25	0	1	72608
145.232	0.25	0	1	72616
145.25	0.25	1	2	72625
145.266	0.25	1	2	72633
145.282	0.25	0	1	72641
145.3	0.25	0	1	72650
145.316	0.25	1	2	72658
145.332	0.25	1	2	72666
145.35	0.25	0	1	72675
145.366	0.25	0	1	72683
145.382	0.25	0	1	72691
145.4	0.25	0	1	72700
145.416	0.25	0	1	72708
145.432	0.25	0	1	72716
145.45	0.25	1	2	72725
145.466	0.25	1	2	72733
145.482	0.25	1	2	72741
145.5	0.25	1	2	72750
145.516	0.25	0	1	72758
145.532	0.25	0	1	72766
145.55	0.25	1	2	72775
145.566	0.25	1	2	72783
145.582	0.25	0	1	72791
145.6	0.25	0	1	72800
145.616	0.25	0	1	72808
145.632	0.25	0	1	72816
145.65	0.25	0	1	72825
145.666	0.25	0	1	72833
145.682	0.25	1	2	72841
145.7	0.25	1	2	72850
145.716	0.25	0	1	72858
145.732	0.25	0	1	72866
145.75	0.25	1	2	72875
145.766	0.25	1	2	72883
145.782	0.25	0	1	72891
145.8	0.25	0	1	72900
145.816	0.25	0	1	72908
145.832	0.25	0	1	72916
145.85	0.25	1	2	72925
149.666	0.25	1	2	74833
149.682	0.25	1	2	74841
149.7	0.25	1	2	74850
149.716	0.25	1	2	74858
149.732	0.25	1	2	74866
149.75	0.25	1	2	74875
149.766	0.25	1	2	74883
149.782	0.25	1	2	74891
149.8	0.25	1	2	74900
149.816	0.25	1	2	74908
149.832	0.25	1	2	74916
149.85	0.25	1	2	74925
149.866	0.25	1	2	74933
149.882	0.25	1	2	74941
149.9	0.25	0	1	74950
149.916	0.25	0	1	74958
149.932	0.25	0	1	74966
149.95	0.25	0	1	74975
149.966	0.25	1	2	74983
149.982	0.25	1	2	74991
150.0	0.25	1	2	75000
150.016	0.25	1	2	75008
150.032	0.25	0	1	75016
150.05	0.25	0	1	75025
150.066	0.25	0	1	75033
150.082	0.25	0	1	75041
150.1	0.25	1	2	75050
150.116	0.25	1	2	75058
150.132	0.25	1	2	75066
150.15	0.25	1	2	75075
150.166	0.25	0	1	75083
150.182	0.25	0	1	75091
150.2	0.25	0	1	75100
150.216	0.25	0	1	75108
150.232	0.25	1	2	75116
150.25	0.25	1	2	75125
150.266	0.25	0	1	75133
150.282	0.25	0	1	75141
150.3	0.25	1	2	75150
150.316	0.25	1	2	75158
150.332	0.25	1	2	75166
150.35	0.25	1	2	75175
150.366	0.25	0	1	75183
150.382	0.25	0	1	75191
150.4	0.25	1	2	75200
150.416	0.25	1	2	75208
150.432	0.25	0	1	75216
150.45	0.25	0	1	75225
150.466	0.25	0	1	75233
150.482	0.25	0	1	75241
150.5	0.25	1	2	75250
150.516	0.25	1	2	75258
150.532	0.25	0	1	75266
150.55	0.25	0	1	75275
150.566	0.25	1	2	75283
150.582	0.25	1	2	75291
150.6	0.25	1	2	75300
150.616	0.25	1	2	75308
150.632	0.25	1	2	75316
150.65	0.25	1	2	75325
150.666	0.25	0	1	75333
150.682	0.25	0	1	75341
150.7	0.25	0	1	75350
150.716	0.25	0	1	75358
150.732	0.25	0	1	75366
150.75	0.25	0	1	75375
150.766	0.25	1	2	75383
150.782	0.25	1	2	75391
150.8	0.25	0	1	75400
150.816	0.25	0	1	75408
150.832	0.25	1	2	75416
150.85	0.25	1	2	75425
150.866	0.25	1	2	75433
150.882	0.25	1	2	75441
150.9	0.25	1	2	75450
150.916	0.25	1	2	75458
150.932	0.25	0	1	75466
150.95	0.25	0	1	75475
150.966	0.25	0	1	75483
150.982	0.25	0	1	75491
151.0	0.25	1	2	75500
151.016	0.25	1	2	75508
151.032	0.25	0	1	75516
151.05	0.25	0	1	75525
151.066	0.25	1	2	75533
151.082	0.25	1	2	75541
151.1	0.25	0	1	75550
151.116	0.25	0	1	75558
151.132	0.25	0	1	75566
151.15	0.25	0	1	75575
151.166	0.25	0	1	75583
151.182	0.25	0	1	75591
151.2	0.25	1	2	75600
151.216	0.25	1	2	75608
151.232	0.25	1	2	75616
151.25	0.25	1	2	75625
151.266	0.25	0	1	75633
151.282	0.25	0	1	75641
151.3	0.25	1	2	75650
151.316	0.25	1	2	75658
151.332	0.25	0	1	75666
151.35	0.25	0	1	75675
151.366	0.25	0	1	75683
151.382	0.25	0	1	75691
151.4	0.25	0	1	75700
151.416	0.25	0	1	75708
151.432	0.25	1	2	75716
151.45	0.25	1	2	75725
151.466	0.25	0	1	75733
151.482	0.25	0	1	75741
151.5	0.25	1	2	75750
151.516	0.25	1	2	75758
151.532	0.25	0	1	75766
151.55	0.25	0	1	75775
151.566	0.25	0	1	75783
151.582	0.25	0	1	75791
151.6	0.25	1	2	75800
153.082	0.25	0	1	76541
153.1	0.25	0	1	76550
153.116	0.25	0	1	76558
153.132	0.25	0	1	76566
153.15	0.25	1	2	76575
153.166	0.25	1	2	76583
153.182	0.25	1	2	76591
153.2	0.25	1	2	76600
153.216	0.25	0	1	76608
153.232	0.25	0	1	76616
153.25	0.25	0	1	76625
153.266	0.25	0	1	76633
153.282	0.25	0	1	76641
153.3	0.25	0	1	76650
153.316	0.25	0	1	76658
153.332	0.25	0	1	76666
153.35	0.25	1	2	76675
153.366	0.25	1	2	76683
153.382	0.25	1	2	76691
153.4	0.25	1	2	76700
153.416	0.25	1	2	76708
153.432	0.25	1	2	76716
153.45	0.25	1	2	76725
153.466	0.25	1	2	76733
153.482	0.25	1	2	76741
153.5	0.25	1	2	76750
153.516	0.25	0	1	76758
153.532	0.25	0	1	76766
153.55	0.25	0	1	76775
153.566	0.25	0	1	76783
153.582	0.25	0	1	76791
153.6	0.25	0	1	76800
153.616	0.25	0	1	76808
153.632	0.25	0	1	76816
153.65	0.25	0	1	76825
153.666	0.25	0	1	76833
153.682	0.25	0	1	76841
153.7	0.25	0	1	76850
153.716	0.25	1	2	76858
153.732	0.25	1	2	76866
153.75	0.25	1	2	76875
153.766	0.25	1	2	76883
153.782	0.25	0	1	76891
153.8	0.25	0	1	76900
153.816	0.25	0	1	76908
153.832	0.25	0	1	76916
153.85	0.25	1	2	76925
153.866	0.25	1	2	76933
153.882	0.25	0	1	76941
153.9	0.25	0	1	76950
153.916	0.25	1	2	76958
153.932	0.25	1	2	76966
153.95	0.25	0	1	76975
153.966	0.25	0	1	76983
153.982	0.25	1	2	76991
154.0	0.25	1	2	77000
154.016	0.25	0	1	77008
154.032	0.25	0	1	77016
154.05	0.25	1	2	77025
154.066	0.25	1	2	77033
154.082	0.25	1	2	77041
154.1	0.25	1	2	77050
154.116	0.25	0	1	77058
154.132	0.25	0	1	77066
154.15	0.25	1	2	77075
154.166	0.25	1	2	77083
154.182	0.25	0	1	77091
154.2	0.25	0	1	77100
154.216	0.25	0	1	77108
154.232	0.25	0	1	77116
154.25	0.25	0	1	77125
154.266	0.25	0	1	77133
154.282	0.25	1	2	77141
154.3	0.25	1	2	77150
154.316	0.25	0	1	77158
154.332	0.25	0	1	77166
154.35	0.25	0	1	77175
154.366	0.25	0	1	77183
154.382	0.25	0	1	77191
154.4	0.25	0	1	77200
154.416	0.25	1	2	77208
154.432	0.25	1	2	77216
154.45	0.25	1	2	77225
154.466	0.25	1	2	77233
154.482	0.25	1	2	77241
154.5	0.25	1	2	77250
154.516	0.25	0	1	77258
154.532	0.25	0	1	77266
154.55	0.25	1	2	77275
154.566	0.25	1	2	77283
154.582	0.25	0	1	77291
154.6	0.25	0	1	77300
154.616	0.25	1	2	77308
154.632	0.25	1	2	77316
154.65	0.25	1	2	77325
154.666	0.25	1	2	77333
154.682	0.25	1	2	77341
154.7	0.25	1	2	77350
154.716	0.25	1	2	77358
154.732	0.25	1	2	77366
154.75	0.25	1	2	77375
154.766	0.25	1	2	77383
154.782	0.25	0	1	77391
154.8	0.25	0	1	77400
154.816	0.25	0	1	77408
154.832	0.25	0	1	77416
154.85	0.25	1	2	77425
154.866	0.25	1	2	77433
154.882	0.25	0	1	77441
154.9	0.25	0	1	77450
154.916	0.25	0	1	77458
154.932	0.25	0	1	77466
154.95	0.25	0	1	77475
154.966	0.25	0	1	77483
154.982	0.25	1	2	77491
155.0	0.25	1	2	77500
155.016	0.25	1	2	77508
156.5	0.25	1	2	78250
156.516	0.25	1	2	78258
156.532	0.25	1	2	78266
156.55	0.25	1	2	78275
156.566	0.25	0	1	78283
156.582	0.25	0	1	78291
156.6	0.25	1	2	78300
156.616	0.25	1	2	78308
156.632	0.25	1	2	78316
156.65	0.25	1	2	78325
156.666	0.25	0	1	78333
156.682	0.25	0	1	78341
156.7	0.25	1	2	78350
156.716	0.25	1	2	78358
156.732	0.25	1	2	78366
156.75	0.25	1	2	78375
156.766	0.25	0	1	78383
156.782	0.25	0	1	78391
156.8	0.25	1	2	78400
156.816	0.25	1	2	78408
156.832	0.25	1	2	78416
156.85	0.25	1	2	78425
156.866	0.25	0	1	78433
156.882	0.25	0	1	78441
156.9	0.25	0	1	78450
156.916	0.25	0	1	78458
156.932	0.25	0	1	78466
156.95	0.25	0	1	78475
156.966	0.25	1	2	78483
156.982	0.25	1	2	78491
157.0	0.25	1	2	78500
157.016	0.25	1	2	78508
157.032	0.25	1	2	78516
157.05	0.25	1	2	78525
157.066	0.25	0	1	78533
157.082	0.25	0	1	78541
157.1	0.25	0	1	78550
157.116	0.25	0	1	78558
157.132	0.25	0	1	78566
157.15	0.25	0	1	78575
157.166	0.25	1	2	78583
157.182	0.25	1	2	78591
157.2	0.25	1	2	78600
157.216	0.25	1	2	78608
157.232	0.25	1	2	78616
157.25	0.25	1	2	78625
157.266	0.25	1	2	78633
157.282	0.25	1	2	78641
157.3	0.25	1	2	78650
157.316	0.25	1	2	78658
157.332	0.25	0	1	78666
157.35	0.25	0	1	78675
157.366	0.25	0	1	78683
157.382	0.25	0	1	78691
157.4	0.25	1	2	78700
157.416	0.25	1	2	78708
157.432	0.25	0	1	78716
157.45	0.25	0	1	78725
157.466	0.25	1	2	78733
157.482	0.25	1	2	78741
157.5	0.25	0	1	78750
157.516	0.25	0	1	78758
157.532	0.25	0	1	78766
157.55	0.25	0	1	78775
157.566	0.25	1	2	78783
157.582	0.25	1	2	78791
157.6	0.25	1	2	78800
157.616	0.25	1	2	78808
157.632	0.25	0	1	78816
157.65	0.25	0	1	78825
157.666	0.25	0	1	78833
157.682	0.25	0	1	78841
157.7	0.25	0	1	78850
157.716	0.25	0	1	78858
157.732	0.25	0	1	78866
157.75	0.25	0	1	78875
157.766	0.25	1	2	78883
157.782	0.25	1	2	78891
157.8	0.25	0	1	78900
157.816	0.25	0	1	78908
157.832	0.25	0	1	78916
157.85	0.25	0	1	78925
157.866	0.25	0	1	78933
157.882	0.25	0	1	78941
157.9	0.25	0	1	78950
157.916	0.25	0	1	78958
157.932	0.25	1	2	78966
157.95	0.25	1	2	78975
157.966	0.25	1	2	78983
157.982	0.25	1	2	78991
158.0	0.25	1	2	79000
158.016	0.25	1	2	79008
158.032	0.25	1	2	79016
158.05	0.25	1	2	79025
158.066	0.25	1	2	79033
158.082	0.25	1	2	79041
158.1	0.25	1	2	79050
158.116	0.25	1	2	79058
158.132	0.25	0	1	79066
158.15	0.25	0	1	79075
158.166	0.25	1	2	79083
158.182	0.25	1	2	79091
158.2	0.25	0	1	79100
158.216	0.25	0	1	79108
158.232	0.25	1	2	79116
158.25	0.25	1	2	79125
158.266	0.25	0	1	79133
158.282	0.25	0	1	79141
158.3	0.25	0	1	79150
158.316	0.25	0	1	79158
158.332	0.25	1	2	79166
158.35	0.25	1	2	79175
158.366	0.25	1	2	79183
158.382	0.25	1	2	79191
158.4	0.25	0	1	79200
158.416	0.25	0	1	79208
158.432	0.25	0	1	79216
159.916	0.25	1	2	79958
159.932	0.25	1	2	79966
159.95	0.25	1	2	79975
159.966	0.25	1	2	79983
159.982	0.25	0	1	79991
160.0	0.25	0	1	80000
160.016	0.25	0	1	80008
160.032	0.25	0	1	80016
160.05	0.25	0	1	80025
160.066	0.25	0	1	80033
160.082	0.25	0	1	80041
160.1	0.25	0	1	80050
160.116	0.25	1	2	80058
160.132	0.25	1	2	80066
160.15	0.25	0	1	80075
160.166	0.25	0	1	80083
160.182	0.25	0	1	80091
160.2	0.25	0	1	80100
160.216	0.25	1	2	80108
160.232	0.25	1	2	80116
160.25	0.25	1	2	80125
160.266	0.25	1	2	80133
160.282	0.25	0	1	80141
160.3	0.25	0	1	80150
160.316	0.25	0	1	80158
160.332	0.25	0	1	80166
160.35	0.25	0	1	80175
160.366	0.25	0	1	80183
160.382	0.25	0	1	80191
160.4	0.25	0	1	80200
160.416	0.25	0	1	80208
160.432	0.25	0	1	80216
160.45	0.25	0	1	80225
160.466	0.25	0	1	80233
160.482	0.25	1	2	80241
160.5	0.25	1	2	80250
160.516	0.25	0	1	80258
160.532	0.25	0	1	80266
160.55	0.25	1	2	80275
160.566	0.25	1	2	80283
160.582	0.25	1	2	80291
160.6	0.25	1	2	80300
160.616	0.25	0	1	80308
160.632	0.25	0	1	80316
160.65	0.25	1	2	80325
160.666	0.25	1	2	80333
160.682	0.25	0	1	80341
160.7	0.25	0	1	80350
160.716	0.25	1	2	80358
160.732	0.25	1	2	80366
160.75	0.25	0	1	80375
160.766	0.25	0	1	80383
160.782	0.25	1	2	80391
160.8	0.25	1	2	80400
160.816	0.25	0	1	80408
160.832	0.25	0	1	80416
160.85	0.25	0	1	80425
160.866	0.25	0	1	80433
160.882	0.25	0	1	80441
160.9	0.25	0	1	80450
160.916	0.25	1	2	80458
160.932	0.25	1	2	80466
160.95	0.25	1	2	80475
160.966	0.25	1	2	80483
160.982	0.25	1	2	80491
161.0	0.25	1	2	80500
161.016	0.25	0	1	80508
161.032	0.25	0	1	80516
161.05	0.25	1	2	80525
161.066	0.25	1	2	80533
161.082	0.25	1	2	80541
161.1	0.25	1	2	80550
161.116	0.25	1	2	80558
161.132	0.25	1	2	80566
161.15	0.25	0	1	80575
161.166	0.25	0	1	80583
161.182	0.25	1	2	80591
161.2	0.25	1	2	80600
161.216	0.25	0	1	80608
161.232	0.25	0	1	80616
161.25	0.25	1	2	80625
161.266	0.25	1	2	80633
161.282	0.25	1	2	80641
161.3	0.25	1	2	80650
161.316	0.25	0	1	80658
161.332	0.25	0	1	80666
161.35	0.25	0	1	80675
161.366	0.25	0	1	80683
161.382	0.25	0	1	80691
161.4	0.25	0	1	80700
161.416	0.25	1	2	80708
161.432	0.25	1	2	80716
161.45	0.25	1	2	80725
161.466	0.25	1	2	80733
161.482	0.25	0	1	80741
161.5	0.25	0	1	80750
161.516	0.25	1	2	80758
161.532	0.25	1	2	80766
161.55	0.25	1	2	80775
161.566	0.25	1	2	80783
161.582	0.25	1	2	80791
161.6	0.25	1	2	80800
161.616	0.25	0	1	80808
161.632	0.25	0	1	80816
161.65	0.25	0	1	80825
161.666	0.25	0	1	80833
161.682	0.25	0	1	80841
161.7	0.25	0	1	80850
161.716	0.25	0	1	80858
161.732	0.25	0	1	80866
161.75	0.25	0	1	80875
161.766	0.25	0	1	80883
161.782	0.25	1	2	80891
161.8	0.25	1	2	80900
161.816	0.25	1	2	80908
161.832	0.25	1	2	80916
161.85	0.25	1	2	80925
165.4	0.25	1	2	82700
165.416	0.25	1	2	82708
165.432	0.25	1	2	82716
165.45	0.25	1	2	82725
165.466	0.25	0	1	82733
165.482	0.25	0	1	82741
165.5	0.25	0	1	82750
165.516	0.25	0	1	82758
165.532	0.25	0	1	82766
165.55	0.25	0	1	82775
165.566	0.25	0	1	82783
165.582	0.25	0	1	82791
165.6	0.25	1	2	82800
165.616	0.25	1	2	82808
165.632	0.25	0	1	82816
165.65	0.25	0	1	82825
165.666	0.25	0	1	82833
165.682	0.25	0	1	82841
165.7	0.25	1	2	82850
165.716	0.25	1	2	82858
165.732	0.25	1	2	82866
165.75	0.25	1	2	82875
165.766	0.25	0	1	82883
165.782	0.25	0	1	82891
165.8	0.25	0	1	82900
165.816	0.25	0	1	82908
165.832	0.25	0	1	82916
165.85	0.25	0	1	82925
165.866	0.25	0	1	82933
165.882	0.25	0	1	82941
165.9	0.25	0	1	82950
165.916	0.25	0	1	82958
165.932	0.25	0	1	82966
165.95	0.25	0	1	82975
165.966	0.25	1	2	82983
165.982	0.25	1	2	82991
166.0	0.25	0	1	83000
166.016	0.25	0	1	83008
166.032	0.25	1	2	83016
166.05	0.25	1	2	83025
166.066	0.25	1	2	83033
166.082	0.25	1	2	83041
166.1	0.25	0	1	83050
166.116	0.25	0	1	83058
166.132	0.25	1	2	83066
166.15	0.25	1	2	83075
166.166	0.25	0	1	83083
166.182	0.25	0	1	83091
166.2	0.25	1	2	83100
166.216	0.25	1	2	83108
166.232	0.25	0	1	83116
166.25	0.25	0	1	83125
166.266	0.25	1	2	83133
166.282	0.25	1	2	83141
166.3	0.25	0	1	83150
166.316	0.25	0	1	83158
166.332	0.25	0	1	83166
166.35	0.25	0	1	83175
166.366	0.25	0	1	83183
166.382	0.25	0	1	83191
166.4	0.25	1	2	83200
166.416	0.25	1	2	83208
166.432	0.25	1	2	83216
166.45	0.25	1	2	83225
166.466	0.25	1	2	83233
166.482	0.25	1	2	83241
166.5	0.25	0	1	83250
166.516	0.25	0	1	83258
166.532	0.25	1	2	83266
166.55	0.25	1	2	83275
166.566	0.25	1	2	83283
166.582	0.25	1	2	83291
166.6	0.25	1	2	83300
166.616	0.25	1	2	83308
166.632	0.25	0	1	83316
166.65	0.25	0	1	83325
166.666	0.25	1	2	83333
166.682	0.25	1	2	83341
166.7	0.25	0	1	83350
166.716	0.25	0	1	83358
166.732	0.25	1	2	83366
166.75	0.25	1	2	83375
166.766	0.25	1	2	83383
166.782	0.25	1	2	83391
166.8	0.25	0	1	83400
166.816	0.25	0	1	83408
166.832	0.25	0	1	83416
166.85	0.25	0	1	83425
166.866	0.25	0	1	83433
166.882	0.25	0	1	83441
166.9	0.25	1	2	83450
166.916	0.25	1	2	83458
166.932	0.25	1	2	83466
166.95	0.25	1	2	83475
166.966	0.25	0	1	83483
166.982	0.25	0	1	83491
167.0	0.25	1	2	83500
167.016	0.25	1	2	83508
167.032	0.25	1	2	83516
167.05	0.25	1	2	83525
167.066	0.25	1	2	83533
167.082	0.25	1	2	83541
167.1	0.25	0	1	83550
167.116	0.25	0	1	83558
167.132	0.25	0	1	83566
167.15	0.25	0	1	83575
167.166	0.25	0	1	83583
167.182	0.25	0	1	83591
167.2	0.25	0	1	83600
167.216	0.25	0	1	83608
167.232	0.25	0	1	83616
167.25	0.25	0	1	83625
167.266	0.25	1	2	83633
167.282	0.25	1	2	83641
167.3	0.25	1	2	83650
167.316	0.25	1	2	83658
167.332	0.25	1	2	83666
168.816	0.25	1	2	84408
168.832	0.25	1	2	84416
168.85	0.25	1	2	84425
168.866	0.25	1	2	84433
168.882	0.25	1	2	84441
168.9	0.25	1	2	84450
168.916	0.25	1	2	84458
168.932	0.25	1	2	84466
168.95	0.25	1	2	84475
168.966	0.25	1	2	84483
168.982	0.25	1	2	84491
169.0	0.25	1	2	84500
169.016	0.25	1	2	84508
169.032	0.25	1	2	84516
169.05	0.25	0	1	84525
169.066	0.25	0	1	84533
169.082	0.25	0	1	84541
169.1	0.25	0	1	84550
169.116	0.25	1	2	84558
169.132	0.25	1	2	84566
169.15	0.25	1	2	84575
169.166	0.25	1	2	84583
169.182	0.25	0	1	84591
169.2	0.25	0	1	84600
169.216	0.25	0	1	84608
169.232	0.25	0	1	84616
169.25	0.25	1	2	84625
169.266	0.25	1	2	84633
169.282	0.25	1	2	84641
169.3	0.25	1	2	84650
169.316	0.25	0	1	84658
169.332	0.25	0	1	84666
169.35	0.25	0	1	84675
169.366	0.25	0	1	84683
169.382	0.25	1	2	84691
169.4	0.25	1	2	84700
169.416	0.25	0	1	84708
169.432	0.25	0	1	84716
169.45	0.25	1	2	84725
169.466	0.25	1	2	84733
169.482	0.25	1	2	84741
169.5	0.25	1	2	84750
169.516	0.25	0	1	84758
169.532	0.25	0	1	84766
169.55	0.25	1	2	84775
169.566	0.25	1	2	84783
169.582	0.25	0	1	84791
169.6	0.25	0	1	84800
169.616	0.25	0	1	84808
169.632	0.25	0	1	84816
169.65	0.25	1	2	84825
169.666	0.25	1	2	84833
169.682	0.25	0	1	84841
169.7	0.25	0	1	84850
169.716	0.25	1	2	84858
169.732	0.25	1	2	84866
169.75	0.25	1	2	84875
169.766	0.25	1	2	84883
169.782	0.25	1	2	84891
169.8	0.25	1	2	84900
169.816	0.25	0	1	84908
169.832	0.25	0	1	84916
169.85	0.25	0	1	84925
169.866	0.25	0	1	84933
169.882	0.25	0	1	84941
169.9	0.25	0	1	84950
169.916	0.25	1	2	84958
169.932	0.25	1	2	84966
169.95	0.25	0	1	84975
169.966	0.25	0	1	84983
169.982	0.25	1	2	84991
170.0	0.25	1	2	85000
170.016	0.25	1	2	85008
170.032	0.25	1	2	85016
170.05	0.25	1	2	85025
170.066	0.25	1	2	85033
170.082	0.25	0	1	85041
170.1	0.25	0	1	85050
170.116	0.25	0	1	85058
170.132	0.25	0	1	85066
170.15	0.25	1	2	85075
170.166	0.25	1	2	85083
170.182	0.25	0	1	85091
170.2	0.25	0	1	85100
170.216	0.25	1	2	85108
170.232	0.25	1	2	85116
170.25	0.25	0	1	85125
170.266	0.25	0	1	85133
170.282	0.25	0	1	85141
170.3	0.25	0	1	85150
170.316	0.25	0	1	85158
170.332	0.25	0	1	85166
170.35	0.25	1	2	85175
170.366	0.25	1	2	85183
170.382	0.25	1	2	85191
170.4	0.25	1	2	85200
170.416	0.25	0	1	85208
170.432	0.25	0	1	85216
170.45	0.25	1	2	85225
170.466	0.25	1	2	85233
170.482	0.25	0	1	85241
170.5	0.25	0	1	85250
170.516	0.25	0	1	85258
170.532	0.25	0	1	85266
170.55	0.25	0	1	85275
170.566	0.25	0	1	85283
170.582	0.25	1	2	85291
170.6	0.25	1	2	85300
170.616	0.25	0	1	85308
170.632	0.25	0	1	85316
170.65	0.25	1	2	85325
170.666	0.25	1	2	85333
170.682	0.25	0	1	85341
170.7	0.25	0	1	85350
170.716	0.25	0	1	85358
170.732	0.25	0	1	85366
170.75	0.25	1	2	85375
172.232	0.25	1	2	86116
172.25	0.25	1	2	86125
172.266	0.25	1	2	86133
172.282	0.25	1	2	86141
172.3	0.25	0	1	86150
172.316	0.25	0	1	86158
172.332	0.25	1	2	86166
172.35	0.25	1	2	86175
172.366	0.25	1	2	86183
172.382	0.25	1	2	86191
172.4	0.25	0	1	86200
172.416	0.25	0	1	86208
172.432	0.25	1	2	86216
172.45	0.25	1	2	86225
172.466	0.25	1	2	86233
172.482	0.25	1	2	86241
172.5	0.25	0	1	86250
172.516	0.25	0	1	86258
172.532	0.25	1	2	86266
172.55	0.25	1	2	86275
172.566	0.25	1	2	86283
172.582	0.25	1	2	86291
172.6	0.25	0	1	86300
172.616	0.25	0	1	86308
172.632	0.25	0	1	86316
172.65	0.25	0	1	86325
172.666	0.25	0	1	86333
172.682	0.25	0	1	86341
172.7	0.25	1	2	86350
172.716	0.25	1	2	86358
172.732	0.25	1	2	86366
172.75	0.25	1	2	86375
172.766	0.25	1	2	86383
172.782	0.25	1	2	86391
172.8	0.25	0	1	86400
172.816	0.25	0	1	86408
172.832	0.25	0	1	86416
172.85	0.25	0	1	86425
172.866	0.25	0	1	86433
172.882	0.25	0	1	86441
172.9	0.25	1	2	86450
172.916	0.25	1	2	86458
172.932	0.25	1	2	86466
172.95	0.25	1	2	86475
172.966	0.25	1	2	86483
172.982	0.25	1	2	86491
173.0	0.25	1	2	86500
173.016	0.25	1	2	86508
173.032	0.25	1	2	86516
173.05	0.25	1	2	86525
173.066	0.25	0	1	86533
173.082	0.25	0	1	86541
173.1	0.25	0	1	86550
173.116	0.25	0	1	86558
173.132	0.25	1	2	86566
173.15	0.25	1	2	86575
173.166	0.25	0	1	86583
173.182	0.25	0	1	86591
173.2	0.25	1	2	86600
173.216	0.25	1	2	86608
173.232	0.25	0	1	86616
173.25	0.25	0	1	86625
173.266	0.25	0	1	86633
173.282	0.25	0	1	86641
173.3	0.25	1	2	86650
173.316	0.25	1	2	86658
173.332	0.25	1	2	86666
173.35	0.25	1	2	86675
173.366	0.25	0	1	86683
173.382	0.25	0	1	86691
173.4	0.25	0	1	86700
173.416	0.25	0	1	86708
173.432	0.25	0	1	86716
173.45	0.25	0	1	86725
173.466	0.25	0	1	86733
173.482	0.25	0	1	86741
173.5	0.25	1	2	86750
173.516	0.25	1	2	86758
173.532	0.25	0	1	86766
173.55	0.25	0	1	86775
173.566	0.25	0	1	86783
173.582	0.25	0	1	86791
173.6	0.25	0	1	86800
173.616	0.25	0	1	86808
173.632	0.25	0	1	86816
173.65	0.25	0	1	86825
173.666	0.25	1	2	86833
173.682	0.25	1	2	86841
173.7	0.25	1	2	86850
173.716	0.25	1	2	86858
173.732	0.25	1	2	86866
173.75	0.25	1	2	86875
173.766	0.25	1	2	86883
173.782	0.25	1	2	86891
173.8	0.25	1	2	86900
173.816	0.25	1	2	86908
173.832	0.25	1	2	86916
173.85	0.25	1	2	86925
173.866	0.25	0	1	86933
173.882	0.25	0	1	86941
173.9	0.25	1	2	86950
173.916	0.25	1	2	86958
173.932	0.25	0	1	86966
173.95	0.25	0	1	86975
173.966	0.25	1	2	86983
173.982	0.25	1	2	86991
174.0	0.25	0	1	87000
174.016	0.25	0	1	87008
174.032	0.25	0	1	87016
174.05	0.25	0	1	87025
174.066	0.25	1	2	87033
174.082	0.25	1	2	87041
174.1	0.25	1	2	87050
174.116	0.25	1	2	87058
174.132	0.25	0	1	87066
174.15	0.25	0	1	87075
174.166	0.25	0	1	87083
175.65	0.25	0	1	87825
175.666	0.25	0	1	87833
175.682	0.25	0	1	87841
175.7	0.25	0	1	87850
175.716	0.25	1	2	87858
175.732	0.25	1	2	87866
175.75	0.25	1	2	87875
175.766	0.25	1	2	87883
175.782	0.25	0	1	87891
175.8	0.25	0	1	87900
175.816	0.25	0	1	87908
175.832	0.25	0	1	87916
175.85	0.25	0	1	87925
175.866	0.25	0	1	87933
175.882	0.25	0	1	87941
175.9	0.25	0	1	87950
175.916	0.25	1	2	87958
175.932	0.25	1	2	87966
175.95	0.25	1	2	87975
175.966	0.25	1	2	87983
175.982	0.25	1	2	87991
176.0	0.25	1	2	88000
176.016	0.25	1	2	88008
176.032	0.25	1	2	88016
176.05	0.25	1	2	88025
176.066	0.25	1	2	88033
176.082	0.25	0	1	88041
176.1	0.25	0	1	88050
176.116	0.25	0	1	88058
176.132	0.25	0	1	88066
176.15	0.25	0	1	88075
176.166	0.25	0	1	88083
176.182	0.25	0	1	88091
176.2	0.25	0	1	88100
176.216	0.25	0	1	88108
176.232	0.25	0	1	88116
176.25	0.25	0	1	88125
176.266	0.25	0	1	88133
176.282	0.25	1	2	88141
176.3	0.25	1	2	88150
176.316	0.25	1	2	88158
176.332	0.25	1	2	88166
176.35	0.25	0	1	88175
176.366	0.25	0	1	88183
176.382	0.25	0	1	88191
176.4	0.25	0	1	88200
176.416	0.25	1	2	88208
176.432	0.25	1	2	88216
176.45	0.25	0	1	88225
176.466	0.25	0	1	88233
176.482	0.25	1	2	88241
176.5	0.25	1	2	88250
176.516	0.25	0	1	88258
176.532	0.25	0	1	88266
176.55	0.25	1	2	88275
176.566	0.25	1	2	88283
176.582	0.25	0	1	88291
176.6	0.25	0	1	88300
176.616	0.25	1	2	88308
176.632	0.25	1	2	88316
176.65	0.25	1	2	88325
176.666	0.25	1	2	88333
176.682	0.25	0	1	88341
176.7	0.25	0	1	88350
176.716	0.25	1	2	88358
176.732	0.25	1	2	88366
176.75	0.25	0	1	88375
176.766	0.25	0	1	88383
176.782	0.25	0	1	88391
176.8	0.25	0	1	88400
176.816	0.25	0	1	88408
176.832	0.25	0	1	88416
176.85	0.25	1	2	88425
176.866	0.25	1	2	88433
176.882	0.25	0	1	88441
176.9	0.25	0	1	88450
176.916	0.25	0	1	88458
176.932	0.25	0	1	88466
176.95	0.25	0	1	88475
176.966	0.25	0	1	88483
176.982	0.25	1	2	88491
177.0	0.25	1	2	88500
177.016	0.25	1	2	88508
177.032	0.25	1	2	88516
177.05	0.25	1	2	88525
177.066	0.25	1	2	88533
177.082	0.25	0	1	88541
177.1	0.25	0	1	88550
177.116	0.25	1	2	88558
177.132	0.25	1	2	88566
177.15	0.25	0	1	88575
177.166	0.25	0	1	88583
177.182	0.25	1	2	88591
177.2	0.25	1	2	88600
177.216	0.25	1	2	88608
177.232	0.25	1	2	88616
177.25	0.25	1	2	88625
177.266	0.25	1	2	88633
177.282	0.25	1	2	88641
177.3	0.25	1	2	88650
177.316	0.25	1	2	88658
177.332	0.25	1	2	88666
177.35	0.25	0	1	88675
177.366	0.25	0	1	88683
177.382	0.25	0	1	88691
177.4	0.25	0	1	88700
177.416	0.25	1	2	88708
177.432	0.25	1	2	88716
177.45	0.25	0	1	88725
177.466	0.25	0	1	88733
177.482	0.25	0	1	88741
177.5	0.25	0	1	88750
177.516	0.25	0	1	88758
177.532	0.25	0	1	88766
177.55	0.25	1	2	88775
177.566	0.25	1	2	88783
177.582	0.25	1	2	88791
181.166	0.25	1	2	90583
181.182	0.25	1	2	90591
181.2	0.25	1	2	90600
181.216	0.25	1	2	90608
181.232	0.25	1	2	90616
181.25	0.25	1	2	90625
181.266	0.25	1	2	90633
181.282	0.25	1	2	90641
181.3	0.25	1	2	90650
181.316	0.25	1	2	90658
181.332	0.25	1	2	90666
181.35	0.25	1	2	90675
181.366	0.25	1	2	90683
181.382	0.25	1	2	90691
181.4	0.25	0	1	90700
181.416	0.25	0	1	90708
181.432	0.25	0	1	90716
181.45	0.25	0	1	90725
181.466	0.25	1	2	90733
181.482	0.25	1	2	90741
181.5	0.25	1	2	90750
181.516	0.25	1	2	90758
181.532	0.25	0	1	90766
181.55	0.25	0	1	90775
181.566	0.25	0	1	90783
181.582	0.25	0	1	90791
181.6	0.25	1	2	90800
181.616	0.25	1	2	90808
181.632	0.25	1	2	90816
181.65	0.25	1	2	90825
181.666	0.25	0	1	90833
181.682	0.25	0	1	90841
181.7	0.25	0	1	90850
181.716	0.25	0	1	90858
181.732	0.25	1	2	90866
181.75	0.25	1	2	90875
181.766	0.25	0	1	90883
181.782	0.25	0	1	90891
181.8	0.25	1	2	90900
181.816	0.25	1	2	90908
181.832	0.25	1	2	90916
181.85	0.25	1	2	90925
181.866	0.25	0	1	90933
181.882	0.25	0	1	90941
181.9	0.25	1	2	90950
181.916	0.25	1	2	90958
181.932	0.25	0	1	90966
181.95	0.25	0	1	90975
181.966	0.25	0	1	90983
181.982	0.25	0	1	90991
182.0	0.25	1	2	91000
182.016	0.25	1	2	91008
182.032	0.25	0	1	91016
182.05	0.25	0	1	91025
182.066	0.25	1	2	91033
182.082	0.25	1	2	91041
182.1	0.25	1	2	91050
182.116	0.25	1	2	91058
182.132	0.25	1	2	91066
182.15	0.25	1	2	91075
182.166	0.25	0	1	91083
182.182	0.25	0	1	91091
182.2	0.25	0	1	91100
182.216	0.25	0	1	91108
182.232	0.25	0	1	91116
182.25	0.25	0	1	91125
182.266	0.25	1	2	91133
182.282	0.25	1	2	91141
182.3	0.25	0	1	91150
182.316	0.25	0	1	91158
182.332	0.25	1	2	91166
182.35	0.25	1	2	91175
182.366	0.25	1	2	91183
182.382	0.25	1	2	91191
182.4	0.25	1	2	91200
182.416	0.25	1	2	91208
182.432	0.25	0	1	91216
182.45	0.25	0	1	91225
182.466	0.25	0	1	91233
182.482	0.25	0	1	91241
182.5	0.25	1	2	91250
182.516	0.25	1	2	91258
182.532	0.25	0	1	91266
182.55	0.25	0	1	91275
182.566	0.25	1	2	91283
182.582	0.25	1	2	91291
182.6	0.25	0	1	91300
182.616	0.25	0	1	91308
182.632	0.25	0	1	91316
182.65	0.25	0	1	91325
182.666	0.25	0	1	91333
182.682	0.25	0	1	91341
182.7	0.25	1	2	91350
182.716	0.25	1	2	91358
182.732	0.25	1	2	91366
182.75	0.25	1	2	91375
182.766	0.25	0	1	91383
182.782	0.25	0	1	91391
182.8	0.25	1	2	91400
182.816	0.25	1	2	91408
182.832	0.25	0	1	91416
182.85	0.25	0	1	91425
182.866	0.25	0	1	91433
182.882	0.25	0	1	91441
182.9	0.25	0	1	91450
182.916	0.25	0	1	91458
182.932	0.25	1	2	91466
182.95	0.25	1	2	91475
182.966	0.25	0	1	91483
182.982	0.25	0	1	91491
183.0	0.25	1	2	91500
183.016	0.25	1	2	91508
183.032	0.25	0	1	91516
183.05	0.25	0	1	91525
183.066	0.25	0	1	91533
183.082	0.25	0	1	91541
183.1	0.25	1	2	91550
184.582	0.25	1	2	92291
184.6	0.25	1	2	92300
184.616	0.25	1	2	92308
184.632	0.25	1	2	92316
184.65	0.25	0	1	92325
184.666	0.25	0	1	92333
184.682	0.25	1	2	92341
184.7	0.25	1	2	92350
184.716	0.25	1	2	92358
184.732	0.25	1	2	92366
184.75	0.25	0	1	92375
184.766	0.25	0	1	92383
184.782	0.25	1	2	92391
184.8	0.25	1	2	92400
184.816	0.25	1	2	92408
184.832	0.25	1	2	92416
184.85	0.25	0	1	92425
184.866	0.25	0	1	92433
184.882	0.25	1	2	92441
184.9	0.25	1	2	92450
184.916	0.25	1	2	92458
184.932	0.25	1	2	92466
184.95	0.25	0	1	92475
184.966	0.25	0	1	92483
184.982	0.25	0	1	92491
185.0	0.25	0	1	92500
185.016	0.25	0	1	92508
185.032	0.25	0	1	92516
185.05	0.25	1	2	92525
185.066	0.25	1	2	92533
185.082	0.25	1	2	92541
185.1	0.25	1	2	92550
185.116	0.25	1	2	92558
185.132	0.25	1	2	92566
185.15	0.25	0	1	92575
185.166	0.25	0	1	92583
185.182	0.25	0	1	92591
185.2	0.25	0	1	92600
185.216	0.25	0	1	92608
185.232	0.25	0	1	92616
185.25	0.25	1	2	92625
185.266	0.25	1	2	92633
185.282	0.25	1	2	92641
185.3	0.25	1	2	92650
185.316	0.25	1	2	92658
185.332	0.25	1	2	92666
185.35	0.25	1	2	92675
185.366	0.25	1	2	92683
185.382	0.25	1	2	92691
185.4	0.25	1	2	92700
185.416	0.25	0	1	92708
185.432	0.25	0	1	92716
185.45	0.25	0	1	92725
185.466	0.25	0	1	92733
185.482	0.25	1	2	92741
185.5	0.25	1	2	92750
185.516	0.25	0	1	92758
185.532	0.25	0	1	92766
185.55	0.25	1	2	92775
185.566	0.25	1	2	92783
185.582	0.25	0	1	92791
185.6	0.25	0	1	92800
185.616	0.25	0	1	92808
185.632	0.25	0	1	92816
185.65	0.25	1	2	92825
185.666	0.25	1	2	92833
185.682	0.25	1	2	92841
185.7	0.25	1	2	92850
185.716	0.25	0	1	92858
185.732	0.25	0	1	92866
185.75	0.25	0	1	92875
185.766	0.25	0	1	92883
185.782	0.25	0	1	92891
185.8	0.25	0	1	92900
185.816	0.25	0	1	92908
185.832	0.25	0	1	92916
185.85	0.25	1	2	92925
185.866	0.25	1	2	92933
185.882	0.25	0	1	92941
185.9	0.25	0	1	92950
185.916	0.25	0	1	92958
185.932	0.25	0	1	92966
185.95	0.25	0	1	92975
185.966	0.25	0	1	92983
185.982	0.25	0	1	92991
186.0	0.25	0	1	93000
186.016	0.25	1	2	93008
186.032	0.25	1	2	93016
186.05	0.25	1	2	93025
186.066	0.25	1	2	93033
186.082	0.25	1	2	93041
186.1	0.25	1	2	93050
186.116	0.25	1	2	93058
186.132	0.25	1	2	93066
186.15	0.25	1	2	93075
186.166	0.25	1	2	93083
186.182	0.25	1	2	93091
186.2	0.25	1	2	93100
186.216	0.25	0	1	93108
186.232	0.25	0	1	93116
186.25	0.25	1	2	93125
186.266	0.25	1	2	93133
186.282	0.25	0	1	93141
186.3	0.25	0	1	93150
186.316	0.25	1	2	93158
186.332	0.25	1	2	93166
186.35	0.25	0	1	93175
186.366	0.25	0	1	93183
186.382	0.25	0	1	93191
186.4	0.25	0	1	93200
186.416	0.25	1	2	93208
186.432	0.25	1	2	93216
186.45	0.25	1	2	93225
186.466	0.25	1	2	93233
186.482	0.25	0	1	93241
186.5	0.25	0	1	93250
186.516	0.25	0	1	93258
188.0	0.25	0	1	94000
188.016	0.25	0	1	94008
188.032	0.25	0	1	94016
188.05	0.25	0	1	94025
188.066	0.25	1	2	94033
188.082	0.25	1	2	94041
188.1	0.25	1	2	94050
188.116	0.25	1	2	94058
188.132	0.25	0	1	94066
188.15	0.25	0	1	94075
188.166	0.25	0	1	94083
188.182	0.25	0	1	94091
188.2	0.25	0	1	94100
188.216	0.25	0	1	94108
188.232	0.25	0	1	94116
188.25	0.25	0	1	94125
188.266	0.25	1	2	94133
188.282	0.25	1	2	94141
188.3	0.25	1	2	94150
188.316	0.25	1	2	94158
188.332	0.25	1	2	94166
188.35	0.25	1	2	94175
188.366	0.25	1	2	94183
188.382	0.25	1	2	94191
188.4	0.25	1	2	94200
188.416	0.25	1	2	94208
188.432	0.25	0	1	94216
188.45	0.25	0	1	94225
188.466	0.25	0	1	94233
188.482	0.25	0	1	94241
188.5	0.25	0	1	94250
188.516	0.25	0	1	94258
188.532	0.25	0	1	94266
188.55	0.25	0	1	94275
188.566	0.25	0	1	94283
188.582	0.25	0	1	94291
188.6	0.25	0	1	94300
188.616	0.25	0	1	94308
188.632	0.25	1	2	94316
188.65	0.25	1	2	94325
188.666	0.25	1	2	94333
188.682	0.25	1	2	94341
188.7	0.25	0	1	94350
188.716	0.25	0	1	94358
188.732	0.25	0	1	94366
188.75	0.25	0	1	94375
188.766	0.25	1	2	94383
188.782	0.25	1	2	94391
188.8	0.25	0	1	94400
188.816	0.25	0	1	94408
188.832	0.25	1	2	94416
188.85	0.25	1	2	94425
188.866	0.25	0	1	94433
188.882	0.25	0	1	94441
188.9	0.25	1	2	94450
188.916	0.25	1	2	94458
188.932	0.25	0	1	94466
188.95	0.25	0	1	94475
188.966	0.25	1	2	94483
188.982	0.25	1	2	94491
189.0	0.25	1	2	94500
189.016	0.25	1	2	94508
189.032	0.25	0	1	94516
189.05	0.25	0	1	94525
189.066	0.25	1	2	94533
189.082	0.25	1	2	94541
189.1	0.25	0	1	94550
189.116	0.25	0	1	94558
189.132	0.25	0	1	94566
189.15	0.25	0	1	94575
189.166	0.25	0	1	94583
189.182	0.25	0	1	94591
189.2	0.25	1	2	94600
189.216	0.25	1	2	94608
189.232	0.25	0	1	94616
189.25	0.25	0	1	94625
189.266	0.25	0	1	94633
189.282	0.25	0	1	94641
189.3	0.25	0	1	94650
189.316	0.25	0	1	94658
189.332	0.25	1	2	94666
189.35	0.25	1	2	94675
189.366	0.25	1	2	94683
189.382	0.25	1	2	94691
189.4	0.25	1	2	94700
189.416	0.25	1	2	94708
189.432	0.25	0	1	94716
189.45	0.25	0	1	94725
189.466	0.25	1	2	94733
189.482	0.25	1	2	94741
189.5	0.25	0	1	94750
189.516	0.25	0	1	94758
189.532	0.25	1	2	94766
189.55	0.25	1	2	94775
189.566	0.25	1	2	94783
189.582	0.25	1	2	94791
189.6	0.25	1	2	94800
189.616	0.25	1	2	94808
189.632	0.25	1	2	94816
189.65	0.25	1	2	94825
189.666	0.25	1	2	94833
189.682	0.25	1	2	94841
189.7	0.25	0	1	94850
189.716	0.25	0	1	94858
189.732	0.25	0	1	94866
189.75	0.25	0	1	94875
189.766	0.25	1	2	94883
189.782	0.25	1	2	94891
189.8	0.25	0	1	94900
189.816	0.25	0	1	94908
189.832	0.25	0	1	94916
189.85	0.25	0	1	94925
189.866	0.25	0	1	94933
189.882	0.25	0	1	94941
189.9	0.25	1	2	94950
189.916	0.25	1	2	94958
189.932	0.25	1	2	94966
191.416	0.25	1	2	95708
191.432	0.25	1	2	95716
191.45	0.25	1	2	95725
191.466	0.25	1	2	95733
191.482	0.25	0	1	95741
191.5	0.25	0	1	95750
191.516	0.25	0	1	95758
191.532	0.25	0	1	95766
191.55	0.25	0	1	95775
191.566	0.25	0	1	95783
191.582	0.25	0	1	95791
191.6	0.25	0	1	95800
191.616	0.25	1	2	95808
191.632	0.25	1	2	95816
191.65	0.25	0	1	95825
191.666	0.25	0	1	95833
191.682	0.25	0	1	95841
191.7	0.25	0	1	95850
191.716	0.25	1	2	95858
191.732	0.25	1	2	95866
191.75	0.25	1	2	95875
191.766	0.25	1	2	95883
191.782	0.25	0	1	95891
191.8	0.25	0	1	95900
191.816	0.25	0	1	95908
191.832	0.25	0	1	95916
191.85	0.25	0	1	95925
191.866	0.25	0	1	95933
191.882	0.25	0	1	95941
191.9	0.25	0	1	95950
191.916	0.25	0	1	95958
191.932	0.25	0	1	95966
191.95	0.25	0	1	95975
191.966	0.25	0	1	95983
191.982	0.25	1	2	95991
192.0	0.25	1	2	96000
192.016	0.25	0	1	96008
192.032	0.25	0	1	96016
192.05	0.25	1	2	96025
192.066	0.25	1	2	96033
192.082	0.25	1	2	96041
192.1	0.25	1	2	96050
192.116	0.25	0	1	96058
192.132	0.25	0	1	96066
192.15	0.25	1	2	96075
192.166	0.25	1	2	96083
192.182	0.25	0	1	96091
192.2	0.25	0	1	96100
192.216	0.25	1	2	96108
192.232	0.25	1	2	96116
192.25	0.25	0	1	96125
192.266	0.25	0	1	96133
192.282	0.25	1	2	96141
192.3	0.25	1	2	96150
192.316	0.25	0	1	96158
192.332	0.25	0	1	96166
192.35	0.25	0	1	96175
192.366	0.25	0	1	96183
192.382	0.25	0	1	96191
192.4	0.25	0	1	96200
192.416	0.25	1	2	96208
192.432	0.25	1	2	96216
192.45	0.25	1	2	96225
192.466	0.25	1	2	96233
192.482	0.25	1	2	96241
192.5	0.25	1	2	96250
192.516	0.25	0	1	96258
192.532	0.25	0	1	96266
192.55	0.25	1	2	96275
192.566	0.25	1	2	96283
192.582	0.25	1	2	96291
192.6	0.25	1	2	96300
192.616	0.25	1	2	96308
192.632	0.25	1	2	96316
192.65	0.25	0	1	96325
192.666	0.25	0	1	96333
192.682	0.25	1	2	96341
192.7	0.25	1	2	96350
192.716	0.25	0	1	96358
192.732	0.25	0	1	96366
192.75	0.25	1	2	96375
192.766	0.25	1	2	96383
192.782	0.25	1	2	96391
192.8	0.25	1	2	96400
192.816	0.25	0	1	96408
192.832	0.25	0	1	96416
192.85	0.25	0	1	96425
192.866	0.25	0	1	96433
192.882	0.25	0	1	96441
192.9	0.25	0	1	96450
192.916	0.25	1	2	96458
192.932	0.25	1	2	96466
192.95	0.25	1	2	96475
192.966	0.25	1	2	96483
192.982	0.25	0	1	96491
193.0	0.25	0	1	96500
193.016	0.25	1	2	96508
193.032	0.25	1	2	96516
193.05	0.25	1	2	96525
193.066	0.25	1	2	96533
193.082	0.25	1	2	96541
193.1	0.25	1	2	96550
193.116	0.25	0	1	96558
193.132	0.25	0	1	96566
193.15	0.25	0	1	96575
193.166	0.25	0	1	96583
193.182	0.25	0	1	96591
193.2	0.25	0	1	96600
193.216	0.25	0	1	96608
193.232	0.25	0	1	96616
193.25	0.25	0	1	96625
193.266	0.25	0	1	96633
193.282	0.25	1	2	96641
193.3	0.25	1	2	96650
193.316	0.25	1	2	96658
193.332	0.25	1	2	96666
193.35	0.25	1	2	96675
196.95	0.25	1	2	98475
196.966	0.25	1	2	98483
196.982	0.25	1	2	98491
197.0	0.25	1	2	98500
197.016	0.25	1	2	98508
197.032	0.25	1	2	98516
197.05	0.25	1	2	98525
197.066	0.25	1	2	98533
197.082	0.25	1	2	98541
197.1	0.25	1	2	98550
197.116	0.25	1	2	98558
197.132	0.25	1	2	98566
197.15	0.25	1	2	98575
197.166	0.25	1	2	98583
197.182	0.25	0	1	98591
197.2	0.25	0	1	98600
197.216	0.25	0	1	98608
197.232	0.25	0	1	98616
197.25	0.25	1	2	98625
197.266	0.25	1	2	98633
197.282	0.25	1	2	98641
197.3	0.25	1	2	98650
197.316	0.25	0	1	98658
197.332	0.25	0	1	98666
197.35	0.25	0	1	98675
197.366	0.25	0	1	98683
197.382	0.25	1	2	98691
197.4	0.25	1	2	98700
197.416	0.25	1	2	98708
197.432	0.25	1	2	98716
197.45	0.25	0	1	98725
197.466	0.25	0	1	98733
197.482	0.25	0	1	98741
197.5	0.25	0	1	98750
197.516	0.25	1	2	98758
197.532	0.25	1	2	98766
197.55	0.25	0	1	98775
197.566	0.25	0	1	98783
197.582	0.25	1	2	98791
197.6	0.25	1	2	98800
197.616	0.25	1	2	98808
197.632	0.25	1	2	98816
197.65	0.25	0	1	98825
197.666	0.25	0	1	98833
197.682	0.25	1	2	98841
197.7	0.25	1	2	98850
197.716	0.25	0	1	98858
197.732	0.25	0	1	98866
197.75	0.25	0	1	98875
197.766	0.25	0	1	98883
197.782	0.25	1	2	98891
197.8	0.25	1	2	98900
197.816	0.25	0	1	98908
197.832	0.25	0	1	98916
197.85	0.25	1	2	98925
197.866	0.25	1	2	98933
197.882	0.25	1	2	98941
197.9	0.25	1	2	98950
197.916	0.25	1	2	98958
197.932	0.25	1	2	98966
197.95	0.25	0	1	98975
197.966	0.25	0	1	98983
197.982	0.25	0	1	98991
198.0	0.25	0	1	99000
198.016	0.25	0	1	99008
198.032	0.25	0	1	99016
198.05	0.25	1	2	99025
198.066	0.25	1	2	99033
198.082	0.25	0	1	99041
198.1	0.25	0	1	99050
198.116	0.25	1	2	99058
198.132	0.25	1	2	99066
198.15	0.25	1	2	99075
198.166	0.25	1	2	99083
198.182	0.25	1	2	99091
198.2	0.25	1	2	99100
198.216	0.25	0	1	99108
198.232	0.25	0	1	99116
198.25	0.25	0	1	99125
198.266	0.25	0	1	99133
198.282	0.25	1	2	99141
198.3	0.25	1	2	99150
198.316	0.25	0	1	99158
198.332	0.25	0	1	99166
198.35	0.25	1	2	99175
198.366	0.25	1	2	99183
198.382	0.25	0	1	99191
198.4	0.25	0	1	99200
198.416	0.25	0	1	99208
198.432	0.25	0	1	99216
198.45	0.25	0	1	99225
198.466	0.25	0	1	99233
198.482	0.25	1	2	99241
198.5	0.25	1	2	99250
198.516	0.25	1	2	99258
198.532	0.25	1	2	99266
198.55	0.25	0	1	99275
198.566	0.25	0	1	99283
198.582	0.25	1	2	99291
198.6	0.25	1	2	99300
198.616	0.25	0	1	99308
198.632	0.25	0	1	99316
198.65	0.25	0	1	99325
198.666	0.25	0	1	99333
198.682	0.25	0	1	99341
198.7	0.25	0	1	99350
198.716	0.25	1	2	99358
198.732	0.25	1	2	99366
198.75	0.25	0	1	99375
198.766	0.25	0	1	99383
198.782	0.25	1	2	99391
198.8	0.25	1	2	99400
198.816	0.25	0	1	99408
198.832	0.25	0	1	99416
198.85	0.25	0	1	99425
198.866	0.25	0	1	99433
198.882	0.25	1	2	99441
200.366	0.25	1	2	100183
200.382	0.25	1	2	100191
200.4	0.25	1	2	100200
200.416	0.25	1	2	100208
200.432	0.25	0	1	100216
200.45	0.25	0	1	100225
200.466	0.25	1	2	100233
200.482	0.25	1	2	100241
200.5	0.25	1	2	100250
200.516	0.25	1	2	100258
200.532	0.25	0	1	100266
200.55	0.25	0	1	100275
200.566	0.25	1	2	100283
200.582	0.25	1	2	100291
200.6	0.25	1	2	100300
200.616	0.25	1	2	100308
200.632	0.25	0	1	100316
200.65	0.25	0	1	100325
200.666	0.25	1	2	100333
200.682	0.25	1	2	100341
200.7	0.25	1	2	100350
200.716	0.25	1	2	100358
200.732	0.25	0	1	100366
200.75	0.25	0	1	100375
200.766	0.25	0	1	100383
200.782	0.25	0	1	100391
200.8	0.25	0	1	100400
200.816	0.25	0	1	100408
200.832	0.25	1	2	100416
200.85	0.25	1	2	100425
200.866	0.25	1	2	100433
200.882	0.25	1	2	100441
200.9	0.25	1	2	100450
200.916	0.25	1	2	100458
200.932	0.25	0	1	100466
200.95	0.25	0	1	100475
200.966	0.25	0	1	100483
200.982	0.25	0	1	100491
201.0	0.25	0	1	100500
201.016	0.25	0	1	100508
201.032	0.25	1	2	100516
201.05	0.25	1	2	100525
201.066	0.25	1	2	100533
201.082	0.25	1	2	100541
201.1	0.25	1	2	100550
201.116	0.25	1	2	100558
201.132	0.25	1	2	100566
201.15	0.25	1	2	100575
201.166	0.25	1	2	100583
201.182	0.25	1	2	100591
201.2	0.25	0	1	100600
201.216	0.25	0	1	100608
201.232	0.25	0	1	100616
201.25	0.25	0	1	100625
201.266	0.25	1	2	100633
201.282	0.25	1	2	100641
201.3	0.25	0	1	100650
201.316	0.25	0	1	100658
201.332	0.25	1	2	100666
201.35	0.25	1	2	100675
201.366	0.25	0	1	100683
201.382	0.25	0	1	100691
201.4	0.25	0	1	100700
201.416	0.25	0	1	100708
201.432	0.25	1	2	100716
201.45	0.25	1	2	100725
201.466	0.25	1	2	100733
201.482	0.25	1	2	100741
201.5	0.25	0	1	100750
201.516	0.25	0	1	100758
201.532	0.25	0	1	100766
201.55	0.25	0	1	100775
201.566	0.25	0	1	100783
201.582	0.25	0	1	100791
201.6	0.25	0	1	100800
201.616	0.25	0	1	100808
201.632	0.25	1	2	100816
201.65	0.25	1	2	100825
201.666	0.25	0	1	100833
201.682	0.25	0	1	100841
201.7	0.25	0	1	100850
201.716	0.25	0	1	100858
201.732	0.25	0	1	100866
201.75	0.25	0	1	100875
201.766	0.25	0	1	100883
201.782	0.25	0	1	100891
201.8	0.25	1	2	100900
201.816	0.25	1	2	100908
201.832	0.25	1	2	100916
201.85	0.25	1	2	100925
201.866	0.25	1	2	100933
201.882	0.25	1	2	100941
201.9	0.25	1	2	100950
201.916	0.25	1	2	100958
201.932	0.25	1	2	100966
201.95	0.25	1	2	100975
201.966	0.25	1	2	100983
201.982	0.25	1	2	100991
202.0	0.25	0	1	101000
202.016	0.25	0	1	101008
202.032	0.25	1	2	101016
202.05	0.25	1	2	101025
202.066	0.25	0	1	101033
202.082	0.25	0	1	101041
202.1	0.25	1	2	101050
202.116	0.25	1	2	101058
202.132	0.25	0	1	101066
202.15	0.25	0	1	101075
202.166	0.25	0	1	101083
202.182	0.25	0	1	101091
202.2	0.25	1	2	101100
202.216	0.25	1	2	101108
202.232	0.25	1	2	101116
202.25	0.25	1	2	101125
202.266	0.25	0	1	101133
202.282	0.25	0	1	101141
202.3	0.25	0	1	101150
203.782	0.25	1	2	101891
203.8	0.25	1	2	101900
203.816	0.25	1	2	101908
203.832	0.25	1	2	101916
203.85	0.25	0	1	101925
203.866	0.25	0	1	101933
203.882	0.25	0	1	101941
203.9	0.25	0	1	101950
203.916	0.25	0	1	101958
203.932	0.25	0	1	101966
203.95	0.25	0	1	101975
203.966	0.25	0	1	101983
203.982	0.25	1	2	101991
204.0	0.25	1	2	102000
204.016	0.25	0	1	102008
204.032	0.25	0	1	102016
204.05	0.25	0	1	102025
204.066	0.25	0	1	102033
204.082	0.25	1	2	102041
204.1	0.25	1	2	102050
204.116	0.25	1	2	102058
204.132	0.25	1	2	102066
204.15	0.25	0	1	102075
204.166	0.25	0	1	102083
204.182	0.25	0	1	102091
204.2	0.25	0	1	102100
204.216	0.25	0	1	102108
204.232	0.25	0	1	102116
204.25	0.25	0	1	102125
204.266	0.25	0	1	102133
204.282	0.25	0	1	102141
204.3	0.25	0	1	102150
204.316	0.25	0	1	102158
204.332	0.25	0	1	102166
204.35	0.25	1	2	102175
204.366	0.25	1	2	102183
204.382	0.25	0	1	102191
204.4	0.25	0	1	102200
204.416	0.25	1	2	102208
204.432	0.25	1	2	102216
204.45	0.25	1	2	102225
204.466	0.25	1	2	102233
204.482	0.25	0	1	102241
204.5	0.25	0	1	102250
204.516	0.25	1	2	102258
204.532	0.25	1	2	102266
204.55	0.25	0	1	102275
204.566	0.25	0	1	102283
204.582	0.25	1	2	102291
204.6	0.25	1	2	102300
204.616	0.25	0	1	102308
204.632	0.25	0	1	102316
204.65	0.25	1	2	102325
204.666	0.25	1	2	102333
204.682	0.25	0	1	102341
204.7	0.25	0	1	102350
204.716	0.25	0	1	102358
204.732	0.25	0	1	102366
204.75	0.25	0	1	102375
204.766	0.25	0	1	102383
204.782	0.25	1	2	102391
204.8	0.25	1	2	102400
204.816	0.25	1	2	102408
204.832	0.25	1	2	102416
204.85	0.25	1	2	102425
204.866	0.25	1	2	102433
204.882	0.25	0	1	102441
204.9	0.25	0	1	102450
204.916	0.25	1	2	102458
204.932	0.25	1	2	102466
204.95	0.25	1	2	102475
204.966	0.25	1	2	102483
204.982	0.25	1	2	102491
205.0	0.25	1	2	102500
205.016	0.25	0	1	102508
205.032	0.25	0	1	102516
205.05	0.25	1	2	102525
205.066	0.25	1	2	102533
205.082	0.25	0	1	102541
205.1	0.25	0	1	102550
205.116	0.25	1	2	102558
205.132	0.25	1	2	102566
205.15	0.25	1	2	102575
205.166	0.25	1	2	102583
205.182	0.25	0	1	102591
205.2	0.25	0	1	102600
205.216	0.25	0	1	102608
205.232	0.25	0	1	102616
205.25	0.25	0	1	102625
205.266	0.25	0	1	102633
205.282	0.25	1	2	102641
205.3	0.25	1	2	102650
205.316	0.25	1	2	102658
205.332	0.25	1	2	102666
205.35	0.25	0	1	102675
205.366	0.25	0	1	102683
205.382	0.25	1	2	102691
205.4	0.25	1	2	102700
205.416	0.25	1	2	102708
205.432	0.25	1	2	102716
205.45	0.25	1	2	102725
205.466	0.25	1	2	102733
205.482	0.25	0	1	102741
205.5	0.25	0	1	102750
205.516	0.25	0	1	102758
205.532	0.25	0	1	102766
205.55	0.25	0	1	102775
205.566	0.25	0	1	102783
205.582	0.25	0	1	102791
205.6	0.25	0	1	102800
205.616	0.25	0	1	102808
205.632	0.25	0	1	102816
205.65	0.25	1	2	102825
205.666	0.25	1	2	102833
205.682	0.25	1	2	102841
205.7	0.25	1	2	102850
205.716	0.25	1	2	102858
207.2	0.25	0	1	103600
207.216	0.25	0	1	103608
207.232	0.25	0	1	103616
207.25	0.25	0	1	103625
207.266	0.25	1	2	103633
207.282	0.25	1	2	103641
207.3	0.25	1	2	103650
207.316	0.25	1	2	103658
207.332	0.25	0	1	103666
207.35	0.25	0	1	103675
207.366	0.25	0	1	103683
207.382	0.25	0	1	103691
207.4	0.25	0	1	103700
207.416	0.25	0	1	103708
207.432	0.25	0	1	103716
207.45	0.25	0	1	103725
207.466	0.25	1	2	103733
207.482	0.25	1	2	103741
207.5	0.25	1	2	103750
207.516	0.25	1	2	103758
207.532	0.25	1	2	103766
207.55	0.25	1	2	103775
207.566	0.25	1	2	103783
207.582	0.25	1	2	103791
207.6	0.25	1	2	103800
207.616	0.25	1	2	103808
207.632	0.25	0	1	103816
207.65	0.25	0	1	103825
207.666	0.25	0	1	103833
207.682	0.25	0	1	103841
207.7	0.25	0	1	103850
207.716	0.25	0	1	103858
207.732	0.25	0	1	103866
207.75	0.25	0	1	103875
207.766	0.25	0	1	103883
207.782	0.25	0	1	103891
207.8	0.25	0	1	103900
207.816	0.25	0	1	103908
207.832	0.25	1	2	103916
207.85	0.25	1	2	103925
207.866	0.25	1	2	103933
207.882	0.25	1	2	103941
207.9	0.25	0	1	103950
207.916	0.25	0	1	103958
207.932	0.25	0	1	103966
207.95	0.25	0	1	103975
207.966	0.25	1	2	103983
207.982	0.25	1	2	103991
208.0	0.25	0	1	104000
208.016	0.25	0	1	104008
208.032	0.25	1	2	104016
208.05	0.25	1	2	104025
208.066	0.25	0	1	104033
208.082	0.25	0	1	104041
208.1	0.25	1	2	104050
208.116	0.25	1	2	104058
208.132	0.25	0	1	104066
208.15	0.25	0	1	104075
208.166	0.25	1	2	104083
208.182	0.25	1	2	104091
208.2	0.25	1	2	104100
208.216	0.25	1	2	104108
208.232	0.25	0	1	104116
208.25	0.25	0	1	104125
208.266	0.25	1	2	104133
208.282	0.25	1	2	104141
208.3	0.25	0	1	104150
208.316	0.25	0	1	104158
208.332	0.25	0	1	104166
208.35	0.25	0	1	104175
208.366	0.25	0	1	104183
208.382	0.25	0	1	104191
208.4	0.25	1	2	104200
208.416	0.25	1	2	104208
208.432	0.25	0	1	104216
208.45	0.25	0	1	104225
208.466	0.25	0	1	104233
208.482	0.25	0	1	104241
208.5	0.25	0	1	104250
208.516	0.25	0	1	104258
208.532	0.25	1	2	104266
208.55	0.25	1	2	104275
208.566	0.25	1	2	104283
208.582	0.25	1	2	104291
208.6	0.25	1	2	104300
208.616	0.25	1	2	104308
208.632	0.25	0	1	104316
208.65	0.25	0	1	104325
208.666	0.25	1	2	104333
208.682	0.25	1	2	104341
208.7	0.25	0	1	104350
208.716	0.25	0	1	104358
208.732	0.25	1	2	104366
208.75	0.25	1	2	104375
208.766	0.25	1	2	104383
208.782	0.25	1	2	104391
208.8	0.25	1	2	104400
208.816	0.25	1	2	104408
208.832	0.25	1	2	104416
208.85	0.25	1	2	104425
208.866	0.25	1	2	104433
208.882	0.25	1	2	104441
208.9	0.25	0	1	104450
208.916	0.25	0	1	104458
208.932	0.25	0	1	104466
208.95	0.25	0	1	104475
208.966	0.25	1	2	104483
208.982	0.25	1	2	104491
209.0	0.25	0	1	104500
209.016	0.25	0	1	104508
209.032	0.25	0	1	104516
209.05	0.25	0	1	104525
209.066	0.25	0	1	104533
209.082	0.25	0	1	104541
209.1	0.25	1	2	104550
209.116	0.25	1	2	104558
209.132	0.25	1	2	104566
212.732	0.25	1	2	106366
212.75	0.25	1	2	106375
212.766	0.25	1	2	106383
212.782	0.25	1	2	106391
212.8	0.25	0	1	106400
212.816	0.25	0	1	106408
212.832	0.25	1	2	106416
212.85	0.25	1	2	106425
212.866	0.25	1	2	106433
212.882	0.25	1	2	106441
212.9	0.25	0	1	106450
212.916	0.25	0	1	106458
212.932	0.25	1	2	106466
212.95	0.25	1	2	106475
212.966	0.25	1	2	106483
212.982	0.25	1	2	106491
213.0	0.25	0	1	106500
213.016	0.25	0	1	106508
213.032	0.25	1	2	106516
213.05	0.25	1	2	106525
213.066	0.25	1	2	106533
213.082	0.25	1	2	106541
213.1	0.25	0	1	106550
213.116	0.25	0	1	106558
213.132	0.25	0	1	106566
213.15	0.25	0	1	106575
213.166	0.25	0	1	106583
213.182	0.25	0	1	106591
213.2	0.25	1	2	106600
213.216	0.25	1	2	106608
213.232	0.25	1	2	106616
213.25	0.25	1	2	106625
213.266	0.25	1	2	106633
213.282	0.25	1	2	106641
213.3	0.25	0	1	106650
213.316	0.25	0	1	106658
213.332	0.25	0	1	106666
213.35	0.25	0	1	106675
213.366	0.25	0	1	106683
213.382	0.25	0	1	106691
213.4	0.25	1	2	106700
213.416	0.25	1	2	106708
213.432	0.25	1	2	106716
213.45	0.25	1	2	106725
213.466	0.25	1	2	106733
213.482	0.25	1	2	106741
213.5	0.25	1	2	106750
213.516	0.25	1	2	106758
213.532	0.25	1	2	106766
213.55	0.25	1	2	106775
213.566	0.25	0	1	106783
213.582	0.25	0	1	106791
213.6	0.25	0	1	106800
213.616	0.25	0	1	106808
213.632	0.25	1	2	106816
213.65	0.25	1	2	106825
213.666	0.25	0	1	106833
213.682	0.25	0	1	106841
213.7	0.25	1	2	106850
213.716	0.25	1	2	106858
213.732	0.25	0	1	106866
213.75	0.25	0	1	106875
213.766	0.25	0	1	106883
213.782	0.25	0	1	106891
213.8	0.25	1	2	106900
213.816	0.25	1	2	106908
213.832	0.25	1	2	106916
213.85	0.25	1	2	106925
213.866	0.25	0	1	106933
213.882	0.25	0	1	106941
213.9	0.25	0	1	106950
213.916	0.25	0	1	106958
213.932	0.25	0	1	106966
213.95	0.25	0	1	106975
213.966	0.25	0	1	106983
213.982	0.25	0	1	106991
214.0	0.25	1	2	107000
214.016	0.25	1	2	107008
214.032	0.25	0	1	107016
214.05	0.25	0	1	107025
214.066	0.25	0	1	107033
214.082	0.25	0	1	107041
214.1	0.25	0	1	107050
214.116	0.25	0	1	107058
214.132	0.25	0	1	107066
214.15	0.25	0	1	107075
214.166	0.25	1	2	107083
214.182	0.25	1	2	107091
214.2	0.25	1	2	107100
214.216	0.25	1	2	107108
214.232	0.25	1	2	107116
214.25	0.25	1	2	107125
214.266	0.25	1	2	107133
214.282	0.25	1	2	107141
214.3	0.25	1	2	107150
214.316	0.25	1	2	107158
214.332	0.25	1	2	107166
214.35	0.25	1	2	107175
214.366	0.25	0	1	107183
214.382	0.25	0	1	107191
214.4	0.25	1	2	107200
214.416	0.25	1	2	107208
214.432	0.25	0	1	107216
214.45	0.25	0	1	107225
214.466	0.25	1	2	107233
214.482	0.25	1	2	107241
214.5	0.25	0	1	107250
214.516	0.25	0	1	107258
214.532	0.25	0	1	107266
214.55	0.25	0	1	107275
214.566	0.25	1	2	107283
214.582	0.25	1	2	107291
214.6	0.25	1	2	107300
214.616	0.25	1	2	107308
214.632	0.25	0	1	107316
214.65	0.25	0	1	107325
214.666	0.25	0	1	107333
216.15	0.25	1	2	108075
216.166	0.25	1	2	108083
216.182	0.25	1	2	108091
216.2	0.25	1	2	108100
216.216	0.25	1	2	108108
216.232	0.25	1	2	108116
216.25	0.25	1	2	108125
216.266	0.25	1	2	108133
216.282	0.25	1	2	108141
216.3	0.25	1	2	108150
216.316	0.25	1	2	108158
216.332	0.25	1	2	108166
216.35	0.25	1	2	108175
216.366	0.25	1	2	108183
216.382	0.25	0	1	108191
216.4	0.25	0	1	108200
216.416	0.25	0	1	108208
216.432	0.25	0	1	108216
216.45	0.25	1	2	108225
216.466	0.25	1	2	108233
216.482	0.25	1	2	108241
216.5	0.25	1	2	108250
216.516	0.25	0	1	108258
216.532	0.25	0	1	108266
216.55	0.25	0	1	108275
216.566	0.25	0	1	108283
216.582	0.25	1	2	108291
216.6	0.25	1	2	108300
216.616	0.25	1	2	108308
216.632	0.25	1	2	108316
216.65	0.25	0	1	108325
216.666	0.25	0	1	108333
216.682	0.25	0	1	108341
216.7	0.25	0	1	108350
216.716	0.25	1	2	108358
216.732	0.25	1	2	108366
216.75	0.25	0	1	108375
216.766	0.25	0	1	108383
216.782	0.25	1	2	108391
216.8	0.25	1	2	108400
216.816	0.25	1	2	108408
216.832	0.25	1	2	108416
216.85	0.25	0	1	108425
216.866	0.25	0	1	108433
216.882	0.25	1	2	108441
216.9	0.25	1	2	108450
216.916	0.25	0	1	108458
216.932	0.25	0	1	108466
216.95	0.25	0	1	108475
216.966	0.25	0	1	108483
216.982	0.25	1	2	108491
217.0	0.25	1	2	108500
217.016	0.25	0	1	108508
217.032	0.25	0	1	108516
217.05	0.25	1	2	108525
217.066	0.25	1	2	108533
217.082	0.25	1	2	108541
217.1	0.25	1	2	108550
217.116	0.25	1	2	108558
217.132	0.25	1	2	108566
217.15	0.25	0	1	108575
217.166	0.25	0	1	108583
217.182	0.25	0	1	108591
217.2	0.25	0	1	108600
217.216	0.25	0	1	108608
217.232	0.25	0	1	108616
217.25	0.25	1	2	108625
217.266	0.25	1	2	108633
217.282	0.25	0	1	108641
217.3	0.25	0	1	108650
217.316	0.25	1	2	108658
217.332	0.25	1	2	108666
217.35	0.25	1	2	108675
217.366	0.25	1	2	108683
217.382	0.25	1	2	108691
217.4	0.25	1	2	108700
217.416	0.25	0	1	108708
217.432	0.25	0	1	108716
217.45	0.25	0	1	108725
217.466	0.25	0	1	108733
217.482	0.25	1	2	108741
217.5	0.25	1	2	108750
217.516	0.25	0	1	108758
217.532	0.25	0	1	108766
217.55	0.25	1	2	108775
217.566	0.25	1	2	108783
217.582	0.25	0	1	108791
217.6	0.25	0	1	108800
217.616	0.25	0	1	108808
217.632	0.25	0	1	108816
217.65	0.25	0	1	108825
217.666	0.25	0	1	108833
217.682	0.25	1	2	108841
217.7	0.25	1	2	108850
217.716	0.25	1	2	108858
217.732	0.25	1	2	108866
217.75	0.25	0	1	108875
217.766	0.25	0	1	108883
217.782	0.25	1	2	108891
217.8	0.25	1	2	108900
217.816	0.25	0	1	108908
217.832	0.25	0	1	108916
217.85	0.25	0	1	108925
217.866	0.25	0	1	108933
217.882	0.25	0	1	108941
217.9	0.25	0	1	108950
217.916	0.25	1	2	108958
217.932	0.25	1	2	108966
217.95	0.25	0	1	108975
217.966	0.25	0	1	108983
217.982	0.25	1	2	108991
218.0	0.25	1	2	109000
218.016	0.25	0	1	109008
218.032	0.25	0	1	109016
218.05	0.25	0	1	109025
218.066	0.25	0	1	109033
218.082	0.25	1	2	109041
219.566	0.25	1	2	109783
219.582	0.25	1	2	109791
219.6	0.25	1	2	109800
219.616	0.25	1	2	109808
219.632	0.25	0	1	109816
219.65	0.25	0	1	109825
219.666	0.25	0	1	109833
219.682	0.25	0	1	109841
219.7	0.25	0	1	109850
219.716	0.25	0	1	109858
219.732	0.25	0	1	109866
219.75	0.25	0	1	109875
219.766	0.25	1	2	109883
219.782	0.25	1	2	109891
219.8	0.25	0	1	109900
219.816	0.25	0	1	109908
219.832	0.25	0	1	109916
219.85	0.25	0	1	109925
219.866	0.25	1	2	109933
219.882	0.25	1	2	109941
219.9	0.25	1	2	109950
219.916	0.25	1	2	109958
219.932	0.25	0	1	109966
219.95	0.25	0	1	109975
219.966	0.25	0	1	109983
219.982	0.25	0	1	109991
220.0	0.25	0	1	110000
220.016	0.25	0	1	110008
220.032	0.25	0	1	110016
220.05	0.25	0	1	110025
220.066	0.25	0	1	110033
220.082	0.25	0	1	110041
220.1	0.25	0	1	110050
220.116	0.25	0	1	110058
220.132	0.25	1	2	110066
220.15	0.25	1	2	110075
220.166	0.25	0	1	110083
220.182	0.25	0	1	110091
220.2	0.25	1	2	110100
220.216	0.25	1	2	110108
220.232	0.25	1	2	110116
220.25	0.25	1	2	110125
220.266	0.25	0	1	110133
220.282	0.25	0	1	110141
220.3	0.25	1	2	110150
220.316	0.25	1	2	110158
220.332	0.25	0	1	110166
220.35	0.25	0	1	110175
220.366	0.25	1	2	110183
220.382	0.25	1	2	110191
220.4	0.25	0	1	110200
220.416	0.25	0	1	110208
220.432	0.25	1	2	110216
220.45	0.25	1	2	110225
220.466	0.25	0	1	110233
220.482	0.25	0	1	110241
220.5	0.25	0	1	110250
220.516	0.25	0	1	110258
220.532	0.25	0	1	110266
220.55	0.25	0	1	110275
220.566	0.25	1	2	110283
220.582	0.25	1	2	110291
220.6	0.25	1	2	110300
220.616	0.25	1	2	110308
220.632	0.25	1	2	110316
220.65	0.25	1	2	110325
220.666	0.25	0	1	110333
220.682	0.25	0	1	110341
220.7	0.25	1	2	110350
220.716	0.25	1	2	110358
220.732	0.25	1	2	110366
220.75	0.25	1	2	110375
220.766	0.25	1	2	110383
220.782	0.25	1	2	110391
220.8	0.25	0	1	110400
220.816	0.25	0	1	110408
220.832	0.25	1	2	110416
220.85	0.25	1	2	110425
220.866	0.25	0	1	110433
220.882	0.25	0	1	110441
220.9	0.25	1	2	110450
220.916	0.25	1	2	110458
220.932	0.25	1	2	110466
220.95	0.25	1	2	110475
220.966	0.25	0	1	110483
220.982	0.25	0	1	110491
221.0	0.25	0	1	110500
221.016	0.25	0	1	110508
221.032	0.25	0	1	110516
221.05	0.25	0	1	110525
221.066	0.25	1	2	110533
221.082	0.25	1	2	110541
221.1	0.25	1	2	110550
221.116	0.25	1	2	110558
221.132	0.25	0	1	110566
221.15	0.25	0	1	110575
221.166	0.25	1	2	110583
221.182	0.25	1	2	110591
221.2	0.25	1	2	110600
221.216	0.25	1	2	110608
221.232	0.25	1	2	110616
221.25	0.25	1	2	110625
221.266	0.25	0	1	110633
221.282	0.25	0	1	110641
221.3	0.25	0	1	110650
221.316	0.25	0	1	110658
221.332	0.25	0	1	110666
221.35	0.25	0	1	110675
221.366	0.25	0	1	110683
221.382	0.25	0	1	110691
221.4	0.25	0	1	110700
221.416	0.25	0	1	110708
221.432	0.25	1	2	110716
221.45	0.25	1	2	110725
221.466	0.25	1	2	110733
221.482	0.25	1	2	110741
221.5	0.25	1	2	110750
222.982	0.25	0	1	111491
223.0	0.25	0	1	111500
223.016	0.25	0	1	111508
223.032	0.25	0	1	111516
223.05	0.25	1	2	111525
223.066	0.25	1	2	111533
223.082	0.25	1	2	111541
223.1	0.25	1	2	111550
223.116	0.25	0	1	111558
223.132	0.25	0	1	111566
223.15	0.25	0	1	111575
223.166	0.25	0	1	111583
223.182	0.25	0	1	111591
223.2	0.25	0	1	111600
223.216	0.25	0	1	111608
223.232	0.25	0	1	111616
223.25	0.25	1	2	111625
223.266	0.25	1	2	111633
223.282	0.25	1	2	111641
223.3	0.25	1	2	111650
223.316	0.25	1	2	111658
223.332	0.25	1	2	111666
223.35	0.25	1	2	111675
223.366	0.25	1	2	111683
223.382	0.25	1	2	111691
223.4	0.25	1	2	111700
223.416	0.25	0	1	111708
223.432	0.25	0	1	111716
223.45	0.25	0	1	111725
223.466	0.25	0	1	111733
223.482	0.25	0	1	111741
223.5	0.25	0	1	111750
223.516	0.25	0	1	111758
223.532	0.25	0	1	111766
223.55	0.25	0	1	111775
223.566	0.25	0	1	111783
223.582	0.25	0	1	111791
223.6	0.25	0	1	111800
223.616	0.25	1	2	111808
223.632	0.25	1	2	111816
223.65	0.25	1	2	111825
223.666	0.25	1	2	111833
223.682	0.25	0	1	111841
223.7	0.25	0	1	111850
223.716	0.25	0	1	111858
223.732	0.25	0	1	111866
223.75	0.25	1	2	111875
223.766	0.25	1	2	111883
223.782	0.25	0	1	111891
223.8	0.25	0	1	111900
223.816	0.25	1	2	111908
223.832	0.25	1	2	111916
223.85	0.25	0	1	111925
223.866	0.25	0	1	111933
223.882	0.25	1	2	111941
223.9	0.25	1	2	111950
223.916	0.25	0	1	111958
223.932	0.25	0	1	111966
223.95	0.25	1	2	111975
223.966	0.25	1	2	111983
223.982	0.25	1	2	111991
224.0	0.25	1	2	112000
224.016	0.25	0	1	112008
224.032	0.25	0	1	112016
224.05	0.25	1	2	112025
224.066	0.25	1	2	112033
224.082	0.25	0	1	112041
224.1	0.25	0	1	112050
224.116	0.25	0	1	112058
224.132	0.25	0	1	112066
224.15	0.25	0	1	112075
224.166	0.25	0	1	112083
224.182	0.25	1	2	112091
224.2	0.25	1	2	112100
224.216	0.25	0	1	112108
224.232	0.25	0	1	112116
224.25	0.25	0	1	112125
224.266	0.25	0	1	112133
224.282	0.25	0	1	112141
224.3	0.25	0	1	112150
224.316	0.25	1	2	112158
224.332	0.25	1	2	112166
224.35	0.25	1	2	112175
224.366	0.25	1	2	112183
224.382	0.25	1	2	112191
224.4	0.25	1	2	112200
224.416	0.25	0	1	112208
224.432	0.25	0	1	112216
224.45	0.25	1	2	112225
224.466	0.25	1	2	112233
224.482	0.25	0	1	112241
224.5	0.25	0	1	112250
224.516	0.25	1	2	112258
224.532	0.25	1	2	112266
224.55	0.25	1	2	112275
224.566	0.25	1	2	112283
224.582	0.25	1	2	112291
224.6	0.25	1	2	112300
224.616	0.25	1	2	112308
224.632	0.25	1	2	112316
224.65	0.25	1	2	112325
224.666	0.25	1	2	112333
224.682	0.25	0	1	112341
224.7	0.25	0	1	112350
224.716	0.25	0	1	112358
224.732	0.25	0	1	112366
224.75	0.25	1	2	112375
224.766	0.25	1	2	112383
224.782	0.25	0	1	112391
224.8	0.25	0	1	112400
224.816	0.25	0	1	112408
224.832	0.25	0	1	112416
224.85	0.25	0	1	112425
224.866	0.25	0	1	112433
224.882	0.25	1	2	112441
224.9	0.25	1	2	112450
224.916	0.25	1	2	112458
228.266	0.25	1	2	114133
228.282	0.25	1	2	114141
228.3	0.25	1	2	114150
228.316	0.25	1	2	114158
228.332	0.25	0	1	114166
228.35	0.25	0	1	114175
228.366	0.25	0	1	114183
228.382	0.25	0	1	114191
228.4	0.25	0	1	114200
228.416	0.25	0	1	114208
228.432	0.25	0	1	114216
228.45	0.25	0	1	114225
228.466	0.25	1	2	114233
228.482	0.25	1	2	114241
228.5	0.25	0	1	114250
228.516	0.25	0	1	114258
228.532	0.25	0	1	114266
228.55	0.25	0	1	114275
228.566	0.25	1	2	114283
228.582	0.25	1	2	114291
228.6	0.25	1	2	114300
228.616	0.25	1	2	114308
228.632	0.25	0	1	114316
228.65	0.25	0	1	114325
228.666	0.25	0	1	114333
228.682	0.25	0	1	114341
228.7	0.25	0	1	114350
228.716	0.25	0	1	114358
228.732	0.25	0	1	114366
228.75	0.25	0	1	114375
228.766	0.25	0	1	114383
228.782	0.25	0	1	114391
228.8	0.25	0	1	114400
228.816	0.25	0	1	114408
228.832	0.25	1	2	114416
228.85	0.25	1	2	114425
228.866	0.25	0	1	114433
228.882	0.25	0	1	114441
228.9	0.25	1	2	114450
228.916	0.25	1	2	114458
228.932	0.25	1	2	114466
228.95	0.25	1	2	114475
228.966	0.25	0	1	114483
228.982	0.25	0	1	114491
229.0	0.25	1	2	114500
229.016	0.25	1	2	114508
229.032	0.25	0	1	114516
229.05	0.25	0	1	114525
229.066	0.25	1	2	114533
229.082	0.25	1	2	114541
229.1	0.25	0	1	114550
229.116	0.25	0	1	114558
229.132	0.25	1	2	114566
229.15	0.25	1	2	114575
229.166	0.25	0	1	114583
229.182	0.25	0	1	114591
229.2	0.25	0	1	114600
229.216	0.25	0	1	114608
229.232	0.25	0	1	114616
229.25	0.25	0	1	114625
229.266	0.25	1	2	114633
229.282	0.25	1	2	114641
229.3	0.25	1	2	114650
229.316	0.25	1	2	114658
229.332	0.25	1	2	114666
229.35	0.25	1	2	114675
229.366	0.25	0	1	114683
229.382	0.25	0	1	114691
229.4	0.25	1	2	114700
229.416	0.25	1	2	114708
229.432	0.25	1	2	114716
229.45	0.25	1	2	114725
229.466	0.25	1	2	114733
229.482	0.25	1	2	114741
229.5	0.25	0	1	114750
229.516	0.25	0	1	114758
229.532	0.25	1	2	114766
229.55	0.25	1	2	114775
229.566	0.25	0	1	114783
229.582	0.25	0	1	114791
229.6	0.25	1	2	114800
229.616	0.25	1	2	114808
229.632	0.25	1	2	114816
229.65	0.25	1	2	114825
229.666	0.25	0	1	114833
229.682	0.25	0	1	114841
229.7	0.25	0	1	114850
229.716	0.25	0	1	114858
229.732	0.25	0	1	114866
229.75	0.25	0	1	114875
229.766	0.25	1	2	114883
229.782	0.25	1	2	114891
229.8	0.25	1	2	114900
229.816	0.25	1	2	114908
229.832	0.25	0	1	114916
229.85	0.25	0	1	114925
229.866	0.25	1	2	114933
229.882	0.25	1	2	114941
229.9	0.25	1	2	114950
229.916	0.25	1	2	114958
229.932	0.25	1	2	114966
229.95	0.25	1	2	114975
229.966	0.25	0	1	114983
229.982	0.25	0	1	114991
230.0	0.25	0	1	115000
230.016	0.25	0	1	115008
230.032	0.25	0	1	115016
230.05	0.25	0	1	115025
230.066	0.25	0	1	115033
230.082	0.25	0	1	115041
230.1	0.25	0	1	115050
230.116	0.25	0	1	115058
230.132	0.25	1	2	115066
230.15	0.25	1	2	115075
230.166	0.25	1	2	115083
230.182	0.25	1	2	115091
230.2	0.25	1	2	115100
231.682	0.25	1	2	115841
231.7	0.25	1	2	115850
231.716	0.25	1	2	115858
231.732	0.25	1	2	115866
231.75	0.25	1	2	115875
231.766	0.25	1	2	115883
231.782	0.25	1	2	115891
231.8	0.25	1	2	115900
231.816	0.25	1	2	115908
231.832	0.25	1	2	115916
231.85	0.25	1	2	115925
231.866	0.25	1	2	115933
231.882	0.25	1	2	115941
231.9	0.25	1	2	115950
231.916	0.25	0	1	115958
231.932	0.25	0	1	115966
231.95	0.25	0	1	115975
231.966	0.25	0	1	115983
231.982	0.25	1	2	115991
232.0	0.25	1	2	116000
232.016	0.25	1	2	116008
232.032	0.25	1	2	116016
232.05	0.25	0	1	116025
232.066	0.25	0	1	116033
232.082	0.25	0	1	116041
232.1	0.25	0	1	116050
232.116	0.25	1	2	116058
232.132	0.25	1	2	116066
232.15	0.25	1	2	116075
232.166	0.25	1	2	116083
232.182	0.25	0	1	116091
232.2	0.25	0	1	116100
232.216	0.25	0	1	116108
232.232	0.25	0	1	116116
232.25	0.25	1	2	116125
232.266	0.25	1	2	116133
232.282	0.25	0	1	116141
232.3	0.25	0	1	116150
232.316	0.25	1	2	116158
232.332	0.25	1	2	116166
232.35	0.25	1	2	116175
232.366	0.25	1	2	116183
232.382	0.25	0	1	116191
232.4	0.25	0	1	116200
232.416	0.25	1	2	116208
232.432	0.25	1	2	116216
232.45	0.25	0	1	116225
232.466	0.25	0	1	116233
232.482	0.25	0	1	116241
232.5	0.25	0	1	116250
232.516	0.25	1	2	116258
232.532	0.25	1	2	116266
232.55	0.25	0	1	116275
232.566	0.25	0	1	116283
232.582	0.25	1	2	116291
232.6	0.25	1	2	116300
232.616	0.25	1	2	116308
232.632	0.25	1	2	116316
232.65	0.25	1	2	116325
232.666	0.25	1	2	116333
232.682	0.25	0	1	116341
232.7	0.25	0	1	116350
232.716	0.25	0	1	116358
232.732	0.25	0	1	116366
232.75	0.25	0	1	116375
232.766	0.25	0	1	116383
232.782	0.25	1	2	116391
232.8	0.25	1	2	116400
232.816	0.25	0	1	116408
232.832	0.25	0	1	116416
232.85	0.25	1	2	116425
232.866	0.25	1	2	116433
232.882	0.25	1	2	116441
232.9	0.25	1	2	116450
232.916	0.25	1	2	116458
232.932	0.25	1	2	116466
232.95	0.25	0	1	116475
232.966	0.25	0	1	116483
232.982	0.25	0	1	116491
233.0	0.25	0	1	116500
233.016	0.25	1	2	116508
233.032	0.25	1	2	116516
233.05	0.25	0	1	116525
233.066	0.25	0	1	116533
233.082	0.25	1	2	116541
233.1	0.25	1	2	116550
233.116	0.25	0	1	116558
233.132	0.25	0	1	116566
233.15	0.25	0	1	116575
233.166	0.25	0	1	116583
233.182	0.25	0	1	116591
233.2	0.25	0	1	116600
233.216	0.25	1	2	116608
233.232	0.25	1	2	116616
233.25	0.25	1	2	116625
233.266	0.25	1	2	116633
233.282	0.25	0	1	116641
233.3	0.25	0	1	116650
233.316	0.25	1	2	116658
233.332	0.25	1	2	116666
233.35	0.25	0	1	116675
233.366	0.25	0	1	116683
233.382	0.25	0	1	116691
233.4	0.25	0	1	116700
233.416	0.25	0	1	116708
233.432	0.25	0	1	116716
233.45	0.25	1	2	116725
233.466	0.25	1	2	116733
233.482	0.25	0	1	116741
233.5	0.25	0	1	116750
233.516	0.25	1	2	116758
233.532	0.25	1	2	116766
233.55	0.25	0	1	116775
233.566	0.25	0	1	116783
233.582	0.25	0	1	116791
233.6	0.25	0	1	116800
233.616	0.25	1	2	116808
235.1	0.25	0	1	117550
235.116	0.25	0	1	117558
235.132	0.25	0	1	117566
235.15	0.25	0	1	117575
235.166	0.25	1	2	117583
235.182	0.25	1	2	117591
235.2	0.25	1	2	117600
235.216	0.25	1	2	117608
235.232	0.25	0	1	117616
235.25	0.25	0	1	117625
235.266	0.25	0	1	117633
235.282	0.25	0	1	117641
235.3	0.25	0	1	117650
235.316	0.25	0	1	117658
235.332	0.25	0	1	117666
235.35	0.25	0	1	117675
235.366	0.25	1	2	117683
235.382	0.25	1	2	117691
235.4	0.25	1	2	117700
235.416	0.25	1	2	117708
235.432	0.25	1	2	117716
235.45	0.25	1	2	117725
235.466	0.25	1	2	117733
235.482	0.25	1	2	117741
235.5	0.25	1	2	117750
235.516	0.25	1	2	117758
235.532	0.25	0	1	117766
235.55	0.25	0	1	117775
235.566	0.25	0	1	117783
235.582	0.25	0	1	117791
235.6	0.25	0	1	117800
235.616	0.25	0	1	117808
235.632	0.25	0	1	117816
235.65	0.25	0	1	117825
235.666	0.25	0	1	117833
235.682	0.25	0	1	117841
235.7	0.25	0	1	117850
235.716	0.25	0	1	117858
235.732	0.25	1	2	117866
235.75	0.25	1	2	117875
235.766	0.25	1	2	117883
235.782	0.25	1	2	117891
235.8	0.25	0	1	117900
235.816	0.25	0	1	117908
235.832	0.25	0	1	117916
235.85	0.25	0	1	117925
235.866	0.25	1	2	117933
235.882	0.25	1	2	117941
235.9	0.25	0	1	117950
235.916	0.25	0	1	117958
235.932	0.25	1	2	117966
235.95	0.25	1	2	117975
235.966	0.25	0	1	117983
235.982	0.25	0	1	117991
236.0	0.25	1	2	118000
236.016	0.25	1	2	118008
236.032	0.25	0	1	118016
236.05	0.25	0	1	118025
236.066	0.25	1	2	118033
236.082	0.25	1	2	118041
236.1	0.25	1	2	118050
236.116	0.25	1	2	118058
236.132	0.25	0	1	118066
236.15	0.25	0	1	118075
236.166	0.25	1	2	118083
236.182	0.25	1	2	118091
236.2	0.25	0	1	118100
236.216	0.25	0	1	118108
236.232	0.25	0	1	118116
236.25	0.25	0	1	118125
236.266	0.25	0	1	118133
236.282	0.25	0	1	118141
236.3	0.25	1	2	118150
236.316	0.25	1	2	118158
236.332	0.25	0	1	118166
236.35	0.25	0	1	118175
236.366	0.25	0	1	118183
236.382	0.25	0	1	118191
236.4	0.25	0	1	118200
236.416	0.25	0	1	118208
236.432	0.25	1	2	118216
236.45	0.25	1	2	118225
236.466	0.25	1	2	118233
236.482	0.25	1	2	118241
236.5	0.25	1	2	118250
236.516	0.25	1	2	118258
236.532	0.25	0	1	118266
236.55	0.25	0	1	118275
236.566	0.25	1	2	118283
236.582	0.25	1	2	118291
236.6	0.25	0	1	118300
236.616	0.25	0	1	118308
236.632	0.25	1	2	118316
236.65	0.25	1	2	118325
236.666	0.25	1	2	118333
236.682	0.25	1	2	118341
236.7	0.25	1	2	118350
236.716	0.25	1	2	118358
236.732	0.25	1	2	118366
236.75	0.25	1	2	118375
236.766	0.25	1	2	118383
236.782	0.25	1	2	118391
236.8	0.25	0	1	118400
236.816	0.25	0	1	118408
236.832	0.25	0	1	118416
236.85	0.25	0	1	118425
236.866	0.25	1	2	118433
236.882	0.25	1	2	118441
236.9	0.25	0	1	118450
236.916	0.25	0	1	118458
236.932	0.25	0	1	118466
236.95	0.25	0	1	118475
236.966	0.25	0	1	118483
236.982	0.25	0	1	118491
237.0	0.25	1	2	118500
237.016	0.25	1	2	118508
237.032	0.25	1	2	118516
238.516	0.25	1	2	119258
238.532	0.25	1	2	119266
238.55	0.25	1	2	119275
238.566	0.25	1	2	119283
238.582	0.25	0	1	119291
238.6	0.25	0	1	119300
238.616	0.25	1	2	119308
238.632	0.25	1	2	119316
238.65	0.25	1	2	119325
238.666	0.25	1	2	119333
238.682	0.25	0	1	119341
238.7	0.25	0	1	119350
238.716	0.25	1	2	119358
238.732	0.25	1	2	119366
238.75	0.25	1	2	119375
238.766	0.25	1	2	119383
238.782	0.25	0	1	119391
238.8	0.25	0	1	119400
238.816	0.25	1	2	119408
238.832	0.25	1	2	119416
238.85	0.25	1	2	119425
238.866	0.25	1	2	119433
238.882	0.25	0	1	119441
238.9	0.25	0	1	119450
238.916	0.25	0	1	119458
238.932	0.25	0	1	119466
238.95	0.25	0	1	119475
238.966	0.25	0	1	119483
238.982	0.25	1	2	119491
239.0	0.25	1	2	119500
239.016	0.25	1	2	119508
239.032	0.25	1	2	119516
239.05	0.25	1	2	119525
239.066	0.25	1	2	119533
239.082	0.25	0	1	119541
239.1	0.25	0	1	119550
239.116	0.25	0	1	119558
239.132	0.25	0	1	119566
239.15	0.25	0	1	119575
239.166	0.25	0	1	119583
239.182	0.25	1	2	119591
239.2	0.25	1	2	119600
239.216	0.25	1	2	119608
239.232	0.25	1	2	119616
239.25	0.25	1	2	119625
239.266	0.25	1	2	119633
239.282	0.25	1	2	119641
239.3	0.25	1	2	119650
239.316	0.25	1	2	119658
239.332	0.25	1	2	119666
239.35	0.25	0	1	119675
239.366	0.25	0	1	119683
239.382	0.25	0	1	119691
239.4	0.25	0	1	119700
239.416	0.25	1	2	119708
239.432	0.25	1	2	119716
239.45	0.25	0	1	119725
239.466	0.25	0	1	119733
239.482	0.25	1	2	119741
239.5	0.25	1	2	119750
239.516	0.25	0	1	119758
239.532	0.25	0	1	119766
239.55	0.25	0	1	119775
239.566	0.25	0	1	119783
239.582	0.25	1	2	119791
239.6	0.25	1	2	119800
239.616	0.25	1	2	119808
239.632	0.25	1	2	119816
239.65	0.25	0	1	119825
239.666	0.25	0	1	119833
239.682	0.25	0	1	119841
239.7	0.25	0	1	119850
239.716	0.25	0	1	119858
239.732	0.25	0	1	119866
239.75	0.25	0	1	119875
239.766	0.25	0	1	119883
239.782	0.25	1	2	119891
239.8	0.25	1	2	119900
239.816	0.25	0	1	119908
239.832	0.25	0	1	119916
239.85	0.25	0	1	119925
239.866	0.25	0	1	119933
239.882	0.25	0	1	119941
239.9	0.25	0	1	119950
239.916	0.25	0	1	119958
239.932	0.25	0	1	119966
239.95	0.25	1	2	119975
239.966	0.25	1	2	119983
239.982	0.25	1	2	119991
240.0	0.25	1	2	120000
240.016	0.25	1	2	120008
240.032	0.25	1	2	120016
240.05	0.25	1	2	120025
240.066	0.25	1	2	120033
240.082	0.25	1	2	120041
240.1	0.25	1	2	120050
240.116	0.25	1	2	120058
240.132	0.25	1	2	120066
240.15	0.25	0	1	120075
240.166	0.25	0	1	120083
240.182	0.25	1	2	120091
240.2	0.25	1	2	120100
240.216	0.25	0	1	120108
240.232	0.25	0	1	120116
240.25	0.25	1	2	120125
240.266	0.25	1	2	120133
240.282	0.25	0	1	120141
240.3	0.25	0	1	120150
240.316	0.25	0	1	120158
240.332	0.25	0	1	120166
240.35	0.25	1	2	120175
240.366	0.25	1	2	120183
240.382	0.25	1	2	120191
240.4	0.25	1	2	120200
240.416	0.25	0	1	120208
240.432	0.25	0	1	120216
240.45	0.25	0	1	120225
