onset	duration	trial_type	value	sample
15.65	0.25	1	2	7825
15.666	0.25	1	2	7833
15.682	0.25	1	2	7841
15.7	0.25	1	2	7850
15.716	0.25	0	1	7858
15.732	0.25	0	1	7866
15.75	0.25	0	1	7875
15.766	0.25	0	1	7883
15.782	0.25	0	1	7891
15.8	0.25	0	1	7900
15.816	0.25	0	1	7908
15.832	0.25	0	1	7916
15.85	0.25	1	2	7925
15.866	0.25	1	2	7933
15.882	0.25	0	1	7941
15.9	0.25	0	1	7950
15.916	0.25	0	1	7958
15.932	0.25	0	1	7966
15.95	0.25	1	2	7975
15.966	0.25	1	2	7983
15.982	0.25	1	2	7991
16.0	0.25	1	2	8000
16.016	0.25	0	1	8008
16.032	0.25	0	1	8016
16.05	0.25	0	1	8025
16.066	0.25	0	1	8033
16.082	0.25	0	1	8041
16.1	0.25	0	1	8050
16.116	0.25	0	1	8058
16.132	0.25	0	1	8066
16.148	0.25	0	1	8074
16.166	0.25	0	1	8083
16.182	0.25	0	1	8091
16.2	0.25	0	1	8100
16.216	0.25	1	2	8108
16.232	0.25	1	2	8116
16.25	0.25	0	1	8125
16.266	0.25	0	1	8133
16.282	0.25	1	2	8141
16.3	0.25	1	2	8150
16.316	0.25	1	2	8158
16.332	0.25	1	2	8166
16.35	0.25	0	1	8175
16.366	0.25	0	1	8183
16.382	0.25	1	2	8191
16.4	0.25	1	2	8200
16.416	0.25	0	1	8208
16.432	0.25	0	1	8216
16.45	0.25	1	2	8225
16.466	0.25	1	2	8233
16.482	0.25	0	1	8241
16.5	0.25	0	1	8250
16.516	0.25	1	2	8258
16.532	0.25	1	2	8266
16.55	0.25	0	1	8275
16.566	0.25	0	1	8283
16.582	0.25	0	1	8291
16.6	0.25	0	1	8300
16.616	0.25	0	1	8308
16.632	0.25	0	1	8316
16.65	0.25	1	2	8325
16.666	0.25	1	2	8333
16.682	0.25	1	2	8341
16.7	0.25	1	2	8350
16.716	0.25	1	2	8358
16.732	0.25	1	2	8366
16.75	0.25	0	1	8375
16.766	0.25	0	1	8383
16.782	0.25	1	2	8391
16.8	0.25	1	2	8400
16.816	0.25	1	2	8408
16.832	0.25	1	2	8416
16.85	0.25	1	2	8425
16.866	0.25	1	2	8433
16.882	0.25	0	1	8441
16.9	0.25	0	1	8450
16.916	0.25	1	2	8458
16.932	0.25	1	2	8466
16.95	0.25	0	1	8475
16.966	0.25	0	1	8483
16.982	0.25	1	2	8491
17.0	0.25	1	2	8500
17.016	0.25	1	2	8508
17.032	0.25	1	2	8516
17.05	0.25	0	1	8525
17.066	0.25	0	1	8533
17.082	0.25	0	1	8541
17.1	0.25	0	1	8550
17.116	0.25	0	1	8558
17.132	0.25	0	1	8566
17.15	0.25	1	2	8575
17.166	0.25	1	2	8583
17.182	0.25	1	2	8591
17.2	0.25	1	2	8600
17.216	0.25	0	1	8608
17.232	0.25	0	1	8616
17.25	0.25	1	2	8625
17.266	0.25	1	2	8633
17.282	0.25	1	2	8641
17.3	0.25	1	2	8650
17.316	0.25	1	2	8658
17.332	0.25	1	2	8666
17.35	0.25	0	1	8675
17.366	0.25	0	1	8683
17.382	0.25	0	1	8691
17.4	0.25	0	1	8700
17.416	0.25	0	1	8708
17.432	0.25	0	1	8716
17.45	0.25	0	1	8725
17.466	0.25	0	1	8733
17.482	0.25	0	1	8741
17.5	0.25	0	1	8750
17.516	0.25	1	2	8758
17.532	0.25	1	2	8766
17.55	0.25	1	2	8775
17.566	0.25	1	2	8783
17.582	0.25	1	2	8791
19.066	0.25	0	1	9533
19.082	0.25	0	1	9541
19.1	0.25	0	1	9550
19.116	0.25	0	1	9558
19.132	0.25	1	2	9566
19.15	0.25	1	2	9575
19.166	0.25	1	2	9583
19.182	0.25	1	2	9591
19.2	0.25	0	1	9600
19.216	0.25	0	1	9608
19.232	0.25	0	1	9616
19.25	0.25	0	1	9625
19.266	0.25	0	1	9633
19.282	0.25	0	1	9641
19.3	0.25	0	1	9650
19.316	0.25	0	1	9658
19.332	0.25	1	2	9666
19.35	0.25	1	2	9675
19.366	0.25	1	2	9683
19.382	0.25	1	2	9691
19.4	0.25	1	2	9700
19.416	0.25	1	2	9708
19.432	0.25	1	2	9716
19.45	0.25	1	2	9725
19.466	0.25	1	2	9733
19.482	0.25	1	2	9741
19.5	0.25	0	1	9750
19.516	0.25	0	1	9758
19.532	0.25	0	1	9766
19.55	0.25	0	1	9775
19.566	0.25	0	1	9783
19.582	0.25	0	1	9791
19.6	0.25	0	1	9800
19.616	0.25	0	1	9808
19.632	0.25	0	1	9816
19.65	0.25	0	1	9825
19.666	0.25	0	1	9833
19.682	0.25	0	1	9841
19.7	0.25	1	2	9850
19.716	0.25	1	2	9858
19.732	0.25	1	2	9866
19.75	0.25	1	2	9875
19.766	0.25	0	1	9883
19.782	0.25	0	1	9891
19.8	0.25	0	1	9900
19.816	0.25	0	1	9908
19.832	0.25	1	2	9916
19.85	0.25	1	2	9925
19.866	0.25	0	1	9933
19.882	0.25	0	1	9941
19.9	0.25	1	2	9950
19.916	0.25	1	2	9958
19.932	0.25	0	1	9966
19.95	0.25	0	1	9975
19.966	0.25	1	2	9983
19.982	0.25	1	2	9991
20.0	0.25	0	1	10000
20.016	0.25	0	1	10008
20.032	0.25	1	2	10016
20.05	0.25	1	2	10025
20.066	0.25	1	2	10033
20.082	0.25	1	2	10041
20.1	0.25	0	1	10050
20.116	0.25	0	1	10058
20.132	0.25	1	2	10066
20.15	0.25	1	2	10075
20.166	0.25	0	1	10083
20.182	0.25	0	1	10091
20.2	0.25	0	1	10100
20.216	0.25	0	1	10108
20.232	0.25	0	1	10116
20.25	0.25	0	1	10125
20.266	0.25	1	2	10133
20.282	0.25	1	2	10141
20.3	0.25	0	1	10150
20.316	0.25	0	1	10158
20.332	0.25	0	1	10166
20.35	0.25	0	1	10175
20.366	0.25	0	1	10183
20.382	0.25	0	1	10191
20.4	0.25	1	2	10200
20.416	0.25	1	2	10208
20.432	0.25	1	2	10216
20.45	0.25	1	2	10225
20.466	0.25	1	2	10233
20.482	0.25	1	2	10241
20.5	0.25	0	1	10250
20.516	0.25	0	1	10258
20.532	0.25	1	2	10266
20.55	0.25	1	2	10275
20.566	0.25	0	1	10283
20.582	0.25	0	1	10291
20.6	0.25	1	2	10300
20.616	0.25	1	2	10308
20.632	0.25	1	2	10316
20.65	0.25	1	2	10325
20.666	0.25	1	2	10333
20.682	0.25	1	2	10341
20.7	0.25	1	2	10350
20.716	0.25	1	2	10358
20.732	0.25	1	2	10366
20.75	0.25	1	2	10375
20.766	0.25	0	1	10383
20.782	0.25	0	1	10391
20.8	0.25	0	1	10400
20.816	0.25	0	1	10408
20.832	0.25	1	2	10416
20.85	0.25	1	2	10425
20.866	0.25	0	1	10433
20.882	0.25	0	1	10441
20.9	0.25	0	1	10450
20.916	0.25	0	1	10458
20.932	0.25	0	1	10466
20.95	0.25	0	1	10475
20.966	0.25	1	2	10483
20.982	0.25	1	2	10491
21.0	0.25	1	2	10500
22.482	0.25	1	2	11241
22.5	0.25	1	2	11250
22.516	0.25	1	2	11258
22.532	0.25	1	2	11266
22.55	0.25	0	1	11275
22.566	0.25	0	1	11283
22.582	0.25	1	2	11291
22.6	0.25	1	2	11300
22.616	0.25	1	2	11308
22.632	0.25	1	2	11316
22.65	0.25	0	1	11325
22.666	0.25	0	1	11333
22.682	0.25	1	2	11341
22.7	0.25	1	2	11350
22.716	0.25	1	2	11358
22.732	0.25	1	2	11366
22.75	0.25	0	1	11375
22.766	0.25	0	1	11383
22.782	0.25	1	2	11391
22.8	0.25	1	2	11400
22.816	0.25	1	2	11408
22.832	0.25	1	2	11416
22.85	0.25	0	1	11425
22.866	0.25	0	1	11433
22.882	0.25	0	1	11441
22.9	0.25	0	1	11450
22.916	0.25	0	1	11458
22.932	0.25	0	1	11466
22.95	0.25	1	2	11475
22.966	0.25	1	2	11483
22.982	0.25	1	2	11491
23.0	0.25	1	2	11500
23.016	0.25	1	2	11508
23.032	0.25	1	2	11516
23.05	0.25	0	1	11525
23.066	0.25	0	1	11533
23.082	0.25	0	1	11541
23.1	0.25	0	1	11550
23.116	0.25	0	1	11558
23.132	0.25	0	1	11566
23.15	0.25	1	2	11575
23.166	0.25	1	2	11583
23.182	0.25	1	2	11591
23.2	0.25	1	2	11600
23.216	0.25	1	2	11608
23.232	0.25	1	2	11616
23.25	0.25	1	2	11625
23.266	0.25	1	2	11633
23.282	0.25	1	2	11641
23.3	0.25	1	2	11650
23.316	0.25	0	1	11658
23.332	0.25	0	1	11666
23.35	0.25	0	1	11675
23.366	0.25	0	1	11683
23.382	0.25	1	2	11691
23.4	0.25	1	2	11700
23.416	0.25	0	1	11708
23.432	0.25	0	1	11716
23.45	0.25	1	2	11725
23.466	0.25	1	2	11733
23.482	0.25	0	1	11741
23.5	0.25	0	1	11750
23.516	0.25	0	1	11758
23.532	0.25	0	1	11766
23.55	0.25	1	2	11775
23.566	0.25	1	2	11783
23.582	0.25	1	2	11791
23.6	0.25	1	2	11800
23.616	0.25	0	1	11808
23.632	0.25	0	1	11816
23.65	0.25	0	1	11825
23.666	0.25	0	1	11833
23.682	0.25	0	1	11841
23.7	0.25	0	1	11850
23.716	0.25	0	1	11858
23.732	0.25	0	1	11866
23.75	0.25	1	2	11875
23.766	0.25	1	2	11883
23.782	0.25	0	1	11891
23.8	0.25	0	1	11900
23.816	0.25	0	1	11908
23.832	0.25	0	1	11916
23.85	0.25	0	1	11925
23.866	0.25	0	1	11933
23.882	0.25	0	1	11941
23.9	0.25	0	1	11950
23.916	0.25	1	2	11958
23.932	0.25	1	2	11966
23.95	0.25	1	2	11975
23.966	0.25	1	2	11983
23.982	0.25	1	2	11991
24.0	0.25	1	2	12000
24.016	0.25	1	2	12008
24.032	0.25	1	2	12016
24.05	0.25	1	2	12025
24.066	0.25	1	2	12033
24.082	0.25	1	2	12041
24.1	0.25	1	2	12050
24.116	0.25	0	1	12058
24.132	0.25	0	1	12066
24.15	0.25	1	2	12075
24.166	0.25	1	2	12083
24.182	0.25	0	1	12091
24.2	0.25	0	1	12100
24.216	0.25	1	2	12108
24.232	0.25	1	2	12116
24.25	0.25	0	1	12125
24.266	0.25	0	1	12133
24.282	0.25	0	1	12141
24.3	0.25	0	1	12150
24.316	0.25	1	2	12158
24.332	0.25	1	2	12166
24.35	0.25	1	2	12175
24.366	0.25	1	2	12183
24.382	0.25	0	1	12191
24.4	0.25	0	1	12200
24.416	0.25	0	1	12208
25.9	0.25	1	2	12950
25.916	0.25	1	2	12958
25.932	0.25	1	2	12966
25.95	0.25	1	2	12975
25.966	0.25	1	2	12983
25.982	0.25	1	2	12991
26.0	0.25	1	2	13000
26.016	0.25	1	2	13008
26.032	0.25	1	2	13016
26.05	0.25	1	2	13025
26.066	0.25	1	2	13033
26.082	0.25	1	2	13041
26.1	0.25	1	2	13050
26.116	0.25	1	2	13058
26.132	0.25	0	1	13066
26.15	0.25	0	1	13075
26.166	0.25	0	1	13083
26.182	0.25	0	1	13091
26.2	0.25	1	2	13100
26.216	0.25	1	2	13108
26.232	0.25	1	2	13116
26.25	0.25	1	2	13125
26.266	0.25	0	1	13133
26.282	0.25	0	1	13141
26.3	0.25	0	1	13150
26.316	0.25	0	1	13158
26.332	0.25	1	2	13166
26.35	0.25	1	2	13175
26.366	0.25	1	2	13183
26.382	0.25	1	2	13191
26.4	0.25	0	1	13200
26.416	0.25	0	1	13208
26.432	0.25	0	1	13216
26.45	0.25	0	1	13225
26.466	0.25	1	2	13233
26.482	0.25	1	2	13241
26.5	0.25	0	1	13250
26.516	0.25	0	1	13258
26.532	0.25	1	2	13266
26.55	0.25	1	2	13275
26.566	0.25	1	2	13283
26.582	0.25	1	2	13291
26.6	0.25	0	1	13300
26.616	0.25	0	1	13308
26.632	0.25	1	2	13316
26.65	0.25	1	2	13325
26.666	0.25	0	1	13333
26.682	0.25	0	1	13341
26.7	0.25	0	1	13350
26.716	0.25	0	1	13358
26.732	0.25	1	2	13366
26.75	0.25	1	2	13375
26.766	0.25	0	1	13383
26.782	0.25	0	1	13391
26.8	0.25	1	2	13400
26.816	0.25	1	2	13408
26.832	0.25	1	2	13416
26.85	0.25	1	2	13425
26.866	0.25	1	2	13433
26.882	0.25	1	2	13441
26.9	0.25	0	1	13450
26.916	0.25	0	1	13458
26.932	0.25	0	1	13466
26.95	0.25	0	1	13475
26.966	0.25	0	1	13483
26.982	0.25	0	1	13491
27.0	0.25	1	2	13500
27.016	0.25	1	2	13508
27.032	0.25	0	1	13516
27.05	0.25	0	1	13525
27.066	0.25	1	2	13533
27.082	0.25	1	2	13541
27.1	0.25	1	2	13550
27.116	0.25	1	2	13558
27.132	0.25	1	2	13566
27.15	0.25	1	2	13575
27.166	0.25	0	1	13583
27.182	0.25	0	1	13591
27.2	0.25	0	1	13600
27.216	0.25	0	1	13608
27.232	0.25	1	2	13616
27.25	0.25	1	2	13625
27.266	0.25	0	1	13633
27.282	0.25	0	1	13641
27.3	0.25	1	2	13650
27.316	0.25	1	2	13658
27.332	0.25	0	1	13666
27.35	0.25	0	1	13675
27.366	0.25	0	1	13683
27.382	0.25	0	1	13691
27.4	0.25	0	1	13700
27.416	0.25	0	1	13708
27.432	0.25	1	2	13716
27.45	0.25	1	2	13725
27.466	0.25	1	2	13733
27.482	0.25	1	2	13741
27.5	0.25	0	1	13750
27.516	0.25	0	1	13758
27.532	0.25	1	2	13766
27.55	0.25	1	2	13775
27.566	0.25	0	1	13783
27.582	0.25	0	1	13791
27.6	0.25	0	1	13800
27.616	0.25	0	1	13808
27.632	0.25	0	1	13816
27.65	0.25	0	1	13825
27.666	0.25	1	2	13833
27.682	0.25	1	2	13841
27.7	0.25	0	1	13850
27.716	0.25	0	1	13858
27.732	0.25	1	2	13866
27.75	0.25	1	2	13875
27.766	0.25	0	1	13883
27.782	0.25	0	1	13891
27.8	0.25	0	1	13900
27.816	0.25	0	1	13908
27.832	0.25	1	2	13916
31.232	0.25	1	2	15616
31.25	0.25	1	2	15625
31.266	0.25	1	2	15633
31.282	0.25	1	2	15641
31.3	0.25	0	1	15650
31.316	0.25	0	1	15658
31.332	0.25	1	2	15666
31.35	0.25	1	2	15675
31.366	0.25	1	2	15683
31.382	0.25	1	2	15691
31.4	0.25	0	1	15700
31.416	0.25	0	1	15708
31.432	0.25	1	2	15716
31.45	0.25	1	2	15725
31.466	0.25	1	2	15733
31.482	0.25	1	2	15741
31.5	0.25	0	1	15750
31.516	0.25	0	1	15758
31.532	0.25	1	2	15766
31.55	0.25	1	2	15775
31.566	0.25	1	2	15783
31.582	0.25	1	2	15791
31.6	0.25	0	1	15800
31.616	0.25	0	1	15808
31.632	0.25	0	1	15816
31.65	0.25	0	1	15825
31.666	0.25	0	1	15833
31.682	0.25	0	1	15841
31.7	0.25	1	2	15850
31.716	0.25	1	2	15858
31.732	0.25	1	2	15866
31.75	0.25	1	2	15875
31.766	0.25	1	2	15883
31.782	0.25	1	2	15891
31.8	0.25	0	1	15900
31.816	0.25	0	1	15908
31.832	0.25	0	1	15916
31.85	0.25	0	1	15925
31.866	0.25	0	1	15933
31.882	0.25	0	1	15941
31.9	0.25	1	2	15950
31.916	0.25	1	2	15958
31.932	0.25	1	2	15966
31.95	0.25	1	2	15975
31.966	0.25	1	2	15983
31.982	0.25	1	2	15991
32.0	0.25	1	2	16000
32.016	0.25	1	2	16008
32.032	0.25	1	2	16016
32.048	0.25	1	2	16024
32.066	0.25	0	1	16033
32.082	0.25	0	1	16041
32.1	0.25	0	1	16050
32.116	0.25	0	1	16058
32.132	0.25	1	2	16066
32.15	0.25	1	2	16075
32.166	0.25	0	1	16083
32.182	0.25	0	1	16091
32.2	0.25	1	2	16100
32.216	0.25	1	2	16108
32.232	0.25	0	1	16116
32.25	0.25	0	1	16125
32.266	0.25	0	1	16133
32.282	0.25	0	1	16141
32.298	0.25	1	2	16149
32.316	0.25	1	2	16158
32.332	0.25	1	2	16166
32.35	0.25	1	2	16175
32.366	0.25	0	1	16183
32.382	0.25	0	1	16191
32.4	0.25	0	1	16200
32.416	0.25	0	1	16208
32.432	0.25	0	1	16216
32.45	0.25	0	1	16225
32.466	0.25	0	1	16233
32.482	0.25	0	1	16241
32.5	0.25	1	2	16250
32.516	0.25	1	2	16258
32.532	0.25	0	1	16266
32.548	0.25	0	1	16274
32.566	0.25	0	1	16283
32.582	0.25	0	1	16291
32.6	0.25	0	1	16300
32.616	0.25	0	1	16308
32.632	0.25	0	1	16316
32.65	0.25	0	1	16325
32.666	0.25	1	2	16333
32.682	0.25	1	2	16341
32.7	0.25	1	2	16350
32.716	0.25	1	2	16358
32.732	0.25	1	2	16366
32.75	0.25	1	2	16375
32.766	0.25	1	2	16383
32.782	0.25	1	2	16391
32.8	0.25	1	2	16400
32.816	0.25	1	2	16408
32.832	0.25	1	2	16416
32.85	0.25	1	2	16425
32.866	0.25	0	1	16433
32.882	0.25	0	1	16441
32.9	0.25	1	2	16450
32.916	0.25	1	2	16458
32.932	0.25	0	1	16466
32.95	0.25	0	1	16475
32.966	0.25	1	2	16483
32.982	0.25	1	2	16491
33.0	0.25	0	1	16500
33.016	0.25	0	1	16508
33.032	0.25	0	1	16516
33.05	0.25	0	1	16525
33.066	0.25	1	2	16533
33.082	0.25	1	2	16541
33.1	0.25	1	2	16550
33.116	0.25	1	2	16558
33.132	0.25	0	1	16566
33.15	0.25	0	1	16575
33.166	0.25	0	1	16583
34.65	0.25	0	1	17325
34.666	0.25	0	1	17333
34.682	0.25	0	1	17341
34.7	0.25	0	1	17350
34.716	0.25	1	2	17358
34.732	0.25	1	2	17366
34.75	0.25	1	2	17375
34.766	0.25	1	2	17383
34.782	0.25	0	1	17391
34.8	0.25	0	1	17400
34.816	0.25	0	1	17408
34.832	0.25	0	1	17416
34.85	0.25	0	1	17425
34.866	0.25	0	1	17433
34.882	0.25	0	1	17441
34.9	0.25	0	1	17450
34.916	0.25	1	2	17458
34.932	0.25	1	2	17466
34.95	0.25	1	2	17475
34.966	0.25	1	2	17483
34.982	0.25	1	2	17491
35.0	0.25	1	2	17500
35.016	0.25	1	2	17508
35.032	0.25	1	2	17516
35.05	0.25	1	2	17525
35.066	0.25	1	2	17533
35.082	0.25	0	1	17541
35.1	0.25	0	1	17550
35.116	0.25	0	1	17558
35.132	0.25	0	1	17566
35.15	0.25	0	1	17575
35.166	0.25	0	1	17583
35.182	0.25	0	1	17591
35.2	0.25	0	1	17600
35.216	0.25	0	1	17608
35.232	0.25	0	1	17616
35.25	0.25	0	1	17625
35.266	0.25	0	1	17633
35.282	0.25	1	2	17641
35.3	0.25	1	2	17650
35.316	0.25	1	2	17658
35.332	0.25	1	2	17666
35.35	0.25	0	1	17675
35.366	0.25	0	1	17683
35.382	0.25	0	1	17691
35.4	0.25	0	1	17700
35.416	0.25	1	2	17708
35.432	0.25	1	2	17716
35.45	0.25	0	1	17725
35.466	0.25	0	1	17733
35.482	0.25	1	2	17741
35.5	0.25	1	2	17750
35.516	0.25	0	1	17758
35.532	0.25	0	1	17766
35.55	0.25	1	2	17775
35.566	0.25	1	2	17783
35.582	0.25	0	1	17791
35.6	0.25	0	1	17800
35.616	0.25	1	2	17808
35.632	0.25	1	2	17816
35.65	0.25	1	2	17825
35.666	0.25	1	2	17833
35.682	0.25	0	1	17841
35.7	0.25	0	1	17850
35.716	0.25	1	2	17858
35.732	0.25	1	2	17866
35.75	0.25	0	1	17875
35.766	0.25	0	1	17883
35.782	0.25	0	1	17891
35.8	0.25	0	1	17900
35.816	0.25	0	1	17908
35.832	0.25	0	1	17916
35.85	0.25	1	2	17925
35.866	0.25	1	2	17933
35.882	0.25	0	1	17941
35.9	0.25	0	1	17950
35.916	0.25	0	1	17958
35.932	0.25	0	1	17966
35.95	0.25	0	1	17975
35.966	0.25	0	1	17983
35.982	0.25	1	2	17991
36.0	0.25	1	2	18000
36.016	0.25	1	2	18008
36.032	0.25	1	2	18016
36.05	0.25	1	2	18025
36.066	0.25	1	2	18033
36.082	0.25	0	1	18041
36.1	0.25	0	1	18050
36.116	0.25	1	2	18058
36.132	0.25	1	2	18066
36.15	0.25	0	1	18075
36.166	0.25	0	1	18083
36.182	0.25	1	2	18091
36.2	0.25	1	2	18100
36.216	0.25	1	2	18108
36.232	0.25	1	2	18116
36.25	0.25	1	2	18125
36.266	0.25	1	2	18133
36.282	0.25	1	2	18141
36.3	0.25	1	2	18150
36.316	0.25	1	2	18158
36.332	0.25	1	2	18166
36.35	0.25	0	1	18175
36.366	0.25	0	1	18183
36.382	0.25	0	1	18191
36.4	0.25	0	1	18200
36.416	0.25	1	2	18208
36.432	0.25	1	2	18216
36.45	0.25	0	1	18225
36.466	0.25	0	1	18233
36.482	0.25	0	1	18241
36.5	0.25	0	1	18250
36.516	0.25	0	1	18258
36.532	0.25	0	1	18266
36.55	0.25	1	2	18275
36.566	0.25	1	2	18283
36.582	0.25	1	2	18291
38.066	0.25	1	2	19033
38.082	0.25	1	2	19041
38.1	0.25	1	2	19050
38.116	0.25	1	2	19058
38.132	0.25	1	2	19066
38.15	0.25	1	2	19075
38.166	0.25	1	2	19083
38.182	0.25	1	2	19091
38.2	0.25	1	2	19100
38.216	0.25	1	2	19108
38.232	0.25	1	2	19116
38.25	0.25	1	2	19125
38.266	0.25	1	2	19133
38.282	0.25	1	2	19141
38.3	0.25	0	1	19150
38.316	0.25	0	1	19158
38.332	0.25	0	1	19166
38.35	0.25	0	1	19175
38.366	0.25	1	2	19183
38.382	0.25	1	2	19191
38.4	0.25	1	2	19200
38.416	0.25	1	2	19208
38.432	0.25	0	1	19216
38.45	0.25	0	1	19225
38.466	0.25	0	1	19233
38.482	0.25	0	1	19241
38.5	0.25	1	2	19250
38.516	0.25	1	2	19258
38.532	0.25	1	2	19266
38.55	0.25	1	2	19275
38.566	0.25	0	1	19283
38.582	0.25	0	1	19291
38.6	0.25	0	1	19300
38.616	0.25	0	1	19308
38.632	0.25	1	2	19316
38.65	0.25	1	2	19325
38.666	0.25	0	1	19333
38.682	0.25	0	1	19341
38.7	0.25	1	2	19350
38.716	0.25	1	2	19358
38.732	0.25	1	2	19366
38.75	0.25	1	2	19375
38.766	0.25	0	1	19383
38.782	0.25	0	1	19391
38.8	0.25	1	2	19400
38.816	0.25	1	2	19408
38.832	0.25	0	1	19416
38.85	0.25	0	1	19425
38.866	0.25	0	1	19433
38.882	0.25	0	1	19441
38.9	0.25	1	2	19450
38.916	0.25	1	2	19458
38.932	0.25	0	1	19466
38.95	0.25	0	1	19475
38.966	0.25	1	2	19483
38.982	0.25	1	2	19491
39.0	0.25	1	2	19500
39.016	0.25	1	2	19508
39.032	0.25	1	2	19516
39.05	0.25	1	2	19525
39.066	0.25	0	1	19533
39.082	0.25	0	1	19541
39.1	0.25	0	1	19550
39.116	0.25	0	1	19558
39.132	0.25	0	1	19566
39.15	0.25	0	1	19575
39.166	0.25	1	2	19583
39.182	0.25	1	2	19591
39.2	0.25	0	1	19600
39.216	0.25	0	1	19608
39.232	0.25	1	2	19616
39.25	0.25	1	2	19625
39.266	0.25	1	2	19633
39.282	0.25	1	2	19641
39.3	0.25	1	2	19650
39.316	0.25	1	2	19658
39.332	0.25	0	1	19666
39.35	0.25	0	1	19675
39.366	0.25	0	1	19683
39.382	0.25	0	1	19691
39.4	0.25	1	2	19700
39.416	0.25	1	2	19708
39.432	0.25	0	1	19716
39.45	0.25	0	1	19725
39.466	0.25	1	2	19733
39.482	0.25	1	2	19741
39.5	0.25	0	1	19750
39.516	0.25	0	1	19758
39.532	0.25	0	1	19766
39.55	0.25	0	1	19775
39.566	0.25	0	1	19783
39.582	0.25	0	1	19791
39.6	0.25	1	2	19800
39.616	0.25	1	2	19808
39.632	0.25	1	2	19816
39.65	0.25	1	2	19825
39.666	0.25	0	1	19833
39.682	0.25	0	1	19841
39.7	0.25	1	2	19850
39.716	0.25	1	2	19858
39.732	0.25	0	1	19866
39.75	0.25	0	1	19875
39.766	0.25	0	1	19883
39.782	0.25	0	1	19891
39.8	0.25	0	1	19900
39.816	0.25	0	1	19908
39.832	0.25	1	2	19916
39.85	0.25	1	2	19925
39.866	0.25	0	1	19933
39.882	0.25	0	1	19941
39.9	0.25	1	2	19950
39.916	0.25	1	2	19958
39.932	0.25	0	1	19966
39.95	0.25	0	1	19975
39.966	0.25	0	1	19983
39.982	0.25	0	1	19991
40.0	0.25	1	2	20000
41.482	0.25	1	2	20741
41.5	0.25	1	2	20750
41.516	0.25	1	2	20758
41.532	0.25	1	2	20766
41.55	0.25	0	1	20775
41.566	0.25	0	1	20783
41.582	0.25	0	1	20791
41.6	0.25	0	1	20800
41.616	0.25	0	1	20808
41.632	0.25	0	1	20816
41.65	0.25	0	1	20825
41.666	0.25	0	1	20833
41.682	0.25	1	2	20841
41.7	0.25	1	2	20850
41.716	0.25	0	1	20858
41.732	0.25	0	1	20866
41.75	0.25	0	1	20875
41.766	0.25	0	1	20883
41.782	0.25	1	2	20891
41.8	0.25	1	2	20900
41.816	0.25	1	2	20908
41.832	0.25	1	2	20916
41.85	0.25	0	1	20925
41.866	0.25	0	1	20933
41.882	0.25	0	1	20941
41.9	0.25	0	1	20950
41.916	0.25	0	1	20958
41.932	0.25	0	1	20966
41.95	0.25	0	1	20975
41.966	0.25	0	1	20983
41.982	0.25	0	1	20991
42.0	0.25	0	1	21000
42.016	0.25	0	1	21008
42.032	0.25	0	1	21016
42.05	0.25	1	2	21025
42.066	0.25	1	2	21033
42.082	0.25	0	1	21041
42.1	0.25	0	1	21050
42.116	0.25	1	2	21058
42.132	0.25	1	2	21066
42.15	0.25	1	2	21075
42.166	0.25	1	2	21083
42.182	0.25	0	1	21091
42.2	0.25	0	1	21100
42.216	0.25	1	2	21108
42.232	0.25	1	2	21116
42.25	0.25	0	1	21125
42.266	0.25	0	1	21133
42.282	0.25	1	2	21141
42.3	0.25	1	2	21150
42.316	0.25	0	1	21158
42.332	0.25	0	1	21166
42.35	0.25	1	2	21175
42.366	0.25	1	2	21183
42.382	0.25	0	1	21191
42.4	0.25	0	1	21200
42.416	0.25	0	1	21208
42.432	0.25	0	1	21216
42.45	0.25	0	1	21225
42.466	0.25	0	1	21233
42.482	0.25	1	2	21241
42.5	0.25	1	2	21250
42.516	0.25	1	2	21258
42.532	0.25	1	2	21266
42.55	0.25	1	2	21275
42.566	0.25	1	2	21283
42.582	0.25	0	1	21291
42.6	0.25	0	1	21300
42.616	0.25	1	2	21308
42.632	0.25	1	2	21316
42.65	0.25	1	2	21325
42.666	0.25	1	2	21333
42.682	0.25	1	2	21341
42.7	0.25	1	2	21350
42.716	0.25	0	1	21358
42.732	0.25	0	1	21366
42.75	0.25	1	2	21375
42.766	0.25	1	2	21383
42.782	0.25	0	1	21391
42.8	0.25	0	1	21400
42.816	0.25	1	2	21408
42.832	0.25	1	2	21416
42.85	0.25	1	2	21425
42.866	0.25	1	2	21433
42.882	0.25	0	1	21441
42.9	0.25	0	1	21450
42.916	0.25	0	1	21458
42.932	0.25	0	1	21466
42.95	0.25	0	1	21475
42.966	0.25	0	1	21483
42.982	0.25	1	2	21491
43.0	0.25	1	2	21500
43.016	0.25	1	2	21508
43.032	0.25	1	2	21516
43.05	0.25	0	1	21525
43.066	0.25	0	1	21533
43.082	0.25	1	2	21541
43.1	0.25	1	2	21550
43.116	0.25	1	2	21558
43.132	0.25	1	2	21566
43.15	0.25	1	2	21575
43.166	0.25	1	2	21583
43.182	0.25	0	1	21591
43.2	0.25	0	1	21600
43.216	0.25	0	1	21608
43.232	0.25	0	1	21616
43.25	0.25	0	1	21625
43.266	0.25	0	1	21633
43.282	0.25	0	1	21641
43.3	0.25	0	1	21650
43.316	0.25	0	1	21658
43.332	0.25	0	1	21666
43.35	0.25	1	2	21675
43.366	0.25	1	2	21683
43.382	0.25	1	2	21691
43.4	0.25	1	2	21700
43.416	0.25	1	2	21708
46.666	0.25	1	2	23333
46.682	0.25	1	2	23341
46.7	0.25	1	2	23350
46.716	0.25	1	2	23358
46.732	0.25	0	1	23366
46.75	0.25	0	1	23375
46.766	0.25	0	1	23383
46.782	0.25	0	1	23391
46.8	0.25	0	1	23400
46.816	0.25	0	1	23408
46.832	0.25	0	1	23416
46.85	0.25	0	1	23425
46.866	0.25	1	2	23433
46.882	0.25	1	2	23441
46.9	0.25	0	1	23450
46.916	0.25	0	1	23458
46.932	0.25	0	1	23466
46.95	0.25	0	1	23475
46.966	0.25	1	2	23483
46.982	0.25	1	2	23491
47.0	0.25	1	2	23500
47.016	0.25	1	2	23508
47.032	0.25	0	1	23516
47.05	0.25	0	1	23525
47.066	0.25	0	1	23533
47.082	0.25	0	1	23541
47.1	0.25	0	1	23550
47.116	0.25	0	1	23558
47.132	0.25	0	1	23566
47.15	0.25	0	1	23575
47.166	0.25	0	1	23583
47.182	0.25	0	1	23591
47.2	0.25	0	1	23600
47.216	0.25	0	1	23608
47.232	0.25	1	2	23616
47.25	0.25	1	2	23625
47.266	0.25	0	1	23633
47.282	0.25	0	1	23641
47.3	0.25	1	2	23650
47.316	0.25	1	2	23658
47.332	0.25	1	2	23666
47.35	0.25	1	2	23675
47.366	0.25	0	1	23683
47.382	0.25	0	1	23691
47.4	0.25	1	2	23700
47.416	0.25	1	2	23708
47.432	0.25	0	1	23716
47.45	0.25	0	1	23725
47.466	0.25	1	2	23733
47.482	0.25	1	2	23741
47.5	0.25	0	1	23750
47.516	0.25	0	1	23758
47.532	0.25	1	2	23766
47.55	0.25	1	2	23775
47.566	0.25	0	1	23783
47.582	0.25	0	1	23791
47.6	0.25	0	1	23800
47.616	0.25	0	1	23808
47.632	0.25	0	1	23816
47.65	0.25	0	1	23825
47.666	0.25	1	2	23833
47.682	0.25	1	2	23841
47.7	0.25	1	2	23850
47.716	0.25	1	2	23858
47.732	0.25	1	2	23866
47.75	0.25	1	2	23875
47.766	0.25	0	1	23883
47.782	0.25	0	1	23891
47.8	0.25	1	2	23900
47.816	0.25	1	2	23908
47.832	0.25	1	2	23916
47.85	0.25	1	2	23925
47.866	0.25	1	2	23933
47.882	0.25	1	2	23941
47.9	0.25	0	1	23950
47.916	0.25	0	1	23958
47.932	0.25	1	2	23966
47.95	0.25	1	2	23975
47.966	0.25	0	1	23983
47.982	0.25	0	1	23991
48.0	0.25	1	2	24000
48.016	0.25	1	2	24008
48.032	0.25	1	2	24016
48.05	0.25	1	2	24025
48.066	0.25	0	1	24033
48.082	0.25	0	1	24041
48.1	0.25	0	1	24050
48.116	0.25	0	1	24058
48.132	0.25	0	1	24066
48.15	0.25	0	1	24075
48.166	0.25	1	2	24083
48.182	0.25	1	2	24091
48.2	0.25	1	2	24100
48.216	0.25	1	2	24108
48.232	0.25	0	1	24116
48.25	0.25	0	1	24125
48.266	0.25	1	2	24133
48.282	0.25	1	2	24141
48.3	0.25	1	2	24150
48.316	0.25	1	2	24158
48.332	0.25	1	2	24166
48.35	0.25	1	2	24175
48.366	0.25	0	1	24183
48.382	0.25	0	1	24191
48.4	0.25	0	1	24200
48.416	0.25	0	1	24208
48.432	0.25	0	1	24216
48.45	0.25	0	1	24225
48.466	0.25	0	1	24233
48.482	0.25	0	1	24241
48.5	0.25	0	1	24250
48.516	0.25	0	1	24258
48.532	0.25	1	2	24266
48.55	0.25	1	2	24275
48.566	0.25	1	2	24283
48.582	0.25	1	2	24291
48.6	0.25	1	2	24300
50.082	0.25	1	2	25041
50.1	0.25	1	2	25050
50.116	0.25	1	2	25058
50.132	0.25	1	2	25066
50.15	0.25	1	2	25075
50.166	0.25	1	2	25083
50.182	0.25	1	2	25091
50.2	0.25	1	2	25100
50.216	0.25	1	2	25108
50.232	0.25	1	2	25116
50.25	0.25	1	2	25125
50.266	0.25	1	2	25133
50.282	0.25	1	2	25141
50.3	0.25	1	2	25150
50.316	0.25	0	1	25158
50.332	0.25	0	1	25166
50.35	0.25	0	1	25175
50.366	0.25	0	1	25183
50.382	0.25	1	2	25191
50.4	0.25	1	2	25200
50.416	0.25	1	2	25208
50.432	0.25	1	2	25216
50.45	0.25	0	1	25225
50.466	0.25	0	1	25233
50.482	0.25	0	1	25241
50.5	0.25	0	1	25250
50.516	0.25	1	2	25258
50.532	0.25	1	2	25266
50.55	0.25	1	2	25275
50.566	0.25	1	2	25283
50.582	0.25	0	1	25291
50.6	0.25	0	1	25300
50.616	0.25	0	1	25308
50.632	0.25	0	1	25316
50.65	0.25	1	2	25325
50.666	0.25	1	2	25333
50.682	0.25	0	1	25341
50.7	0.25	0	1	25350
50.716	0.25	1	2	25358
50.732	0.25	1	2	25366
50.75	0.25	1	2	25375
50.766	0.25	1	2	25383
50.782	0.25	0	1	25391
50.8	0.25	0	1	25400
50.816	0.25	1	2	25408
50.832	0.25	1	2	25416
50.85	0.25	0	1	25425
50.866	0.25	0	1	25433
50.882	0.25	0	1	25441
50.9	0.25	0	1	25450
50.916	0.25	1	2	25458
50.932	0.25	1	2	25466
50.95	0.25	0	1	25475
50.966	0.25	0	1	25483
50.982	0.25	1	2	25491
51.0	0.25	1	2	25500
51.016	0.25	1	2	25508
51.032	0.25	1	2	25516
51.05	0.25	1	2	25525
51.066	0.25	1	2	25533
51.082	0.25	0	1	25541
51.1	0.25	0	1	25550
51.116	0.25	0	1	25558
51.132	0.25	0	1	25566
51.15	0.25	0	1	25575
51.166	0.25	0	1	25583
51.182	0.25	1	2	25591
51.2	0.25	1	2	25600
51.216	0.25	0	1	25608
51.232	0.25	0	1	25616
51.25	0.25	1	2	25625
51.266	0.25	1	2	25633
51.282	0.25	1	2	25641
51.3	0.25	1	2	25650
51.316	0.25	1	2	25658
51.332	0.25	1	2	25666
51.35	0.25	0	1	25675
51.366	0.25	0	1	25683
51.382	0.25	0	1	25691
51.4	0.25	0	1	25700
51.416	0.25	1	2	25708
51.432	0.25	1	2	25716
51.45	0.25	0	1	25725
51.466	0.25	0	1	25733
51.482	0.25	1	2	25741
51.5	0.25	1	2	25750
51.516	0.25	0	1	25758
51.532	0.25	0	1	25766
51.55	0.25	0	1	25775
51.566	0.25	0	1	25783
51.582	0.25	0	1	25791
51.6	0.25	0	1	25800
51.616	0.25	1	2	25808
51.632	0.25	1	2	25816
51.65	0.25	1	2	25825
51.666	0.25	1	2	25833
51.682	0.25	0	1	25841
51.7	0.25	0	1	25850
51.716	0.25	1	2	25858
51.732	0.25	1	2	25866
51.75	0.25	0	1	25875
51.766	0.25	0	1	25883
51.782	0.25	0	1	25891
51.8	0.25	0	1	25900
51.816	0.25	0	1	25908
51.832	0.25	0	1	25916
51.85	0.25	1	2	25925
51.866	0.25	1	2	25933
51.882	0.25	0	1	25941
51.9	0.25	0	1	25950
51.916	0.25	1	2	25958
51.932	0.25	1	2	25966
51.95	0.25	0	1	25975
51.966	0.25	0	1	25983
51.982	0.25	0	1	25991
52.0	0.25	0	1	26000
52.016	0.25	1	2	26008
53.5	0.25	0	1	26750
53.516	0.25	0	1	26758
53.532	0.25	0	1	26766
53.55	0.25	0	1	26775
53.566	0.25	1	2	26783
53.582	0.25	1	2	26791
53.6	0.25	1	2	26800
53.616	0.25	1	2	26808
53.632	0.25	0	1	26816
53.65	0.25	0	1	26825
53.666	0.25	0	1	26833
53.682	0.25	0	1	26841
53.7	0.25	0	1	26850
53.716	0.25	0	1	26858
53.732	0.25	0	1	26866
53.75	0.25	0	1	26875
53.766	0.25	1	2	26883
53.782	0.25	1	2	26891
53.8	0.25	1	2	26900
53.816	0.25	1	2	26908
53.832	0.25	1	2	26916
53.85	0.25	1	2	26925
53.866	0.25	1	2	26933
53.882	0.25	1	2	26941
53.9	0.25	1	2	26950
53.916	0.25	1	2	26958
53.932	0.25	0	1	26966
53.95	0.25	0	1	26975
53.966	0.25	0	1	26983
53.982	0.25	0	1	26991
54.0	0.25	0	1	27000
54.016	0.25	0	1	27008
54.032	0.25	0	1	27016
54.05	0.25	0	1	27025
54.066	0.25	0	1	27033
54.082	0.25	0	1	27041
54.1	0.25	0	1	27050
54.116	0.25	0	1	27058
54.132	0.25	1	2	27066
54.15	0.25	1	2	27075
54.166	0.25	1	2	27083
54.182	0.25	1	2	27091
54.2	0.25	0	1	27100
54.216	0.25	0	1	27108
54.232	0.25	0	1	27116
54.25	0.25	0	1	27125
54.266	0.25	1	2	27133
54.282	0.25	1	2	27141
54.3	0.25	0	1	27150
54.316	0.25	0	1	27158
54.332	0.25	1	2	27166
54.35	0.25	1	2	27175
54.366	0.25	0	1	27183
54.382	0.25	0	1	27191
54.4	0.25	1	2	27200
54.416	0.25	1	2	27208
54.432	0.25	0	1	27216
54.45	0.25	0	1	27225
54.466	0.25	1	2	27233
54.482	0.25	1	2	27241
54.5	0.25	1	2	27250
54.516	0.25	1	2	27258
54.532	0.25	0	1	27266
54.55	0.25	0	1	27275
54.566	0.25	1	2	27283
54.582	0.25	1	2	27291
54.6	0.25	0	1	27300
54.616	0.25	0	1	27308
54.632	0.25	0	1	27316
54.65	0.25	0	1	27325
54.666	0.25	0	1	27333
54.682	0.25	0	1	27341
54.7	0.25	1	2	27350
54.716	0.25	1	2	27358
54.732	0.25	0	1	27366
54.75	0.25	0	1	27375
54.766	0.25	0	1	27383
54.782	0.25	0	1	27391
54.8	0.25	0	1	27400
54.816	0.25	0	1	27408
54.832	0.25	1	2	27416
54.85	0.25	1	2	27425
54.866	0.25	1	2	27433
54.882	0.25	1	2	27441
54.9	0.25	1	2	27450
54.916	0.25	1	2	27458
54.932	0.25	0	1	27466
54.95	0.25	0	1	27475
54.966	0.25	1	2	27483
54.982	0.25	1	2	27491
55.0	0.25	0	1	27500
55.016	0.25	0	1	27508
55.032	0.25	1	2	27516
55.05	0.25	1	2	27525
55.066	0.25	1	2	27533
55.082	0.25	1	2	27541
55.1	0.25	1	2	27550
55.116	0.25	1	2	27558
55.132	0.25	1	2	27566
55.15	0.25	1	2	27575
55.166	0.25	1	2	27583
55.182	0.25	1	2	27591
55.2	0.25	0	1	27600
55.216	0.25	0	1	27608
55.232	0.25	0	1	27616
55.25	0.25	0	1	27625
55.266	0.25	1	2	27633
55.282	0.25	1	2	27641
55.3	0.25	0	1	27650
55.316	0.25	0	1	27658
55.332	0.25	0	1	27666
55.35	0.25	0	1	27675
55.366	0.25	0	1	27683
55.382	0.25	0	1	27691
55.4	0.25	1	2	27700
55.416	0.25	1	2	27708
55.432	0.25	1	2	27716
56.916	0.25	1	2	28458
56.932	0.25	1	2	28466
56.95	0.25	1	2	28475
56.966	0.25	1	2	28483
56.982	0.25	0	1	28491
57.0	0.25	0	1	28500
57.016	0.25	1	2	28508
57.032	0.25	1	2	28516
57.05	0.25	1	2	28525
57.066	0.25	1	2	28533
57.082	0.25	0	1	28541
57.1	0.25	0	1	28550
57.116	0.25	1	2	28558
57.132	0.25	1	2	28566
57.15	0.25	1	2	28575
57.166	0.25	1	2	28583
57.182	0.25	0	1	28591
57.2	0.25	0	1	28600
57.216	0.25	1	2	28608
57.232	0.25	1	2	28616
57.25	0.25	1	2	28625
57.266	0.25	1	2	28633
57.282	0.25	0	1	28641
57.3	0.25	0	1	28650
57.316	0.25	0	1	28658
57.332	0.25	0	1	28666
57.35	0.25	0	1	28675
57.366	0.25	0	1	28683
57.382	0.25	1	2	28691
57.4	0.25	1	2	28700
57.416	0.25	1	2	28708
57.432	0.25	1	2	28716
57.45	0.25	1	2	28725
57.466	0.25	1	2	28733
57.482	0.25	0	1	28741
57.5	0.25	0	1	28750
57.516	0.25	0	1	28758
57.532	0.25	0	1	28766
57.55	0.25	0	1	28775
57.566	0.25	0	1	28783
57.582	0.25	1	2	28791
57.6	0.25	1	2	28800
57.616	0.25	1	2	28808
57.632	0.25	1	2	28816
57.65	0.25	1	2	28825
57.666	0.25	1	2	28833
57.682	0.25	1	2	28841
57.7	0.25	1	2	28850
57.716	0.25	1	2	28858
57.732	0.25	1	2	28866
57.75	0.25	0	1	28875
57.766	0.25	0	1	28883
57.782	0.25	0	1	28891
57.8	0.25	0	1	28900
57.816	0.25	1	2	28908
57.832	0.25	1	2	28916
57.85	0.25	0	1	28925
57.866	0.25	0	1	28933
57.882	0.25	1	2	28941
57.9	0.25	1	2	28950
57.916	0.25	0	1	28958
57.932	0.25	0	1	28966
57.95	0.25	0	1	28975
57.966	0.25	0	1	28983
57.982	0.25	1	2	28991
58.0	0.25	1	2	29000
58.016	0.25	1	2	29008
58.032	0.25	1	2	29016
58.05	0.25	0	1	29025
58.066	0.25	0	1	29033
58.082	0.25	0	1	29041
58.1	0.25	0	1	29050
58.116	0.25	0	1	29058
58.132	0.25	0	1	29066
58.15	0.25	0	1	29075
58.166	0.25	0	1	29083
58.182	0.25	1	2	29091
58.2	0.25	1	2	29100
58.216	0.25	0	1	29108
58.232	0.25	0	1	29116
58.25	0.25	0	1	29125
58.266	0.25	0	1	29133
58.282	0.25	0	1	29141
58.3	0.25	0	1	29150
58.316	0.25	0	1	29158
58.332	0.25	0	1	29166
58.35	0.25	1	2	29175
58.366	0.25	1	2	29183
58.382	0.25	1	2	29191
58.4	0.25	1	2	29200
58.416	0.25	1	2	29208
58.432	0.25	1	2	29216
58.45	0.25	1	2	29225
58.466	0.25	1	2	29233
58.482	0.25	1	2	29241
58.5	0.25	1	2	29250
58.516	0.25	1	2	29258
58.532	0.25	1	2	29266
58.55	0.25	0	1	29275
58.566	0.25	0	1	29283
58.582	0.25	1	2	29291
58.6	0.25	1	2	29300
58.616	0.25	0	1	29308
58.632	0.25	0	1	29316
58.65	0.25	1	2	29325
58.666	0.25	1	2	29333
58.682	0.25	0	1	29341
58.7	0.25	0	1	29350
58.716	0.25	0	1	29358
58.732	0.25	0	1	29366
58.75	0.25	1	2	29375
58.766	0.25	1	2	29383
58.782	0.25	1	2	29391
58.8	0.25	1	2	29400
58.816	0.25	0	1	29408
58.832	0.25	0	1	29416
58.85	0.25	0	1	29425
62.1	0.25	1	2	31050
62.116	0.25	1	2	31058
62.132	0.25	1	2	31066
62.15	0.25	1	2	31075
62.166	0.25	0	1	31083
62.182	0.25	0	1	31091
62.2	0.25	0	1	31100
62.216	0.25	0	1	31108
62.232	0.25	0	1	31116
62.25	0.25	0	1	31125
62.266	0.25	0	1	31133
62.282	0.25	0	1	31141
62.3	0.25	1	2	31150
62.316	0.25	1	2	31158
62.332	0.25	0	1	31166
62.35	0.25	0	1	31175
62.366	0.25	0	1	31183
62.382	0.25	0	1	31191
62.4	0.25	1	2	31200
62.416	0.25	1	2	31208
62.432	0.25	1	2	31216
62.45	0.25	1	2	31225
62.466	0.25	0	1	31233
62.482	0.25	0	1	31241
62.5	0.25	0	1	31250
62.516	0.25	0	1	31258
62.532	0.25	0	1	31266
62.55	0.25	0	1	31275
62.566	0.25	0	1	31283
62.582	0.25	0	1	31291
62.6	0.25	0	1	31300
62.616	0.25	0	1	31308
62.632	0.25	0	1	31316
62.65	0.25	0	1	31325
62.666	0.25	1	2	31333
62.682	0.25	1	2	31341
62.7	0.25	0	1	31350
62.716	0.25	0	1	31358
62.732	0.25	1	2	31366
62.75	0.25	1	2	31375
62.766	0.25	1	2	31383
62.782	0.25	1	2	31391
62.8	0.25	0	1	31400
62.816	0.25	0	1	31408
62.832	0.25	1	2	31416
62.85	0.25	1	2	31425
62.866	0.25	0	1	31433
62.882	0.25	0	1	31441
62.9	0.25	1	2	31450
62.916	0.25	1	2	31458
62.932	0.25	0	1	31466
62.95	0.25	0	1	31475
62.966	0.25	1	2	31483
62.982	0.25	1	2	31491
63.0	0.25	0	1	31500
63.016	0.25	0	1	31508
63.032	0.25	0	1	31516
63.05	0.25	0	1	31525
63.066	0.25	0	1	31533
63.082	0.25	0	1	31541
63.1	0.25	1	2	31550
63.116	0.25	1	2	31558
63.132	0.25	1	2	31566
63.15	0.25	1	2	31575
63.166	0.25	1	2	31583
63.182	0.25	1	2	31591
63.2	0.25	0	1	31600
63.216	0.25	0	1	31608
63.232	0.25	1	2	31616
63.25	0.25	1	2	31625
63.266	0.25	1	2	31633
63.282	0.25	1	2	31641
63.3	0.25	1	2	31650
63.316	0.25	1	2	31658
63.332	0.25	0	1	31666
63.35	0.25	0	1	31675
63.366	0.25	1	2	31683
63.382	0.25	1	2	31691
63.4	0.25	0	1	31700
63.416	0.25	0	1	31708
63.432	0.25	1	2	31716
63.45	0.25	1	2	31725
63.466	0.25	1	2	31733
63.482	0.25	1	2	31741
63.5	0.25	0	1	31750
63.516	0.25	0	1	31758
63.532	0.25	0	1	31766
63.55	0.25	0	1	31775
63.566	0.25	0	1	31783
63.582	0.25	0	1	31791
63.6	0.25	1	2	31800
63.616	0.25	1	2	31808
63.632	0.25	1	2	31816
63.65	0.25	1	2	31825
63.666	0.25	0	1	31833
63.682	0.25	0	1	31841
63.7	0.25	1	2	31850
63.716	0.25	1	2	31858
63.732	0.25	1	2	31866
63.75	0.25	1	2	31875
63.766	0.25	1	2	31883
63.782	0.25	1	2	31891
63.8	0.25	0	1	31900
63.816	0.25	0	1	31908
63.832	0.25	0	1	31916
63.85	0.25	0	1	31925
63.866	0.25	0	1	31933
63.882	0.25	0	1	31941
63.9	0.25	0	1	31950
63.916	0.25	0	1	31958
63.932	0.25	0	1	31966
63.95	0.25	0	1	31975
63.966	0.25	1	2	31983
63.982	0.25	1	2	31991
64.0	0.25	1	2	32000
64.016	0.25	1	2	32008
64.032	0.25	1	2	32016
65.516	0.25	1	2	32758
65.532	0.25	1	2	32766
65.55	0.25	1	2	32775
65.566	0.25	1	2	32783
65.582	0.25	1	2	32791
65.6	0.25	1	2	32800
65.616	0.25	1	2	32808
65.632	0.25	1	2	32816
65.65	0.25	1	2	32825
65.666	0.25	1	2	32833
65.682	0.25	1	2	32841
65.7	0.25	1	2	32850
65.716	0.25	1	2	32858
65.732	0.25	1	2	32866
65.75	0.25	0	1	32875
65.766	0.25	0	1	32883
65.782	0.25	0	1	32891
65.8	0.25	0	1	32900
65.816	0.25	1	2	32908
65.832	0.25	1	2	32916
65.85	0.25	1	2	32925
65.866	0.25	1	2	32933
65.882	0.25	0	1	32941
65.9	0.25	0	1	32950
65.916	0.25	0	1	32958
65.932	0.25	0	1	32966
65.95	0.25	1	2	32975
65.966	0.25	1	2	32983
65.982	0.25	1	2	32991
66.0	0.25	1	2	33000
66.016	0.25	0	1	33008
66.032	0.25	0	1	33016
66.05	0.25	0	1	33025
66.066	0.25	0	1	33033
66.082	0.25	1	2	33041
66.1	0.25	1	2	33050
66.116	0.25	0	1	33058
66.132	0.25	0	1	33066
66.15	0.25	1	2	33075
66.166	0.25	1	2	33083
66.182	0.25	1	2	33091
66.2	0.25	1	2	33100
66.216	0.25	0	1	33108
66.232	0.25	0	1	33116
66.25	0.25	1	2	33125
66.266	0.25	1	2	33133
66.282	0.25	0	1	33141
66.3	0.25	0	1	33150
66.316	0.25	0	1	33158
66.332	0.25	0	1	33166
66.35	0.25	1	2	33175
66.366	0.25	1	2	33183
66.382	0.25	0	1	33191
66.4	0.25	0	1	33200
66.416	0.25	1	2	33208
66.432	0.25	1	2	33216
66.45	0.25	1	2	33225
66.466	0.25	1	2	33233
66.482	0.25	1	2	33241
66.5	0.25	1	2	33250
66.516	0.25	0	1	33258
66.532	0.25	0	1	33266
66.55	0.25	0	1	33275
66.566	0.25	0	1	33283
66.582	0.25	0	1	33291
66.6	0.25	0	1	33300
66.616	0.25	1	2	33308
66.632	0.25	1	2	33316
66.65	0.25	0	1	33325
66.666	0.25	0	1	33333
66.682	0.25	1	2	33341
66.7	0.25	1	2	33350
66.716	0.25	1	2	33358
66.732	0.25	1	2	33366
66.75	0.25	1	2	33375
66.766	0.25	1	2	33383
66.782	0.25	0	1	33391
66.8	0.25	0	1	33400
66.816	0.25	0	1	33408
66.832	0.25	0	1	33416
66.85	0.25	1	2	33425
66.866	0.25	1	2	33433
66.882	0.25	0	1	33441
66.9	0.25	0	1	33450
66.916	0.25	1	2	33458
66.932	0.25	1	2	33466
66.95	0.25	0	1	33475
66.966	0.25	0	1	33483
66.982	0.25	0	1	33491
67.0	0.25	0	1	33500
67.016	0.25	0	1	33508
67.032	0.25	0	1	33516
67.05	0.25	1	2	33525
67.066	0.25	1	2	33533
67.082	0.25	1	2	33541
67.1	0.25	1	2	33550
67.116	0.25	0	1	33558
67.132	0.25	0	1	33566
67.15	0.25	1	2	33575
67.166	0.25	1	2	33583
67.182	0.25	0	1	33591
67.2	0.25	0	1	33600
67.216	0.25	0	1	33608
67.232	0.25	0	1	33616
67.25	0.25	0	1	33625
67.266	0.25	0	1	33633
67.282	0.25	1	2	33641
67.3	0.25	1	2	33650
67.316	0.25	0	1	33658
67.332	0.25	0	1	33666
67.35	0.25	1	2	33675
67.366	0.25	1	2	33683
67.382	0.25	0	1	33691
67.4	0.25	0	1	33700
67.416	0.25	0	1	33708
67.432	0.25	0	1	33716
67.45	0.25	1	2	33725
68.932	0.25	0	1	34466
68.95	0.25	0	1	34475
68.966	0.25	0	1	34483
68.982	0.25	0	1	34491
69.0	0.25	1	2	34500
69.016	0.25	1	2	34508
69.032	0.25	1	2	34516
69.05	0.25	1	2	34525
69.066	0.25	0	1	34533
69.082	0.25	0	1	34541
69.1	0.25	0	1	34550
69.116	0.25	0	1	34558
69.132	0.25	0	1	34566
69.15	0.25	0	1	34575
69.166	0.25	0	1	34583
69.182	0.25	0	1	34591
69.2	0.25	1	2	34600
69.216	0.25	1	2	34608
69.232	0.25	1	2	34616
69.25	0.25	1	2	34625
69.266	0.25	1	2	34633
69.282	0.25	1	2	34641
69.3	0.25	1	2	34650
69.316	0.25	1	2	34658
69.332	0.25	1	2	34666
69.35	0.25	1	2	34675
69.366	0.25	0	1	34683
69.382	0.25	0	1	34691
69.4	0.25	0	1	34700
69.416	0.25	0	1	34708
69.432	0.25	0	1	34716
69.45	0.25	0	1	34725
69.466	0.25	0	1	34733
69.482	0.25	0	1	34741
69.5	0.25	0	1	34750
69.516	0.25	0	1	34758
69.532	0.25	0	1	34766
69.55	0.25	0	1	34775
69.566	0.25	1	2	34783
69.582	0.25	1	2	34791
69.6	0.25	1	2	34800
69.616	0.25	1	2	34808
69.632	0.25	0	1	34816
69.65	0.25	0	1	34825
69.666	0.25	0	1	34833
69.682	0.25	0	1	34841
69.7	0.25	1	2	34850
69.716	0.25	1	2	34858
69.732	0.25	0	1	34866
69.75	0.25	0	1	34875
69.766	0.25	1	2	34883
69.782	0.25	1	2	34891
69.8	0.25	0	1	34900
69.816	0.25	0	1	34908
69.832	0.25	1	2	34916
69.85	0.25	1	2	34925
69.866	0.25	0	1	34933
69.882	0.25	0	1	34941
69.9	0.25	1	2	34950
69.916	0.25	1	2	34958
69.932	0.25	1	2	34966
69.95	0.25	1	2	34975
69.966	0.25	0	1	34983
69.982	0.25	0	1	34991
70.0	0.25	1	2	35000
70.016	0.25	1	2	35008
70.032	0.25	0	1	35016
70.05	0.25	0	1	35025
70.066	0.25	0	1	35033
70.082	0.25	0	1	35041
70.1	0.25	0	1	35050
70.116	0.25	0	1	35058
70.132	0.25	1	2	35066
70.15	0.25	1	2	35075
70.166	0.25	0	1	35083
70.182	0.25	0	1	35091
70.2	0.25	0	1	35100
70.216	0.25	0	1	35108
70.232	0.25	0	1	35116
70.25	0.25	0	1	35125
70.266	0.25	1	2	35133
70.282	0.25	1	2	35141
70.3	0.25	1	2	35150
70.316	0.25	1	2	35158
70.332	0.25	1	2	35166
70.35	0.25	1	2	35175
70.366	0.25	0	1	35183
70.382	0.25	0	1	35191
70.4	0.25	1	2	35200
70.416	0.25	1	2	35208
70.432	0.25	0	1	35216
70.45	0.25	0	1	35225
70.466	0.25	1	2	35233
70.482	0.25	1	2	35241
70.5	0.25	1	2	35250
70.516	0.25	1	2	35258
70.532	0.25	1	2	35266
70.55	0.25	1	2	35275
70.566	0.25	1	2	35283
70.582	0.25	1	2	35291
70.6	0.25	1	2	35300
70.616	0.25	1	2	35308
70.632	0.25	0	1	35316
70.65	0.25	0	1	35325
70.666	0.25	0	1	35333
70.682	0.25	0	1	35341
70.7	0.25	1	2	35350
70.716	0.25	1	2	35358
70.732	0.25	0	1	35366
70.75	0.25	0	1	35375
70.766	0.25	0	1	35383
70.782	0.25	0	1	35391
70.8	0.25	0	1	35400
70.816	0.25	0	1	35408
70.832	0.25	1	2	35416
70.85	0.25	1	2	35425
70.866	0.25	1	2	35433
72.35	0.25	1	2	36175
72.366	0.25	1	2	36183
72.382	0.25	1	2	36191
72.4	0.25	1	2	36200
72.416	0.25	0	1	36208
72.432	0.25	0	1	36216
72.45	0.25	1	2	36225
72.466	0.25	1	2	36233
72.482	0.25	1	2	36241
72.5	0.25	1	2	36250
72.516	0.25	0	1	36258
72.532	0.25	0	1	36266
72.55	0.25	1	2	36275
72.566	0.25	1	2	36283
72.582	0.25	1	2	36291
72.6	0.25	1	2	36300
72.616	0.25	0	1	36308
72.632	0.25	0	1	36316
72.65	0.25	1	2	36325
72.666	0.25	1	2	36333
72.682	0.25	1	2	36341
72.7	0.25	1	2	36350
72.716	0.25	0	1	36358
72.732	0.25	0	1	36366
72.75	0.25	0	1	36375
72.766	0.25	0	1	36383
72.782	0.25	0	1	36391
72.8	0.25	0	1	36400
72.816	0.25	1	2	36408
72.832	0.25	1	2	36416
72.85	0.25	1	2	36425
72.866	0.25	1	2	36433
72.882	0.25	1	2	36441
72.9	0.25	1	2	36450
72.916	0.25	0	1	36458
72.932	0.25	0	1	36466
72.95	0.25	0	1	36475
72.966	0.25	0	1	36483
72.982	0.25	0	1	36491
73.0	0.25	0	1	36500
73.016	0.25	1	2	36508
73.032	0.25	1	2	36516
73.05	0.25	1	2	36525
73.066	0.25	1	2	36533
73.082	0.25	1	2	36541
73.1	0.25	1	2	36550
73.116	0.25	1	2	36558
73.132	0.25	1	2	36566
73.15	0.25	1	2	36575
73.166	0.25	1	2	36583
73.182	0.25	0	1	36591
73.2	0.25	0	1	36600
73.216	0.25	0	1	36608
73.232	0.25	0	1	36616
73.25	0.25	1	2	36625
73.266	0.25	1	2	36633
73.282	0.25	0	1	36641
73.3	0.25	0	1	36650
73.316	0.25	1	2	36658
73.332	0.25	1	2	36666
73.35	0.25	0	1	36675
73.366	0.25	0	1	36683
73.382	0.25	0	1	36691
73.4	0.25	0	1	36700
73.416	0.25	1	2	36708
73.432	0.25	1	2	36716
73.45	0.25	1	2	36725
73.466	0.25	1	2	36733
73.482	0.25	0	1	36741
73.5	0.25	0	1	36750
73.516	0.25	0	1	36758
73.532	0.25	0	1	36766
73.55	0.25	0	1	36775
73.566	0.25	0	1	36783
73.582	0.25	0	1	36791
73.6	0.25	0	1	36800
73.616	0.25	1	2	36808
73.632	0.25	1	2	36816
73.65	0.25	0	1	36825
73.666	0.25	0	1	36833
73.682	0.25	0	1	36841
73.7	0.25	0	1	36850
73.716	0.25	0	1	36858
73.732	0.25	0	1	36866
73.75	0.25	0	1	36875
73.766	0.25	0	1	36883
73.782	0.25	1	2	36891
73.8	0.25	1	2	36900
73.816	0.25	1	2	36908
73.832	0.25	1	2	36916
73.85	0.25	1	2	36925
73.866	0.25	1	2	36933
73.882	0.25	1	2	36941
73.9	0.25	1	2	36950
73.916	0.25	1	2	36958
73.932	0.25	1	2	36966
73.95	0.25	1	2	36975
73.966	0.25	1	2	36983
73.982	0.25	0	1	36991
74.0	0.25	0	1	37000
74.016	0.25	1	2	37008
74.032	0.25	1	2	37016
74.05	0.25	0	1	37025
74.066	0.25	0	1	37033
74.082	0.25	1	2	37041
74.1	0.25	1	2	37050
74.116	0.25	0	1	37058
74.132	0.25	0	1	37066
74.15	0.25	0	1	37075
74.166	0.25	0	1	37083
74.182	0.25	1	2	37091
74.2	0.25	1	2	37100
74.216	0.25	1	2	37108
74.232	0.25	1	2	37116
74.25	0.25	0	1	37125
74.266	0.25	0	1	37133
74.282	0.25	0	1	37141
76.616	0.25	1	2	38308
76.632	0.25	1	2	38316
76.65	0.25	1	2	38325
76.666	0.25	1	2	38333
76.682	0.25	0	1	38341
76.7	0.25	0	1	38350
76.716	0.25	1	2	38358
76.732	0.25	1	2	38366
76.75	0.25	1	2	38375
76.766	0.25	1	2	38383
76.782	0.25	0	1	38391
76.8	0.25	0	1	38400
76.816	0.25	1	2	38408
76.832	0.25	1	2	38416
76.85	0.25	1	2	38425
76.866	0.25	1	2	38433
76.882	0.25	0	1	38441
76.9	0.25	0	1	38450
76.916	0.25	1	2	38458
76.932	0.25	1	2	38466
76.95	0.25	1	2	38475
76.966	0.25	1	2	38483
76.982	0.25	0	1	38491
77.0	0.25	0	1	38500
77.016	0.25	0	1	38508
77.032	0.25	0	1	38516
77.05	0.25	0	1	38525
77.066	0.25	0	1	38533
77.082	0.25	1	2	38541
77.1	0.25	1	2	38550
77.116	0.25	1	2	38558
77.132	0.25	1	2	38566
77.15	0.25	1	2	38575
77.166	0.25	1	2	38583
77.182	0.25	0	1	38591
77.2	0.25	0	1	38600
77.216	0.25	0	1	38608
77.232	0.25	0	1	38616
77.25	0.25	0	1	38625
77.266	0.25	0	1	38633
77.282	0.25	1	2	38641
77.3	0.25	1	2	38650
77.316	0.25	1	2	38658
77.332	0.25	1	2	38666
77.35	0.25	1	2	38675
77.366	0.25	1	2	38683
77.382	0.25	1	2	38691
77.4	0.25	1	2	38700
77.416	0.25	1	2	38708
77.432	0.25	1	2	38716
77.45	0.25	0	1	38725
77.466	0.25	0	1	38733
77.482	0.25	0	1	38741
77.5	0.25	0	1	38750
77.516	0.25	1	2	38758
77.532	0.25	1	2	38766
77.55	0.25	0	1	38775
77.566	0.25	0	1	38783
77.582	0.25	1	2	38791
77.6	0.25	1	2	38800
77.616	0.25	0	1	38808
77.632	0.25	0	1	38816
77.65	0.25	0	1	38825
77.666	0.25	0	1	38833
77.682	0.25	1	2	38841
77.7	0.25	1	2	38850
77.716	0.25	1	2	38858
77.732	0.25	1	2	38866
77.75	0.25	0	1	38875
77.766	0.25	0	1	38883
77.782	0.25	0	1	38891
77.8	0.25	0	1	38900
77.816	0.25	0	1	38908
77.832	0.25	0	1	38916
77.85	0.25	0	1	38925
77.866	0.25	0	1	38933
77.882	0.25	1	2	38941
77.9	0.25	1	2	38950
77.916	0.25	0	1	38958
77.932	0.25	0	1	38966
77.95	0.25	0	1	38975
77.966	0.25	0	1	38983
77.982	0.25	0	1	38991
78.0	0.25	0	1	39000
78.016	0.25	0	1	39008
78.032	0.25	0	1	39016
78.05	0.25	1	2	39025
78.066	0.25	1	2	39033
78.082	0.25	1	2	39041
78.1	0.25	1	2	39050
78.116	0.25	1	2	39058
78.132	0.25	1	2	39066
78.15	0.25	1	2	39075
78.166	0.25	1	2	39083
78.182	0.25	1	2	39091
78.2	0.25	1	2	39100
78.216	0.25	1	2	39108
78.232	0.25	1	2	39116
78.25	0.25	0	1	39125
78.266	0.25	0	1	39133
78.282	0.25	1	2	39141
78.3	0.25	1	2	39150
78.316	0.25	0	1	39158
78.332	0.25	0	1	39166
78.35	0.25	1	2	39175
78.366	0.25	1	2	39183
78.382	0.25	0	1	39191
78.4	0.25	0	1	39200
78.416	0.25	0	1	39208
78.432	0.25	0	1	39216
78.45	0.25	1	2	39225
78.466	0.25	1	2	39233
78.482	0.25	1	2	39241
78.5	0.25	1	2	39250
78.516	0.25	0	1	39258
78.532	0.25	0	1	39266
78.55	0.25	0	1	39275
80.032	0.25	0	1	40016
80.05	0.25	0	1	40025
80.066	0.25	0	1	40033
80.082	0.25	0	1	40041
80.1	0.25	1	2	40050
80.116	0.25	1	2	40058
80.132	0.25	1	2	40066
80.15	0.25	1	2	40075
80.166	0.25	0	1	40083
80.182	0.25	0	1	40091
80.2	0.25	0	1	40100
80.216	0.25	0	1	40108
80.232	0.25	0	1	40116
80.25	0.25	0	1	40125
80.266	0.25	0	1	40133
80.282	0.25	0	1	40141
80.3	0.25	1	2	40150
80.316	0.25	1	2	40158
80.332	0.25	1	2	40166
80.35	0.25	1	2	40175
80.366	0.25	1	2	40183
80.382	0.25	1	2	40191
80.4	0.25	1	2	40200
80.416	0.25	1	2	40208
80.432	0.25	1	2	40216
80.45	0.25	1	2	40225
80.466	0.25	0	1	40233
80.482	0.25	0	1	40241
80.5	0.25	0	1	40250
80.516	0.25	0	1	40258
80.532	0.25	0	1	40266
80.55	0.25	0	1	40275
80.566	0.25	0	1	40283
80.582	0.25	0	1	40291
80.6	0.25	0	1	40300
80.616	0.25	0	1	40308
80.632	0.25	0	1	40316
80.65	0.25	0	1	40325
80.666	0.25	1	2	40333
80.682	0.25	1	2	40341
80.7	0.25	1	2	40350
80.716	0.25	1	2	40358
80.732	0.25	0	1	40366
80.75	0.25	0	1	40375
80.766	0.25	0	1	40383
80.782	0.25	0	1	40391
80.8	0.25	1	2	40400
80.816	0.25	1	2	40408
80.832	0.25	0	1	40416
80.85	0.25	0	1	40425
80.866	0.25	1	2	40433
80.882	0.25	1	2	40441
80.9	0.25	0	1	40450
80.916	0.25	0	1	40458
80.932	0.25	1	2	40466
80.95	0.25	1	2	40475
80.966	0.25	0	1	40483
80.982	0.25	0	1	40491
81.0	0.25	1	2	40500
81.016	0.25	1	2	40508
81.032	0.25	1	2	40516
81.05	0.25	1	2	40525
81.066	0.25	0	1	40533
81.082	0.25	0	1	40541
81.1	0.25	1	2	40550
81.116	0.25	1	2	40558
81.132	0.25	0	1	40566
81.15	0.25	0	1	40575
81.166	0.25	0	1	40583
81.182	0.25	0	1	40591
81.2	0.25	0	1	40600
81.216	0.25	0	1	40608
81.232	0.25	1	2	40616
81.25	0.25	1	2	40625
81.266	0.25	0	1	40633
81.282	0.25	0	1	40641
81.3	0.25	0	1	40650
81.316	0.25	0	1	40658
81.332	0.25	0	1	40666
81.35	0.25	0	1	40675
81.366	0.25	1	2	40683
81.382	0.25	1	2	40691
81.4	0.25	1	2	40700
81.416	0.25	1	2	40708
81.432	0.25	1	2	40716
81.45	0.25	1	2	40725
81.466	0.25	0	1	40733
81.482	0.25	0	1	40741
81.5	0.25	1	2	40750
81.516	0.25	1	2	40758
81.532	0.25	0	1	40766
81.55	0.25	0	1	40775
81.566	0.25	1	2	40783
81.582	0.25	1	2	40791
81.6	0.25	1	2	40800
81.616	0.25	1	2	40808
81.632	0.25	1	2	40816
81.65	0.25	1	2	40825
81.666	0.25	1	2	40833
81.682	0.25	1	2	40841
81.7	0.25	1	2	40850
81.716	0.25	1	2	40858
81.732	0.25	0	1	40866
81.75	0.25	0	1	40875
81.766	0.25	0	1	40883
81.782	0.25	0	1	40891
81.8	0.25	1	2	40900
81.816	0.25	1	2	40908
81.832	0.25	0	1	40916
81.85	0.25	0	1	40925
81.866	0.25	0	1	40933
81.882	0.25	0	1	40941
81.9	0.25	0	1	40950
81.916	0.25	0	1	40958
81.932	0.25	1	2	40966
81.95	0.25	1	2	40975
81.966	0.25	1	2	40983
83.45	0.25	1	2	41725
83.466	0.25	1	2	41733
83.482	0.25	1	2	41741
83.5	0.25	1	2	41750
83.516	0.25	1	2	41758
83.532	0.25	1	2	41766
83.55	0.25	1	2	41775
83.566	0.25	1	2	41783
83.582	0.25	1	2	41791
83.6	0.25	1	2	41800
83.616	0.25	1	2	41808
83.632	0.25	1	2	41816
83.65	0.25	1	2	41825
83.666	0.25	1	2	41833
83.682	0.25	0	1	41841
83.7	0.25	0	1	41850
83.716	0.25	0	1	41858
83.732	0.25	0	1	41866
83.75	0.25	1	2	41875
83.766	0.25	1	2	41883
83.782	0.25	1	2	41891
83.8	0.25	1	2	41900
83.816	0.25	0	1	41908
83.832	0.25	0	1	41916
83.85	0.25	0	1	41925
83.866	0.25	0	1	41933
83.882	0.25	1	2	41941
83.9	0.25	1	2	41950
83.916	0.25	1	2	41958
83.932	0.25	1	2	41966
83.95	0.25	0	1	41975
83.966	0.25	0	1	41983
83.982	0.25	0	1	41991
84.0	0.25	0	1	42000
84.016	0.25	1	2	42008
84.032	0.25	1	2	42016
84.05	0.25	0	1	42025
84.066	0.25	0	1	42033
84.082	0.25	1	2	42041
84.1	0.25	1	2	42050
84.116	0.25	1	2	42058
84.132	0.25	1	2	42066
84.15	0.25	0	1	42075
84.166	0.25	0	1	42083
84.182	0.25	1	2	42091
84.2	0.25	1	2	42100
84.216	0.25	0	1	42108
84.232	0.25	0	1	42116
84.25	0.25	0	1	42125
84.266	0.25	0	1	42133
84.282	0.25	1	2	42141
84.3	0.25	1	2	42150
84.316	0.25	0	1	42158
84.332	0.25	0	1	42166
84.35	0.25	1	2	42175
84.366	0.25	1	2	42183
84.382	0.25	1	2	42191
84.4	0.25	1	2	42200
84.416	0.25	1	2	42208
84.432	0.25	1	2	42216
84.45	0.25	0	1	42225
84.466	0.25	0	1	42233
84.482	0.25	0	1	42241
84.5	0.25	0	1	42250
84.516	0.25	0	1	42258
84.532	0.25	0	1	42266
84.55	0.25	1	2	42275
84.566	0.25	1	2	42283
84.582	0.25	0	1	42291
84.6	0.25	0	1	42300
84.616	0.25	1	2	42308
84.632	0.25	1	2	42316
84.65	0.25	1	2	42325
84.666	0.25	1	2	42333
84.682	0.25	1	2	42341
84.7	0.25	1	2	42350
84.716	0.25	0	1	42358
84.732	0.25	0	1	42366
84.75	0.25	0	1	42375
84.766	0.25	0	1	42383
84.782	0.25	1	2	42391
84.8	0.25	1	2	42400
84.816	0.25	0	1	42408
84.832	0.25	0	1	42416
84.85	0.25	1	2	42425
84.866	0.25	1	2	42433
84.882	0.25	0	1	42441
84.9	0.25	0	1	42450
84.916	0.25	0	1	42458
84.932	0.25	0	1	42466
84.95	0.25	0	1	42475
84.966	0.25	0	1	42483
84.982	0.25	1	2	42491
85.0	0.25	1	2	42500
85.016	0.25	1	2	42508
85.032	0.25	1	2	42516
85.05	0.25	0	1	42525
85.066	0.25	0	1	42533
85.082	0.25	1	2	42541
85.1	0.25	1	2	42550
85.116	0.25	0	1	42558
85.132	0.25	0	1	42566
85.15	0.25	0	1	42575
85.166	0.25	0	1	42583
85.182	0.25	0	1	42591
85.2	0.25	0	1	42600
85.216	0.25	1	2	42608
85.232	0.25	1	2	42616
85.25	0.25	0	1	42625
85.266	0.25	0	1	42633
85.282	0.25	1	2	42641
85.3	0.25	1	2	42650
85.316	0.25	0	1	42658
85.332	0.25	0	1	42666
85.35	0.25	0	1	42675
85.366	0.25	0	1	42683
85.382	0.25	1	2	42691
86.866	0.25	1	2	43433
86.882	0.25	1	2	43441
86.9	0.25	1	2	43450
86.916	0.25	1	2	43458
86.932	0.25	0	1	43466
86.95	0.25	0	1	43475
86.966	0.25	0	1	43483
86.982	0.25	0	1	43491
87.0	0.25	0	1	43500
87.016	0.25	0	1	43508
87.032	0.25	0	1	43516
87.05	0.25	0	1	43525
87.066	0.25	1	2	43533
87.082	0.25	1	2	43541
87.1	0.25	0	1	43550
87.116	0.25	0	1	43558
87.132	0.25	0	1	43566
87.15	0.25	0	1	43575
87.166	0.25	1	2	43583
87.182	0.25	1	2	43591
87.2	0.25	1	2	43600
87.216	0.25	1	2	43608
87.232	0.25	0	1	43616
87.25	0.25	0	1	43625
87.266	0.25	0	1	43633
87.282	0.25	0	1	43641
87.3	0.25	0	1	43650
87.316	0.25	0	1	43658
87.332	0.25	0	1	43666
87.35	0.25	0	1	43675
87.366	0.25	0	1	43683
87.382	0.25	0	1	43691
87.4	0.25	0	1	43700
87.416	0.25	0	1	43708
87.432	0.25	1	2	43716
87.45	0.25	1	2	43725
87.466	0.25	0	1	43733
87.482	0.25	0	1	43741
87.5	0.25	1	2	43750
87.516	0.25	1	2	43758
87.532	0.25	1	2	43766
87.55	0.25	1	2	43775
87.566	0.25	0	1	43783
87.582	0.25	0	1	43791
87.6	0.25	1	2	43800
87.616	0.25	1	2	43808
87.632	0.25	0	1	43816
87.65	0.25	0	1	43825
87.666	0.25	1	2	43833
87.682	0.25	1	2	43841
87.7	0.25	0	1	43850
87.716	0.25	0	1	43858
87.732	0.25	1	2	43866
87.75	0.25	1	2	43875
87.766	0.25	0	1	43883
87.782	0.25	0	1	43891
87.8	0.25	0	1	43900
87.816	0.25	0	1	43908
87.832	0.25	0	1	43916
87.85	0.25	0	1	43925
87.866	0.25	1	2	43933
87.882	0.25	1	2	43941
87.9	0.25	1	2	43950
87.916	0.25	1	2	43958
87.932	0.25	1	2	43966
87.95	0.25	1	2	43975
87.966	0.25	0	1	43983
87.982	0.25	0	1	43991
88.0	0.25	1	2	44000
88.016	0.25	1	2	44008
88.032	0.25	1	2	44016
88.05	0.25	1	2	44025
88.066	0.25	1	2	44033
88.082	0.25	1	2	44041
88.1	0.25	0	1	44050
88.116	0.25	0	1	44058
88.132	0.25	1	2	44066
88.15	0.25	1	2	44075
88.166	0.25	0	1	44083
88.182	0.25	0	1	44091
88.2	0.25	1	2	44100
88.216	0.25	1	2	44108
88.232	0.25	1	2	44116
88.25	0.25	1	2	44125
88.266	0.25	0	1	44133
88.282	0.25	0	1	44141
88.3	0.25	0	1	44150
88.316	0.25	0	1	44158
88.332	0.25	0	1	44166
88.35	0.25	0	1	44175
88.366	0.25	1	2	44183
88.382	0.25	1	2	44191
88.4	0.25	1	2	44200
88.416	0.25	1	2	44208
88.432	0.25	0	1	44216
88.45	0.25	0	1	44225
88.466	0.25	1	2	44233
88.482	0.25	1	2	44241
88.5	0.25	1	2	44250
88.516	0.25	1	2	44258
88.532	0.25	1	2	44266
88.55	0.25	1	2	44275
88.566	0.25	0	1	44283
88.582	0.25	0	1	44291
88.6	0.25	0	1	44300
88.616	0.25	0	1	44308
88.632	0.25	0	1	44316
88.65	0.25	0	1	44325
88.666	0.25	0	1	44333
88.682	0.25	0	1	44341
88.7	0.25	0	1	44350
88.716	0.25	0	1	44358
88.732	0.25	1	2	44366
88.75	0.25	1	2	44375
88.766	0.25	1	2	44383
88.782	0.25	1	2	44391
88.8	0.25	1	2	44400
92.082	0.25	1	2	46041
92.1	0.25	1	2	46050
92.116	0.25	1	2	46058
92.132	0.25	1	2	46066
92.15	0.25	0	1	46075
92.166	0.25	0	1	46083
92.182	0.25	0	1	46091
92.2	0.25	0	1	46100
92.216	0.25	0	1	46108
92.232	0.25	0	1	46116
92.25	0.25	0	1	46125
92.266	0.25	0	1	46133
92.282	0.25	1	2	46141
92.3	0.25	1	2	46150
92.316	0.25	0	1	46158
92.332	0.25	0	1	46166
92.35	0.25	0	1	46175
92.366	0.25	0	1	46183
92.382	0.25	1	2	46191
92.4	0.25	1	2	46200
92.416	0.25	1	2	46208
92.432	0.25	1	2	46216
92.45	0.25	0	1	46225
92.466	0.25	0	1	46233
92.482	0.25	0	1	46241
92.5	0.25	0	1	46250
92.516	0.25	0	1	46258
92.532	0.25	0	1	46266
92.55	0.25	0	1	46275
92.566	0.25	0	1	46283
92.582	0.25	0	1	46291
92.6	0.25	0	1	46300
92.616	0.25	0	1	46308
92.632	0.25	0	1	46316
92.65	0.25	1	2	46325
92.666	0.25	1	2	46333
92.682	0.25	0	1	46341
92.7	0.25	0	1	46350
92.716	0.25	1	2	46358
92.732	0.25	1	2	46366
92.75	0.25	1	2	46375
92.766	0.25	1	2	46383
92.782	0.25	0	1	46391
92.8	0.25	0	1	46400
92.816	0.25	1	2	46408
92.832	0.25	1	2	46416
92.85	0.25	0	1	46425
92.866	0.25	0	1	46433
92.882	0.25	1	2	46441
92.9	0.25	1	2	46450
92.916	0.25	0	1	46458
92.932	0.25	0	1	46466
92.95	0.25	1	2	46475
92.966	0.25	1	2	46483
92.982	0.25	0	1	46491
93.0	0.25	0	1	46500
93.016	0.25	0	1	46508
93.032	0.25	0	1	46516
93.05	0.25	0	1	46525
93.066	0.25	0	1	46533
93.082	0.25	1	2	46541
93.1	0.25	1	2	46550
93.116	0.25	1	2	46558
93.132	0.25	1	2	46566
93.15	0.25	1	2	46575
93.166	0.25	1	2	46583
93.182	0.25	0	1	46591
93.2	0.25	0	1	46600
93.216	0.25	1	2	46608
93.232	0.25	1	2	46616
93.25	0.25	1	2	46625
93.266	0.25	1	2	46633
93.282	0.25	1	2	46641
93.3	0.25	1	2	46650
93.316	0.25	0	1	46658
93.332	0.25	0	1	46666
93.35	0.25	1	2	46675
93.366	0.25	1	2	46683
93.382	0.25	0	1	46691
93.4	0.25	0	1	46700
93.416	0.25	1	2	46708
93.432	0.25	1	2	46716
93.45	0.25	1	2	46725
93.466	0.25	1	2	46733
93.482	0.25	0	1	46741
93.5	0.25	0	1	46750
93.516	0.25	0	1	46758
93.532	0.25	0	1	46766
93.55	0.25	0	1	46775
93.566	0.25	0	1	46783
93.582	0.25	1	2	46791
93.6	0.25	1	2	46800
93.616	0.25	1	2	46808
93.632	0.25	1	2	46816
93.65	0.25	0	1	46825
93.666	0.25	0	1	46833
93.682	0.25	1	2	46841
93.7	0.25	1	2	46850
93.716	0.25	1	2	46858
93.732	0.25	1	2	46866
93.75	0.25	1	2	46875
93.766	0.25	1	2	46883
93.782	0.25	0	1	46891
93.8	0.25	0	1	46900
93.816	0.25	0	1	46908
93.832	0.25	0	1	46916
93.85	0.25	0	1	46925
93.866	0.25	0	1	46933
93.882	0.25	0	1	46941
93.9	0.25	0	1	46950
93.916	0.25	0	1	46958
93.932	0.25	0	1	46966
93.95	0.25	1	2	46975
93.966	0.25	1	2	46983
93.982	0.25	1	2	46991
94.0	0.25	1	2	47000
94.016	0.25	1	2	47008
95.5	0.25	1	2	47750
95.516	0.25	1	2	47758
95.532	0.25	1	2	47766
95.55	0.25	1	2	47775
95.566	0.25	1	2	47783
95.582	0.25	1	2	47791
95.6	0.25	1	2	47800
95.616	0.25	1	2	47808
95.632	0.25	1	2	47816
95.65	0.25	1	2	47825
95.666	0.25	1	2	47833
95.682	0.25	1	2	47841
95.7	0.25	1	2	47850
95.716	0.25	1	2	47858
95.732	0.25	0	1	47866
95.75	0.25	0	1	47875
95.766	0.25	0	1	47883
95.782	0.25	0	1	47891
95.8	0.25	1	2	47900
95.816	0.25	1	2	47908
95.832	0.25	1	2	47916
95.85	0.25	1	2	47925
95.866	0.25	0	1	47933
95.882	0.25	0	1	47941
95.9	0.25	0	1	47950
95.916	0.25	0	1	47958
95.932	0.25	1	2	47966
95.95	0.25	1	2	47975
95.966	0.25	1	2	47983
95.982	0.25	1	2	47991
96.0	0.25	0	1	48000
96.016	0.25	0	1	48008
96.032	0.25	0	1	48016
96.05	0.25	0	1	48025
96.066	0.25	1	2	48033
96.082	0.25	1	2	48041
96.1	0.25	0	1	48050
96.116	0.25	0	1	48058
96.132	0.25	1	2	48066
96.15	0.25	1	2	48075
96.166	0.25	1	2	48083
96.182	0.25	1	2	48091
96.2	0.25	0	1	48100
96.216	0.25	0	1	48108
96.232	0.25	1	2	48116
96.25	0.25	1	2	48125
96.266	0.25	0	1	48133
96.282	0.25	0	1	48141
96.3	0.25	0	1	48150
96.316	0.25	0	1	48158
96.332	0.25	1	2	48166
96.35	0.25	1	2	48175
96.366	0.25	0	1	48183
96.382	0.25	0	1	48191
96.4	0.25	1	2	48200
96.416	0.25	1	2	48208
96.432	0.25	1	2	48216
96.45	0.25	1	2	48225
96.466	0.25	1	2	48233
96.482	0.25	1	2	48241
96.5	0.25	0	1	48250
96.516	0.25	0	1	48258
96.532	0.25	0	1	48266
96.55	0.25	0	1	48275
96.566	0.25	0	1	48283
96.582	0.25	0	1	48291
96.6	0.25	1	2	48300
96.616	0.25	1	2	48308
96.632	0.25	0	1	48316
96.65	0.25	0	1	48325
96.666	0.25	1	2	48333
96.682	0.25	1	2	48341
96.7	0.25	1	2	48350
96.716	0.25	1	2	48358
96.732	0.25	1	2	48366
96.75	0.25	1	2	48375
96.766	0.25	0	1	48383
96.782	0.25	0	1	48391
96.8	0.25	0	1	48400
96.816	0.25	0	1	48408
96.832	0.25	1	2	48416
96.85	0.25	1	2	48425
96.866	0.25	0	1	48433
96.882	0.25	0	1	48441
96.9	0.25	1	2	48450
96.916	0.25	1	2	48458
96.932	0.25	0	1	48466
96.95	0.25	0	1	48475
96.966	0.25	0	1	48483
96.982	0.25	0	1	48491
97.0	0.25	0	1	48500
97.016	0.25	0	1	48508
97.032	0.25	1	2	48516
97.05	0.25	1	2	48525
97.066	0.25	1	2	48533
97.082	0.25	1	2	48541
97.1	0.25	0	1	48550
97.116	0.25	0	1	48558
97.132	0.25	1	2	48566
97.15	0.25	1	2	48575
97.166	0.25	0	1	48583
97.182	0.25	0	1	48591
97.2	0.25	0	1	48600
97.216	0.25	0	1	48608
97.232	0.25	0	1	48616
97.25	0.25	0	1	48625
97.266	0.25	1	2	48633
97.282	0.25	1	2	48641
97.3	0.25	0	1	48650
97.316	0.25	0	1	48658
97.332	0.25	1	2	48666
97.35	0.25	1	2	48675
97.366	0.25	0	1	48683
97.382	0.25	0	1	48691
97.4	0.25	0	1	48700
97.416	0.25	0	1	48708
97.432	0.25	1	2	48716
98.916	0.25	0	1	49458
98.932	0.25	0	1	49466
98.95	0.25	0	1	49475
98.966	0.25	0	1	49483
98.982	0.25	1	2	49491
99.0	0.25	1	2	49500
99.016	0.25	1	2	49508
99.032	0.25	1	2	49516
99.05	0.25	0	1	49525
99.066	0.25	0	1	49533
99.082	0.25	0	1	49541
99.1	0.25	0	1	49550
99.116	0.25	0	1	49558
99.132	0.25	0	1	49566
99.15	0.25	0	1	49575
99.166	0.25	0	1	49583
99.182	0.25	1	2	49591
99.2	0.25	1	2	49600
99.216	0.25	1	2	49608
99.232	0.25	1	2	49616
99.25	0.25	1	2	49625
99.266	0.25	1	2	49633
99.282	0.25	1	2	49641
99.3	0.25	1	2	49650
99.316	0.25	1	2	49658
99.332	0.25	1	2	49666
99.35	0.25	0	1	49675
99.366	0.25	0	1	49683
99.382	0.25	0	1	49691
99.4	0.25	0	1	49700
99.416	0.25	0	1	49708
99.432	0.25	0	1	49716
99.45	0.25	0	1	49725
99.466	0.25	0	1	49733
99.482	0.25	0	1	49741
99.5	0.25	0	1	49750
99.516	0.25	0	1	49758
99.532	0.25	0	1	49766
99.55	0.25	1	2	49775
99.566	0.25	1	2	49783
99.582	0.25	1	2	49791
99.6	0.25	1	2	49800
99.616	0.25	0	1	49808
99.632	0.25	0	1	49816
99.65	0.25	0	1	49825
99.666	0.25	0	1	49833
99.682	0.25	1	2	49841
99.7	0.25	1	2	49850
99.716	0.25	0	1	49858
99.732	0.25	0	1	49866
99.75	0.25	1	2	49875
99.766	0.25	1	2	49883
99.782	0.25	0	1	49891
99.8	0.25	0	1	49900
99.816	0.25	1	2	49908
99.832	0.25	1	2	49916
99.85	0.25	0	1	49925
99.866	0.25	0	1	49933
99.882	0.25	1	2	49941
99.9	0.25	1	2	49950
99.916	0.25	1	2	49958
99.932	0.25	1	2	49966
99.95	0.25	0	1	49975
99.966	0.25	0	1	49983
99.982	0.25	1	2	49991
100.0	0.25	1	2	50000
100.016	0.25	0	1	50008
100.032	0.25	0	1	50016
100.05	0.25	0	1	50025
100.066	0.25	0	1	50033
100.082	0.25	0	1	50041
100.1	0.25	0	1	50050
100.116	0.25	1	2	50058
100.132	0.25	1	2	50066
100.15	0.25	0	1	50075
100.166	0.25	0	1	50083
100.182	0.25	0	1	50091
100.2	0.25	0	1	50100
100.216	0.25	0	1	50108
100.232	0.25	0	1	50116
100.25	0.25	1	2	50125
100.266	0.25	1	2	50133
100.282	0.25	1	2	50141
100.3	0.25	1	2	50150
100.316	0.25	1	2	50158
100.332	0.25	1	2	50166
100.35	0.25	0	1	50175
100.366	0.25	0	1	50183
100.382	0.25	1	2	50191
100.4	0.25	1	2	50200
100.416	0.25	0	1	50208
100.432	0.25	0	1	50216
100.45	0.25	1	2	50225
100.466	0.25	1	2	50233
100.482	0.25	1	2	50241
100.5	0.25	1	2	50250
100.516	0.25	1	2	50258
100.532	0.25	1	2	50266
100.55	0.25	1	2	50275
100.566	0.25	1	2	50283
100.582	0.25	1	2	50291
100.6	0.25	1	2	50300
100.616	0.25	0	1	50308
100.632	0.25	0	1	50316
100.65	0.25	0	1	50325
100.666	0.25	0	1	50333
100.682	0.25	1	2	50341
100.7	0.25	1	2	50350
100.716	0.25	0	1	50358
100.732	0.25	0	1	50366
100.75	0.25	0	1	50375
100.766	0.25	0	1	50383
100.782	0.25	0	1	50391
100.8	0.25	0	1	50400
100.816	0.25	1	2	50408
100.832	0.25	1	2	50416
100.85	0.25	1	2	50425
102.332	0.25	1	2	51166
102.35	0.25	1	2	51175
102.366	0.25	1	2	51183
102.382	0.25	1	2	51191
102.4	0.25	0	1	51200
102.416	0.25	0	1	51208
102.432	0.25	1	2	51216
102.45	0.25	1	2	51225
102.466	0.25	1	2	51233
102.482	0.25	1	2	51241
102.5	0.25	0	1	51250
102.516	0.25	0	1	51258
102.532	0.25	1	2	51266
102.55	0.25	1	2	51275
102.566	0.25	1	2	51283
102.582	0.25	1	2	51291
102.6	0.25	0	1	51300
102.616	0.25	0	1	51308
102.632	0.25	1	2	51316
102.65	0.25	1	2	51325
102.666	0.25	1	2	51333
102.682	0.25	1	2	51341
102.7	0.25	0	1	51350
102.716	0.25	0	1	51358
102.732	0.25	0	1	51366
102.75	0.25	0	1	51375
102.766	0.25	0	1	51383
102.782	0.25	0	1	51391
102.8	0.25	1	2	51400
102.816	0.25	1	2	51408
102.832	0.25	1	2	51416
102.85	0.25	1	2	51425
102.866	0.25	1	2	51433
102.882	0.25	1	2	51441
102.9	0.25	0	1	51450
102.916	0.25	0	1	51458
102.932	0.25	0	1	51466
102.95	0.25	0	1	51475
102.966	0.25	0	1	51483
102.982	0.25	0	1	51491
103.0	0.25	1	2	51500
103.016	0.25	1	2	51508
103.032	0.25	1	2	51516
103.05	0.25	1	2	51525
103.066	0.25	1	2	51533
103.082	0.25	1	2	51541
103.1	0.25	1	2	51550
103.116	0.25	1	2	51558
103.132	0.25	1	2	51566
103.15	0.25	1	2	51575
103.166	0.25	0	1	51583
103.182	0.25	0	1	51591
103.2	0.25	0	1	51600
103.216	0.25	0	1	51608
103.232	0.25	1	2	51616
103.25	0.25	1	2	51625
103.266	0.25	0	1	51633
103.282	0.25	0	1	51641
103.3	0.25	1	2	51650
103.316	0.25	1	2	51658
103.332	0.25	0	1	51666
103.35	0.25	0	1	51675
103.366	0.25	0	1	51683
103.382	0.25	0	1	51691
103.4	0.25	1	2	51700
103.416	0.25	1	2	51708
103.432	0.25	1	2	51716
103.45	0.25	1	2	51725
103.466	0.25	0	1	51733
103.482	0.25	0	1	51741
103.5	0.25	0	1	51750
103.516	0.25	0	1	51758
103.532	0.25	0	1	51766
103.55	0.25	0	1	51775
103.566	0.25	0	1	51783
103.582	0.25	0	1	51791
103.6	0.25	1	2	51800
103.616	0.25	1	2	51808
103.632	0.25	0	1	51816
103.65	0.25	0	1	51825
103.666	0.25	0	1	51833
103.682	0.25	0	1	51841
103.7	0.25	0	1	51850
103.716	0.25	0	1	51858
103.732	0.25	0	1	51866
103.75	0.25	0	1	51875
103.766	0.25	1	2	51883
103.782	0.25	1	2	51891
103.8	0.25	1	2	51900
103.816	0.25	1	2	51908
103.832	0.25	1	2	51916
103.85	0.25	1	2	51925
103.866	0.25	1	2	51933
103.882	0.25	1	2	51941
103.9	0.25	1	2	51950
103.916	0.25	1	2	51958
103.932	0.25	1	2	51966
103.95	0.25	1	2	51975
103.966	0.25	0	1	51983
103.982	0.25	0	1	51991
104.0	0.25	1	2	52000
104.016	0.25	1	2	52008
104.032	0.25	0	1	52016
104.05	0.25	0	1	52025
104.066	0.25	1	2	52033
104.082	0.25	1	2	52041
104.1	0.25	0	1	52050
104.116	0.25	0	1	52058
104.132	0.25	0	1	52066
104.15	0.25	0	1	52075
104.166	0.25	1	2	52083
104.182	0.25	1	2	52091
104.2	0.25	1	2	52100
104.216	0.25	1	2	52108
104.232	0.25	0	1	52116
104.25	0.25	0	1	52125
104.266	0.25	0	1	52133
107.582	0.25	1	2	53791
107.6	0.25	1	2	53800
107.616	0.25	1	2	53808
107.632	0.25	1	2	53816
107.65	0.25	1	2	53825
107.666	0.25	1	2	53833
107.682	0.25	1	2	53841
107.7	0.25	1	2	53850
107.716	0.25	1	2	53858
107.732	0.25	1	2	53866
107.75	0.25	1	2	53875
107.766	0.25	1	2	53883
107.782	0.25	1	2	53891
107.8	0.25	1	2	53900
107.816	0.25	0	1	53908
107.832	0.25	0	1	53916
107.85	0.25	0	1	53925
107.866	0.25	0	1	53933
107.882	0.25	1	2	53941
107.9	0.25	1	2	53950
107.916	0.25	1	2	53958
107.932	0.25	1	2	53966
107.95	0.25	0	1	53975
107.966	0.25	0	1	53983
107.982	0.25	0	1	53991
108.0	0.25	0	1	54000
108.016	0.25	1	2	54008
108.032	0.25	1	2	54016
108.05	0.25	1	2	54025
108.066	0.25	1	2	54033
108.082	0.25	0	1	54041
108.1	0.25	0	1	54050
108.116	0.25	0	1	54058
108.132	0.25	0	1	54066
108.15	0.25	1	2	54075
108.166	0.25	1	2	54083
108.182	0.25	0	1	54091
108.2	0.25	0	1	54100
108.216	0.25	1	2	54108
108.232	0.25	1	2	54116
108.25	0.25	1	2	54125
108.266	0.25	1	2	54133
108.282	0.25	0	1	54141
108.3	0.25	0	1	54150
108.316	0.25	1	2	54158
108.332	0.25	1	2	54166
108.35	0.25	0	1	54175
108.366	0.25	0	1	54183
108.382	0.25	0	1	54191
108.4	0.25	0	1	54200
108.416	0.25	1	2	54208
108.432	0.25	1	2	54216
108.45	0.25	0	1	54225
108.466	0.25	0	1	54233
108.482	0.25	1	2	54241
108.5	0.25	1	2	54250
108.516	0.25	1	2	54258
108.532	0.25	1	2	54266
108.55	0.25	1	2	54275
108.566	0.25	1	2	54283
108.582	0.25	0	1	54291
108.6	0.25	0	1	54300
108.616	0.25	0	1	54308
108.632	0.25	0	1	54316
108.65	0.25	0	1	54325
108.666	0.25	0	1	54333
108.682	0.25	1	2	54341
108.7	0.25	1	2	54350
108.716	0.25	0	1	54358
108.732	0.25	0	1	54366
108.75	0.25	1	2	54375
108.766	0.25	1	2	54383
108.782	0.25	1	2	54391
108.8	0.25	1	2	54400
108.816	0.25	1	2	54408
108.832	0.25	1	2	54416
108.85	0.25	0	1	54425
108.866	0.25	0	1	54433
108.882	0.25	0	1	54441
108.9	0.25	0	1	54450
108.916	0.25	1	2	54458
108.932	0.25	1	2	54466
108.95	0.25	0	1	54475
108.966	0.25	0	1	54483
108.982	0.25	1	2	54491
109.0	0.25	1	2	54500
109.016	0.25	0	1	54508
109.032	0.25	0	1	54516
109.05	0.25	0	1	54525
109.066	0.25	0	1	54533
109.082	0.25	0	1	54541
109.1	0.25	0	1	54550
109.116	0.25	1	2	54558
109.132	0.25	1	2	54566
109.15	0.25	1	2	54575
109.166	0.25	1	2	54583
109.182	0.25	0	1	54591
109.2	0.25	0	1	54600
109.216	0.25	1	2	54608
109.232	0.25	1	2	54616
109.25	0.25	0	1	54625
109.266	0.25	0	1	54633
109.282	0.25	0	1	54641
109.3	0.25	0	1	54650
109.316	0.25	0	1	54658
109.332	0.25	0	1	54666
109.35	0.25	1	2	54675
109.366	0.25	1	2	54683
109.382	0.25	0	1	54691
109.4	0.25	0	1	54700
109.416	0.25	1	2	54708
109.432	0.25	1	2	54716
109.45	0.25	0	1	54725
109.466	0.25	0	1	54733
109.482	0.25	0	1	54741
109.5	0.25	0	1	54750
109.516	0.25	1	2	54758
111.0	0.25	1	2	55500
111.016	0.25	1	2	55508
111.032	0.25	1	2	55516
111.05	0.25	1	2	55525
111.066	0.25	0	1	55533
111.082	0.25	0	1	55541
111.1	0.25	1	2	55550
111.116	0.25	1	2	55558
111.132	0.25	1	2	55566
111.15	0.25	1	2	55575
111.166	0.25	0	1	55583
111.182	0.25	0	1	55591
111.2	0.25	1	2	55600
111.216	0.25	1	2	55608
111.232	0.25	1	2	55616
111.25	0.25	1	2	55625
111.266	0.25	0	1	55633
111.282	0.25	0	1	55641
111.3	0.25	1	2	55650
111.316	0.25	1	2	55658
111.332	0.25	1	2	55666
111.35	0.25	1	2	55675
111.366	0.25	0	1	55683
111.382	0.25	0	1	55691
111.4	0.25	0	1	55700
111.416	0.25	0	1	55708
111.432	0.25	0	1	55716
111.45	0.25	0	1	55725
111.466	0.25	1	2	55733
111.482	0.25	1	2	55741
111.5	0.25	1	2	55750
111.516	0.25	1	2	55758
111.532	0.25	1	2	55766
111.55	0.25	1	2	55775
111.566	0.25	0	1	55783
111.582	0.25	0	1	55791
111.6	0.25	0	1	55800
111.616	0.25	0	1	55808
111.632	0.25	0	1	55816
111.65	0.25	0	1	55825
111.666	0.25	1	2	55833
111.682	0.25	1	2	55841
111.7	0.25	1	2	55850
111.716	0.25	1	2	55858
111.732	0.25	1	2	55866
111.75	0.25	1	2	55875
111.766	0.25	1	2	55883
111.782	0.25	1	2	55891
111.8	0.25	1	2	55900
111.816	0.25	1	2	55908
111.832	0.25	0	1	55916
111.85	0.25	0	1	55925
111.866	0.25	0	1	55933
111.882	0.25	0	1	55941
111.9	0.25	1	2	55950
111.916	0.25	1	2	55958
111.932	0.25	0	1	55966
111.95	0.25	0	1	55975
111.966	0.25	1	2	55983
111.982	0.25	1	2	55991
112.0	0.25	0	1	56000
112.016	0.25	0	1	56008
112.032	0.25	0	1	56016
112.05	0.25	0	1	56025
112.066	0.25	1	2	56033
112.082	0.25	1	2	56041
112.1	0.25	1	2	56050
112.116	0.25	1	2	56058
112.132	0.25	0	1	56066
112.15	0.25	0	1	56075
112.166	0.25	0	1	56083
112.182	0.25	0	1	56091
112.2	0.25	0	1	56100
112.216	0.25	0	1	56108
112.232	0.25	0	1	56116
112.25	0.25	0	1	56125
112.266	0.25	1	2	56133
112.282	0.25	1	2	56141
112.3	0.25	0	1	56150
112.316	0.25	0	1	56158
112.332	0.25	0	1	56166
112.35	0.25	0	1	56175
112.366	0.25	0	1	56183
112.382	0.25	0	1	56191
112.4	0.25	0	1	56200
112.416	0.25	0	1	56208
112.432	0.25	1	2	56216
112.45	0.25	1	2	56225
112.466	0.25	1	2	56233
112.482	0.25	1	2	56241
112.5	0.25	1	2	56250
112.516	0.25	1	2	56258
112.532	0.25	1	2	56266
112.55	0.25	1	2	56275
112.566	0.25	1	2	56283
112.582	0.25	1	2	56291
112.6	0.25	1	2	56300
112.616	0.25	1	2	56308
112.632	0.25	0	1	56316
112.65	0.25	0	1	56325
112.666	0.25	1	2	56333
112.682	0.25	1	2	56341
112.7	0.25	0	1	56350
112.716	0.25	0	1	56358
112.732	0.25	1	2	56366
112.75	0.25	1	2	56375
112.766	0.25	0	1	56383
112.782	0.25	0	1	56391
112.8	0.25	0	1	56400
112.816	0.25	0	1	56408
112.832	0.25	1	2	56416
112.85	0.25	1	2	56425
112.866	0.25	1	2	56433
112.882	0.25	1	2	56441
112.9	0.25	0	1	56450
112.916	0.25	0	1	56458
112.932	0.25	0	1	56466
114.416	0.25	0	1	57208
114.432	0.25	0	1	57216
114.45	0.25	0	1	57225
114.466	0.25	0	1	57233
114.482	0.25	1	2	57241
114.5	0.25	1	2	57250
114.516	0.25	1	2	57258
114.532	0.25	1	2	57266
114.55	0.25	0	1	57275
114.566	0.25	0	1	57283
114.582	0.25	0	1	57291
114.6	0.25	0	1	57300
114.616	0.25	0	1	57308
114.632	0.25	0	1	57316
114.65	0.25	0	1	57325
114.666	0.25	0	1	57333
114.682	0.25	1	2	57341
114.7	0.25	1	2	57350
114.716	0.25	1	2	57358
114.732	0.25	1	2	57366
114.75	0.25	1	2	57375
114.766	0.25	1	2	57383
114.782	0.25	1	2	57391
114.8	0.25	1	2	57400
114.816	0.25	1	2	57408
114.832	0.25	1	2	57416
114.85	0.25	0	1	57425
114.866	0.25	0	1	57433
114.882	0.25	0	1	57441
114.9	0.25	0	1	57450
114.916	0.25	0	1	57458
114.932	0.25	0	1	57466
114.95	0.25	0	1	57475
114.966	0.25	0	1	57483
114.982	0.25	0	1	57491
115.0	0.25	0	1	57500
115.016	0.25	0	1	57508
115.032	0.25	0	1	57516
115.05	0.25	1	2	57525
115.066	0.25	1	2	57533
115.082	0.25	1	2	57541
115.1	0.25	1	2	57550
115.116	0.25	0	1	57558
115.132	0.25	0	1	57566
115.15	0.25	0	1	57575
115.166	0.25	0	1	57583
115.182	0.25	1	2	57591
115.2	0.25	1	2	57600
115.216	0.25	0	1	57608
115.232	0.25	0	1	57616
115.25	0.25	1	2	57625
115.266	0.25	1	2	57633
115.282	0.25	0	1	57641
115.3	0.25	0	1	57650
115.316	0.25	1	2	57658
115.332	0.25	1	2	57666
115.35	0.25	0	1	57675
115.366	0.25	0	1	57683
115.382	0.25	1	2	57691
115.4	0.25	1	2	57700
115.416	0.25	1	2	57708
115.432	0.25	1	2	57716
115.45	0.25	0	1	57725
115.466	0.25	0	1	57733
115.482	0.25	1	2	57741
115.5	0.25	1	2	57750
115.516	0.25	0	1	57758
115.532	0.25	0	1	57766
115.55	0.25	0	1	57775
115.566	0.25	0	1	57783
115.582	0.25	0	1	57791
115.6	0.25	0	1	57800
115.616	0.25	1	2	57808
115.632	0.25	1	2	57816
115.65	0.25	0	1	57825
115.666	0.25	0	1	57833
115.682	0.25	0	1	57841
115.7	0.25	0	1	57850
115.716	0.25	0	1	57858
115.732	0.25	0	1	57866
115.75	0.25	1	2	57875
115.766	0.25	1	2	57883
115.782	0.25	1	2	57891
115.8	0.25	1	2	57900
115.816	0.25	1	2	57908
115.832	0.25	1	2	57916
115.85	0.25	0	1	57925
115.866	0.25	0	1	57933
115.882	0.25	1	2	57941
115.9	0.25	1	2	57950
115.916	0.25	0	1	57958
115.932	0.25	0	1	57966
115.95	0.25	1	2	57975
115.966	0.25	1	2	57983
115.982	0.25	1	2	57991
116.0	0.25	1	2	58000
116.016	0.25	1	2	58008
116.032	0.25	1	2	58016
116.05	0.25	1	2	58025
116.066	0.25	1	2	58033
116.082	0.25	1	2	58041
116.1	0.25	1	2	58050
116.116	0.25	0	1	58058
116.132	0.25	0	1	58066
116.15	0.25	0	1	58075
116.166	0.25	0	1	58083
116.182	0.25	1	2	58091
116.2	0.25	1	2	58100
116.216	0.25	0	1	58108
116.232	0.25	0	1	58116
116.25	0.25	0	1	58125
116.266	0.25	0	1	58133
116.282	0.25	0	1	58141
116.3	0.25	0	1	58150
116.316	0.25	1	2	58158
116.332	0.25	1	2	58166
116.35	0.25	1	2	58175
117.832	0.25	1	2	58916
117.85	0.25	1	2	58925
117.866	0.25	1	2	58933
117.882	0.25	1	2	58941
117.9	0.25	0	1	58950
117.916	0.25	0	1	58958
117.932	0.25	0	1	58966
117.95	0.25	0	1	58975
117.966	0.25	0	1	58983
117.982	0.25	0	1	58991
118.0	0.25	0	1	59000
118.016	0.25	0	1	59008
118.032	0.25	1	2	59016
118.05	0.25	1	2	59025
118.066	0.25	0	1	59033
118.082	0.25	0	1	59041
118.1	0.25	0	1	59050
118.116	0.25	0	1	59058
118.132	0.25	1	2	59066
118.15	0.25	1	2	59075
118.166	0.25	1	2	59083
118.182	0.25	1	2	59091
118.2	0.25	0	1	59100
118.216	0.25	0	1	59108
118.232	0.25	0	1	59116
118.25	0.25	0	1	59125
118.266	0.25	0	1	59133
118.282	0.25	0	1	59141
118.3	0.25	0	1	59150
118.316	0.25	0	1	59158
118.332	0.25	0	1	59166
118.35	0.25	0	1	59175
118.366	0.25	0	1	59183
118.382	0.25	0	1	59191
118.4	0.25	1	2	59200
118.416	0.25	1	2	59208
118.432	0.25	0	1	59216
118.45	0.25	0	1	59225
118.466	0.25	1	2	59233
118.482	0.25	1	2	59241
118.5	0.25	1	2	59250
118.516	0.25	1	2	59258
118.532	0.25	0	1	59266
118.55	0.25	0	1	59275
118.566	0.25	1	2	59283
118.582	0.25	1	2	59291
118.6	0.25	0	1	59300
118.616	0.25	0	1	59308
118.632	0.25	1	2	59316
118.65	0.25	1	2	59325
118.666	0.25	0	1	59333
118.682	0.25	0	1	59341
118.7	0.25	1	2	59350
118.716	0.25	1	2	59358
118.732	0.25	0	1	59366
118.75	0.25	0	1	59375
118.766	0.25	0	1	59383
118.782	0.25	0	1	59391
118.8	0.25	0	1	59400
118.816	0.25	0	1	59408
118.832	0.25	1	2	59416
118.85	0.25	1	2	59425
118.866	0.25	1	2	59433
118.882	0.25	1	2	59441
118.9	0.25	1	2	59450
118.916	0.25	1	2	59458
118.932	0.25	0	1	59466
118.95	0.25	0	1	59475
118.966	0.25	1	2	59483
118.982	0.25	1	2	59491
119.0	0.25	1	2	59500
119.016	0.25	1	2	59508
119.032	0.25	1	2	59516
119.05	0.25	1	2	59525
119.066	0.25	0	1	59533
119.082	0.25	0	1	59541
119.1	0.25	1	2	59550
119.116	0.25	1	2	59558
119.132	0.25	0	1	59566
119.15	0.25	0	1	59575
119.166	0.25	1	2	59583
119.182	0.25	1	2	59591
119.2	0.25	1	2	59600
119.216	0.25	1	2	59608
119.232	0.25	0	1	59616
119.25	0.25	0	1	59625
119.266	0.25	0	1	59633
119.282	0.25	0	1	59641
119.3	0.25	0	1	59650
119.316	0.25	0	1	59658
119.332	0.25	1	2	59666
119.35	0.25	1	2	59675
119.366	0.25	1	2	59683
119.382	0.25	1	2	59691
119.4	0.25	0	1	59700
119.416	0.25	0	1	59708
119.432	0.25	1	2	59716
119.45	0.25	1	2	59725
119.466	0.25	1	2	59733
119.482	0.25	1	2	59741
119.5	0.25	1	2	59750
119.516	0.25	1	2	59758
119.532	0.25	0	1	59766
119.55	0.25	0	1	59775
119.566	0.25	0	1	59783
119.582	0.25	0	1	59791
119.6	0.25	0	1	59800
119.616	0.25	0	1	59808
119.632	0.25	0	1	59816
119.65	0.25	0	1	59825
119.666	0.25	0	1	59833
119.682	0.25	0	1	59841
119.7	0.25	1	2	59850
119.716	0.25	1	2	59858
119.732	0.25	1	2	59866
119.75	0.25	1	2	59875
119.766	0.25	1	2	59883
122.582	0.25	1	2	61291
122.6	0.25	1	2	61300
122.616	0.25	1	2	61308
122.632	0.25	1	2	61316
122.65	0.25	1	2	61325
122.666	0.25	1	2	61333
122.682	0.25	1	2	61341
122.7	0.25	1	2	61350
122.716	0.25	1	2	61358
122.732	0.25	1	2	61366
122.75	0.25	1	2	61375
122.766	0.25	1	2	61383
122.782	0.25	1	2	61391
122.8	0.25	1	2	61400
122.816	0.25	0	1	61408
122.832	0.25	0	1	61416
122.85	0.25	0	1	61425
122.866	0.25	0	1	61433
122.882	0.25	1	2	61441
122.9	0.25	1	2	61450
122.916	0.25	1	2	61458
122.932	0.25	1	2	61466
122.95	0.25	0	1	61475
122.966	0.25	0	1	61483
122.982	0.25	0	1	61491
123.0	0.25	0	1	61500
123.016	0.25	1	2	61508
123.032	0.25	1	2	61516
123.05	0.25	1	2	61525
123.066	0.25	1	2	61533
123.082	0.25	0	1	61541
123.1	0.25	0	1	61550
123.116	0.25	0	1	61558
123.132	0.25	0	1	61566
123.15	0.25	1	2	61575
123.166	0.25	1	2	61583
123.182	0.25	0	1	61591
123.2	0.25	0	1	61600
123.216	0.25	1	2	61608
123.232	0.25	1	2	61616
123.25	0.25	1	2	61625
123.266	0.25	1	2	61633
123.282	0.25	0	1	61641
123.3	0.25	0	1	61650
123.316	0.25	1	2	61658
123.332	0.25	1	2	61666
123.35	0.25	0	1	61675
123.366	0.25	0	1	61683
123.382	0.25	0	1	61691
123.4	0.25	0	1	61700
123.416	0.25	1	2	61708
123.432	0.25	1	2	61716
123.45	0.25	0	1	61725
123.466	0.25	0	1	61733
123.482	0.25	1	2	61741
123.5	0.25	1	2	61750
123.516	0.25	1	2	61758
123.532	0.25	1	2	61766
123.55	0.25	1	2	61775
123.566	0.25	1	2	61783
123.582	0.25	0	1	61791
123.6	0.25	0	1	61800
123.616	0.25	0	1	61808
123.632	0.25	0	1	61816
123.65	0.25	0	1	61825
123.666	0.25	0	1	61833
123.682	0.25	1	2	61841
123.7	0.25	1	2	61850
123.716	0.25	0	1	61858
123.732	0.25	0	1	61866
123.75	0.25	1	2	61875
123.766	0.25	1	2	61883
123.782	0.25	1	2	61891
123.8	0.25	1	2	61900
123.816	0.25	1	2	61908
123.832	0.25	1	2	61916
123.85	0.25	0	1	61925
123.866	0.25	0	1	61933
123.882	0.25	0	1	61941
123.9	0.25	0	1	61950
123.916	0.25	1	2	61958
123.932	0.25	1	2	61966
123.95	0.25	0	1	61975
123.966	0.25	0	1	61983
123.982	0.25	1	2	61991
124.0	0.25	1	2	62000
124.016	0.25	0	1	62008
124.032	0.25	0	1	62016
124.05	0.25	0	1	62025
124.066	0.25	0	1	62033
124.082	0.25	0	1	62041
124.1	0.25	0	1	62050
124.116	0.25	1	2	62058
124.132	0.25	1	2	62066
124.15	0.25	1	2	62075
124.166	0.25	1	2	62083
124.182	0.25	0	1	62091
124.2	0.25	0	1	62100
124.216	0.25	1	2	62108
124.232	0.25	1	2	62116
124.25	0.25	0	1	62125
124.266	0.25	0	1	62133
124.282	0.25	0	1	62141
124.3	0.25	0	1	62150
124.316	0.25	0	1	62158
124.332	0.25	0	1	62166
124.35	0.25	1	2	62175
124.366	0.25	1	2	62183
124.382	0.25	0	1	62191
124.4	0.25	0	1	62200
124.416	0.25	1	2	62208
124.432	0.25	1	2	62216
124.45	0.25	0	1	62225
124.466	0.25	0	1	62233
124.482	0.25	0	1	62241
124.5	0.25	0	1	62250
124.516	0.25	1	2	62258
126.0	0.25	1	2	63000
126.016	0.25	1	2	63008
126.032	0.25	1	2	63016
126.05	0.25	1	2	63025
126.066	0.25	0	1	63033
126.082	0.25	0	1	63041
126.1	0.25	0	1	63050
126.116	0.25	0	1	63058
126.132	0.25	0	1	63066
126.15	0.25	0	1	63075
126.166	0.25	0	1	63083
126.182	0.25	0	1	63091
126.2	0.25	1	2	63100
126.216	0.25	1	2	63108
126.232	0.25	0	1	63116
126.25	0.25	0	1	63125
126.266	0.25	0	1	63133
126.282	0.25	0	1	63141
126.3	0.25	1	2	63150
126.316	0.25	1	2	63158
126.332	0.25	1	2	63166
126.35	0.25	1	2	63175
126.366	0.25	0	1	63183
126.382	0.25	0	1	63191
126.4	0.25	0	1	63200
126.416	0.25	0	1	63208
126.432	0.25	0	1	63216
126.45	0.25	0	1	63225
126.466	0.25	0	1	63233
126.482	0.25	0	1	63241
126.5	0.25	0	1	63250
126.516	0.25	0	1	63258
126.532	0.25	0	1	63266
126.55	0.25	0	1	63275
126.566	0.25	1	2	63283
126.582	0.25	1	2	63291
126.6	0.25	0	1	63300
126.616	0.25	0	1	63308
126.632	0.25	1	2	63316
126.65	0.25	1	2	63325
126.666	0.25	1	2	63333
126.682	0.25	1	2	63341
126.7	0.25	0	1	63350
126.716	0.25	0	1	63358
126.732	0.25	1	2	63366
126.75	0.25	1	2	63375
126.766	0.25	0	1	63383
126.782	0.25	0	1	63391
126.8	0.25	1	2	63400
126.816	0.25	1	2	63408
126.832	0.25	0	1	63416
126.85	0.25	0	1	63425
126.866	0.25	1	2	63433
126.882	0.25	1	2	63441
126.9	0.25	0	1	63450
126.916	0.25	0	1	63458
126.932	0.25	0	1	63466
126.95	0.25	0	1	63475
126.966	0.25	0	1	63483
126.982	0.25	0	1	63491
127.0	0.25	1	2	63500
127.016	0.25	1	2	63508
127.032	0.25	1	2	63516
127.05	0.25	1	2	63525
127.066	0.25	1	2	63533
127.082	0.25	1	2	63541
127.1	0.25	0	1	63550
127.116	0.25	0	1	63558
127.132	0.25	1	2	63566
127.15	0.25	1	2	63575
127.166	0.25	1	2	63583
127.182	0.25	1	2	63591
127.2	0.25	1	2	63600
127.216	0.25	1	2	63608
127.232	0.25	0	1	63616
127.25	0.25	0	1	63625
127.266	0.25	1	2	63633
127.282	0.25	1	2	63641
127.3	0.25	0	1	63650
127.316	0.25	0	1	63658
127.332	0.25	1	2	63666
127.35	0.25	1	2	63675
127.366	0.25	1	2	63683
127.382	0.25	1	2	63691
127.4	0.25	0	1	63700
127.416	0.25	0	1	63708
127.432	0.25	0	1	63716
127.45	0.25	0	1	63725
127.466	0.25	0	1	63733
127.482	0.25	0	1	63741
127.5	0.25	1	2	63750
127.516	0.25	1	2	63758
127.532	0.25	1	2	63766
127.55	0.25	1	2	63775
127.566	0.25	0	1	63783
127.582	0.25	0	1	63791
127.6	0.25	1	2	63800
127.616	0.25	1	2	63808
127.632	0.25	1	2	63816
127.65	0.25	1	2	63825
127.666	0.25	1	2	63833
127.682	0.25	1	2	63841
127.7	0.25	0	1	63850
127.716	0.25	0	1	63858
127.732	0.25	0	1	63866
127.75	0.25	0	1	63875
127.766	0.25	0	1	63883
127.782	0.25	0	1	63891
127.8	0.25	0	1	63900
127.816	0.25	0	1	63908
127.832	0.25	0	1	63916
127.85	0.25	0	1	63925
127.866	0.25	1	2	63933
127.882	0.25	1	2	63941
127.9	0.25	1	2	63950
127.916	0.25	1	2	63958
127.932	0.25	1	2	63966
129.416	0.25	1	2	64708
129.432	0.25	1	2	64716
129.448	0.25	1	2	64724
129.466	0.25	1	2	64733
129.482	0.25	0	1	64741
129.5	0.25	0	1	64750
129.516	0.25	1	2	64758
129.532	0.25	1	2	64766
129.55	0.25	1	2	64775
129.566	0.25	1	2	64783
129.582	0.25	0	1	64791
129.6	0.25	0	1	64800
129.616	0.25	1	2	64808
129.632	0.25	1	2	64816
129.65	0.25	1	2	64825
129.666	0.25	1	2	64833
129.682	0.25	0	1	64841
129.698	0.25	0	1	64849
129.716	0.25	1	2	64858
129.732	0.25	1	2	64866
129.75	0.25	1	2	64875
129.766	0.25	1	2	64883
129.782	0.25	0	1	64891
129.8	0.25	0	1	64900
129.816	0.25	0	1	64908
129.832	0.25	0	1	64916
129.85	0.25	0	1	64925
129.866	0.25	0	1	64933
129.882	0.25	1	2	64941
129.9	0.25	1	2	64950
129.916	0.25	1	2	64958
129.932	0.25	1	2	64966
129.948	0.25	1	2	64974
129.966	0.25	1	2	64983
129.982	0.25	0	1	64991
130.0	0.25	0	1	65000
130.016	0.25	0	1	65008
130.032	0.25	0	1	65016
130.05	0.25	0	1	65025
130.066	0.25	0	1	65033
130.082	0.25	1	2	65041
130.1	0.25	1	2	65050
130.116	0.25	1	2	65058
130.132	0.25	1	2	65066
130.15	0.25	1	2	65075
130.166	0.25	1	2	65083
130.182	0.25	1	2	65091
130.198	0.25	1	2	65099
130.216	0.25	1	2	65108
130.232	0.25	1	2	65116
130.25	0.25	0	1	65125
130.266	0.25	0	1	65133
130.282	0.25	0	1	65141
130.3	0.25	0	1	65150
130.316	0.25	1	2	65158
130.332	0.25	1	2	65166
130.35	0.25	0	1	65175
130.366	0.25	0	1	65183
130.382	0.25	1	2	65191
130.4	0.25	1	2	65200
130.416	0.25	0	1	65208
130.432	0.25	0	1	65216
130.448	0.25	0	1	65224
130.466	0.25	0	1	65233
130.482	0.25	1	2	65241
130.5	0.25	1	2	65250
130.516	0.25	1	2	65258
130.532	0.25	1	2	65266
130.55	0.25	0	1	65275
130.566	0.25	0	1	65283
130.582	0.25	0	1	65291
130.6	0.25	0	1	65300
130.616	0.25	0	1	65308
130.632	0.25	0	1	65316
130.65	0.25	0	1	65325
130.666	0.25	0	1	65333
130.682	0.25	1	2	65341
130.698	0.25	1	2	65349
130.716	0.25	0	1	65358
130.732	0.25	0	1	65366
130.75	0.25	0	1	65375
130.766	0.25	0	1	65383
130.782	0.25	0	1	65391
130.8	0.25	0	1	65400
130.816	0.25	0	1	65408
130.832	0.25	0	1	65416
130.85	0.25	1	2	65425
130.866	0.25	1	2	65433
130.882	0.25	1	2	65441
130.9	0.25	1	2	65450
130.916	0.25	1	2	65458
130.932	0.25	1	2	65466
130.948	0.25	1	2	65474
130.966	0.25	1	2	65483
130.982	0.25	1	2	65491
131.0	0.25	1	2	65500
131.016	0.25	1	2	65508
131.032	0.25	1	2	65516
131.05	0.25	0	1	65525
131.066	0.25	0	1	65533
131.082	0.25	1	2	65541
131.1	0.25	1	2	65550
131.116	0.25	0	1	65558
131.132	0.25	0	1	65566
131.15	0.25	1	2	65575
131.166	0.25	1	2	65583
131.182	0.25	0	1	65591
131.2	0.25	0	1	65600
131.216	0.25	0	1	65608
131.232	0.25	0	1	65616
131.25	0.25	1	2	65625
131.266	0.25	1	2	65633
131.282	0.25	1	2	65641
131.3	0.25	1	2	65650
131.316	0.25	0	1	65658
131.332	0.25	0	1	65666
131.35	0.25	0	1	65675
132.832	0.25	0	1	66416
132.85	0.25	0	1	66425
132.866	0.25	0	1	66433
132.882	0.25	0	1	66441
132.9	0.25	1	2	66450
132.916	0.25	1	2	66458
132.932	0.25	1	2	66466
132.95	0.25	1	2	66475
132.966	0.25	0	1	66483
132.982	0.25	0	1	66491
133.0	0.25	0	1	66500
133.016	0.25	0	1	66508
133.032	0.25	0	1	66516
133.05	0.25	0	1	66525
133.066	0.25	0	1	66533
133.082	0.25	0	1	66541
133.1	0.25	1	2	66550
133.116	0.25	1	2	66558
133.132	0.25	1	2	66566
133.15	0.25	1	2	66575
133.166	0.25	1	2	66583
133.182	0.25	1	2	66591
133.2	0.25	1	2	66600
133.216	0.25	1	2	66608
133.232	0.25	1	2	66616
133.25	0.25	1	2	66625
133.266	0.25	0	1	66633
133.282	0.25	0	1	66641
133.3	0.25	0	1	66650
133.316	0.25	0	1	66658
133.332	0.25	0	1	66666
133.35	0.25	0	1	66675
133.366	0.25	0	1	66683
133.382	0.25	0	1	66691
133.4	0.25	0	1	66700
133.416	0.25	0	1	66708
133.432	0.25	0	1	66716
133.45	0.25	0	1	66725
133.466	0.25	1	2	66733
133.482	0.25	1	2	66741
133.5	0.25	1	2	66750
133.516	0.25	1	2	66758
133.532	0.25	0	1	66766
133.55	0.25	0	1	66775
133.566	0.25	0	1	66783
133.582	0.25	0	1	66791
133.6	0.25	1	2	66800
133.616	0.25	1	2	66808
133.632	0.25	0	1	66816
133.65	0.25	0	1	66825
133.666	0.25	1	2	66833
133.682	0.25	1	2	66841
133.7	0.25	0	1	66850
133.716	0.25	0	1	66858
133.732	0.25	1	2	66866
133.75	0.25	1	2	66875
133.766	0.25	0	1	66883
133.782	0.25	0	1	66891
133.8	0.25	1	2	66900
133.816	0.25	1	2	66908
133.832	0.25	1	2	66916
133.85	0.25	1	2	66925
133.866	0.25	0	1	66933
133.882	0.25	0	1	66941
133.9	0.25	1	2	66950
133.916	0.25	1	2	66958
133.932	0.25	0	1	66966
133.95	0.25	0	1	66975
133.966	0.25	0	1	66983
133.982	0.25	0	1	66991
134.0	0.25	0	1	67000
134.016	0.25	0	1	67008
134.032	0.25	1	2	67016
134.05	0.25	1	2	67025
134.066	0.25	0	1	67033
134.082	0.25	0	1	67041
134.1	0.25	0	1	67050
134.116	0.25	0	1	67058
134.132	0.25	0	1	67066
134.15	0.25	0	1	67075
134.166	0.25	1	2	67083
134.182	0.25	1	2	67091
134.2	0.25	1	2	67100
134.216	0.25	1	2	67108
134.232	0.25	1	2	67116
134.25	0.25	1	2	67125
134.266	0.25	0	1	67133
134.282	0.25	0	1	67141
134.3	0.25	1	2	67150
134.316	0.25	1	2	67158
134.332	0.25	0	1	67166
134.35	0.25	0	1	67175
134.366	0.25	1	2	67183
134.382	0.25	1	2	67191
134.4	0.25	1	2	67200
134.416	0.25	1	2	67208
134.432	0.25	1	2	67216
134.45	0.25	1	2	67225
134.466	0.25	1	2	67233
134.482	0.25	1	2	67241
134.5	0.25	1	2	67250
134.516	0.25	1	2	67258
134.532	0.25	0	1	67266
134.55	0.25	0	1	67275
134.566	0.25	0	1	67283
134.582	0.25	0	1	67291
134.6	0.25	1	2	67300
134.616	0.25	1	2	67308
134.632	0.25	0	1	67316
134.65	0.25	0	1	67325
134.666	0.25	0	1	67333
134.682	0.25	0	1	67341
134.7	0.25	0	1	67350
134.716	0.25	0	1	67358
134.732	0.25	1	2	67366
134.75	0.25	1	2	67375
134.766	0.25	1	2	67383
137.382	0.25	0	1	68691
137.4	0.25	0	1	68700
137.416	0.25	0	1	68708
137.432	0.25	0	1	68716
137.45	0.25	1	2	68725
137.466	0.25	1	2	68733
137.482	0.25	1	2	68741
137.5	0.25	1	2	68750
137.516	0.25	0	1	68758
137.532	0.25	0	1	68766
137.55	0.25	0	1	68775
137.566	0.25	0	1	68783
137.582	0.25	0	1	68791
137.6	0.25	0	1	68800
137.616	0.25	0	1	68808
137.632	0.25	0	1	68816
137.65	0.25	1	2	68825
137.666	0.25	1	2	68833
137.682	0.25	1	2	68841
137.7	0.25	1	2	68850
137.716	0.25	1	2	68858
137.732	0.25	1	2	68866
137.75	0.25	1	2	68875
137.766	0.25	1	2	68883
137.782	0.25	1	2	68891
137.8	0.25	1	2	68900
137.816	0.25	0	1	68908
137.832	0.25	0	1	68916
137.85	0.25	0	1	68925
137.866	0.25	0	1	68933
137.882	0.25	0	1	68941
137.9	0.25	0	1	68950
137.916	0.25	0	1	68958
137.932	0.25	0	1	68966
137.95	0.25	0	1	68975
137.966	0.25	0	1	68983
137.982	0.25	0	1	68991
138.0	0.25	0	1	69000
138.016	0.25	1	2	69008
138.032	0.25	1	2	69016
138.05	0.25	1	2	69025
138.066	0.25	1	2	69033
138.082	0.25	0	1	69041
138.1	0.25	0	1	69050
138.116	0.25	0	1	69058
138.132	0.25	0	1	69066
138.15	0.25	1	2	69075
138.166	0.25	1	2	69083
138.182	0.25	0	1	69091
138.2	0.25	0	1	69100
138.216	0.25	1	2	69108
138.232	0.25	1	2	69116
138.25	0.25	0	1	69125
138.266	0.25	0	1	69133
138.282	0.25	1	2	69141
138.3	0.25	1	2	69150
138.316	0.25	0	1	69158
138.332	0.25	0	1	69166
138.35	0.25	1	2	69175
138.366	0.25	1	2	69183
138.382	0.25	1	2	69191
138.4	0.25	1	2	69200
138.416	0.25	0	1	69208
138.432	0.25	0	1	69216
138.45	0.25	1	2	69225
138.466	0.25	1	2	69233
138.482	0.25	0	1	69241
138.5	0.25	0	1	69250
138.516	0.25	0	1	69258
138.532	0.25	0	1	69266
138.55	0.25	0	1	69275
138.566	0.25	0	1	69283
138.582	0.25	1	2	69291
138.6	0.25	1	2	69300
138.616	0.25	0	1	69308
138.632	0.25	0	1	69316
138.65	0.25	0	1	69325
138.666	0.25	0	1	69333
138.682	0.25	0	1	69341
138.7	0.25	0	1	69350
138.716	0.25	1	2	69358
138.732	0.25	1	2	69366
138.75	0.25	1	2	69375
138.766	0.25	1	2	69383
138.782	0.25	1	2	69391
138.8	0.25	1	2	69400
138.816	0.25	0	1	69408
138.832	0.25	0	1	69416
138.85	0.25	1	2	69425
138.866	0.25	1	2	69433
138.882	0.25	0	1	69441
138.9	0.25	0	1	69450
138.916	0.25	1	2	69458
138.932	0.25	1	2	69466
138.95	0.25	1	2	69475
138.966	0.25	1	2	69483
138.982	0.25	1	2	69491
139.0	0.25	1	2	69500
139.016	0.25	1	2	69508
139.032	0.25	1	2	69516
139.05	0.25	1	2	69525
139.066	0.25	1	2	69533
139.082	0.25	0	1	69541
139.1	0.25	0	1	69550
139.116	0.25	0	1	69558
139.132	0.25	0	1	69566
139.15	0.25	1	2	69575
139.166	0.25	1	2	69583
139.182	0.25	0	1	69591
139.2	0.25	0	1	69600
139.216	0.25	0	1	69608
139.232	0.25	0	1	69616
139.25	0.25	0	1	69625
139.266	0.25	0	1	69633
139.282	0.25	1	2	69641
139.3	0.25	1	2	69650
139.316	0.25	1	2	69658
140.8	0.25	1	2	70400
140.816	0.25	1	2	70408
140.832	0.25	1	2	70416
140.85	0.25	1	2	70425
140.866	0.25	0	1	70433
140.882	0.25	0	1	70441
140.9	0.25	0	1	70450
140.916	0.25	0	1	70458
140.932	0.25	0	1	70466
140.95	0.25	0	1	70475
140.966	0.25	0	1	70483
140.982	0.25	0	1	70491
141.0	0.25	1	2	70500
141.016	0.25	1	2	70508
141.032	0.25	0	1	70516
141.05	0.25	0	1	70525
141.066	0.25	0	1	70533
141.082	0.25	0	1	70541
141.1	0.25	1	2	70550
141.116	0.25	1	2	70558
141.132	0.25	1	2	70566
141.15	0.25	1	2	70575
141.166	0.25	0	1	70583
141.182	0.25	0	1	70591
141.2	0.25	0	1	70600
141.216	0.25	0	1	70608
141.232	0.25	0	1	70616
141.25	0.25	0	1	70625
141.266	0.25	0	1	70633
141.282	0.25	0	1	70641
141.3	0.25	0	1	70650
141.316	0.25	0	1	70658
141.332	0.25	0	1	70666
141.35	0.25	0	1	70675
141.366	0.25	1	2	70683
141.382	0.25	1	2	70691
141.4	0.25	0	1	70700
141.416	0.25	0	1	70708
141.432	0.25	1	2	70716
141.45	0.25	1	2	70725
141.466	0.25	1	2	70733
141.482	0.25	1	2	70741
141.5	0.25	0	1	70750
141.516	0.25	0	1	70758
141.532	0.25	1	2	70766
141.55	0.25	1	2	70775
141.566	0.25	0	1	70783
141.582	0.25	0	1	70791
141.6	0.25	1	2	70800
141.616	0.25	1	2	70808
141.632	0.25	0	1	70816
141.65	0.25	0	1	70825
141.666	0.25	1	2	70833
141.682	0.25	1	2	70841
141.7	0.25	0	1	70850
141.716	0.25	0	1	70858
141.732	0.25	0	1	70866
141.75	0.25	0	1	70875
141.766	0.25	0	1	70883
141.782	0.25	0	1	70891
141.8	0.25	1	2	70900
141.816	0.25	1	2	70908
141.832	0.25	1	2	70916
141.85	0.25	1	2	70925
141.866	0.25	1	2	70933
141.882	0.25	1	2	70941
141.9	0.25	0	1	70950
141.916	0.25	0	1	70958
141.932	0.25	1	2	70966
141.95	0.25	1	2	70975
141.966	0.25	1	2	70983
141.982	0.25	1	2	70991
142.0	0.25	1	2	71000
142.016	0.25	1	2	71008
142.032	0.25	0	1	71016
142.05	0.25	0	1	71025
142.066	0.25	1	2	71033
142.082	0.25	1	2	71041
142.1	0.25	0	1	71050
142.116	0.25	0	1	71058
142.132	0.25	1	2	71066
142.15	0.25	1	2	71075
142.166	0.25	1	2	71083
142.182	0.25	1	2	71091
142.2	0.25	0	1	71100
142.216	0.25	0	1	71108
142.232	0.25	0	1	71116
142.25	0.25	0	1	71125
142.266	0.25	0	1	71133
142.282	0.25	0	1	71141
142.3	0.25	1	2	71150
142.316	0.25	1	2	71158
142.332	0.25	1	2	71166
142.35	0.25	1	2	71175
142.366	0.25	0	1	71183
142.382	0.25	0	1	71191
142.4	0.25	1	2	71200
142.416	0.25	1	2	71208
142.432	0.25	1	2	71216
142.45	0.25	1	2	71225
142.466	0.25	1	2	71233
142.482	0.25	1	2	71241
142.5	0.25	0	1	71250
142.516	0.25	0	1	71258
142.532	0.25	0	1	71266
142.55	0.25	0	1	71275
142.566	0.25	0	1	71283
142.582	0.25	0	1	71291
142.6	0.25	0	1	71300
142.616	0.25	0	1	71308
142.632	0.25	0	1	71316
142.65	0.25	0	1	71325
142.666	0.25	1	2	71333
142.682	0.25	1	2	71341
142.7	0.25	1	2	71350
142.716	0.25	1	2	71358
142.732	0.25	1	2	71366
144.216	0.25	1	2	72108
144.232	0.25	1	2	72116
144.25	0.25	1	2	72125
144.266	0.25	1	2	72133
144.282	0.25	1	2	72141
144.3	0.25	1	2	72150
144.316	0.25	1	2	72158
144.332	0.25	1	2	72166
144.35	0.25	1	2	72175
144.366	0.25	1	2	72183
144.382	0.25	1	2	72191
144.4	0.25	1	2	72200
144.416	0.25	1	2	72208
144.432	0.25	1	2	72216
144.45	0.25	0	1	72225
144.466	0.25	0	1	72233
144.482	0.25	0	1	72241
144.5	0.25	0	1	72250
144.516	0.25	1	2	72258
144.532	0.25	1	2	72266
144.55	0.25	1	2	72275
144.566	0.25	1	2	72283
144.582	0.25	0	1	72291
144.6	0.25	0	1	72300
144.616	0.25	0	1	72308
144.632	0.25	0	1	72316
144.65	0.25	1	2	72325
144.666	0.25	1	2	72333
144.682	0.25	1	2	72341
144.7	0.25	1	2	72350
144.716	0.25	0	1	72358
144.732	0.25	0	1	72366
144.75	0.25	0	1	72375
144.766	0.25	0	1	72383
144.782	0.25	1	2	72391
144.8	0.25	1	2	72400
144.816	0.25	0	1	72408
144.832	0.25	0	1	72416
144.85	0.25	1	2	72425
144.866	0.25	1	2	72433
144.882	0.25	1	2	72441
144.9	0.25	1	2	72450
144.916	0.25	0	1	72458
144.932	0.25	0	1	72466
144.95	0.25	1	2	72475
144.966	0.25	1	2	72483
144.982	0.25	0	1	72491
145.0	0.25	0	1	72500
145.016	0.25	0	1	72508
145.032	0.25	0	1	72516
145.05	0.25	1	2	72525
145.066	0.25	1	2	72533
145.082	0.25	0	1	72541
145.1	0.25	0	1	72550
145.116	0.25	1	2	72558
145.132	0.25	1	2	72566
145.15	0.25	1	2	72575
145.166	0.25	1	2	72583
145.182	0.25	1	2	72591
145.2	0.25	1	2	72600
145.216	0.25	0	1	72608
145.232	0.25	0	1	72616
145.25	0.25	0	1	72625
145.266	0.25	0	1	72633
145.282	0.25	0	1	72641
145.3	0.25	0	1	72650
145.316	0.25	1	2	72658
145.332	0.25	1	2	72666
145.35	0.25	0	1	72675
145.366	0.25	0	1	72683
145.382	0.25	1	2	72691
145.4	0.25	1	2	72700
145.416	0.25	1	2	72708
145.432	0.25	1	2	72716
145.45	0.25	1	2	72725
145.466	0.25	1	2	72733
145.482	0.25	0	1	72741
145.5	0.25	0	1	72750
145.516	0.25	0	1	72758
145.532	0.25	0	1	72766
145.55	0.25	1	2	72775
145.566	0.25	1	2	72783
145.582	0.25	0	1	72791
145.6	0.25	0	1	72800
145.616	0.25	1	2	72808
145.632	0.25	1	2	72816
145.65	0.25	0	1	72825
145.666	0.25	0	1	72833
145.682	0.25	0	1	72841
145.7	0.25	0	1	72850
145.716	0.25	0	1	72858
145.732	0.25	0	1	72866
145.75	0.25	1	2	72875
145.766	0.25	1	2	72883
145.782	0.25	1	2	72891
145.8	0.25	1	2	72900
145.816	0.25	0	1	72908
145.832	0.25	0	1	72916
145.85	0.25	1	2	72925
145.866	0.25	1	2	72933
145.882	0.25	0	1	72941
145.9	0.25	0	1	72950
145.916	0.25	0	1	72958
145.932	0.25	0	1	72966
145.95	0.25	0	1	72975
145.966	0.25	0	1	72983
145.982	0.25	1	2	72991
146.0	0.25	1	2	73000
146.016	0.25	0	1	73008
146.032	0.25	0	1	73016
146.05	0.25	1	2	73025
146.066	0.25	1	2	73033
146.082	0.25	0	1	73041
146.1	0.25	0	1	73050
146.116	0.25	0	1	73058
146.132	0.25	0	1	73066
146.15	0.25	1	2	73075
147.632	0.25	1	2	73816
147.65	0.25	1	2	73825
147.666	0.25	1	2	73833
147.682	0.25	1	2	73841
147.7	0.25	0	1	73850
147.716	0.25	0	1	73858
147.732	0.25	1	2	73866
147.75	0.25	1	2	73875
147.766	0.25	1	2	73883
147.782	0.25	1	2	73891
147.8	0.25	0	1	73900
147.816	0.25	0	1	73908
147.832	0.25	1	2	73916
147.85	0.25	1	2	73925
147.866	0.25	1	2	73933
147.882	0.25	1	2	73941
147.9	0.25	0	1	73950
147.916	0.25	0	1	73958
147.932	0.25	1	2	73966
147.95	0.25	1	2	73975
147.966	0.25	1	2	73983
147.982	0.25	1	2	73991
148.0	0.25	0	1	74000
148.016	0.25	0	1	74008
148.032	0.25	0	1	74016
148.05	0.25	0	1	74025
148.066	0.25	0	1	74033
148.082	0.25	0	1	74041
148.1	0.25	1	2	74050
148.116	0.25	1	2	74058
148.132	0.25	1	2	74066
148.15	0.25	1	2	74075
148.166	0.25	1	2	74083
148.182	0.25	1	2	74091
148.2	0.25	0	1	74100
148.216	0.25	0	1	74108
148.232	0.25	0	1	74116
148.25	0.25	0	1	74125
148.266	0.25	0	1	74133
148.282	0.25	0	1	74141
148.3	0.25	1	2	74150
148.316	0.25	1	2	74158
148.332	0.25	1	2	74166
148.35	0.25	1	2	74175
148.366	0.25	1	2	74183
148.382	0.25	1	2	74191
148.4	0.25	1	2	74200
148.416	0.25	1	2	74208
148.432	0.25	1	2	74216
148.45	0.25	1	2	74225
148.466	0.25	0	1	74233
148.482	0.25	0	1	74241
148.5	0.25	0	1	74250
148.516	0.25	0	1	74258
148.532	0.25	1	2	74266
148.55	0.25	1	2	74275
148.566	0.25	0	1	74283
148.582	0.25	0	1	74291
148.6	0.25	1	2	74300
148.616	0.25	1	2	74308
148.632	0.25	0	1	74316
148.65	0.25	0	1	74325
148.666	0.25	0	1	74333
148.682	0.25	0	1	74341
148.7	0.25	1	2	74350
148.716	0.25	1	2	74358
148.732	0.25	1	2	74366
148.75	0.25	1	2	74375
148.766	0.25	0	1	74383
148.782	0.25	0	1	74391
148.8	0.25	0	1	74400
148.816	0.25	0	1	74408
148.832	0.25	0	1	74416
148.85	0.25	0	1	74425
148.866	0.25	0	1	74433
148.882	0.25	0	1	74441
148.9	0.25	1	2	74450
148.916	0.25	1	2	74458
148.932	0.25	0	1	74466
148.95	0.25	0	1	74475
148.966	0.25	0	1	74483
148.982	0.25	0	1	74491
149.0	0.25	0	1	74500
149.016	0.25	0	1	74508
149.032	0.25	0	1	74516
149.05	0.25	0	1	74525
149.066	0.25	1	2	74533
149.082	0.25	1	2	74541
149.1	0.25	1	2	74550
149.116	0.25	1	2	74558
149.132	0.25	1	2	74566
149.15	0.25	1	2	74575
149.166	0.25	1	2	74583
149.182	0.25	1	2	74591
149.2	0.25	1	2	74600
149.216	0.25	1	2	74608
149.232	0.25	1	2	74616
149.25	0.25	1	2	74625
149.266	0.25	0	1	74633
149.282	0.25	0	1	74641
149.3	0.25	1	2	74650
149.316	0.25	1	2	74658
149.332	0.25	0	1	74666
149.35	0.25	0	1	74675
149.366	0.25	1	2	74683
149.382	0.25	1	2	74691
149.4	0.25	0	1	74700
149.416	0.25	0	1	74708
149.432	0.25	0	1	74716
149.45	0.25	0	1	74725
149.466	0.25	1	2	74733
149.482	0.25	1	2	74741
149.5	0.25	1	2	74750
149.516	0.25	1	2	74758
149.532	0.25	0	1	74766
149.55	0.25	0	1	74775
149.566	0.25	0	1	74783
153.032	0.25	1	2	76516
153.05	0.25	1	2	76525
153.066	0.25	1	2	76533
153.082	0.25	1	2	76541
153.1	0.25	1	2	76550
153.116	0.25	1	2	76558
153.132	0.25	1	2	76566
153.15	0.25	1	2	76575
153.166	0.25	1	2	76583
153.182	0.25	1	2	76591
153.2	0.25	1	2	76600
153.216	0.25	1	2	76608
153.232	0.25	1	2	76616
153.25	0.25	1	2	76625
153.266	0.25	0	1	76633
153.282	0.25	0	1	76641
153.3	0.25	0	1	76650
153.316	0.25	0	1	76658
153.332	0.25	1	2	76666
153.35	0.25	1	2	76675
153.366	0.25	1	2	76683
153.382	0.25	1	2	76691
153.4	0.25	0	1	76700
153.416	0.25	0	1	76708
153.432	0.25	0	1	76716
153.45	0.25	0	1	76725
153.466	0.25	1	2	76733
153.482	0.25	1	2	76741
153.5	0.25	1	2	76750
153.516	0.25	1	2	76758
153.532	0.25	0	1	76766
153.55	0.25	0	1	76775
153.566	0.25	0	1	76783
153.582	0.25	0	1	76791
153.6	0.25	1	2	76800
153.616	0.25	1	2	76808
153.632	0.25	0	1	76816
153.65	0.25	0	1	76825
153.666	0.25	1	2	76833
153.682	0.25	1	2	76841
153.7	0.25	1	2	76850
153.716	0.25	1	2	76858
153.732	0.25	0	1	76866
153.75	0.25	0	1	76875
153.766	0.25	1	2	76883
153.782	0.25	1	2	76891
153.8	0.25	0	1	76900
153.816	0.25	0	1	76908
153.832	0.25	0	1	76916
153.85	0.25	0	1	76925
153.866	0.25	1	2	76933
153.882	0.25	1	2	76941
153.9	0.25	0	1	76950
153.916	0.25	0	1	76958
153.932	0.25	1	2	76966
153.95	0.25	1	2	76975
153.966	0.25	1	2	76983
153.982	0.25	1	2	76991
154.0	0.25	1	2	77000
154.016	0.25	1	2	77008
154.032	0.25	0	1	77016
154.05	0.25	0	1	77025
154.066	0.25	0	1	77033
154.082	0.25	0	1	77041
154.1	0.25	0	1	77050
154.116	0.25	0	1	77058
154.132	0.25	1	2	77066
154.15	0.25	1	2	77075
154.166	0.25	0	1	77083
154.182	0.25	0	1	77091
154.2	0.25	1	2	77100
154.216	0.25	1	2	77108
154.232	0.25	1	2	77116
154.25	0.25	1	2	77125
154.266	0.25	1	2	77133
154.282	0.25	1	2	77141
154.3	0.25	0	1	77150
154.316	0.25	0	1	77158
154.332	0.25	0	1	77166
154.35	0.25	0	1	77175
154.366	0.25	1	2	77183
154.382	0.25	1	2	77191
154.4	0.25	0	1	77200
154.416	0.25	0	1	77208
154.432	0.25	1	2	77216
154.45	0.25	1	2	77225
154.466	0.25	0	1	77233
154.482	0.25	0	1	77241
154.5	0.25	0	1	77250
154.516	0.25	0	1	77258
154.532	0.25	0	1	77266
154.55	0.25	0	1	77275
154.566	0.25	1	2	77283
154.582	0.25	1	2	77291
154.6	0.25	1	2	77300
154.616	0.25	1	2	77308
154.632	0.25	0	1	77316
154.65	0.25	0	1	77325
154.666	0.25	1	2	77333
154.682	0.25	1	2	77341
154.7	0.25	0	1	77350
154.716	0.25	0	1	77358
154.732	0.25	0	1	77366
154.75	0.25	0	1	77375
154.766	0.25	0	1	77383
154.782	0.25	0	1	77391
154.8	0.25	1	2	77400
154.816	0.25	1	2	77408
154.832	0.25	0	1	77416
154.85	0.25	0	1	77425
154.866	0.25	1	2	77433
154.882	0.25	1	2	77441
154.9	0.25	0	1	77450
154.916	0.25	0	1	77458
154.932	0.25	0	1	77466
154.95	0.25	0	1	77475
154.966	0.25	1	2	77483
156.45	0.25	1	2	78225
156.466	0.25	1	2	78233
156.482	0.25	1	2	78241
156.5	0.25	1	2	78250
156.516	0.25	0	1	78258
156.532	0.25	0	1	78266
156.55	0.25	1	2	78275
156.566	0.25	1	2	78283
156.582	0.25	1	2	78291
156.6	0.25	1	2	78300
156.616	0.25	0	1	78308
156.632	0.25	0	1	78316
156.65	0.25	1	2	78325
156.666	0.25	1	2	78333
156.682	0.25	1	2	78341
156.7	0.25	1	2	78350
156.716	0.25	0	1	78358
156.732	0.25	0	1	78366
156.75	0.25	1	2	78375
156.766	0.25	1	2	78383
156.782	0.25	1	2	78391
156.8	0.25	1	2	78400
156.816	0.25	0	1	78408
156.832	0.25	0	1	78416
156.85	0.25	0	1	78425
156.866	0.25	0	1	78433
156.882	0.25	0	1	78441
156.9	0.25	0	1	78450
156.916	0.25	1	2	78458
156.932	0.25	1	2	78466
156.95	0.25	1	2	78475
156.966	0.25	1	2	78483
156.982	0.25	1	2	78491
157.0	0.25	1	2	78500
157.016	0.25	0	1	78508
157.032	0.25	0	1	78516
157.05	0.25	0	1	78525
157.066	0.25	0	1	78533
157.082	0.25	0	1	78541
157.1	0.25	0	1	78550
157.116	0.25	1	2	78558
157.132	0.25	1	2	78566
157.15	0.25	1	2	78575
157.166	0.25	1	2	78583
157.182	0.25	1	2	78591
157.2	0.25	1	2	78600
157.216	0.25	1	2	78608
157.232	0.25	1	2	78616
157.25	0.25	1	2	78625
157.266	0.25	1	2	78633
157.282	0.25	0	1	78641
157.3	0.25	0	1	78650
157.316	0.25	0	1	78658
157.332	0.25	0	1	78666
157.35	0.25	1	2	78675
157.366	0.25	1	2	78683
157.382	0.25	0	1	78691
157.4	0.25	0	1	78700
157.416	0.25	1	2	78708
157.432	0.25	1	2	78716
157.45	0.25	0	1	78725
157.466	0.25	0	1	78733
157.482	0.25	0	1	78741
157.5	0.25	0	1	78750
157.516	0.25	1	2	78758
157.532	0.25	1	2	78766
157.55	0.25	1	2	78775
157.566	0.25	1	2	78783
157.582	0.25	0	1	78791
157.6	0.25	0	1	78800
157.616	0.25	0	1	78808
157.632	0.25	0	1	78816
157.65	0.25	0	1	78825
157.666	0.25	0	1	78833
157.682	0.25	0	1	78841
157.7	0.25	0	1	78850
157.716	0.25	1	2	78858
157.732	0.25	1	2	78866
157.75	0.25	0	1	78875
157.766	0.25	0	1	78883
157.782	0.25	0	1	78891
157.8	0.25	0	1	78900
157.816	0.25	0	1	78908
157.832	0.25	0	1	78916
157.85	0.25	0	1	78925
157.866	0.25	0	1	78933
157.882	0.25	1	2	78941
157.9	0.25	1	2	78950
157.916	0.25	1	2	78958
157.932	0.25	1	2	78966
157.95	0.25	1	2	78975
157.966	0.25	1	2	78983
157.982	0.25	1	2	78991
158.0	0.25	1	2	79000
158.016	0.25	1	2	79008
158.032	0.25	1	2	79016
158.05	0.25	1	2	79025
158.066	0.25	1	2	79033
158.082	0.25	0	1	79041
158.1	0.25	0	1	79050
158.116	0.25	1	2	79058
158.132	0.25	1	2	79066
158.15	0.25	0	1	79075
158.166	0.25	0	1	79083
158.182	0.25	1	2	79091
158.2	0.25	1	2	79100
158.216	0.25	0	1	79108
158.232	0.25	0	1	79116
158.25	0.25	0	1	79125
158.266	0.25	0	1	79133
158.282	0.25	1	2	79141
158.3	0.25	1	2	79150
158.316	0.25	1	2	79158
158.332	0.25	1	2	79166
158.35	0.25	0	1	79175
158.366	0.25	0	1	79183
158.382	0.25	0	1	79191
159.866	0.25	0	1	79933
159.882	0.25	0	1	79941
159.9	0.25	0	1	79950
159.916	0.25	0	1	79958
159.932	0.25	1	2	79966
159.95	0.25	1	2	79975
159.966	0.25	1	2	79983
159.982	0.25	1	2	79991
160.0	0.25	0	1	80000
160.016	0.25	0	1	80008
160.032	0.25	0	1	80016
160.05	0.25	0	1	80025
160.066	0.25	0	1	80033
160.082	0.25	0	1	80041
160.1	0.25	0	1	80050
160.116	0.25	0	1	80058
160.132	0.25	1	2	80066
160.15	0.25	1	2	80075
160.166	0.25	1	2	80083
160.182	0.25	1	2	80091
160.2	0.25	1	2	80100
160.216	0.25	1	2	80108
160.232	0.25	1	2	80116
160.25	0.25	1	2	80125
160.266	0.25	1	2	80133
160.282	0.25	1	2	80141
160.3	0.25	0	1	80150
160.316	0.25	0	1	80158
160.332	0.25	0	1	80166
160.35	0.25	0	1	80175
160.366	0.25	0	1	80183
160.382	0.25	0	1	80191
160.4	0.25	0	1	80200
160.416	0.25	0	1	80208
160.432	0.25	0	1	80216
160.45	0.25	0	1	80225
160.466	0.25	0	1	80233
160.482	0.25	0	1	80241
160.5	0.25	1	2	80250
160.516	0.25	1	2	80258
160.532	0.25	1	2	80266
160.55	0.25	1	2	80275
160.566	0.25	0	1	80283
160.582	0.25	0	1	80291
160.6	0.25	0	1	80300
160.616	0.25	0	1	80308
160.632	0.25	1	2	80316
160.65	0.25	1	2	80325
160.666	0.25	0	1	80333
160.682	0.25	0	1	80341
160.7	0.25	1	2	80350
160.716	0.25	1	2	80358
160.732	0.25	0	1	80366
160.75	0.25	0	1	80375
160.766	0.25	1	2	80383
160.782	0.25	1	2	80391
160.8	0.25	0	1	80400
160.816	0.25	0	1	80408
160.832	0.25	1	2	80416
160.85	0.25	1	2	80425
160.866	0.25	1	2	80433
160.882	0.25	1	2	80441
160.9	0.25	0	1	80450
160.916	0.25	0	1	80458
160.932	0.25	1	2	80466
160.95	0.25	1	2	80475
160.966	0.25	0	1	80483
160.982	0.25	0	1	80491
161.0	0.25	0	1	80500
161.016	0.25	0	1	80508
161.032	0.25	0	1	80516
161.05	0.25	0	1	80525
161.066	0.25	1	2	80533
161.082	0.25	1	2	80541
161.1	0.25	0	1	80550
161.116	0.25	0	1	80558
161.132	0.25	0	1	80566
161.15	0.25	0	1	80575
161.166	0.25	0	1	80583
161.182	0.25	0	1	80591
161.2	0.25	1	2	80600
161.216	0.25	1	2	80608
161.232	0.25	1	2	80616
161.25	0.25	1	2	80625
161.266	0.25	1	2	80633
161.282	0.25	1	2	80641
161.3	0.25	0	1	80650
161.316	0.25	0	1	80658
161.332	0.25	1	2	80666
161.35	0.25	1	2	80675
161.366	0.25	0	1	80683
161.382	0.25	0	1	80691
161.4	0.25	1	2	80700
161.416	0.25	1	2	80708
161.432	0.25	1	2	80716
161.45	0.25	1	2	80725
161.466	0.25	1	2	80733
161.482	0.25	1	2	80741
161.5	0.25	1	2	80750
161.516	0.25	1	2	80758
161.532	0.25	1	2	80766
161.55	0.25	1	2	80775
161.566	0.25	0	1	80783
161.582	0.25	0	1	80791
161.6	0.25	0	1	80800
161.616	0.25	0	1	80808
161.632	0.25	1	2	80816
161.65	0.25	1	2	80825
161.666	0.25	0	1	80833
161.682	0.25	0	1	80841
161.7	0.25	0	1	80850
161.716	0.25	0	1	80858
161.732	0.25	0	1	80866
161.75	0.25	0	1	80875
161.766	0.25	1	2	80883
161.782	0.25	1	2	80891
161.8	0.25	1	2	80900
163.282	0.25	1	2	81641
163.3	0.25	1	2	81650
163.316	0.25	1	2	81658
163.332	0.25	1	2	81666
163.35	0.25	0	1	81675
163.366	0.25	0	1	81683
163.382	0.25	0	1	81691
163.4	0.25	0	1	81700
163.416	0.25	0	1	81708
163.432	0.25	0	1	81716
163.45	0.25	0	1	81725
163.466	0.25	0	1	81733
163.482	0.25	1	2	81741
163.5	0.25	1	2	81750
163.516	0.25	0	1	81758
163.532	0.25	0	1	81766
163.55	0.25	0	1	81775
163.566	0.25	0	1	81783
163.582	0.25	1	2	81791
163.6	0.25	1	2	81800
163.616	0.25	1	2	81808
163.632	0.25	1	2	81816
163.65	0.25	0	1	81825
163.666	0.25	0	1	81833
163.682	0.25	0	1	81841
163.7	0.25	0	1	81850
163.716	0.25	0	1	81858
163.732	0.25	0	1	81866
163.75	0.25	0	1	81875
163.766	0.25	0	1	81883
163.782	0.25	0	1	81891
163.8	0.25	0	1	81900
163.816	0.25	0	1	81908
163.832	0.25	0	1	81916
163.85	0.25	1	2	81925
163.866	0.25	1	2	81933
163.882	0.25	0	1	81941
163.9	0.25	0	1	81950
163.916	0.25	1	2	81958
163.932	0.25	1	2	81966
163.95	0.25	1	2	81975
163.966	0.25	1	2	81983
163.982	0.25	0	1	81991
164.0	0.25	0	1	82000
164.016	0.25	1	2	82008
164.032	0.25	1	2	82016
164.05	0.25	0	1	82025
164.066	0.25	0	1	82033
164.082	0.25	1	2	82041
164.1	0.25	1	2	82050
164.116	0.25	0	1	82058
164.132	0.25	0	1	82066
164.15	0.25	1	2	82075
164.166	0.25	1	2	82083
164.182	0.25	0	1	82091
164.2	0.25	0	1	82100
164.216	0.25	0	1	82108
164.232	0.25	0	1	82116
164.25	0.25	0	1	82125
164.266	0.25	0	1	82133
164.282	0.25	1	2	82141
164.3	0.25	1	2	82150
164.316	0.25	1	2	82158
164.332	0.25	1	2	82166
164.35	0.25	1	2	82175
164.366	0.25	1	2	82183
164.382	0.25	0	1	82191
164.4	0.25	0	1	82200
164.416	0.25	1	2	82208
164.432	0.25	1	2	82216
164.45	0.25	1	2	82225
164.466	0.25	1	2	82233
164.482	0.25	1	2	82241
164.5	0.25	1	2	82250
164.516	0.25	0	1	82258
164.532	0.25	0	1	82266
164.55	0.25	1	2	82275
164.566	0.25	1	2	82283
164.582	0.25	0	1	82291
164.6	0.25	0	1	82300
164.616	0.25	1	2	82308
164.632	0.25	1	2	82316
164.65	0.25	1	2	82325
164.666	0.25	1	2	82333
164.682	0.25	0	1	82341
164.7	0.25	0	1	82350
164.716	0.25	0	1	82358
164.732	0.25	0	1	82366
164.75	0.25	0	1	82375
164.766	0.25	0	1	82383
164.782	0.25	1	2	82391
164.8	0.25	1	2	82400
164.816	0.25	1	2	82408
164.832	0.25	1	2	82416
164.85	0.25	0	1	82425
164.866	0.25	0	1	82433
164.882	0.25	1	2	82441
164.9	0.25	1	2	82450
164.916	0.25	1	2	82458
164.932	0.25	1	2	82466
164.95	0.25	1	2	82475
164.966	0.25	1	2	82483
164.982	0.25	0	1	82491
165.0	0.25	0	1	82500
165.016	0.25	0	1	82508
165.032	0.25	0	1	82516
165.05	0.25	0	1	82525
165.066	0.25	0	1	82533
165.082	0.25	0	1	82541
165.1	0.25	0	1	82550
165.116	0.25	0	1	82558
165.132	0.25	0	1	82566
165.15	0.25	1	2	82575
165.166	0.25	1	2	82583
165.182	0.25	1	2	82591
165.2	0.25	1	2	82600
165.216	0.25	1	2	82608
168.1	0.25	0	1	84050
168.116	0.25	0	1	84058
168.132	0.25	0	1	84066
168.15	0.25	0	1	84075
168.166	0.25	1	2	84083
168.182	0.25	1	2	84091
168.2	0.25	1	2	84100
168.216	0.25	1	2	84108
168.232	0.25	0	1	84116
168.25	0.25	0	1	84125
168.266	0.25	0	1	84133
168.282	0.25	0	1	84141
168.3	0.25	0	1	84150
168.316	0.25	0	1	84158
168.332	0.25	0	1	84166
168.35	0.25	0	1	84175
168.366	0.25	1	2	84183
168.382	0.25	1	2	84191
168.4	0.25	1	2	84200
168.416	0.25	1	2	84208
168.432	0.25	1	2	84216
168.45	0.25	1	2	84225
168.466	0.25	1	2	84233
168.482	0.25	1	2	84241
168.5	0.25	1	2	84250
168.516	0.25	1	2	84258
168.532	0.25	0	1	84266
168.55	0.25	0	1	84275
168.566	0.25	0	1	84283
168.582	0.25	0	1	84291
168.6	0.25	0	1	84300
168.616	0.25	0	1	84308
168.632	0.25	0	1	84316
168.65	0.25	0	1	84325
168.666	0.25	0	1	84333
168.682	0.25	0	1	84341
168.7	0.25	0	1	84350
168.716	0.25	0	1	84358
168.732	0.25	1	2	84366
168.75	0.25	1	2	84375
168.766	0.25	1	2	84383
168.782	0.25	1	2	84391
168.8	0.25	0	1	84400
168.816	0.25	0	1	84408
168.832	0.25	0	1	84416
168.85	0.25	0	1	84425
168.866	0.25	1	2	84433
168.882	0.25	1	2	84441
168.9	0.25	0	1	84450
168.916	0.25	0	1	84458
168.932	0.25	1	2	84466
168.95	0.25	1	2	84475
168.966	0.25	0	1	84483
168.982	0.25	0	1	84491
169.0	0.25	1	2	84500
169.016	0.25	1	2	84508
169.032	0.25	0	1	84516
169.05	0.25	0	1	84525
169.066	0.25	1	2	84533
169.082	0.25	1	2	84541
169.1	0.25	1	2	84550
169.116	0.25	1	2	84558
169.132	0.25	0	1	84566
169.15	0.25	0	1	84575
169.166	0.25	1	2	84583
169.182	0.25	1	2	84591
169.2	0.25	0	1	84600
169.216	0.25	0	1	84608
169.232	0.25	0	1	84616
169.25	0.25	0	1	84625
169.266	0.25	0	1	84633
169.282	0.25	0	1	84641
169.3	0.25	1	2	84650
169.316	0.25	1	2	84658
169.332	0.25	0	1	84666
169.35	0.25	0	1	84675
169.366	0.25	0	1	84683
169.382	0.25	0	1	84691
169.4	0.25	0	1	84700
169.416	0.25	0	1	84708
169.432	0.25	1	2	84716
169.45	0.25	1	2	84725
169.466	0.25	1	2	84733
169.482	0.25	1	2	84741
169.5	0.25	1	2	84750
169.516	0.25	1	2	84758
169.532	0.25	0	1	84766
169.55	0.25	0	1	84775
169.566	0.25	1	2	84783
169.582	0.25	1	2	84791
169.6	0.25	0	1	84800
169.616	0.25	0	1	84808
169.632	0.25	1	2	84816
169.65	0.25	1	2	84825
169.666	0.25	1	2	84833
169.682	0.25	1	2	84841
169.7	0.25	1	2	84850
169.716	0.25	1	2	84858
169.732	0.25	1	2	84866
169.75	0.25	1	2	84875
169.766	0.25	1	2	84883
169.782	0.25	1	2	84891
169.8	0.25	0	1	84900
169.816	0.25	0	1	84908
169.832	0.25	0	1	84916
169.85	0.25	0	1	84925
169.866	0.25	1	2	84933
169.882	0.25	1	2	84941
169.9	0.25	0	1	84950
169.916	0.25	0	1	84958
169.932	0.25	0	1	84966
169.95	0.25	0	1	84975
169.966	0.25	0	1	84983
169.982	0.25	0	1	84991
170.0	0.25	1	2	85000
170.016	0.25	1	2	85008
170.032	0.25	1	2	85016
171.516	0.25	1	2	85758
171.532	0.25	1	2	85766
171.55	0.25	1	2	85775
171.566	0.25	1	2	85783
171.582	0.25	0	1	85791
171.6	0.25	0	1	85800
171.616	0.25	0	1	85808
171.632	0.25	0	1	85816
171.65	0.25	0	1	85825
171.666	0.25	0	1	85833
171.682	0.25	0	1	85841
171.7	0.25	0	1	85850
171.716	0.25	1	2	85858
171.732	0.25	1	2	85866
171.75	0.25	0	1	85875
171.766	0.25	0	1	85883
171.782	0.25	0	1	85891
171.8	0.25	0	1	85900
171.816	0.25	1	2	85908
171.832	0.25	1	2	85916
171.85	0.25	1	2	85925
171.866	0.25	1	2	85933
171.882	0.25	0	1	85941
171.9	0.25	0	1	85950
171.916	0.25	0	1	85958
171.932	0.25	0	1	85966
171.95	0.25	0	1	85975
171.966	0.25	0	1	85983
171.982	0.25	0	1	85991
172.0	0.25	0	1	86000
172.016	0.25	0	1	86008
172.032	0.25	0	1	86016
172.05	0.25	0	1	86025
172.066	0.25	0	1	86033
172.082	0.25	1	2	86041
172.1	0.25	1	2	86050
172.116	0.25	0	1	86058
172.132	0.25	0	1	86066
172.15	0.25	1	2	86075
172.166	0.25	1	2	86083
172.182	0.25	1	2	86091
172.2	0.25	1	2	86100
172.216	0.25	0	1	86108
172.232	0.25	0	1	86116
172.25	0.25	1	2	86125
172.266	0.25	1	2	86133
172.282	0.25	0	1	86141
172.3	0.25	0	1	86150
172.316	0.25	1	2	86158
172.332	0.25	1	2	86166
172.35	0.25	0	1	86175
172.366	0.25	0	1	86183
172.382	0.25	1	2	86191
172.4	0.25	1	2	86200
172.416	0.25	0	1	86208
172.432	0.25	0	1	86216
172.45	0.25	0	1	86225
172.466	0.25	0	1	86233
172.482	0.25	0	1	86241
172.5	0.25	0	1	86250
172.516	0.25	1	2	86258
172.532	0.25	1	2	86266
172.55	0.25	1	2	86275
172.566	0.25	1	2	86283
172.582	0.25	1	2	86291
172.6	0.25	1	2	86300
172.616	0.25	0	1	86308
172.632	0.25	0	1	86316
172.65	0.25	1	2	86325
172.666	0.25	1	2	86333
172.682	0.25	1	2	86341
172.7	0.25	1	2	86350
172.716	0.25	1	2	86358
172.732	0.25	1	2	86366
172.75	0.25	0	1	86375
172.766	0.25	0	1	86383
172.782	0.25	1	2	86391
172.8	0.25	1	2	86400
172.816	0.25	0	1	86408
172.832	0.25	0	1	86416
172.85	0.25	1	2	86425
172.866	0.25	1	2	86433
172.882	0.25	1	2	86441
172.9	0.25	1	2	86450
172.916	0.25	0	1	86458
172.932	0.25	0	1	86466
172.95	0.25	0	1	86475
172.966	0.25	0	1	86483
172.982	0.25	0	1	86491
173.0	0.25	0	1	86500
173.016	0.25	1	2	86508
173.032	0.25	1	2	86516
173.05	0.25	1	2	86525
173.066	0.25	1	2	86533
173.082	0.25	0	1	86541
173.1	0.25	0	1	86550
173.116	0.25	1	2	86558
173.132	0.25	1	2	86566
173.15	0.25	1	2	86575
173.166	0.25	1	2	86583
173.182	0.25	1	2	86591
173.2	0.25	1	2	86600
173.216	0.25	0	1	86608
173.232	0.25	0	1	86616
173.25	0.25	0	1	86625
173.266	0.25	0	1	86633
173.282	0.25	0	1	86641
173.3	0.25	0	1	86650
173.316	0.25	0	1	86658
173.332	0.25	0	1	86666
173.35	0.25	0	1	86675
173.366	0.25	0	1	86683
173.382	0.25	1	2	86691
173.4	0.25	1	2	86700
173.416	0.25	1	2	86708
173.432	0.25	1	2	86716
173.45	0.25	1	2	86725
174.932	0.25	1	2	87466
174.95	0.25	1	2	87475
174.966	0.25	1	2	87483
174.982	0.25	1	2	87491
175.0	0.25	0	1	87500
175.016	0.25	0	1	87508
175.032	0.25	1	2	87516
175.05	0.25	1	2	87525
175.066	0.25	1	2	87533
175.082	0.25	1	2	87541
175.1	0.25	0	1	87550
175.116	0.25	0	1	87558
175.132	0.25	1	2	87566
175.15	0.25	1	2	87575
175.166	0.25	1	2	87583
175.182	0.25	1	2	87591
175.2	0.25	0	1	87600
175.216	0.25	0	1	87608
175.232	0.25	1	2	87616
175.25	0.25	1	2	87625
175.266	0.25	1	2	87633
175.282	0.25	1	2	87641
175.3	0.25	0	1	87650
175.316	0.25	0	1	87658
175.332	0.25	0	1	87666
175.35	0.25	0	1	87675
175.366	0.25	0	1	87683
175.382	0.25	0	1	87691
175.4	0.25	1	2	87700
175.416	0.25	1	2	87708
175.432	0.25	1	2	87716
175.45	0.25	1	2	87725
175.466	0.25	1	2	87733
175.482	0.25	1	2	87741
175.5	0.25	0	1	87750
175.516	0.25	0	1	87758
175.532	0.25	0	1	87766
175.55	0.25	0	1	87775
175.566	0.25	0	1	87783
175.582	0.25	0	1	87791
175.6	0.25	1	2	87800
175.616	0.25	1	2	87808
175.632	0.25	1	2	87816
175.65	0.25	1	2	87825
175.666	0.25	1	2	87833
175.682	0.25	1	2	87841
175.7	0.25	1	2	87850
175.716	0.25	1	2	87858
175.732	0.25	1	2	87866
175.75	0.25	1	2	87875
175.766	0.25	0	1	87883
175.782	0.25	0	1	87891
175.8	0.25	0	1	87900
175.816	0.25	0	1	87908
175.832	0.25	1	2	87916
175.85	0.25	1	2	87925
175.866	0.25	0	1	87933
175.882	0.25	0	1	87941
175.9	0.25	1	2	87950
175.916	0.25	1	2	87958
175.932	0.25	0	1	87966
175.95	0.25	0	1	87975
175.966	0.25	0	1	87983
175.982	0.25	0	1	87991
176.0	0.25	1	2	88000
176.016	0.25	1	2	88008
176.032	0.25	1	2	88016
176.05	0.25	1	2	88025
176.066	0.25	0	1	88033
176.082	0.25	0	1	88041
176.1	0.25	0	1	88050
176.116	0.25	0	1	88058
176.132	0.25	0	1	88066
176.15	0.25	0	1	88075
176.166	0.25	0	1	88083
176.182	0.25	0	1	88091
176.2	0.25	1	2	88100
176.216	0.25	1	2	88108
176.232	0.25	0	1	88116
176.25	0.25	0	1	88125
176.266	0.25	0	1	88133
176.282	0.25	0	1	88141
176.3	0.25	0	1	88150
176.316	0.25	0	1	88158
176.332	0.25	0	1	88166
176.35	0.25	0	1	88175
176.366	0.25	1	2	88183
176.382	0.25	1	2	88191
176.4	0.25	1	2	88200
176.416	0.25	1	2	88208
176.432	0.25	1	2	88216
176.45	0.25	1	2	88225
176.466	0.25	1	2	88233
176.482	0.25	1	2	88241
176.5	0.25	1	2	88250
176.516	0.25	1	2	88258
176.532	0.25	1	2	88266
176.55	0.25	1	2	88275
176.566	0.25	0	1	88283
176.582	0.25	0	1	88291
176.6	0.25	1	2	88300
176.616	0.25	1	2	88308
176.632	0.25	0	1	88316
176.65	0.25	0	1	88325
176.666	0.25	1	2	88333
176.682	0.25	1	2	88341
176.7	0.25	0	1	88350
176.716	0.25	0	1	88358
176.732	0.25	0	1	88366
176.75	0.25	0	1	88375
176.766	0.25	1	2	88383
176.782	0.25	1	2	88391
176.8	0.25	1	2	88400
176.816	0.25	1	2	88408
176.832	0.25	0	1	88416
176.85	0.25	0	1	88425
176.866	0.25	0	1	88433
178.35	0.25	1	2	89175
178.366	0.25	1	2	89183
178.382	0.25	1	2	89191
178.4	0.25	1	2	89200
178.416	0.25	1	2	89208
178.432	0.25	1	2	89216
178.45	0.25	1	2	89225
178.466	0.25	1	2	89233
178.482	0.25	1	2	89241
178.5	0.25	1	2	89250
178.516	0.25	1	2	89258
178.532	0.25	1	2	89266
178.55	0.25	1	2	89275
178.566	0.25	1	2	89283
178.582	0.25	0	1	89291
178.6	0.25	0	1	89300
178.616	0.25	0	1	89308
178.632	0.25	0	1	89316
178.65	0.25	1	2	89325
178.666	0.25	1	2	89333
178.682	0.25	1	2	89341
178.7	0.25	1	2	89350
178.716	0.25	0	1	89358
178.732	0.25	0	1	89366
178.75	0.25	0	1	89375
178.766	0.25	0	1	89383
178.782	0.25	1	2	89391
178.8	0.25	1	2	89400
178.816	0.25	1	2	89408
178.832	0.25	1	2	89416
178.85	0.25	0	1	89425
178.866	0.25	0	1	89433
178.882	0.25	0	1	89441
178.9	0.25	0	1	89450
178.916	0.25	1	2	89458
178.932	0.25	1	2	89466
178.95	0.25	0	1	89475
178.966	0.25	0	1	89483
178.982	0.25	1	2	89491
179.0	0.25	1	2	89500
179.016	0.25	1	2	89508
179.032	0.25	1	2	89516
179.05	0.25	0	1	89525
179.066	0.25	0	1	89533
179.082	0.25	1	2	89541
179.1	0.25	1	2	89550
179.116	0.25	0	1	89558
179.132	0.25	0	1	89566
179.15	0.25	0	1	89575
179.166	0.25	0	1	89583
179.182	0.25	1	2	89591
179.2	0.25	1	2	89600
179.216	0.25	0	1	89608
179.232	0.25	0	1	89616
179.25	0.25	1	2	89625
179.266	0.25	1	2	89633
179.282	0.25	1	2	89641
179.3	0.25	1	2	89650
179.316	0.25	1	2	89658
179.332	0.25	1	2	89666
179.35	0.25	0	1	89675
179.366	0.25	0	1	89683
179.382	0.25	0	1	89691
179.4	0.25	0	1	89700
179.416	0.25	0	1	89708
179.432	0.25	0	1	89716
179.45	0.25	1	2	89725
179.466	0.25	1	2	89733
179.482	0.25	0	1	89741
179.5	0.25	0	1	89750
179.516	0.25	1	2	89758
179.532	0.25	1	2	89766
179.55	0.25	1	2	89775
179.566	0.25	1	2	89783
179.582	0.25	1	2	89791
179.6	0.25	1	2	89800
179.616	0.25	0	1	89808
179.632	0.25	0	1	89816
179.65	0.25	0	1	89825
179.666	0.25	0	1	89833
179.682	0.25	1	2	89841
179.7	0.25	1	2	89850
179.716	0.25	0	1	89858
179.732	0.25	0	1	89866
179.75	0.25	1	2	89875
179.766	0.25	1	2	89883
179.782	0.25	0	1	89891
179.8	0.25	0	1	89900
179.816	0.25	0	1	89908
179.832	0.25	0	1	89916
179.85	0.25	0	1	89925
179.866	0.25	0	1	89933
179.882	0.25	1	2	89941
179.9	0.25	1	2	89950
179.916	0.25	1	2	89958
179.932	0.25	1	2	89966
179.95	0.25	0	1	89975
179.966	0.25	0	1	89983
179.982	0.25	1	2	89991
180.0	0.25	1	2	90000
180.016	0.25	0	1	90008
180.032	0.25	0	1	90016
180.05	0.25	0	1	90025
180.066	0.25	0	1	90033
180.082	0.25	0	1	90041
180.1	0.25	0	1	90050
180.116	0.25	1	2	90058
180.132	0.25	1	2	90066
180.15	0.25	0	1	90075
180.166	0.25	0	1	90083
180.182	0.25	1	2	90091
180.2	0.25	1	2	90100
180.216	0.25	0	1	90108
180.232	0.25	0	1	90116
180.25	0.25	0	1	90125
180.266	0.25	0	1	90133
180.282	0.25	1	2	90141
183.016	0.25	1	2	91508
183.032	0.25	1	2	91516
183.05	0.25	1	2	91525
183.066	0.25	1	2	91533
183.082	0.25	1	2	91541
183.1	0.25	1	2	91550
183.116	0.25	1	2	91558
183.132	0.25	1	2	91566
183.15	0.25	1	2	91575
183.166	0.25	1	2	91583
183.182	0.25	1	2	91591
183.2	0.25	1	2	91600
183.216	0.25	1	2	91608
183.232	0.25	1	2	91616
183.25	0.25	0	1	91625
183.266	0.25	0	1	91633
183.282	0.25	0	1	91641
183.3	0.25	0	1	91650
183.316	0.25	1	2	91658
183.332	0.25	1	2	91666
183.35	0.25	1	2	91675
183.366	0.25	1	2	91683
183.382	0.25	0	1	91691
183.4	0.25	0	1	91700
183.416	0.25	0	1	91708
183.432	0.25	0	1	91716
183.45	0.25	1	2	91725
183.466	0.25	1	2	91733
183.482	0.25	1	2	91741
183.5	0.25	1	2	91750
183.516	0.25	0	1	91758
183.532	0.25	0	1	91766
183.55	0.25	0	1	91775
183.566	0.25	0	1	91783
183.582	0.25	1	2	91791
183.6	0.25	1	2	91800
183.616	0.25	0	1	91808
183.632	0.25	0	1	91816
183.65	0.25	1	2	91825
183.666	0.25	1	2	91833
183.682	0.25	1	2	91841
183.7	0.25	1	2	91850
183.716	0.25	0	1	91858
183.732	0.25	0	1	91866
183.75	0.25	1	2	91875
183.766	0.25	1	2	91883
183.782	0.25	0	1	91891
183.8	0.25	0	1	91900
183.816	0.25	0	1	91908
183.832	0.25	0	1	91916
183.85	0.25	1	2	91925
183.866	0.25	1	2	91933
183.882	0.25	0	1	91941
183.9	0.25	0	1	91950
183.916	0.25	1	2	91958
183.932	0.25	1	2	91966
183.95	0.25	1	2	91975
183.966	0.25	1	2	91983
183.982	0.25	1	2	91991
184.0	0.25	1	2	92000
184.016	0.25	0	1	92008
184.032	0.25	0	1	92016
184.05	0.25	0	1	92025
184.066	0.25	0	1	92033
184.082	0.25	0	1	92041
184.1	0.25	0	1	92050
184.116	0.25	1	2	92058
184.132	0.25	1	2	92066
184.15	0.25	0	1	92075
184.166	0.25	0	1	92083
184.182	0.25	1	2	92091
184.2	0.25	1	2	92100
184.216	0.25	1	2	92108
184.232	0.25	1	2	92116
184.25	0.25	1	2	92125
184.266	0.25	1	2	92133
184.282	0.25	0	1	92141
184.3	0.25	0	1	92150
184.316	0.25	0	1	92158
184.332	0.25	0	1	92166
184.35	0.25	1	2	92175
184.366	0.25	1	2	92183
184.382	0.25	0	1	92191
184.4	0.25	0	1	92200
184.416	0.25	1	2	92208
184.432	0.25	1	2	92216
184.45	0.25	0	1	92225
184.466	0.25	0	1	92233
184.482	0.25	0	1	92241
184.5	0.25	0	1	92250
184.516	0.25	0	1	92258
184.532	0.25	0	1	92266
184.55	0.25	1	2	92275
184.566	0.25	1	2	92283
184.582	0.25	1	2	92291
184.6	0.25	1	2	92300
184.616	0.25	0	1	92308
184.632	0.25	0	1	92316
184.65	0.25	1	2	92325
184.666	0.25	1	2	92333
184.682	0.25	0	1	92341
184.7	0.25	0	1	92350
184.716	0.25	0	1	92358
184.732	0.25	0	1	92366
184.75	0.25	0	1	92375
184.766	0.25	0	1	92383
184.782	0.25	1	2	92391
184.8	0.25	1	2	92400
184.816	0.25	0	1	92408
184.832	0.25	0	1	92416
184.85	0.25	1	2	92425
184.866	0.25	1	2	92433
184.882	0.25	0	1	92441
184.9	0.25	0	1	92450
184.916	0.25	0	1	92458
184.932	0.25	0	1	92466
184.95	0.25	1	2	92475
186.432	0.25	1	2	93216
186.45	0.25	1	2	93225
186.466	0.25	1	2	93233
186.482	0.25	1	2	93241
186.5	0.25	0	1	93250
186.516	0.25	0	1	93258
186.532	0.25	1	2	93266
186.55	0.25	1	2	93275
186.566	0.25	1	2	93283
186.582	0.25	1	2	93291
186.6	0.25	0	1	93300
186.616	0.25	0	1	93308
186.632	0.25	1	2	93316
186.65	0.25	1	2	93325
186.666	0.25	1	2	93333
186.682	0.25	1	2	93341
186.7	0.25	0	1	93350
186.716	0.25	0	1	93358
186.732	0.25	1	2	93366
186.75	0.25	1	2	93375
186.766	0.25	1	2	93383
186.782	0.25	1	2	93391
186.8	0.25	0	1	93400
186.816	0.25	0	1	93408
186.832	0.25	0	1	93416
186.85	0.25	0	1	93425
186.866	0.25	0	1	93433
186.882	0.25	0	1	93441
186.9	0.25	1	2	93450
186.916	0.25	1	2	93458
186.932	0.25	1	2	93466
186.95	0.25	1	2	93475
186.966	0.25	1	2	93483
186.982	0.25	1	2	93491
187.0	0.25	0	1	93500
187.016	0.25	0	1	93508
187.032	0.25	0	1	93516
187.05	0.25	0	1	93525
187.066	0.25	0	1	93533
187.082	0.25	0	1	93541
187.1	0.25	1	2	93550
187.116	0.25	1	2	93558
187.132	0.25	1	2	93566
187.15	0.25	1	2	93575
187.166	0.25	1	2	93583
187.182	0.25	1	2	93591
187.2	0.25	1	2	93600
187.216	0.25	1	2	93608
187.232	0.25	1	2	93616
187.25	0.25	1	2	93625
187.266	0.25	0	1	93633
187.282	0.25	0	1	93641
187.3	0.25	0	1	93650
187.316	0.25	0	1	93658
187.332	0.25	1	2	93666
187.35	0.25	1	2	93675
187.366	0.25	0	1	93683
187.382	0.25	0	1	93691
187.4	0.25	1	2	93700
187.416	0.25	1	2	93708
187.432	0.25	0	1	93716
187.45	0.25	0	1	93725
187.466	0.25	0	1	93733
187.482	0.25	0	1	93741
187.5	0.25	1	2	93750
187.516	0.25	1	2	93758
187.532	0.25	1	2	93766
187.55	0.25	1	2	93775
187.566	0.25	0	1	93783
187.582	0.25	0	1	93791
187.6	0.25	0	1	93800
187.616	0.25	0	1	93808
187.632	0.25	0	1	93816
187.65	0.25	0	1	93825
187.666	0.25	0	1	93833
187.682	0.25	0	1	93841
187.7	0.25	1	2	93850
187.716	0.25	1	2	93858
187.732	0.25	0	1	93866
187.75	0.25	0	1	93875
187.766	0.25	0	1	93883
187.782	0.25	0	1	93891
187.8	0.25	0	1	93900
187.816	0.25	0	1	93908
187.832	0.25	0	1	93916
187.85	0.25	0	1	93925
187.866	0.25	1	2	93933
187.882	0.25	1	2	93941
187.9	0.25	1	2	93950
187.916	0.25	1	2	93958
187.932	0.25	1	2	93966
187.95	0.25	1	2	93975
187.966	0.25	1	2	93983
187.982	0.25	1	2	93991
188.0	0.25	1	2	94000
188.016	0.25	1	2	94008
188.032	0.25	1	2	94016
188.05	0.25	1	2	94025
188.066	0.25	0	1	94033
188.082	0.25	0	1	94041
188.1	0.25	1	2	94050
188.116	0.25	1	2	94058
188.132	0.25	0	1	94066
188.15	0.25	0	1	94075
188.166	0.25	1	2	94083
188.182	0.25	1	2	94091
188.2	0.25	0	1	94100
188.216	0.25	0	1	94108
188.232	0.25	0	1	94116
188.25	0.25	0	1	94125
188.266	0.25	1	2	94133
188.282	0.25	1	2	94141
188.3	0.25	1	2	94150
188.316	0.25	1	2	94158
188.332	0.25	0	1	94166
188.35	0.25	0	1	94175
188.366	0.25	0	1	94183
189.85	0.25	0	1	94925
189.866	0.25	0	1	94933
189.882	0.25	0	1	94941
189.9	0.25	0	1	94950
189.916	0.25	1	2	94958
189.932	0.25	1	2	94966
189.95	0.25	1	2	94975
189.966	0.25	1	2	94983
189.982	0.25	0	1	94991
190.0	0.25	0	1	95000
190.016	0.25	0	1	95008
190.032	0.25	0	1	95016
190.05	0.25	0	1	95025
190.066	0.25	0	1	95033
190.082	0.25	0	1	95041
190.1	0.25	0	1	95050
190.116	0.25	1	2	95058
190.132	0.25	1	2	95066
190.15	0.25	1	2	95075
190.166	0.25	1	2	95083
190.182	0.25	1	2	95091
190.2	0.25	1	2	95100
190.216	0.25	1	2	95108
190.232	0.25	1	2	95116
190.25	0.25	1	2	95125
190.266	0.25	1	2	95133
190.282	0.25	0	1	95141
190.3	0.25	0	1	95150
190.316	0.25	0	1	95158
190.332	0.25	0	1	95166
190.35	0.25	0	1	95175
190.366	0.25	0	1	95183
190.382	0.25	0	1	95191
190.4	0.25	0	1	95200
190.416	0.25	0	1	95208
190.432	0.25	0	1	95216
190.45	0.25	0	1	95225
190.466	0.25	0	1	95233
190.482	0.25	1	2	95241
190.5	0.25	1	2	95250
190.516	0.25	1	2	95258
190.532	0.25	1	2	95266
190.55	0.25	0	1	95275
190.566	0.25	0	1	95283
190.582	0.25	0	1	95291
190.6	0.25	0	1	95300
190.616	0.25	1	2	95308
190.632	0.25	1	2	95316
190.65	0.25	0	1	95325
190.666	0.25	0	1	95333
190.682	0.25	1	2	95341
190.7	0.25	1	2	95350
190.716	0.25	0	1	95358
190.732	0.25	0	1	95366
190.75	0.25	1	2	95375
190.766	0.25	1	2	95383
190.782	0.25	0	1	95391
190.8	0.25	0	1	95400
190.816	0.25	1	2	95408
190.832	0.25	1	2	95416
190.85	0.25	1	2	95425
190.866	0.25	1	2	95433
190.882	0.25	0	1	95441
190.9	0.25	0	1	95450
190.916	0.25	1	2	95458
190.932	0.25	1	2	95466
190.95	0.25	0	1	95475
190.966	0.25	0	1	95483
190.982	0.25	0	1	95491
191.0	0.25	0	1	95500
191.016	0.25	0	1	95508
191.032	0.25	0	1	95516
191.05	0.25	1	2	95525
191.066	0.25	1	2	95533
191.082	0.25	0	1	95541
191.1	0.25	0	1	95550
191.116	0.25	0	1	95558
191.132	0.25	0	1	95566
191.15	0.25	0	1	95575
191.166	0.25	0	1	95583
191.182	0.25	1	2	95591
191.2	0.25	1	2	95600
191.216	0.25	1	2	95608
191.232	0.25	1	2	95616
191.25	0.25	1	2	95625
191.266	0.25	1	2	95633
191.282	0.25	0	1	95641
191.3	0.25	0	1	95650
191.316	0.25	1	2	95658
191.332	0.25	1	2	95666
191.35	0.25	0	1	95675
191.366	0.25	0	1	95683
191.382	0.25	1	2	95691
191.4	0.25	1	2	95700
191.416	0.25	1	2	95708
191.432	0.25	1	2	95716
191.45	0.25	1	2	95725
191.466	0.25	1	2	95733
191.482	0.25	1	2	95741
191.5	0.25	1	2	95750
191.516	0.25	1	2	95758
191.532	0.25	1	2	95766
191.55	0.25	0	1	95775
191.566	0.25	0	1	95783
191.582	0.25	0	1	95791
191.6	0.25	0	1	95800
191.616	0.25	1	2	95808
191.632	0.25	1	2	95816
191.65	0.25	0	1	95825
191.666	0.25	0	1	95833
191.682	0.25	0	1	95841
191.7	0.25	0	1	95850
191.716	0.25	0	1	95858
191.732	0.25	0	1	95866
191.75	0.25	1	2	95875
191.766	0.25	1	2	95883
191.782	0.25	1	2	95891
193.266	0.25	1	2	96633
193.282	0.25	1	2	96641
193.3	0.25	1	2	96650
193.316	0.25	1	2	96658
193.332	0.25	0	1	96666
193.35	0.25	0	1	96675
193.366	0.25	0	1	96683
193.382	0.25	0	1	96691
193.4	0.25	0	1	96700
193.416	0.25	0	1	96708
193.432	0.25	0	1	96716
193.45	0.25	0	1	96725
193.466	0.25	1	2	96733
193.482	0.25	1	2	96741
193.5	0.25	0	1	96750
193.516	0.25	0	1	96758
193.532	0.25	0	1	96766
193.55	0.25	0	1	96775
193.566	0.25	1	2	96783
193.582	0.25	1	2	96791
193.6	0.25	1	2	96800
193.616	0.25	1	2	96808
193.632	0.25	0	1	96816
193.65	0.25	0	1	96825
193.666	0.25	0	1	96833
193.682	0.25	0	1	96841
193.7	0.25	0	1	96850
193.716	0.25	0	1	96858
193.732	0.25	0	1	96866
193.75	0.25	0	1	96875
193.766	0.25	0	1	96883
193.782	0.25	0	1	96891
193.8	0.25	0	1	96900
193.816	0.25	0	1	96908
193.832	0.25	1	2	96916
193.85	0.25	1	2	96925
193.866	0.25	0	1	96933
193.882	0.25	0	1	96941
193.9	0.25	1	2	96950
193.916	0.25	1	2	96958
193.932	0.25	1	2	96966
193.95	0.25	1	2	96975
193.966	0.25	0	1	96983
193.982	0.25	0	1	96991
194.0	0.25	1	2	97000
194.016	0.25	1	2	97008
194.032	0.25	0	1	97016
194.05	0.25	0	1	97025
194.066	0.25	1	2	97033
194.082	0.25	1	2	97041
194.1	0.25	0	1	97050
194.116	0.25	0	1	97058
194.132	0.25	1	2	97066
194.15	0.25	1	2	97075
194.166	0.25	0	1	97083
194.182	0.25	0	1	97091
194.2	0.25	0	1	97100
194.216	0.25	0	1	97108
194.232	0.25	0	1	97116
194.25	0.25	0	1	97125
194.266	0.25	1	2	97133
194.282	0.25	1	2	97141
194.3	0.25	1	2	97150
194.316	0.25	1	2	97158
194.332	0.25	1	2	97166
194.35	0.25	1	2	97175
194.366	0.25	0	1	97183
194.382	0.25	0	1	97191
194.4	0.25	1	2	97200
194.416	0.25	1	2	97208
194.432	0.25	1	2	97216
194.45	0.25	1	2	97225
194.466	0.25	1	2	97233
194.482	0.25	1	2	97241
194.5	0.25	0	1	97250
194.516	0.25	0	1	97258
194.532	0.25	1	2	97266
194.55	0.25	1	2	97275
194.566	0.25	0	1	97283
194.582	0.25	0	1	97291
194.6	0.25	1	2	97300
194.616	0.25	1	2	97308
194.632	0.25	1	2	97316
194.65	0.25	1	2	97325
194.666	0.25	0	1	97333
194.682	0.25	0	1	97341
194.7	0.25	0	1	97350
194.716	0.25	0	1	97358
194.732	0.25	0	1	97366
194.75	0.25	0	1	97375
194.766	0.25	1	2	97383
194.782	0.25	1	2	97391
194.8	0.25	1	2	97400
194.816	0.25	1	2	97408
194.832	0.25	0	1	97416
194.85	0.25	0	1	97425
194.866	0.25	1	2	97433
194.882	0.25	1	2	97441
194.9	0.25	1	2	97450
194.916	0.25	1	2	97458
194.932	0.25	1	2	97466
194.95	0.25	1	2	97475
194.966	0.25	0	1	97483
194.982	0.25	0	1	97491
195.0	0.25	0	1	97500
195.016	0.25	0	1	97508
195.032	0.25	0	1	97516
195.05	0.25	0	1	97525
195.066	0.25	0	1	97533
195.082	0.25	0	1	97541
195.1	0.25	0	1	97550
195.116	0.25	0	1	97558
195.132	0.25	1	2	97566
195.15	0.25	1	2	97575
195.166	0.25	1	2	97583
195.182	0.25	1	2	97591
195.2	0.25	1	2	97600
198.466	0.25	1	2	99233
198.482	0.25	1	2	99241
198.5	0.25	1	2	99250
198.516	0.25	1	2	99258
198.532	0.25	1	2	99266
198.55	0.25	1	2	99275
198.566	0.25	1	2	99283
198.582	0.25	1	2	99291
198.6	0.25	1	2	99300
198.616	0.25	1	2	99308
198.632	0.25	1	2	99316
198.65	0.25	1	2	99325
198.666	0.25	1	2	99333
198.682	0.25	1	2	99341
198.7	0.25	0	1	99350
198.716	0.25	0	1	99358
198.732	0.25	0	1	99366
198.75	0.25	0	1	99375
198.766	0.25	1	2	99383
198.782	0.25	1	2	99391
198.8	0.25	1	2	99400
198.816	0.25	1	2	99408
198.832	0.25	0	1	99416
198.85	0.25	0	1	99425
198.866	0.25	0	1	99433
198.882	0.25	0	1	99441
198.9	0.25	1	2	99450
198.916	0.25	1	2	99458
198.932	0.25	1	2	99466
198.95	0.25	1	2	99475
198.966	0.25	0	1	99483
198.982	0.25	0	1	99491
199.0	0.25	0	1	99500
199.016	0.25	0	1	99508
199.032	0.25	1	2	99516
199.05	0.25	1	2	99525
199.066	0.25	0	1	99533
199.082	0.25	0	1	99541
199.1	0.25	1	2	99550
199.116	0.25	1	2	99558
199.132	0.25	1	2	99566
199.15	0.25	1	2	99575
199.166	0.25	0	1	99583
199.182	0.25	0	1	99591
199.2	0.25	1	2	99600
199.216	0.25	1	2	99608
199.232	0.25	0	1	99616
199.25	0.25	0	1	99625
199.266	0.25	0	1	99633
199.282	0.25	0	1	99641
199.3	0.25	1	2	99650
199.316	0.25	1	2	99658
199.332	0.25	0	1	99666
199.35	0.25	0	1	99675
199.366	0.25	1	2	99683
199.382	0.25	1	2	99691
199.4	0.25	1	2	99700
199.416	0.25	1	2	99708
199.432	0.25	1	2	99716
199.45	0.25	1	2	99725
199.466	0.25	0	1	99733
199.482	0.25	0	1	99741
199.5	0.25	0	1	99750
199.516	0.25	0	1	99758
199.532	0.25	0	1	99766
199.55	0.25	0	1	99775
199.566	0.25	1	2	99783
199.582	0.25	1	2	99791
199.6	0.25	0	1	99800
199.616	0.25	0	1	99808
199.632	0.25	1	2	99816
199.65	0.25	1	2	99825
199.666	0.25	1	2	99833
199.682	0.25	1	2	99841
199.7	0.25	1	2	99850
199.716	0.25	1	2	99858
199.732	0.25	0	1	99866
199.75	0.25	0	1	99875
199.766	0.25	0	1	99883
199.782	0.25	0	1	99891
199.8	0.25	1	2	99900
199.816	0.25	1	2	99908
199.832	0.25	0	1	99916
199.85	0.25	0	1	99925
199.866	0.25	1	2	99933
199.882	0.25	1	2	99941
199.9	0.25	0	1	99950
199.916	0.25	0	1	99958
199.932	0.25	0	1	99966
199.95	0.25	0	1	99975
199.966	0.25	0	1	99983
199.982	0.25	0	1	99991
200.0	0.25	1	2	100000
200.016	0.25	1	2	100008
200.032	0.25	1	2	100016
200.05	0.25	1	2	100025
200.066	0.25	0	1	100033
200.082	0.25	0	1	100041
200.1	0.25	1	2	100050
200.116	0.25	1	2	100058
200.132	0.25	0	1	100066
200.15	0.25	0	1	100075
200.166	0.25	0	1	100083
200.182	0.25	0	1	100091
200.2	0.25	0	1	100100
200.216	0.25	0	1	100108
200.232	0.25	1	2	100116
200.25	0.25	1	2	100125
200.266	0.25	0	1	100133
200.282	0.25	0	1	100141
200.3	0.25	1	2	100150
200.316	0.25	1	2	100158
200.332	0.25	0	1	100166
200.35	0.25	0	1	100175
200.366	0.25	0	1	100183
200.382	0.25	0	1	100191
200.4	0.25	1	2	100200
201.882	0.25	1	2	100941
201.9	0.25	1	2	100950
201.916	0.25	1	2	100958
201.932	0.25	1	2	100966
201.95	0.25	0	1	100975
201.966	0.25	0	1	100983
201.982	0.25	0	1	100991
202.0	0.25	0	1	101000
202.016	0.25	0	1	101008
202.032	0.25	0	1	101016
202.05	0.25	0	1	101025
202.066	0.25	0	1	101033
202.082	0.25	1	2	101041
202.1	0.25	1	2	101050
202.116	0.25	0	1	101058
202.132	0.25	0	1	101066
202.15	0.25	0	1	101075
202.166	0.25	0	1	101083
202.182	0.25	1	2	101091
202.2	0.25	1	2	101100
202.216	0.25	1	2	101108
202.232	0.25	1	2	101116
202.25	0.25	0	1	101125
202.266	0.25	0	1	101133
202.282	0.25	0	1	101141
202.3	0.25	0	1	101150
202.316	0.25	0	1	101158
202.332	0.25	0	1	101166
202.35	0.25	0	1	101175
202.366	0.25	0	1	101183
202.382	0.25	0	1	101191
202.4	0.25	0	1	101200
202.416	0.25	0	1	101208
202.432	0.25	0	1	101216
202.45	0.25	1	2	101225
202.466	0.25	1	2	101233
202.482	0.25	0	1	101241
202.5	0.25	0	1	101250
202.516	0.25	1	2	101258
202.532	0.25	1	2	101266
202.55	0.25	1	2	101275
202.566	0.25	1	2	101283
202.582	0.25	0	1	101291
202.6	0.25	0	1	101300
202.616	0.25	1	2	101308
202.632	0.25	1	2	101316
202.65	0.25	0	1	101325
202.666	0.25	0	1	101333
202.682	0.25	1	2	101341
202.7	0.25	1	2	101350
202.716	0.25	0	1	101358
202.732	0.25	0	1	101366
202.75	0.25	1	2	101375
202.766	0.25	1	2	101383
202.782	0.25	0	1	101391
202.8	0.25	0	1	101400
202.816	0.25	0	1	101408
202.832	0.25	0	1	101416
202.85	0.25	0	1	101425
202.866	0.25	0	1	101433
202.882	0.25	1	2	101441
202.9	0.25	1	2	101450
202.916	0.25	1	2	101458
202.932	0.25	1	2	101466
202.95	0.25	1	2	101475
202.966	0.25	1	2	101483
202.982	0.25	0	1	101491
203.0	0.25	0	1	101500
203.016	0.25	1	2	101508
203.032	0.25	1	2	101516
203.05	0.25	1	2	101525
203.066	0.25	1	2	101533
203.082	0.25	1	2	101541
203.1	0.25	1	2	101550
203.116	0.25	0	1	101558
203.132	0.25	0	1	101566
203.15	0.25	1	2	101575
203.166	0.25	1	2	101583
203.182	0.25	0	1	101591
203.2	0.25	0	1	101600
203.216	0.25	1	2	101608
203.232	0.25	1	2	101616
203.25	0.25	1	2	101625
203.266	0.25	1	2	101633
203.282	0.25	0	1	101641
203.3	0.25	0	1	101650
203.316	0.25	0	1	101658
203.332	0.25	0	1	101666
203.35	0.25	0	1	101675
203.366	0.25	0	1	101683
203.382	0.25	1	2	101691
203.4	0.25	1	2	101700
203.416	0.25	1	2	101708
203.432	0.25	1	2	101716
203.45	0.25	0	1	101725
203.466	0.25	0	1	101733
203.482	0.25	1	2	101741
203.5	0.25	1	2	101750
203.516	0.25	1	2	101758
203.532	0.25	1	2	101766
203.55	0.25	1	2	101775
203.566	0.25	1	2	101783
203.582	0.25	0	1	101791
203.6	0.25	0	1	101800
203.616	0.25	0	1	101808
203.632	0.25	0	1	101816
203.65	0.25	0	1	101825
203.666	0.25	0	1	101833
203.682	0.25	0	1	101841
203.7	0.25	0	1	101850
203.716	0.25	0	1	101858
203.732	0.25	0	1	101866
203.75	0.25	1	2	101875
203.766	0.25	1	2	101883
203.782	0.25	1	2	101891
203.8	0.25	1	2	101900
203.816	0.25	1	2	101908
205.3	0.25	0	1	102650
205.316	0.25	0	1	102658
205.332	0.25	0	1	102666
205.35	0.25	0	1	102675
205.366	0.25	1	2	102683
205.382	0.25	1	2	102691
205.4	0.25	1	2	102700
205.416	0.25	1	2	102708
205.432	0.25	0	1	102716
205.45	0.25	0	1	102725
205.466	0.25	0	1	102733
205.482	0.25	0	1	102741
205.5	0.25	0	1	102750
205.516	0.25	0	1	102758
205.532	0.25	0	1	102766
205.55	0.25	0	1	102775
205.566	0.25	1	2	102783
205.582	0.25	1	2	102791
205.6	0.25	1	2	102800
205.616	0.25	1	2	102808
205.632	0.25	1	2	102816
205.65	0.25	1	2	102825
205.666	0.25	1	2	102833
205.682	0.25	1	2	102841
205.7	0.25	1	2	102850
205.716	0.25	1	2	102858
205.732	0.25	0	1	102866
205.75	0.25	0	1	102875
205.766	0.25	0	1	102883
205.782	0.25	0	1	102891
205.8	0.25	0	1	102900
205.816	0.25	0	1	102908
205.832	0.25	0	1	102916
205.85	0.25	0	1	102925
205.866	0.25	0	1	102933
205.882	0.25	0	1	102941
205.9	0.25	0	1	102950
205.916	0.25	0	1	102958
205.932	0.25	1	2	102966
205.95	0.25	1	2	102975
205.966	0.25	1	2	102983
205.982	0.25	1	2	102991
206.0	0.25	0	1	103000
206.016	0.25	0	1	103008
206.032	0.25	0	1	103016
206.05	0.25	0	1	103025
206.066	0.25	1	2	103033
206.082	0.25	1	2	103041
206.1	0.25	0	1	103050
206.116	0.25	0	1	103058
206.132	0.25	1	2	103066
206.15	0.25	1	2	103075
206.166	0.25	0	1	103083
206.182	0.25	0	1	103091
206.2	0.25	1	2	103100
206.216	0.25	1	2	103108
206.232	0.25	0	1	103116
206.25	0.25	0	1	103125
206.266	0.25	1	2	103133
206.282	0.25	1	2	103141
206.3	0.25	1	2	103150
206.316	0.25	1	2	103158
206.332	0.25	0	1	103166
206.35	0.25	0	1	103175
206.366	0.25	1	2	103183
206.382	0.25	1	2	103191
206.4	0.25	0	1	103200
206.416	0.25	0	1	103208
206.432	0.25	0	1	103216
206.45	0.25	0	1	103225
206.466	0.25	0	1	103233
206.482	0.25	0	1	103241
206.5	0.25	1	2	103250
206.516	0.25	1	2	103258
206.532	0.25	0	1	103266
206.55	0.25	0	1	103275
206.566	0.25	0	1	103283
206.582	0.25	0	1	103291
206.6	0.25	0	1	103300
206.616	0.25	0	1	103308
206.632	0.25	1	2	103316
206.65	0.25	1	2	103325
206.666	0.25	1	2	103333
206.682	0.25	1	2	103341
206.7	0.25	1	2	103350
206.716	0.25	1	2	103358
206.732	0.25	0	1	103366
206.75	0.25	0	1	103375
206.766	0.25	1	2	103383
206.782	0.25	1	2	103391
206.8	0.25	0	1	103400
206.816	0.25	0	1	103408
206.832	0.25	1	2	103416
206.85	0.25	1	2	103425
206.866	0.25	1	2	103433
206.882	0.25	1	2	103441
206.9	0.25	1	2	103450
206.916	0.25	1	2	103458
206.932	0.25	1	2	103466
206.95	0.25	1	2	103475
206.966	0.25	1	2	103483
206.982	0.25	1	2	103491
207.0	0.25	0	1	103500
207.016	0.25	0	1	103508
207.032	0.25	0	1	103516
207.05	0.25	0	1	103525
207.066	0.25	1	2	103533
207.082	0.25	1	2	103541
207.1	0.25	0	1	103550
207.116	0.25	0	1	103558
207.132	0.25	0	1	103566
207.15	0.25	0	1	103575
207.166	0.25	0	1	103583
207.182	0.25	0	1	103591
207.2	0.25	1	2	103600
207.216	0.25	1	2	103608
207.232	0.25	1	2	103616
208.716	0.25	1	2	104358
208.732	0.25	1	2	104366
208.75	0.25	1	2	104375
208.766	0.25	1	2	104383
208.782	0.25	0	1	104391
208.8	0.25	0	1	104400
208.816	0.25	1	2	104408
208.832	0.25	1	2	104416
208.85	0.25	1	2	104425
208.866	0.25	1	2	104433
208.882	0.25	0	1	104441
208.9	0.25	0	1	104450
208.916	0.25	1	2	104458
208.932	0.25	1	2	104466
208.95	0.25	1	2	104475
208.966	0.25	1	2	104483
208.982	0.25	0	1	104491
209.0	0.25	0	1	104500
209.016	0.25	1	2	104508
209.032	0.25	1	2	104516
209.05	0.25	1	2	104525
209.066	0.25	1	2	104533
209.082	0.25	0	1	104541
209.1	0.25	0	1	104550
209.116	0.25	0	1	104558
209.132	0.25	0	1	104566
209.15	0.25	0	1	104575
209.166	0.25	0	1	104583
209.182	0.25	1	2	104591
209.2	0.25	1	2	104600
209.216	0.25	1	2	104608
209.232	0.25	1	2	104616
209.25	0.25	1	2	104625
209.266	0.25	1	2	104633
209.282	0.25	0	1	104641
209.3	0.25	0	1	104650
209.316	0.25	0	1	104658
209.332	0.25	0	1	104666
209.35	0.25	0	1	104675
209.366	0.25	0	1	104683
209.382	0.25	1	2	104691
209.4	0.25	1	2	104700
209.416	0.25	1	2	104708
209.432	0.25	1	2	104716
209.45	0.25	1	2	104725
209.466	0.25	1	2	104733
209.482	0.25	1	2	104741
209.5	0.25	1	2	104750
209.516	0.25	1	2	104758
209.532	0.25	1	2	104766
209.55	0.25	0	1	104775
209.566	0.25	0	1	104783
209.582	0.25	0	1	104791
209.6	0.25	0	1	104800
209.616	0.25	1	2	104808
209.632	0.25	1	2	104816
209.65	0.25	0	1	104825
209.666	0.25	0	1	104833
209.682	0.25	1	2	104841
209.7	0.25	1	2	104850
209.716	0.25	0	1	104858
209.732	0.25	0	1	104866
209.75	0.25	0	1	104875
209.766	0.25	0	1	104883
209.782	0.25	1	2	104891
209.8	0.25	1	2	104900
209.816	0.25	1	2	104908
209.832	0.25	1	2	104916
209.85	0.25	0	1	104925
209.866	0.25	0	1	104933
209.882	0.25	0	1	104941
209.9	0.25	0	1	104950
209.916	0.25	0	1	104958
209.932	0.25	0	1	104966
209.95	0.25	0	1	104975
209.966	0.25	0	1	104983
209.982	0.25	1	2	104991
210.0	0.25	1	2	105000
210.016	0.25	0	1	105008
210.032	0.25	0	1	105016
210.05	0.25	0	1	105025
210.066	0.25	0	1	105033
210.082	0.25	0	1	105041
210.1	0.25	0	1	105050
210.116	0.25	0	1	105058
210.132	0.25	0	1	105066
210.15	0.25	1	2	105075
210.166	0.25	1	2	105083
210.182	0.25	1	2	105091
210.2	0.25	1	2	105100
210.216	0.25	1	2	105108
210.232	0.25	1	2	105116
210.25	0.25	1	2	105125
210.266	0.25	1	2	105133
210.282	0.25	1	2	105141
210.3	0.25	1	2	105150
210.316	0.25	1	2	105158
210.332	0.25	1	2	105166
210.35	0.25	0	1	105175
210.366	0.25	0	1	105183
210.382	0.25	1	2	105191
210.4	0.25	1	2	105200
210.416	0.25	0	1	105208
210.432	0.25	0	1	105216
210.45	0.25	1	2	105225
210.466	0.25	1	2	105233
210.482	0.25	0	1	105241
210.5	0.25	0	1	105250
210.516	0.25	0	1	105258
210.532	0.25	0	1	105266
210.55	0.25	1	2	105275
210.566	0.25	1	2	105283
210.582	0.25	1	2	105291
210.6	0.25	1	2	105300
210.616	0.25	0	1	105308
210.632	0.25	0	1	105316
210.65	0.25	0	1	105325
213.216	0.25	0	1	106608
213.232	0.25	0	1	106616
213.25	0.25	0	1	106625
213.266	0.25	0	1	106633
213.282	0.25	1	2	106641
213.3	0.25	1	2	106650
213.316	0.25	1	2	106658
213.332	0.25	1	2	106666
213.35	0.25	0	1	106675
213.366	0.25	0	1	106683
213.382	0.25	0	1	106691
213.4	0.25	0	1	106700
213.416	0.25	0	1	106708
213.432	0.25	0	1	106716
213.45	0.25	0	1	106725
213.466	0.25	0	1	106733
213.482	0.25	1	2	106741
213.5	0.25	1	2	106750
213.516	0.25	1	2	106758
213.532	0.25	1	2	106766
213.55	0.25	1	2	106775
213.566	0.25	1	2	106783
213.582	0.25	1	2	106791
213.6	0.25	1	2	106800
213.616	0.25	1	2	106808
213.632	0.25	1	2	106816
213.65	0.25	0	1	106825
213.666	0.25	0	1	106833
213.682	0.25	0	1	106841
213.7	0.25	0	1	106850
213.716	0.25	0	1	106858
213.732	0.25	0	1	106866
213.75	0.25	0	1	106875
213.766	0.25	0	1	106883
213.782	0.25	0	1	106891
213.8	0.25	0	1	106900
213.816	0.25	0	1	106908
213.832	0.25	0	1	106916
213.85	0.25	1	2	106925
213.866	0.25	1	2	106933
213.882	0.25	1	2	106941
213.9	0.25	1	2	106950
213.916	0.25	0	1	106958
213.932	0.25	0	1	106966
213.95	0.25	0	1	106975
213.966	0.25	0	1	106983
213.982	0.25	1	2	106991
214.0	0.25	1	2	107000
214.016	0.25	0	1	107008
214.032	0.25	0	1	107016
214.05	0.25	1	2	107025
214.066	0.25	1	2	107033
214.082	0.25	0	1	107041
214.1	0.25	0	1	107050
214.116	0.25	1	2	107058
214.132	0.25	1	2	107066
214.15	0.25	0	1	107075
214.166	0.25	0	1	107083
214.182	0.25	1	2	107091
214.2	0.25	1	2	107100
214.216	0.25	1	2	107108
214.232	0.25	1	2	107116
214.25	0.25	0	1	107125
214.266	0.25	0	1	107133
214.282	0.25	1	2	107141
214.3	0.25	1	2	107150
214.316	0.25	0	1	107158
214.332	0.25	0	1	107166
214.35	0.25	0	1	107175
214.366	0.25	0	1	107183
214.382	0.25	0	1	107191
214.4	0.25	0	1	107200
214.416	0.25	1	2	107208
214.432	0.25	1	2	107216
214.45	0.25	0	1	107225
214.466	0.25	0	1	107233
214.482	0.25	0	1	107241
214.5	0.25	0	1	107250
214.516	0.25	0	1	107258
214.532	0.25	0	1	107266
214.55	0.25	1	2	107275
214.566	0.25	1	2	107283
214.582	0.25	1	2	107291
214.6	0.25	1	2	107300
214.616	0.25	1	2	107308
214.632	0.25	1	2	107316
214.65	0.25	0	1	107325
214.666	0.25	0	1	107333
214.682	0.25	1	2	107341
214.7	0.25	1	2	107350
214.716	0.25	0	1	107358
214.732	0.25	0	1	107366
214.75	0.25	1	2	107375
214.766	0.25	1	2	107383
214.782	0.25	1	2	107391
214.8	0.25	1	2	107400
214.816	0.25	1	2	107408
214.832	0.25	1	2	107416
214.85	0.25	1	2	107425
214.866	0.25	1	2	107433
214.882	0.25	1	2	107441
214.9	0.25	1	2	107450
214.916	0.25	0	1	107458
214.932	0.25	0	1	107466
214.95	0.25	0	1	107475
214.966	0.25	0	1	107483
214.982	0.25	1	2	107491
215.0	0.25	1	2	107500
215.016	0.25	0	1	107508
215.032	0.25	0	1	107516
215.05	0.25	0	1	107525
215.066	0.25	0	1	107533
215.082	0.25	0	1	107541
215.1	0.25	0	1	107550
215.116	0.25	1	2	107558
215.132	0.25	1	2	107566
215.15	0.25	1	2	107575
216.632	0.25	1	2	108316
216.65	0.25	1	2	108325
216.666	0.25	1	2	108333
216.682	0.25	1	2	108341
216.7	0.25	0	1	108350
216.716	0.25	0	1	108358
216.732	0.25	1	2	108366
216.75	0.25	1	2	108375
216.766	0.25	1	2	108383
216.782	0.25	1	2	108391
216.8	0.25	0	1	108400
216.816	0.25	0	1	108408
216.832	0.25	1	2	108416
216.85	0.25	1	2	108425
216.866	0.25	1	2	108433
216.882	0.25	1	2	108441
216.9	0.25	0	1	108450
216.916	0.25	0	1	108458
216.932	0.25	1	2	108466
216.95	0.25	1	2	108475
216.966	0.25	1	2	108483
216.982	0.25	1	2	108491
217.0	0.25	0	1	108500
217.016	0.25	0	1	108508
217.032	0.25	0	1	108516
217.05	0.25	0	1	108525
217.066	0.25	0	1	108533
217.082	0.25	0	1	108541
217.1	0.25	1	2	108550
217.116	0.25	1	2	108558
217.132	0.25	1	2	108566
217.15	0.25	1	2	108575
217.166	0.25	1	2	108583
217.182	0.25	1	2	108591
217.2	0.25	0	1	108600
217.216	0.25	0	1	108608
217.232	0.25	0	1	108616
217.25	0.25	0	1	108625
217.266	0.25	0	1	108633
217.282	0.25	0	1	108641
217.3	0.25	1	2	108650
217.316	0.25	1	2	108658
217.332	0.25	1	2	108666
217.35	0.25	1	2	108675
217.366	0.25	1	2	108683
217.382	0.25	1	2	108691
217.4	0.25	1	2	108700
217.416	0.25	1	2	108708
217.432	0.25	1	2	108716
217.45	0.25	1	2	108725
217.466	0.25	0	1	108733
217.482	0.25	0	1	108741
217.5	0.25	0	1	108750
217.516	0.25	0	1	108758
217.532	0.25	1	2	108766
217.55	0.25	1	2	108775
217.566	0.25	0	1	108783
217.582	0.25	0	1	108791
217.6	0.25	1	2	108800
217.616	0.25	1	2	108808
217.632	0.25	0	1	108816
217.65	0.25	0	1	108825
217.666	0.25	0	1	108833
217.682	0.25	0	1	108841
217.7	0.25	1	2	108850
217.716	0.25	1	2	108858
217.732	0.25	1	2	108866
217.75	0.25	1	2	108875
217.766	0.25	0	1	108883
217.782	0.25	0	1	108891
217.8	0.25	0	1	108900
217.816	0.25	0	1	108908
217.832	0.25	0	1	108916
217.85	0.25	0	1	108925
217.866	0.25	0	1	108933
217.882	0.25	0	1	108941
217.9	0.25	1	2	108950
217.916	0.25	1	2	108958
217.932	0.25	0	1	108966
217.95	0.25	0	1	108975
217.966	0.25	0	1	108983
217.982	0.25	0	1	108991
218.0	0.25	0	1	109000
218.016	0.25	0	1	109008
218.032	0.25	0	1	109016
218.05	0.25	0	1	109025
218.066	0.25	1	2	109033
218.082	0.25	1	2	109041
218.1	0.25	1	2	109050
218.116	0.25	1	2	109058
218.132	0.25	1	2	109066
218.15	0.25	1	2	109075
218.166	0.25	1	2	109083
218.182	0.25	1	2	109091
218.2	0.25	1	2	109100
218.216	0.25	1	2	109108
218.232	0.25	1	2	109116
218.25	0.25	1	2	109125
218.266	0.25	0	1	109133
218.282	0.25	0	1	109141
218.3	0.25	1	2	109150
218.316	0.25	1	2	109158
218.332	0.25	0	1	109166
218.35	0.25	0	1	109175
218.366	0.25	1	2	109183
218.382	0.25	1	2	109191
218.4	0.25	0	1	109200
218.416	0.25	0	1	109208
218.432	0.25	0	1	109216
218.45	0.25	0	1	109225
218.466	0.25	1	2	109233
218.482	0.25	1	2	109241
218.5	0.25	1	2	109250
218.516	0.25	1	2	109258
218.532	0.25	0	1	109266
218.55	0.25	0	1	109275
218.566	0.25	0	1	109283
220.05	0.25	1	2	110025
220.066	0.25	1	2	110033
220.082	0.25	1	2	110041
220.1	0.25	1	2	110050
220.116	0.25	0	1	110058
220.132	0.25	0	1	110066
220.15	0.25	0	1	110075
220.166	0.25	0	1	110083
220.182	0.25	0	1	110091
220.2	0.25	0	1	110100
220.216	0.25	0	1	110108
220.232	0.25	0	1	110116
220.25	0.25	1	2	110125
220.266	0.25	1	2	110133
220.282	0.25	0	1	110141
220.3	0.25	0	1	110150
220.316	0.25	0	1	110158
220.332	0.25	0	1	110166
220.35	0.25	1	2	110175
220.366	0.25	1	2	110183
220.382	0.25	1	2	110191
220.4	0.25	1	2	110200
220.416	0.25	0	1	110208
220.432	0.25	0	1	110216
220.45	0.25	0	1	110225
220.466	0.25	0	1	110233
220.482	0.25	0	1	110241
220.5	0.25	0	1	110250
220.516	0.25	0	1	110258
220.532	0.25	0	1	110266
220.55	0.25	0	1	110275
220.566	0.25	0	1	110283
220.582	0.25	0	1	110291
220.6	0.25	0	1	110300
220.616	0.25	1	2	110308
220.632	0.25	1	2	110316
220.65	0.25	0	1	110325
220.666	0.25	0	1	110333
220.682	0.25	1	2	110341
220.7	0.25	1	2	110350
220.716	0.25	1	2	110358
220.732	0.25	1	2	110366
220.75	0.25	0	1	110375
220.766	0.25	0	1	110383
220.782	0.25	1	2	110391
220.8	0.25	1	2	110400
220.816	0.25	0	1	110408
220.832	0.25	0	1	110416
220.85	0.25	1	2	110425
220.866	0.25	1	2	110433
220.882	0.25	0	1	110441
220.9	0.25	0	1	110450
220.916	0.25	1	2	110458
220.932	0.25	1	2	110466
220.95	0.25	0	1	110475
220.966	0.25	0	1	110483
220.982	0.25	0	1	110491
221.0	0.25	0	1	110500
221.016	0.25	0	1	110508
221.032	0.25	0	1	110516
221.05	0.25	1	2	110525
221.066	0.25	1	2	110533
221.082	0.25	1	2	110541
221.1	0.25	1	2	110550
221.116	0.25	1	2	110558
221.132	0.25	1	2	110566
221.15	0.25	0	1	110575
221.166	0.25	0	1	110583
221.182	0.25	1	2	110591
221.2	0.25	1	2	110600
221.216	0.25	1	2	110608
221.232	0.25	1	2	110616
221.25	0.25	1	2	110625
221.266	0.25	1	2	110633
221.282	0.25	0	1	110641
221.3	0.25	0	1	110650
221.316	0.25	1	2	110658
221.332	0.25	1	2	110666
221.35	0.25	0	1	110675
221.366	0.25	0	1	110683
221.382	0.25	1	2	110691
221.4	0.25	1	2	110700
221.416	0.25	1	2	110708
221.432	0.25	1	2	110716
221.45	0.25	0	1	110725
221.466	0.25	0	1	110733
221.482	0.25	0	1	110741
221.5	0.25	0	1	110750
221.516	0.25	0	1	110758
221.532	0.25	0	1	110766
221.55	0.25	1	2	110775
221.566	0.25	1	2	110783
221.582	0.25	1	2	110791
221.6	0.25	1	2	110800
221.616	0.25	0	1	110808
221.632	0.25	0	1	110816
221.65	0.25	1	2	110825
221.666	0.25	1	2	110833
221.682	0.25	1	2	110841
221.7	0.25	1	2	110850
221.716	0.25	1	2	110858
221.732	0.25	1	2	110866
221.75	0.25	0	1	110875
221.766	0.25	0	1	110883
221.782	0.25	0	1	110891
221.8	0.25	0	1	110900
221.816	0.25	0	1	110908
221.832	0.25	0	1	110916
221.85	0.25	0	1	110925
221.866	0.25	0	1	110933
221.882	0.25	0	1	110941
221.9	0.25	0	1	110950
221.916	0.25	1	2	110958
221.932	0.25	1	2	110966
221.95	0.25	1	2	110975
221.966	0.25	1	2	110983
221.982	0.25	1	2	110991
223.466	0.25	1	2	111733
223.482	0.25	1	2	111741
223.5	0.25	1	2	111750
223.516	0.25	1	2	111758
223.532	0.25	1	2	111766
223.55	0.25	1	2	111775
223.566	0.25	1	2	111783
223.582	0.25	1	2	111791
223.6	0.25	1	2	111800
223.616	0.25	1	2	111808
223.632	0.25	1	2	111816
223.65	0.25	1	2	111825
223.666	0.25	1	2	111833
223.682	0.25	1	2	111841
223.7	0.25	0	1	111850
223.716	0.25	0	1	111858
223.732	0.25	0	1	111866
223.75	0.25	0	1	111875
223.766	0.25	1	2	111883
223.782	0.25	1	2	111891
223.8	0.25	1	2	111900
223.816	0.25	1	2	111908
223.832	0.25	0	1	111916
223.85	0.25	0	1	111925
223.866	0.25	0	1	111933
223.882	0.25	0	1	111941
223.9	0.25	1	2	111950
223.916	0.25	1	2	111958
223.932	0.25	1	2	111966
223.95	0.25	1	2	111975
223.966	0.25	0	1	111983
223.982	0.25	0	1	111991
224.0	0.25	0	1	112000
224.016	0.25	0	1	112008
224.032	0.25	1	2	112016
224.05	0.25	1	2	112025
224.066	0.25	0	1	112033
224.082	0.25	0	1	112041
224.1	0.25	1	2	112050
224.116	0.25	1	2	112058
224.132	0.25	1	2	112066
224.15	0.25	1	2	112075
224.166	0.25	0	1	112083
224.182	0.25	0	1	112091
224.2	0.25	1	2	112100
224.216	0.25	1	2	112108
224.232	0.25	0	1	112116
224.25	0.25	0	1	112125
224.266	0.25	0	1	112133
224.282	0.25	0	1	112141
224.3	0.25	1	2	112150
224.316	0.25	1	2	112158
224.332	0.25	0	1	112166
224.35	0.25	0	1	112175
224.366	0.25	1	2	112183
224.382	0.25	1	2	112191
224.4	0.25	1	2	112200
224.416	0.25	1	2	112208
224.432	0.25	1	2	112216
224.45	0.25	1	2	112225
224.466	0.25	0	1	112233
224.482	0.25	0	1	112241
224.5	0.25	0	1	112250
224.516	0.25	0	1	112258
224.532	0.25	0	1	112266
224.55	0.25	0	1	112275
224.566	0.25	1	2	112283
224.582	0.25	1	2	112291
224.6	0.25	0	1	112300
224.616	0.25	0	1	112308
224.632	0.25	1	2	112316
224.65	0.25	1	2	112325
224.666	0.25	1	2	112333
224.682	0.25	1	2	112341
224.7	0.25	1	2	112350
224.716	0.25	1	2	112358
224.732	0.25	0	1	112366
224.75	0.25	0	1	112375
224.766	0.25	0	1	112383
224.782	0.25	0	1	112391
224.8	0.25	1	2	112400
224.816	0.25	1	2	112408
224.832	0.25	0	1	112416
224.85	0.25	0	1	112425
224.866	0.25	1	2	112433
224.882	0.25	1	2	112441
224.9	0.25	0	1	112450
224.916	0.25	0	1	112458
224.932	0.25	0	1	112466
224.95	0.25	0	1	112475
224.966	0.25	0	1	112483
224.982	0.25	0	1	112491
225.0	0.25	1	2	112500
225.016	0.25	1	2	112508
225.032	0.25	1	2	112516
225.05	0.25	1	2	112525
225.066	0.25	0	1	112533
225.082	0.25	0	1	112541
225.1	0.25	1	2	112550
225.116	0.25	1	2	112558
225.132	0.25	0	1	112566
225.15	0.25	0	1	112575
225.166	0.25	0	1	112583
225.182	0.25	0	1	112591
225.2	0.25	0	1	112600
225.216	0.25	0	1	112608
225.232	0.25	1	2	112616
225.25	0.25	1	2	112625
225.266	0.25	0	1	112633
225.282	0.25	0	1	112641
225.3	0.25	1	2	112650
225.316	0.25	1	2	112658
225.332	0.25	0	1	112666
225.35	0.25	0	1	112675
225.366	0.25	0	1	112683
225.382	0.25	0	1	112691
225.4	0.25	1	2	112700
227.682	0.25	1	2	113841
227.7	0.25	1	2	113850
227.716	0.25	1	2	113858
227.732	0.25	1	2	113866
227.75	0.25	1	2	113875
227.766	0.25	1	2	113883
227.782	0.25	1	2	113891
227.8	0.25	1	2	113900
227.816	0.25	1	2	113908
227.832	0.25	1	2	113916
227.85	0.25	1	2	113925
227.866	0.25	1	2	113933
227.882	0.25	1	2	113941
227.9	0.25	1	2	113950
227.916	0.25	0	1	113958
227.932	0.25	0	1	113966
227.95	0.25	0	1	113975
227.966	0.25	0	1	113983
227.982	0.25	1	2	113991
228.0	0.25	1	2	114000
228.016	0.25	1	2	114008
228.032	0.25	1	2	114016
228.05	0.25	0	1	114025
228.066	0.25	0	1	114033
228.082	0.25	0	1	114041
228.1	0.25	0	1	114050
228.116	0.25	1	2	114058
228.132	0.25	1	2	114066
228.15	0.25	1	2	114075
228.166	0.25	1	2	114083
228.182	0.25	0	1	114091
228.2	0.25	0	1	114100
228.216	0.25	0	1	114108
228.232	0.25	0	1	114116
228.25	0.25	1	2	114125
228.266	0.25	1	2	114133
228.282	0.25	0	1	114141
228.3	0.25	0	1	114150
228.316	0.25	1	2	114158
228.332	0.25	1	2	114166
228.35	0.25	1	2	114175
228.366	0.25	1	2	114183
228.382	0.25	0	1	114191
228.4	0.25	0	1	114200
228.416	0.25	1	2	114208
228.432	0.25	1	2	114216
228.45	0.25	0	1	114225
228.466	0.25	0	1	114233
228.482	0.25	0	1	114241
228.5	0.25	0	1	114250
228.516	0.25	1	2	114258
228.532	0.25	1	2	114266
228.55	0.25	0	1	114275
228.566	0.25	0	1	114283
228.582	0.25	1	2	114291
228.6	0.25	1	2	114300
228.616	0.25	1	2	114308
228.632	0.25	1	2	114316
228.65	0.25	1	2	114325
228.666	0.25	1	2	114333
228.682	0.25	0	1	114341
228.7	0.25	0	1	114350
228.716	0.25	0	1	114358
228.732	0.25	0	1	114366
228.75	0.25	0	1	114375
228.766	0.25	0	1	114383
228.782	0.25	1	2	114391
228.8	0.25	1	2	114400
228.816	0.25	0	1	114408
228.832	0.25	0	1	114416
228.85	0.25	1	2	114425
228.866	0.25	1	2	114433
228.882	0.25	1	2	114441
228.9	0.25	1	2	114450
228.916	0.25	1	2	114458
228.932	0.25	1	2	114466
228.95	0.25	0	1	114475
228.966	0.25	0	1	114483
228.982	0.25	0	1	114491
229.0	0.25	0	1	114500
229.016	0.25	1	2	114508
229.032	0.25	1	2	114516
229.05	0.25	0	1	114525
229.066	0.25	0	1	114533
229.082	0.25	1	2	114541
229.1	0.25	1	2	114550
229.116	0.25	0	1	114558
229.132	0.25	0	1	114566
229.15	0.25	0	1	114575
229.166	0.25	0	1	114583
229.182	0.25	0	1	114591
229.2	0.25	0	1	114600
229.216	0.25	1	2	114608
229.232	0.25	1	2	114616
229.25	0.25	1	2	114625
229.266	0.25	1	2	114633
229.282	0.25	0	1	114641
229.3	0.25	0	1	114650
229.316	0.25	1	2	114658
229.332	0.25	1	2	114666
229.35	0.25	0	1	114675
229.366	0.25	0	1	114683
229.382	0.25	0	1	114691
229.4	0.25	0	1	114700
229.416	0.25	0	1	114708
229.432	0.25	0	1	114716
229.45	0.25	1	2	114725
229.466	0.25	1	2	114733
229.482	0.25	0	1	114741
229.5	0.25	0	1	114750
229.516	0.25	1	2	114758
229.532	0.25	1	2	114766
229.55	0.25	0	1	114775
229.566	0.25	0	1	114783
229.582	0.25	0	1	114791
229.6	0.25	0	1	114800
229.616	0.25	1	2	114808
231.1	0.25	1	2	115550
231.116	0.25	1	2	115558
231.132	0.25	1	2	115566
231.15	0.25	1	2	115575
231.166	0.25	0	1	115583
231.182	0.25	0	1	115591
231.2	0.25	1	2	115600
231.216	0.25	1	2	115608
231.232	0.25	1	2	115616
231.25	0.25	1	2	115625
231.266	0.25	0	1	115633
231.282	0.25	0	1	115641
231.3	0.25	1	2	115650
231.316	0.25	1	2	115658
231.332	0.25	1	2	115666
231.35	0.25	1	2	115675
231.366	0.25	0	1	115683
231.382	0.25	0	1	115691
231.4	0.25	1	2	115700
231.416	0.25	1	2	115708
231.432	0.25	1	2	115716
231.45	0.25	1	2	115725
231.466	0.25	0	1	115733
231.482	0.25	0	1	115741
231.5	0.25	0	1	115750
231.516	0.25	0	1	115758
231.532	0.25	0	1	115766
231.55	0.25	0	1	115775
231.566	0.25	1	2	115783
231.582	0.25	1	2	115791
231.6	0.25	1	2	115800
231.616	0.25	1	2	115808
231.632	0.25	1	2	115816
231.65	0.25	1	2	115825
231.666	0.25	0	1	115833
231.682	0.25	0	1	115841
231.7	0.25	0	1	115850
231.716	0.25	0	1	115858
231.732	0.25	0	1	115866
231.75	0.25	0	1	115875
231.766	0.25	1	2	115883
231.782	0.25	1	2	115891
231.8	0.25	1	2	115900
231.816	0.25	1	2	115908
231.832	0.25	1	2	115916
231.85	0.25	1	2	115925
231.866	0.25	1	2	115933
231.882	0.25	1	2	115941
231.9	0.25	1	2	115950
231.916	0.25	1	2	115958
231.932	0.25	0	1	115966
231.95	0.25	0	1	115975
231.966	0.25	0	1	115983
231.982	0.25	0	1	115991
232.0	0.25	1	2	116000
232.016	0.25	1	2	116008
232.032	0.25	0	1	116016
232.05	0.25	0	1	116025
232.066	0.25	1	2	116033
232.082	0.25	1	2	116041
232.1	0.25	0	1	116050
232.116	0.25	0	1	116058
232.132	0.25	0	1	116066
232.15	0.25	0	1	116075
232.166	0.25	1	2	116083
232.182	0.25	1	2	116091
232.2	0.25	1	2	116100
232.216	0.25	1	2	116108
232.232	0.25	0	1	116116
232.25	0.25	0	1	116125
232.266	0.25	0	1	116133
232.282	0.25	0	1	116141
232.3	0.25	0	1	116150
232.316	0.25	0	1	116158
232.332	0.25	0	1	116166
232.35	0.25	0	1	116175
232.366	0.25	1	2	116183
232.382	0.25	1	2	116191
232.4	0.25	0	1	116200
232.416	0.25	0	1	116208
232.432	0.25	0	1	116216
232.45	0.25	0	1	116225
232.466	0.25	0	1	116233
232.482	0.25	0	1	116241
232.5	0.25	0	1	116250
232.516	0.25	0	1	116258
232.532	0.25	1	2	116266
232.55	0.25	1	2	116275
232.566	0.25	1	2	116283
232.582	0.25	1	2	116291
232.6	0.25	1	2	116300
232.616	0.25	1	2	116308
232.632	0.25	1	2	116316
232.65	0.25	1	2	116325
232.666	0.25	1	2	116333
232.682	0.25	1	2	116341
232.7	0.25	1	2	116350
232.716	0.25	1	2	116358
232.732	0.25	0	1	116366
232.75	0.25	0	1	116375
232.766	0.25	1	2	116383
232.782	0.25	1	2	116391
232.8	0.25	0	1	116400
232.816	0.25	0	1	116408
232.832	0.25	1	2	116416
232.85	0.25	1	2	116425
232.866	0.25	0	1	116433
232.882	0.25	0	1	116441
232.9	0.25	0	1	116450
232.916	0.25	0	1	116458
232.932	0.25	1	2	116466
232.95	0.25	1	2	116475
232.966	0.25	1	2	116483
232.982	0.25	1	2	116491
233.0	0.25	0	1	116500
233.016	0.25	0	1	116508
233.032	0.25	0	1	116516
234.516	0.25	0	1	117258
234.532	0.25	0	1	117266
234.55	0.25	0	1	117275
234.566	0.25	0	1	117283
234.582	0.25	1	2	117291
234.6	0.25	1	2	117300
234.616	0.25	1	2	117308
234.632	0.25	1	2	117316
234.65	0.25	0	1	117325
234.666	0.25	0	1	117333
234.682	0.25	0	1	117341
234.7	0.25	0	1	117350
234.716	0.25	0	1	117358
234.732	0.25	0	1	117366
234.75	0.25	0	1	117375
234.766	0.25	0	1	117383
234.782	0.25	1	2	117391
234.8	0.25	1	2	117400
234.816	0.25	1	2	117408
234.832	0.25	1	2	117416
234.85	0.25	1	2	117425
234.866	0.25	1	2	117433
234.882	0.25	1	2	117441
234.9	0.25	1	2	117450
234.916	0.25	1	2	117458
234.932	0.25	1	2	117466
234.95	0.25	0	1	117475
234.966	0.25	0	1	117483
234.982	0.25	0	1	117491
235.0	0.25	0	1	117500
235.016	0.25	0	1	117508
235.032	0.25	0	1	117516
235.05	0.25	0	1	117525
235.066	0.25	0	1	117533
235.082	0.25	0	1	117541
235.1	0.25	0	1	117550
235.116	0.25	0	1	117558
235.132	0.25	0	1	117566
235.15	0.25	1	2	117575
235.166	0.25	1	2	117583
235.182	0.25	1	2	117591
235.2	0.25	1	2	117600
235.216	0.25	0	1	117608
235.232	0.25	0	1	117616
235.25	0.25	0	1	117625
235.266	0.25	0	1	117633
235.282	0.25	1	2	117641
235.3	0.25	1	2	117650
235.316	0.25	0	1	117658
235.332	0.25	0	1	117666
235.35	0.25	1	2	117675
235.366	0.25	1	2	117683
235.382	0.25	0	1	117691
235.4	0.25	0	1	117700
235.416	0.25	1	2	117708
235.432	0.25	1	2	117716
235.45	0.25	0	1	117725
235.466	0.25	0	1	117733
235.482	0.25	1	2	117741
235.5	0.25	1	2	117750
235.516	0.25	1	2	117758
235.532	0.25	1	2	117766
235.55	0.25	0	1	117775
235.566	0.25	0	1	117783
235.582	0.25	1	2	117791
235.6	0.25	1	2	117800
235.616	0.25	0	1	117808
235.632	0.25	0	1	117816
235.65	0.25	0	1	117825
235.666	0.25	0	1	117833
235.682	0.25	0	1	117841
235.7	0.25	0	1	117850
235.716	0.25	1	2	117858
235.732	0.25	1	2	117866
235.75	0.25	0	1	117875
235.766	0.25	0	1	117883
235.782	0.25	0	1	117891
235.8	0.25	0	1	117900
235.816	0.25	0	1	117908
235.832	0.25	0	1	117916
235.85	0.25	1	2	117925
235.866	0.25	1	2	117933
235.882	0.25	1	2	117941
235.9	0.25	1	2	117950
235.916	0.25	1	2	117958
235.932	0.25	1	2	117966
235.95	0.25	0	1	117975
235.966	0.25	0	1	117983
235.982	0.25	1	2	117991
236.0	0.25	1	2	118000
236.016	0.25	0	1	118008
236.032	0.25	0	1	118016
236.05	0.25	1	2	118025
236.066	0.25	1	2	118033
236.082	0.25	1	2	118041
236.1	0.25	1	2	118050
236.116	0.25	1	2	118058
236.132	0.25	1	2	118066
236.15	0.25	1	2	118075
236.166	0.25	1	2	118083
236.182	0.25	1	2	118091
236.2	0.25	1	2	118100
236.216	0.25	0	1	118108
236.232	0.25	0	1	118116
236.25	0.25	0	1	118125
236.266	0.25	0	1	118133
236.282	0.25	1	2	118141
236.3	0.25	1	2	118150
236.316	0.25	0	1	118158
236.332	0.25	0	1	118166
236.35	0.25	0	1	118175
236.366	0.25	0	1	118183
236.382	0.25	0	1	118191
236.4	0.25	0	1	118200
236.416	0.25	1	2	118208
236.432	0.25	1	2	118216
236.45	0.25	1	2	118225
237.932	0.25	1	2	118966
237.95	0.25	1	2	118975
237.966	0.25	1	2	118983
237.982	0.25	1	2	118991
238.0	0.25	0	1	119000
238.016	0.25	0	1	119008
238.032	0.25	0	1	119016
238.05	0.25	0	1	119025
238.066	0.25	0	1	119033
238.082	0.25	0	1	119041
238.1	0.25	0	1	119050
238.116	0.25	0	1	119058
238.132	0.25	1	2	119066
238.15	0.25	1	2	119075
238.166	0.25	0	1	119083
238.182	0.25	0	1	119091
238.2	0.25	0	1	119100
238.216	0.25	0	1	119108
238.232	0.25	1	2	119116
238.25	0.25	1	2	119125
238.266	0.25	1	2	119133
238.282	0.25	1	2	119141
238.3	0.25	0	1	119150
238.316	0.25	0	1	119158
238.332	0.25	0	1	119166
238.35	0.25	0	1	119175
238.366	0.25	0	1	119183
238.382	0.25	0	1	119191
238.4	0.25	0	1	119200
238.416	0.25	0	1	119208
238.432	0.25	0	1	119216
238.45	0.25	0	1	119225
238.466	0.25	0	1	119233
238.482	0.25	0	1	119241
238.5	0.25	1	2	119250
238.516	0.25	1	2	119258
238.532	0.25	0	1	119266
238.55	0.25	0	1	119275
238.566	0.25	1	2	119283
238.582	0.25	1	2	119291
238.6	0.25	1	2	119300
238.616	0.25	1	2	119308
238.632	0.25	0	1	119316
238.65	0.25	0	1	119325
238.666	0.25	1	2	119333
238.682	0.25	1	2	119341
238.7	0.25	0	1	119350
238.716	0.25	0	1	119358
238.732	0.25	1	2	119366
238.75	0.25	1	2	119375
238.766	0.25	0	1	119383
238.782	0.25	0	1	119391
238.8	0.25	1	2	119400
238.816	0.25	1	2	119408
238.832	0.25	0	1	119416
238.85	0.25	0	1	119425
238.866	0.25	0	1	119433
238.882	0.25	0	1	119441
238.9	0.25	0	1	119450
238.916	0.25	0	1	119458
238.932	0.25	1	2	119466
238.95	0.25	1	2	119475
238.966	0.25	1	2	119483
238.982	0.25	1	2	119491
239.0	0.25	1	2	119500
239.016	0.25	1	2	119508
239.032	0.25	0	1	119516
239.05	0.25	0	1	119525
239.066	0.25	1	2	119533
239.082	0.25	1	2	119541
239.1	0.25	1	2	119550
239.116	0.25	1	2	119558
239.132	0.25	1	2	119566
239.15	0.25	1	2	119575
239.166	0.25	0	1	119583
239.182	0.25	0	1	119591
239.2	0.25	1	2	119600
239.216	0.25	1	2	119608
239.232	0.25	0	1	119616
239.25	0.25	0	1	119625
239.266	0.25	1	2	119633
239.282	0.25	1	2	119641
239.3	0.25	1	2	119650
239.316	0.25	1	2	119658
239.332	0.25	0	1	119666
239.35	0.25	0	1	119675
239.366	0.25	0	1	119683
239.382	0.25	0	1	119691
239.4	0.25	0	1	119700
239.416	0.25	0	1	119708
239.432	0.25	1	2	119716
239.45	0.25	1	2	119725
239.466	0.25	1	2	119733
239.482	0.25	1	2	119741
239.5	0.25	0	1	119750
239.516	0.25	0	1	119758
239.532	0.25	1	2	119766
239.55	0.25	1	2	119775
239.566	0.25	1	2	119783
239.582	0.25	1	2	119791
239.6	0.25	1	2	119800
239.616	0.25	1	2	119808
239.632	0.25	0	1	119816
239.65	0.25	0	1	119825
239.666	0.25	0	1	119833
239.682	0.25	0	1	119841
239.7	0.25	0	1	119850
239.716	0.25	0	1	119858
239.732	0.25	0	1	119866
239.75	0.25	0	1	119875
239.766	0.25	0	1	119883
239.782	0.25	0	1	119891
239.8	0.25	1	2	119900
239.816	0.25	1	2	119908
239.832	0.25	1	2	119916
239.85	0.25	1	2	119925
239.866	0.25	1	2	119933
